TIC ID,type
2876,TOI
4711,TOI
17361,TOI
23111,TOI
47667,TOI
56884,TOI
160023,TOI
160363,CTOI
592503,CTOI
768070,CTOI
769986,CTOI
800254,CTOI
808243,TOI
857186,TOI
909930,TOI
991806,CTOI
1003831,TOI
1018843,TOI
1042432,TOI
1042868,CTOI
1103432,TOI
1122079,TOI
1129033,TOI
1133072,TOI
1166553,CTOI
1167538,TOI
1260235,TOI
1449640,TOI
1449756,TOI
1461133,CTOI
1504460,CTOI
1525480,TOI
1528696,TOI
1599403,CTOI
1942969,TOI
1950736,TOI
2236662,CTOI
2339182,CTOI
2507547,TOI
2669681,CTOI
2685481,TOI
2758565,TOI
2760219,TOI
2760710,TOI
3027456,CTOI
3027681,TOI
3181884,CTOI
3224605,TOI
3233861,TOI
3364732,TOI
3680800,TOI
3728481,TOI
3808740,TOI
3840990,TOI
3892209,CTOI
3896759,TOI
3900859,CTOI
4070275,TOI
4102368,TOI
4165850,TOI
4292952,CTOI
4294779,TOI
4299199,CTOI
4426490,TOI
4464022,TOI
4486230,TOI
4598935,TOI
4605846,TOI
4610830,TOI
4616072,TOI
4619242,TOI
4638099,CTOI
4646810,TOI
4672985,CTOI
4689632,CTOI
4729001,TOI
4809705,CTOI
4843495,TOI
4897275,TOI
4918913,CTOI
4918918,TOI
4956529,CTOI
4959676,TOI
4971302,CTOI
4999813,TOI
5011910,CTOI
5024743,TOI
5043138,CTOI
5079059,CTOI
5109298,TOI
5224772,TOI
5360702,CTOI
5364106,TOI
5390942,CTOI
5485318,TOI
5592720,TOI
5642884,CTOI
5696824,CTOI
5709314,TOI
5724439,TOI
5772442,TOI
5800958,TOI
5868998,TOI
5882269,TOI
5966772,TOI
5972036,TOI
6010784,TOI
6121688,CTOI
6242388,CTOI
6276559,TOI
6404965,TOI
6426639,CTOI
6499453,TOI
6515171,CTOI
6517467,CTOI
6610653,CTOI
6653897,TOI
6663331,TOI
6764171,TOI
6785559,TOI
6853696,TOI
6892385,TOI
6893917,TOI
6898572,TOI
7020254,TOI
7059054,TOI
7088246,TOI
7145074,CTOI
7274938,TOI
7413227,TOI
7422496,TOI
7429035,CTOI
7439480,TOI
7439481,TOI
7548817,TOI
7559164,CTOI
7561203,TOI
7562528,TOI
7583660,TOI
7624182,TOI
7681574,TOI
7688647,CTOI
7904580,TOI
7976072,TOI
7984988,CTOI
8005485,TOI
8051892,CTOI
8260536,TOI
8348911,TOI
8400842,TOI
8416274,TOI
8516795,TOI
8599009,TOI
8621049,TOI
8671865,CTOI
8677530,TOI
8767448,TOI
8853478,TOI
8963901,CTOI
8967242,TOI
8988289,TOI
8995204,TOI
9006668,TOI
9030119,TOI
9032367,TOI
9032368,TOI
9033144,TOI
9099764,CTOI
9100874,TOI
9102327,TOI
9136777,TOI
9151337,TOI
9155187,TOI
9166136,TOI
9176290,CTOI
9216075,TOI
9252368,CTOI
9344899,TOI
9346507,TOI
9348006,TOI
9376051,CTOI
9376973,TOI
9385460,TOI
9392421,TOI
9441591,TOI
9443323,TOI
9567278,CTOI
9570501,CTOI
9632592,CTOI
9701368,TOI
9707944,TOI
9725627,TOI
9727392,TOI
9729503,CTOI
9803256,CTOI
9804616,TOI
9828416,TOI
9830791,TOI
9833284,TOI
9837861,TOI
9844069,CTOI
9858404,TOI
9881031,CTOI
9906005,CTOI
9907513,TOI
9939655,CTOI
9949865,CTOI
9989136,TOI
10075332,CTOI
10507330,TOI
10552342,TOI
10593553,TOI
10697188,CTOI
10697190,CTOI
10747470,CTOI
10792081,TOI
10827386,TOI
10837041,TOI
10934226,CTOI
10974783,TOI
11034516,TOI
11085362,CTOI
11111899,TOI
11356662,CTOI
11417087,TOI
11435037,CTOI
11521555,TOI
11561667,TOI
11755687,TOI
11762560,CTOI
11799872,CTOI
11799874,CTOI
11835032,CTOI
11894726,TOI
11927677,TOI
11936042,TOI
11972578,CTOI
11996814,TOI
12007147,CTOI
12011437,CTOI
12036590,TOI
12061971,TOI
12090836,CTOI
12421862,TOI
12423815,TOI
12470221,CTOI
12631674,CTOI
12862099,TOI
12938488,TOI
12980264,TOI
12999193,CTOI
13021029,TOI
13023378,TOI
13023738,TOI
13036318,TOI
13072758,CTOI
13073396,CTOI
13087524,CTOI
13093071,CTOI
13337783,CTOI
13344668,CTOI
13349647,TOI
13416465,CTOI
13419950,TOI
13424053,TOI
13470446,CTOI
13499636,TOI
13533330,TOI
13574009,TOI
13574905,CTOI
13684720,TOI
13713700,CTOI
13737885,TOI
13866376,CTOI
13870815,CTOI
13875852,CTOI
13883872,TOI
13961554,TOI
14029793,TOI
14030804,CTOI
14091633,TOI
14091704,TOI
14156936,TOI
14165625,TOI
14173089,CTOI
14203588,TOI
14247181,CTOI
14336130,TOI
14344979,TOI
14435301,TOI
14440176,CTOI
14440334,TOI
14445414,CTOI
14564410,CTOI
14570099,TOI
14570132,TOI
14611330,CTOI
14614418,TOI
14661418,TOI
14709225,TOI
14715294,TOI
14739595,CTOI
14770122,TOI
14857559,CTOI
14956304,TOI
14960758,CTOI
15141830,CTOI
15247229,TOI
15445551,TOI
15460993,TOI
15565627,TOI
15654898,TOI
15682927,TOI
15692883,TOI
15827263,TOI
15863518,TOI
16005254,TOI
16076354,TOI
16102323,TOI
16187321,TOI
16249522,CTOI
16264917,TOI
16271601,CTOI
16288184,TOI
16312021,CTOI
16317477,CTOI
16326602,CTOI
16478898,CTOI
16490297,CTOI
16538820,TOI
16550540,TOI
16552586,TOI
16651258,CTOI
16725913,CTOI
16740101,TOI
16740548,TOI
16769119,CTOI
16776356,TOI
16842739,CTOI
16884216,TOI
16920150,TOI
16999099,CTOI
17005768,TOI
17122808,TOI
17129975,TOI
17141821,CTOI
17150865,TOI
17307715,TOI
17385917,TOI
17409453,TOI
17416749,TOI
17457400,TOI
17538423,TOI
17538651,CTOI
17555760,TOI
17652022,TOI
17683158,TOI
17746821,TOI
17865622,TOI
17896514,TOI
17925767,TOI
17932757,TOI
17933174,CTOI
17993892,TOI
18016577,TOI
18017227,TOI
18019350,TOI
18021087,TOI
18022314,CTOI
18023524,TOI
18067025,TOI
18310799,TOI
18318288,TOI
18373995,TOI
18380164,CTOI
18574158,TOI
18632388,CTOI
18648237,CTOI
18794442,TOI
18795429,TOI
18885659,TOI
19025965,TOI
19026420,CTOI
19028197,TOI
19117967,TOI
19155785,TOI
19265777,CTOI
19342878,TOI
19447218,TOI
19451711,TOI
19519368,TOI
19547831,TOI
19560484,TOI
19612445,TOI
19680613,CTOI
19684256,TOI
20069685,TOI
20096620,TOI
20178111,TOI
20182165,TOI
20182780,TOI
20203297,TOI
20299658,TOI
20303110,TOI
20318757,TOI
20320305,CTOI
20346619,CTOI
20375215,TOI
20424851,CTOI
20579360,TOI
20607624,TOI
20614436,CTOI
20823655,CTOI
20892672,TOI
20897611,TOI
20904104,CTOI
20988926,TOI
21035365,TOI
21101556,TOI
21113347,TOI
21119973,TOI
21130820,TOI
21132157,TOI
21223786,CTOI
21269575,CTOI
21279791,TOI
21291176,TOI
21349099,TOI
21439718,CTOI
21441139,CTOI
21505121,TOI
21535395,TOI
21549805,TOI
21618487,CTOI
21618877,CTOI
21639186,CTOI
21720215,TOI
21725734,CTOI
21744120,TOI
21747057,TOI
21755546,TOI
21818238,CTOI
21832928,TOI
21961030,CTOI
21997420,TOI
22020459,TOI
22038430,TOI
22069559,TOI
22121296,TOI
22142764,CTOI
22186226,TOI
22203201,CTOI
22221375,TOI
22233480,TOI
22317640,CTOI
22384839,TOI
22391604,CTOI
22442522,CTOI
22452837,TOI
22529346,TOI
22560356,TOI
22642076,CTOI
22642772,CTOI
22659404,TOI
22683951,TOI
22705558,TOI
22712134,TOI
22738835,CTOI
22740615,TOI
22743481,CTOI
22744846,CTOI
22751984,CTOI
22767596,CTOI
22843856,TOI
22903120,CTOI
22903436,TOI
22972676,TOI
23003727,CTOI
23059280,TOI
23113034,TOI
23124038,TOI
23138732,CTOI
23170835,TOI
23179035,TOI
23229805,TOI
23389848,TOI
23434737,TOI
23435610,TOI
23638678,TOI
23650642,TOI
23671957,CTOI
23689332,CTOI
23725901,TOI
23740089,TOI
23769326,TOI
23814735,TOI
23815847,TOI
23863105,TOI
23863106,TOI
23912656,TOI
23937608,TOI
23961340,TOI
23982469,TOI
24094603,TOI
24106900,CTOI
24113219,TOI
24251313,CTOI
24358417,TOI
24364065,TOI
24499407,TOI
24539196,CTOI
24615998,TOI
24695044,TOI
24725031,CTOI
24795168,CTOI
24821583,CTOI
24833662,TOI
24837152,TOI
25004866,CTOI
25030847,CTOI
25078924,CTOI
25139786,TOI
25155310,TOI
25194908,CTOI
25212199,TOI
25226885,CTOI
25227021,CTOI
25314899,CTOI
25334160,TOI
25354620,CTOI
25375553,TOI
25472026,TOI
25624952,TOI
25758307,CTOI
25758870,TOI
25765538,CTOI
25773352,TOI
25799609,TOI
25879023,CTOI
25911962,TOI
25923058,CTOI
25959926,TOI
26017005,TOI
26018819,TOI
26051436,TOI
26054627,TOI
26078330,TOI
26137588,CTOI
26264354,CTOI
26305150,TOI
26390980,TOI
26406123,TOI
26412438,CTOI
26412633,KOI
26412786,KOI
26412815,KOI
26413092,KOI
26414717,KOI
26414812,KOI
26415181,KOI
26415182,KOI
26415184,KOI
26415413,KOI
26415442,KOI
26416742,KOI
26416803,KOI
26416896,KOI
26417064,KOI
26417717,KOI
26418190,KOI
26418226,KOI
26418531,KOI
26418690,KOI
26419160,KOI
26433869,TOI
26469462,TOI
26472830,KOI
26473122,KOI
26473621,KOI
26473676,KOI
26473819,KOI
26474039,KOI
26474227,KOI
26474800,CTOI
26487916,KOI
26488618,KOI
26491270,KOI
26491470,KOI
26491504,KOI
26492310,KOI
26492594,KOI
26492627,KOI
26493474,CTOI
26493559,KOI
26538999,KOI
26539075,KOI
26539181,KOI
26539443,KOI
26539626,KOI
26539707,KOI
26539759,KOI
26540109,KOI
26540675,KOI
26540873,KOI
26540881,KOI
26541079,KOI
26541093,KOI
26541144,KOI
26541175,KOI
26541506,KOI
26541729,KOI
26542730,KOI
26547036,TOI
26581967,KOI
26582909,KOI
26583108,KOI
26583244,KOI
26583436,TOI
26583439,KOI
26583618,KOI
26583640,KOI
26583687,KOI
26583944,KOI
26584013,KOI
26584080,KOI
26584326,KOI
26584883,KOI
26584969,KOI
26585317,KOI
26585322,KOI
26587613,TOI
26596436,KOI
26596520,KOI
26597569,KOI
26597793,KOI
26656435,KOI
26656583,KOI
26656591,KOI
26656605,KOI
26656742,KOI
26656768,KOI
26656980,KOI
26657021,KOI
26657091,KOI
26693519,TOI
26726940,CTOI
26748113,KOI
26748437,KOI
26748546,CTOI
26748864,KOI
26749008,KOI
26749051,KOI
26749762,KOI
26750065,KOI
26750106,KOI
26751240,KOI
26751527,KOI
26751563,KOI
26751713,KOI
26752153,KOI
26752662,KOI
26752863,KOI
26813962,CTOI
26814184,KOI
26814296,KOI
26814955,KOI
26815665,KOI
26815908,KOI
26816220,KOI
26816881,KOI
26816929,KOI
26817004,KOI
26817167,KOI
26817284,KOI
26817387,KOI
26817863,KOI
26817890,KOI
26820092,KOI
26826078,TOI
26865340,TOI
26877693,CTOI
26880046,CTOI
26880783,TOI
26885539,KOI
26885588,KOI
26885731,KOI
26885789,KOI
26885796,KOI
26886038,KOI
26947356,CTOI
26960089,KOI
26960910,KOI
26960947,KOI
26961023,KOI
26961075,KOI
26961078,KOI
26961214,KOI
26961231,KOI
26961339,KOI
26961572,KOI
26961958,KOI
26962016,KOI
26962715,KOI
26964688,KOI
26964775,KOI
26964955,KOI
26971461,CTOI
26999884,TOI
27006032,KOI
27006192,KOI
27006284,KOI
27006340,KOI
27006665,KOI
27006732,KOI
27006880,KOI
27007316,KOI
27007509,KOI
27007542,KOI
27007614,KOI
27009500,KOI
27009705,KOI
27009720,KOI
27009969,KOI
27010191,KOI
27010210,KOI
27010220,KOI
27011133,KOI
27011135,KOI
27011205,KOI
27013196,KOI
27014170,KOI
27014383,KOI
27014414,KOI
27014562,KOI
27014703,KOI
27039476,TOI
27064468,TOI
27081748,KOI
27081773,KOI
27082324,KOI
27082352,KOI
27082397,KOI
27082400,KOI
27082466,KOI
27082583,KOI
27082724,KOI
27082725,KOI
27082730,KOI
27082772,KOI
27083365,KOI
27083462,KOI
27083644,KOI
27083727,KOI
27084006,KOI
27084151,KOI
27133479,CTOI
27183442,KOI
27183456,KOI
27183544,KOI
27183790,KOI
27185935,KOI
27186238,KOI
27186509,KOI
27187218,KOI
27187386,KOI
27187450,KOI
27187641,KOI
27187870,KOI
27188610,KOI
27188686,KOI
27188692,KOI
27188817,KOI
27194429,TOI
27230283,TOI
27231753,KOI
27232369,KOI
27233191,KOI
27233531,CTOI
27233725,KOI
27234471,KOI
27234616,KOI
27235573,KOI
27238819,KOI
27238966,KOI
27239111,KOI
27239129,KOI
27239696,KOI
27239856,KOI
27240017,KOI
27240206,KOI
27240404,KOI
27240462,KOI
27240463,KOI
27240575,KOI
27244707,TOI
27294830,TOI
27307818,KOI
27307828,KOI
27307833,KOI
27308042,KOI
27308254,KOI
27308316,KOI
27309290,KOI
27312599,CTOI
27318471,KOI
27318774,TOI
27344837,CTOI
27354439,CTOI
27388864,KOI
27388867,KOI
27389261,KOI
27390208,KOI
27390527,KOI
27390858,KOI
27390859,KOI
27391074,KOI
27391078,KOI
27391217,KOI
27391284,KOI
27391406,KOI
27391563,KOI
27391761,KOI
27391836,KOI
27394293,KOI
27394461,KOI
27395758,KOI
27396235,KOI
27396246,KOI
27396284,KOI
27396862,KOI
27396869,KOI
27396969,KOI
27397122,KOI
27397490,KOI
27397848,KOI
27398414,KOI
27414976,TOI
27454084,KOI
27454154,KOI
27454187,KOI
27454385,KOI
27455109,KOI
27455116,KOI
27455225,KOI
27456723,KOI
27457135,KOI
27457219,KOI
27457518,KOI
27458108,KOI
27458633,KOI
27458799,KOI
27459059,KOI
27459498,TOI
27476314,TOI
27491137,TOI
27515765,CTOI
27529656,KOI
27529958,KOI
27530045,KOI
27530133,KOI
27530141,KOI
27530405,KOI
27530419,KOI
27530621,KOI
27530736,KOI
27530849,KOI
27530931,KOI
27530971,KOI
27531332,KOI
27531737,KOI
27531854,KOI
27531978,KOI
27532033,KOI
27532128,KOI
27532561,KOI
27533070,KOI
27533154,KOI
27533282,KOI
27533666,KOI
27533851,KOI
27533981,KOI
27534138,TOI
27534458,KOI
27534460,KOI
27541714,CTOI
27549827,CTOI
27550937,CTOI
27635334,TOI
27638855,KOI
27639443,KOI
27639585,KOI
27640692,KOI
27640845,KOI
27641887,KOI
27642359,KOI
27642556,KOI
27643046,KOI
27643267,KOI
27643412,KOI
27643522,KOI
27643981,KOI
27644083,KOI
27645404,KOI
27646878,KOI
27647348,KOI
27647760,KOI
27647953,KOI
27648122,KOI
27648425,KOI
27649203,KOI
27649489,KOI
27649847,TOI
27670294,CTOI
27677846,TOI
27685142,KOI
27685290,KOI
27685346,KOI
27685358,KOI
27685647,KOI
27686277,KOI
27686898,KOI
27687096,KOI
27687120,KOI
27687265,KOI
27695087,KOI
27695471,KOI
27695693,KOI
27695698,KOI
27766596,KOI
27766676,KOI
27766680,KOI
27766705,KOI
27766762,KOI
27766870,KOI
27767092,KOI
27767095,KOI
27767184,KOI
27767452,KOI
27768201,KOI
27768380,KOI
27768553,KOI
27768855,CTOI
27769688,TOI
27769737,KOI
27769947,KOI
27770269,KOI
27770308,KOI
27770343,KOI
27771744,KOI
27771823,KOI
27771829,KOI
27771842,KOI
27772524,KOI
27773627,KOI
27773647,KOI
27773672,KOI
27773815,KOI
27773817,KOI
27774043,KOI
27774415,TOI
27775114,KOI
27775937,KOI
27776385,KOI
27776403,KOI
27776586,KOI
27776660,KOI
27776674,KOI
27776775,KOI
27776855,KOI
27777414,KOI
27777571,KOI
27777611,KOI
27777812,KOI
27778224,KOI
27778257,KOI
27778479,KOI
27778647,KOI
27778713,KOI
27841347,CTOI
27843707,KOI
27843776,KOI
27843860,KOI
27843942,KOI
27843962,KOI
27843972,KOI
27844066,TOI
27844498,KOI
27845000,KOI
27845077,KOI
27845133,KOI
27845268,KOI
27845438,KOI
27845677,KOI
27846348,KOI
27846645,KOI
27846648,KOI
27846759,KOI
27847148,KOI
27847307,CTOI
27847814,KOI
27848472,TOI
27858644,CTOI
27863043,TOI
27896467,CTOI
27904150,KOI
27904151,KOI
27905500,KOI
27905549,KOI
27905702,KOI
27905953,KOI
27906101,KOI
27911400,KOI
27911525,KOI
27911552,KOI
27911652,KOI
27912377,KOI
27912615,KOI
27912642,KOI
27912739,KOI
27913217,KOI
27913342,KOI
27913639,KOI
27913951,KOI
27914290,KOI
27914389,KOI
27914511,KOI
27914560,KOI
27914795,KOI
27915909,KOI
27916189,KOI
27916356,TOI
27916526,KOI
27966179,TOI
27986137,CTOI
27986571,CTOI
27987264,KOI
27987421,KOI
27987700,KOI
27987788,KOI
27988157,KOI
27988327,KOI
27988439,KOI
27988463,KOI
27988995,KOI
27990564,KOI
27990610,TOI
27990682,KOI
27991072,KOI
27991129,KOI
27991150,KOI
27991192,KOI
27991794,KOI
27991843,KOI
27991950,KOI
27992111,KOI
27992168,KOI
27992902,KOI
27992970,KOI
27993623,KOI
27993654,KOI
28019424,CTOI
28083816,KOI
28084836,KOI
28084859,KOI
28085296,KOI
28087476,KOI
28087670,KOI
28088207,KOI
28088545,KOI
28088683,KOI
28088879,KOI
28088972,KOI
28089143,KOI
28089315,KOI
28089606,KOI
28089610,KOI
28090925,KOI
28116365,TOI
28158618,KOI
28159012,KOI
28159019,KOI
28159194,KOI
28159518,KOI
28159618,KOI
28159758,KOI
28160089,KOI
28180816,CTOI
28226273,KOI
28226409,KOI
28226547,KOI
28227113,KOI
28227500,KOI
28227505,KOI
28229515,KOI
28229538,KOI
28229577,KOI
28229784,KOI
28230011,KOI
28230054,KOI
28230215,KOI
28230219,KOI
28230355,KOI
28230581,KOI
28230919,TOI
28230924,KOI
28230960,KOI
28231006,KOI
28231454,KOI
28232115,KOI
28232285,KOI
28232287,KOI
28232321,KOI
28233762,KOI
28234022,KOI
28234096,KOI
28234215,KOI
28242530,TOI
28294709,TOI
28308499,KOI
28308731,KOI
28356322,KOI
28356332,KOI
28357285,KOI
28357724,KOI
28357788,KOI
28358364,KOI
28358785,KOI
28361088,KOI
28361491,KOI
28361795,KOI
28362077,KOI
28362513,KOI
28364164,KOI
28448711,KOI
28448950,KOI
28448998,KOI
28449155,KOI
28449201,KOI
28449295,KOI
28449476,KOI
28449614,KOI
28449655,KOI
28449691,KOI
28449723,KOI
28449818,KOI
28449975,KOI
28450124,KOI
28450226,KOI
28450256,KOI
28450292,KOI
28450331,KOI
28450337,KOI
28638238,CTOI
28643432,TOI
28754926,CTOI
28799599,CTOI
28830523,CTOI
28872266,TOI
28873762,TOI
28900646,TOI
28900984,CTOI
28945511,TOI
28961316,TOI
29017001,TOI
29054413,TOI
29069242,TOI
29105766,TOI
29106627,TOI
29117085,TOI
29119552,TOI
29169215,TOI
29170565,CTOI
29191596,TOI
29191624,TOI
29336129,TOI
29344935,TOI
29374525,TOI
29385858,TOI
29418536,TOI
29430403,TOI
29478974,CTOI
29505837,TOI
29667425,CTOI
29756364,CTOI
29778074,CTOI
29780740,TOI
29781207,TOI
29781292,TOI
29786532,CTOI
29821723,TOI
29830212,TOI
29831208,TOI
29857954,TOI
29918916,TOI
29919341,TOI
29953537,TOI
29959760,TOI
29959761,TOI
29960109,TOI
29960110,TOI
29986808,CTOI
29989691,CTOI
30016082,TOI
30037565,TOI
30122649,TOI
30254887,TOI
30275829,CTOI
30275861,CTOI
30300445,TOI
30312676,TOI
30329585,TOI
30499203,TOI
30654608,CTOI
30791047,TOI
30825828,TOI
30828562,TOI
30836645,CTOI
30853470,TOI
30853990,TOI
30947715,TOI
30999876,CTOI
31054247,CTOI
31054255,CTOI
31054498,TOI
31114545,TOI
31142436,TOI
31258738,TOI
31268146,TOI
31273263,CTOI
31374837,TOI
31515092,TOI
31553893,TOI
31605271,TOI
31634579,TOI
31637479,TOI
31656385,TOI
31697707,TOI
31786438,TOI
31852980,TOI
31858843,TOI
31858844,TOI
31869740,CTOI
31943299,TOI
31975443,TOI
32004914,TOI
32046665,TOI
32090583,TOI
32150630,CTOI
32164949,CTOI
32179255,CTOI
32260988,TOI
32283946,TOI
32296259,TOI
32408928,TOI
32421578,CTOI
32443914,TOI
32451836,CTOI
32460142,TOI
32487566,TOI
32497972,TOI
32498058,TOI
32498861,CTOI
32499655,TOI
32590805,CTOI
32606889,CTOI
32677675,TOI
32830028,TOI
32925763,TOI
32949757,CTOI
32949762,TOI
33091590,TOI
33091633,TOI
33153766,TOI
33159936,TOI
33227166,TOI
33283274,CTOI
33303538,TOI
33350443,TOI
33397739,TOI
33521996,TOI
33595516,TOI
33651215,TOI
33690636,TOI
33692729,TOI
33716474,TOI
33743172,CTOI
33831980,TOI
33840683,TOI
33840779,CTOI
33878688,TOI
33911302,TOI
33942031,CTOI
33945661,CTOI
33989652,CTOI
34068865,TOI
34077285,TOI
34085383,CTOI
34196883,CTOI
34266522,TOI
34297761,TOI
34371411,CTOI
34395020,TOI
34466256,TOI
34499178,TOI
34505005,TOI
34524670,TOI
34551972,TOI
34574105,CTOI
34646336,TOI
34729329,TOI
34737413,TOI
34781378,TOI
34798133,CTOI
34977731,TOI
34980970,TOI
34986694,TOI
35009898,TOI
35021200,CTOI
35022727,TOI
35106764,TOI
35285308,TOI
35315453,TOI
35377903,TOI
35483319,TOI
35485915,CTOI
35516889,TOI
35582553,TOI
35636165,TOI
35652085,TOI
35655828,CTOI
35703676,CTOI
35758536,TOI
35771052,CTOI
35855047,TOI
35857242,TOI
35883621,TOI
35961166,CTOI
35972578,TOI
35973654,TOI
36022284,TOI
36227841,TOI
36352297,TOI
36381058,TOI
36440357,TOI
36452991,TOI
36472619,CTOI
36541001,CTOI
36574157,TOI
36592530,TOI
36595388,CTOI
36607746,TOI
36646052,TOI
36718161,TOI
36724087,TOI
36734222,TOI
36808091,TOI
36887038,CTOI
37084932,TOI
37089434,TOI
37117064,TOI
37150278,TOI
37167097,CTOI
37168957,TOI
37240067,TOI
37242226,TOI
37291237,TOI
37497171,CTOI
37575651,TOI
37652870,CTOI
37692356,CTOI
37718056,TOI
37749396,TOI
37754672,TOI
37770169,TOI
37777274,CTOI
37862966,TOI
38005437,CTOI
38087018,TOI
38118291,TOI
38129218,CTOI
38138512,CTOI
38161230,TOI
38399060,TOI
38460940,TOI
38467100,TOI
38509907,TOI
38510224,TOI
38541473,TOI
38571020,TOI
38584799,TOI
38603673,TOI
38680052,TOI
38686737,TOI
38696105,TOI
38811794,CTOI
38813184,CTOI
38815574,CTOI
38833595,CTOI
38846515,TOI
38850860,CTOI
38939275,TOI
38965512,TOI
39012975,CTOI
39015621,CTOI
39017649,CTOI
39018208,CTOI
39018923,TOI
39077574,TOI
39080923,TOI
39143128,TOI
39167176,CTOI
39174790,CTOI
39174810,TOI
39200363,TOI
39217525,CTOI
39218269,TOI
39291805,CTOI
39414571,TOI
39464158,TOI
39516274,TOI
39535451,CTOI
39573090,TOI
39699648,TOI
39724477,TOI
39824732,TOI
39828389,CTOI
39858507,TOI
39903405,TOI
39926974,TOI
40055053,TOI
40083958,TOI
40093986,TOI
40292751,TOI
40466976,TOI
40561422,CTOI
40779013,TOI
40954422,TOI
41067039,TOI
41173048,TOI
41227743,TOI
41330864,TOI
41387532,TOI
41422753,TOI
41743658,CTOI
41839508,TOI
41864106,CTOI
41865539,TOI
41875043,TOI
41896812,CTOI
41995709,TOI
42015200,TOI
42054565,TOI
42110638,TOI
42123111,TOI
42196078,CTOI
42428568,CTOI
42484503,TOI
42524156,CTOI
42755801,TOI
42763678,TOI
42821097,TOI
42883782,TOI
42980456,CTOI
43064903,TOI
43276438,TOI
43333094,TOI
43429656,TOI
43475220,TOI
43604949,TOI
43647325,TOI
43785616,CTOI
43868600,TOI
43899566,CTOI
43921512,TOI
44161614,TOI
44295981,TOI
44313455,TOI
44388479,TOI
44451202,TOI
44510874,TOI
44514807,TOI
44621795,TOI
44631965,TOI
44647437,TOI
44669739,CTOI
44737596,TOI
44745077,TOI
44745133,TOI
44764338,TOI
44790962,CTOI
44791617,TOI
44792534,TOI
44797824,TOI
44898913,TOI
45034406,TOI
45048546,TOI
45054849,TOI
45191604,TOI
45296362,TOI
45299834,TOI
45357107,CTOI
45368525,TOI
45376816,TOI
45465399,TOI
45492609,TOI
45655786,TOI
45684223,TOI
45881495,TOI
45896295,TOI
45905504,TOI
45996325,TOI
46029346,CTOI
46096489,TOI
46104747,TOI
46307587,TOI
46432937,CTOI
46627476,TOI
46627823,CTOI
46631742,TOI
46698351,TOI
46772529,TOI
46774573,TOI
46807139,TOI
46999289,TOI
47056448,CTOI
47094691,TOI
47132361,TOI
47132480,TOI
47142025,CTOI
47143972,TOI
47220926,TOI
47244580,TOI
47316976,TOI
47319867,TOI
47384844,TOI
47423120,TOI
47425697,TOI
47482754,TOI
47484268,TOI
47519866,CTOI
47525799,TOI
47587394,TOI
47601197,TOI
47617038,TOI
47617161,TOI
47625466,CTOI
47653432,CTOI
47720259,TOI
47757785,CTOI
47762924,CTOI
47911178,TOI
47937361,TOI
47976987,KOI
47977416,KOI
48018596,TOI
48029778,KOI
48030811,KOI
48031665,TOI
48103627,TOI
48131485,KOI
48131596,KOI
48131702,KOI
48131708,KOI
48131791,KOI
48132154,KOI
48139432,CTOI
48178229,TOI
48188449,KOI
48188777,KOI
48188920,TOI
48189140,KOI
48189935,KOI
48193137,CTOI
48210046,TOI
48216037,KOI
48216453,KOI
48217032,KOI
48217265,KOI
48217457,TOI
48217852,KOI
48217868,KOI
48220826,TOI
48253329,TOI
48274889,TOI
48276576,TOI
48304182,CTOI
48304302,KOI
48304460,KOI
48304653,KOI
48304734,KOI
48305295,KOI
48305486,KOI
48305488,KOI
48305629,KOI
48305766,KOI
48306409,KOI
48352404,KOI
48353203,KOI
48353358,TOI
48353362,KOI
48353536,KOI
48353636,KOI
48353902,KOI
48354224,KOI
48354835,KOI
48355176,KOI
48355200,KOI
48418928,KOI
48419097,KOI
48419201,KOI
48420230,KOI
48421060,KOI
48421330,KOI
48421337,KOI
48421528,KOI
48421858,KOI
48448367,KOI
48448369,TOI
48448415,KOI
48448706,KOI
48449311,KOI
48449482,KOI
48449517,KOI
48450369,KOI
48450382,KOI
48450907,KOI
48451014,KOI
48451025,KOI
48451130,TOI
48451491,KOI
48451562,KOI
48476907,TOI
48476908,TOI
48503881,KOI
48503927,KOI
48503953,KOI
48504247,KOI
48504349,KOI
48504442,KOI
48504464,KOI
48504540,KOI
48504662,KOI
48505185,KOI
48505882,KOI
48506198,KOI
48506230,KOI
48506505,TOI
48506710,KOI
48506742,KOI
48507019,KOI
48507118,KOI
48528143,KOI
48528261,KOI
48528473,KOI
48528770,KOI
48622170,CTOI
48661942,TOI
48768158,TOI
48806546,TOI
48882295,CTOI
49043968,TOI
49045066,TOI
49046332,TOI
49066806,TOI
49079670,TOI
49254857,TOI
49411575,TOI
49428710,TOI
49524528,TOI
49617263,TOI
49678165,CTOI
49687222,TOI
49705089,TOI
49710555,TOI
49733422,CTOI
49735922,TOI
49771092,TOI
49899799,TOI
49967354,TOI
50120414,TOI
50211272,TOI
50270480,CTOI
50309953,TOI
50312495,TOI
50361536,CTOI
50365310,TOI
50379036,TOI
50380257,CTOI
50420976,CTOI
50528326,CTOI
50575306,TOI
50580647,CTOI
50592053,TOI
50618703,TOI
50712784,TOI
50745119,TOI
50751260,TOI
50909831,TOI
50943163,TOI
50943299,CTOI
50989813,TOI
50993470,CTOI
51022999,CTOI
51024887,TOI
51079186,CTOI
51094586,TOI
51099561,CTOI
51125928,CTOI
51234631,TOI
51238317,CTOI
51318828,TOI
51325134,CTOI
51637609,TOI
51768374,TOI
51830822,TOI
51861714,CTOI
51863626,CTOI
51912829,TOI
51947865,CTOI
51961435,CTOI
51992761,CTOI
52005579,TOI
52041724,TOI
52052461,TOI
52059926,TOI
52079677,CTOI
52120912,CTOI
52169698,CTOI
52195587,CTOI
52204645,TOI
52216463,CTOI
52260140,TOI
52280468,TOI
52285162,CTOI
52307802,TOI
52315301,TOI
52368076,TOI
52369802,CTOI
52420398,TOI
52449797,CTOI
52517713,TOI
52548453,TOI
52555068,CTOI
52639016,CTOI
52640302,TOI
52689469,TOI
52738649,TOI
52745699,TOI
52869977,TOI
52871678,CTOI
52913891,CTOI
52928939,TOI
52936161,TOI
52976395,TOI
53018991,CTOI
53047383,TOI
53122063,TOI
53189332,TOI
53247642,CTOI
53253755,CTOI
53287554,TOI
53307409,TOI
53309262,CTOI
53365065,TOI
53394475,TOI
53427308,TOI
53458803,TOI
53461742,TOI
53481079,TOI
53494434,CTOI
53498154,TOI
53593457,TOI
53593542,TOI
53617134,TOI
53682439,CTOI
53709089,TOI
53728859,TOI
53735810,TOI
53744258,TOI
53750200,TOI
53840258,CTOI
53843023,TOI
53847727,CTOI
53874375,TOI
53875855,TOI
53952541,CTOI
53993965,CTOI
54002556,TOI
54044474,TOI
54064834,CTOI
54085154,TOI
54141697,TOI
54145416,TOI
54238138,TOI
54256015,CTOI
54364414,TOI
54390047,TOI
54464870,TOI
54849874,CTOI
54962195,TOI
55092869,TOI
55266835,TOI
55275863,TOI
55315929,TOI
55363630,TOI
55369125,CTOI
55383975,TOI
55390413,TOI
55404385,CTOI
55441086,CTOI
55446876,CTOI
55450156,TOI
55452495,TOI
55454149,CTOI
55488511,TOI
55497281,CTOI
55524055,CTOI
55525572,TOI
55559618,TOI
55650590,TOI
55652896,TOI
55655482,CTOI
55659311,CTOI
55682020,CTOI
55727842,CTOI
55748194,TOI
55778666,TOI
55849732,TOI
55855877,CTOI
55999432,CTOI
56096837,TOI
56099207,CTOI
56231866,TOI
56399553,TOI
56457123,TOI
56630436,TOI
56655478,TOI
56658270,TOI
56662591,TOI
56798909,TOI
56935627,CTOI
56999883,TOI
57011946,TOI
57093805,TOI
57147191,TOI
57159675,TOI
57193196,CTOI
57193198,TOI
57299130,TOI
57352825,CTOI
57533297,CTOI
57694405,TOI
57753734,TOI
57793060,TOI
57984377,TOI
58046864,TOI
58372253,TOI
58461209,TOI
58463434,TOI
58472992,TOI
58474992,TOI
58533991,TOI
58542531,TOI
58723861,TOI
58726656,TOI
58798731,TOI
58824746,TOI
58825110,TOI
58843267,CTOI
58858008,TOI
58946313,CTOI
58997701,TOI
59003115,TOI
59128183,TOI
59183645,CTOI
59280552,CTOI
59351345,TOI
59369068,TOI
59465088,CTOI
59490344,TOI
59536337,TOI
59574945,CTOI
59575189,TOI
59582240,TOI
59744366,TOI
59770954,TOI
59842822,TOI
59843967,TOI
59859387,TOI
59942318,CTOI
59967037,CTOI
60074373,TOI
60111182,CTOI
60189629,TOI
60286662,TOI
60369879,CTOI
60377863,TOI
60419777,CTOI
60446303,TOI
60479865,CTOI
60491424,TOI
60542708,TOI
60646268,TOI
60768923,TOI
60859922,TOI
60910638,CTOI
60958874,CTOI
60984804,TOI
61024636,CTOI
61098812,TOI
61109252,TOI
61117473,TOI
61126715,CTOI
61145589,TOI
61202306,CTOI
61205803,TOI
61311257,CTOI
61344237,CTOI
61344769,TOI
61404104,CTOI
61520064,TOI
61538902,TOI
61621800,TOI
61687533,TOI
61708231,CTOI
61710042,CTOI
61733521,TOI
61980227,TOI
61988212,TOI
61993707,CTOI
62003132,CTOI
62085710,TOI
62301521,TOI
62483237,TOI
62501513,TOI
62530991,TOI
62573638,CTOI
62618413,CTOI
62632191,CTOI
62676654,TOI
62682198,TOI
62740096,TOI
62867537,TOI
62916152,KOI
62916259,KOI
62916739,KOI
62917200,KOI
62917236,KOI
62917390,KOI
62917964,CTOI
62999585,KOI
63000796,KOI
63000832,KOI
63001050,KOI
63001143,KOI
63001209,KOI
63001248,KOI
63001253,KOI
63001346,KOI
63001633,KOI
63002131,KOI
63002545,KOI
63003935,KOI
63003965,KOI
63004009,KOI
63004103,KOI
63004119,KOI
63004147,KOI
63004155,KOI
63004203,KOI
63004208,KOI
63004234,KOI
63004237,KOI
63004242,KOI
63004262,KOI
63004329,KOI
63004388,KOI
63004404,KOI
63004406,KOI
63004441,KOI
63004445,KOI
63004472,KOI
63004488,KOI
63004496,KOI
63004557,KOI
63004563,KOI
63004576,KOI
63004594,KOI
63004645,KOI
63004784,KOI
63004906,KOI
63005026,KOI
63005029,KOI
63005076,KOI
63005080,KOI
63005464,KOI
63005467,KOI
63005636,KOI
63005955,KOI
63006062,KOI
63006597,KOI
63006660,KOI
63006677,KOI
63006817,KOI
63006899,KOI
63006978,KOI
63007067,KOI
63007081,KOI
63007298,KOI
63007429,KOI
63007467,KOI
63007503,KOI
63007606,KOI
63007624,KOI
63007662,KOI
63007667,KOI
63007766,KOI
63007874,KOI
63009015,KOI
63009058,KOI
63009597,KOI
63009789,KOI
63009976,KOI
63010040,KOI
63010240,KOI
63010445,KOI
63010541,KOI
63010574,KOI
63013648,TOI
63065654,KOI
63065660,KOI
63065753,KOI
63065911,KOI
63066101,KOI
63066294,KOI
63066410,KOI
63066501,KOI
63066763,KOI
63066825,KOI
63068197,KOI
63068272,KOI
63068329,KOI
63069205,KOI
63069576,CTOI
63069593,KOI
63069779,KOI
63069809,KOI
63069983,KOI
63070427,KOI
63070650,KOI
63070665,KOI
63070891,KOI
63071165,KOI
63071362,KOI
63072268,KOI
63072323,KOI
63072391,KOI
63072421,KOI
63072565,KOI
63074261,KOI
63074282,KOI
63074285,KOI
63074304,KOI
63074305,KOI
63074315,KOI
63074328,KOI
63074796,KOI
63074840,KOI
63075084,KOI
63075119,KOI
63076005,KOI
63076026,KOI
63076331,KOI
63076369,KOI
63076467,KOI
63076696,KOI
63082902,TOI
63100069,TOI
63119782,KOI
63120112,KOI
63120158,KOI
63120475,KOI
63120478,CTOI
63120528,KOI
63120970,KOI
63121143,KOI
63121155,KOI
63121235,KOI
63121243,KOI
63121677,KOI
63121703,KOI
63121790,KOI
63121826,KOI
63121848,KOI
63121858,KOI
63121862,KOI
63122090,KOI
63122153,KOI
63122176,KOI
63122231,KOI
63122407,KOI
63122603,KOI
63122858,KOI
63122956,KOI
63122994,KOI
63123000,KOI
63123362,KOI
63123912,KOI
63125460,KOI
63125540,KOI
63125692,KOI
63125816,KOI
63126102,KOI
63126326,KOI
63126862,KOI
63126892,KOI
63126920,KOI
63126926,KOI
63126932,KOI
63126950,KOI
63126989,KOI
63126995,KOI
63127119,KOI
63127125,KOI
63127223,KOI
63129375,KOI
63129380,KOI
63129408,KOI
63130782,KOI
63130792,KOI
63130869,KOI
63189173,TOI
63190194,TOI
63203288,KOI
63203294,KOI
63203339,KOI
63203439,KOI
63203442,KOI
63203488,KOI
63203489,KOI
63203491,KOI
63203500,KOI
63203511,KOI
63203523,KOI
63203530,KOI
63203546,KOI
63203563,KOI
63203583,KOI
63203619,KOI
63203624,KOI
63203637,KOI
63203656,KOI
63203670,KOI
63203677,KOI
63203687,KOI
63204017,KOI
63204022,KOI
63204085,KOI
63204190,KOI
63204235,KOI
63204326,KOI
63204351,KOI
63204357,KOI
63204374,KOI
63204711,KOI
63204831,KOI
63204858,KOI
63204905,KOI
63205796,KOI
63205808,KOI
63205879,KOI
63206083,KOI
63206411,KOI
63206513,KOI
63206684,KOI
63208928,KOI
63209010,KOI
63209326,KOI
63209649,KOI
63209918,KOI
63210175,KOI
63210324,KOI
63210391,KOI
63211674,TOI
63211984,KOI
63212231,KOI
63212288,KOI
63212809,KOI
63213247,KOI
63213254,KOI
63213264,KOI
63213274,KOI
63213283,KOI
63213445,KOI
63213486,KOI
63213622,KOI
63213787,KOI
63213956,KOI
63214042,KOI
63214492,KOI
63214717,KOI
63214893,KOI
63232997,TOI
63282695,KOI
63282889,KOI
63283780,TOI
63284044,KOI
63284089,KOI
63285279,KOI
63285444,KOI
63285703,KOI
63286150,KOI
63286249,KOI
63286885,KOI
63288644,KOI
63288814,KOI
63288848,KOI
63288941,KOI
63288964,KOI
63289259,KOI
63289401,KOI
63289452,KOI
63289510,KOI
63289526,KOI
63289629,KOI
63289761,KOI
63290079,KOI
63291001,KOI
63291058,KOI
63291671,KOI
63291675,KOI
63291682,KOI
63291722,KOI
63292483,KOI
63292487,KOI
63292510,KOI
63292591,KOI
63292596,KOI
63293479,KOI
63293562,KOI
63293840,KOI
63294055,KOI
63294097,KOI
63303499,TOI
63307184,CTOI
63307816,TOI
63313279,CTOI
63322050,CTOI
63362217,KOI
63362238,KOI
63362634,KOI
63362742,KOI
63362772,KOI
63363382,KOI
63363427,KOI
63363468,KOI
63363482,KOI
63363703,KOI
63365721,KOI
63365920,KOI
63366281,KOI
63366291,KOI
63366403,KOI
63366439,KOI
63366440,KOI
63367810,KOI
63368247,KOI
63368576,KOI
63368767,KOI
63368895,KOI
63368900,KOI
63368922,KOI
63369880,KOI
63369930,KOI
63370066,KOI
63370593,KOI
63370715,KOI
63370825,KOI
63371563,KOI
63371609,KOI
63372485,KOI
63372898,KOI
63372930,KOI
63372959,KOI
63373065,KOI
63373449,KOI
63373833,KOI
63373862,KOI
63448777,KOI
63448859,KOI
63449012,KOI
63449057,KOI
63449090,KOI
63449109,KOI
63449110,KOI
63450784,KOI
63450855,KOI
63451025,KOI
63451076,KOI
63451405,KOI
63451473,KOI
63451543,KOI
63451647,KOI
63451711,KOI
63451825,KOI
63452310,KOI
63452763,KOI
63452790,TOI
63453366,KOI
63453424,KOI
63453471,KOI
63453480,KOI
63453542,KOI
63454406,KOI
63454430,KOI
63454436,KOI
63454439,KOI
63454451,KOI
63454477,KOI
63454487,KOI
63454489,KOI
63454494,KOI
63454505,KOI
63454512,KOI
63454554,KOI
63454568,KOI
63454570,KOI
63454575,KOI
63454613,KOI
63454618,KOI
63454950,KOI
63470437,TOI
63548665,CTOI
63550960,TOI
63586213,TOI
63637169,CTOI
63644417,CTOI
63659057,TOI
63698669,TOI
63700569,CTOI
63717709,TOI
63718617,TOI
63720888,CTOI
63844530,TOI
63850008,CTOI
63889661,CTOI
63898957,TOI
63921468,CTOI
64070344,CTOI
64071894,TOI
64108432,CTOI
64198376,TOI
64214215,TOI
64254425,CTOI
64282927,TOI
64329653,CTOI
64365035,CTOI
64531556,TOI
64549889,CTOI
64553698,TOI
64770659,CTOI
64836837,TOI
64837857,TOI
64938667,TOI
65166582,CTOI
65212867,TOI
65259968,CTOI
65282454,CTOI
65290698,CTOI
65347776,TOI
65412605,TOI
65416038,TOI
65440953,TOI
65446983,TOI
65450588,CTOI
65557265,CTOI
65612701,CTOI
65737977,TOI
65805840,TOI
65845738,TOI
65879889,CTOI
65905621,TOI
65910228,CTOI
65949719,TOI
65981892,TOI
66013259,CTOI
66091052,TOI
66101137,CTOI
66102144,CTOI
66151343,TOI
66230012,CTOI
66242670,TOI
66266024,TOI
66286602,TOI
66296167,TOI
66323870,CTOI
66356824,TOI
66413476,TOI
66439165,CTOI
66439168,CTOI
66439839,CTOI
66445643,TOI
66497310,TOI
66532202,CTOI
66545173,TOI
66561343,TOI
66620917,TOI
66726479,TOI
66783360,TOI
66788350,TOI
66818296,TOI
67031480,TOI
67047661,CTOI
67181830,TOI
67196573,TOI
67246795,TOI
67247610,TOI
67300566,TOI
67309890,TOI
67349298,TOI
67395329,TOI
67418624,TOI
67424670,CTOI
67444896,TOI
67478724,TOI
67512645,TOI
67517533,TOI
67535663,TOI
67566164,TOI
67598139,TOI
67599025,CTOI
67600790,CTOI
67622702,TOI
67630845,TOI
67643229,CTOI
67646988,TOI
67651371,CTOI
67666096,TOI
67707363,CTOI
67711670,TOI
67743054,TOI
67747088,CTOI
67772767,TOI
67782629,TOI
67798337,TOI
67881560,TOI
67884964,CTOI
67926727,CTOI
67926921,TOI
68007716,TOI
68030406,TOI
68035558,TOI
68035559,TOI
68074302,TOI
68081952,TOI
68152139,TOI
68216297,CTOI
68322189,TOI
68326706,CTOI
68345291,TOI
68380016,CTOI
68388114,TOI
68443254,TOI
68453985,TOI
68489030,CTOI
68523365,TOI
68543654,CTOI
68573534,TOI
68577662,TOI
68623218,CTOI
68646526,TOI
68665559,CTOI
68687000,CTOI
68808155,TOI
68850908,TOI
68893269,TOI
68906031,CTOI
68936204,CTOI
69025550,CTOI
69028091,TOI
69054388,TOI
69068526,TOI
69295263,TOI
69356857,TOI
69436501,TOI
69672493,TOI
69679391,TOI
69745398,CTOI
69747919,TOI
69819610,TOI
69838258,TOI
69995219,TOI
69997672,TOI
70420766,TOI
70435923,TOI
70440470,TOI
70442570,CTOI
70469445,CTOI
70513361,TOI
70514245,CTOI
70524163,TOI
70561926,CTOI
70663347,CTOI
70678449,TOI
70722784,CTOI
70780410,TOI
70785910,TOI
70797900,TOI
70887357,TOI
70897115,TOI
70899085,TOI
70914192,TOI
70927362,CTOI
71013298,TOI
71028120,CTOI
71048340,CTOI
71083829,TOI
71088556,TOI
71133316,CTOI
71134735,TOI
71221700,TOI
71268730,TOI
71273694,CTOI
71295401,CTOI
71341774,TOI
71345362,TOI
71347873,TOI
71396541,TOI
71401634,TOI
71431434,CTOI
71431780,TOI
71459120,TOI
71488258,CTOI
71512186,TOI
71518575,CTOI
71582156,TOI
71612483,TOI
71674064,TOI
71854732,TOI
71854745,TOI
72090501,TOI
72097808,TOI
72123144,TOI
72401290,TOI
72494421,TOI
72504017,TOI
72504752,TOI
72542131,TOI
72542944,TOI
72556406,TOI
72668830,TOI
72669209,CTOI
72757019,CTOI
72806004,TOI
72889156,TOI
72931000,CTOI
72985822,TOI
72985912,CTOI
73007817,CTOI
73038411,TOI
73082014,TOI
73104318,TOI
73228647,TOI
73232401,CTOI
73244652,TOI
73248090,CTOI
73250068,TOI
73251118,CTOI
73310180,TOI
73433128,TOI
73448352,TOI
73485270,CTOI
73496987,CTOI
73540072,TOI
73560357,TOI
73638456,CTOI
73644471,CTOI
73649615,TOI
73692250,TOI
73717937,TOI
73723286,TOI
73729607,TOI
73731443,CTOI
74029268,CTOI
74197917,TOI
74274839,TOI
74389253,TOI
74482749,TOI
74484423,TOI
74484886,TOI
74487535,CTOI
74530173,TOI
74534430,TOI
74712191,TOI
74881311,TOI
74967390,TOI
75076259,CTOI
75076261,TOI
75171363,TOI
75208638,TOI
75262942,TOI
75417968,TOI
75427473,TOI
75522633,TOI
75577433,CTOI
75580659,TOI
75589027,TOI
75650448,TOI
75651978,CTOI
75656058,TOI
75697959,TOI
75744886,TOI
75784122,TOI
75878355,TOI
75919790,TOI
76032342,TOI
76042621,CTOI
76140400,CTOI
76193403,TOI
76197937,TOI
76228620,TOI
76252511,CTOI
76299873,CTOI
76419763,TOI
76420654,TOI
76505260,TOI
76545118,TOI
76663549,TOI
76706043,TOI
76707975,CTOI
76731445,TOI
76761591,TOI
76798849,TOI
76804724,CTOI
76882795,TOI
76894548,TOI
76899250,TOI
76903841,CTOI
76923707,TOI
76989773,TOI
77031413,TOI
77031414,TOI
77044471,TOI
77102895,TOI
77137037,CTOI
77156657,TOI
77156829,TOI
77173027,CTOI
77175217,TOI
77228304,TOI
77253676,TOI
77255326,CTOI
77258176,TOI
77258279,TOI
77287067,CTOI
77320223,CTOI
77370025,CTOI
77437461,CTOI
77437543,TOI
77490011,TOI
77524109,CTOI
77527511,TOI
77550515,TOI
77560191,CTOI
77670980,CTOI
77680373,TOI
77951245,TOI
77958378,TOI
78012416,CTOI
78055054,TOI
78154865,TOI
78290597,TOI
78441371,TOI
78489364,TOI
78601408,TOI
78669098,CTOI
78672342,TOI
78740218,CTOI
78775584,TOI
79030066,TOI
79172641,CTOI
79212406,CTOI
79292541,TOI
79316101,TOI
79395355,TOI
79431527,TOI
79605791,TOI
79660831,TOI
79748331,TOI
79920467,TOI
79930628,TOI
79971247,TOI
80019290,CTOI
80029842,TOI
80137654,TOI
80166433,TOI
80174172,TOI
80224448,TOI
80255594,CTOI
80275202,TOI
80315892,CTOI
80317933,CTOI
80384677,TOI
80384789,CTOI
80419101,CTOI
80429950,CTOI
80432617,TOI
80435273,CTOI
80439101,TOI
80478272,TOI
80567842,TOI
80611440,TOI
80681136,TOI
80682484,TOI
80704216,CTOI
80711765,TOI
80713983,TOI
80778619,TOI
80783538,TOI
80839458,CTOI
80946619,CTOI
81055189,TOI
81077799,TOI
81089255,TOI
81178747,TOI
81212286,TOI
81212289,TOI
81231810,TOI
81247740,TOI
81247877,TOI
81248187,CTOI
81331641,CTOI
81353413,CTOI
81419525,TOI
81429971,TOI
81593515,TOI
81597356,TOI
81600531,CTOI
81693792,TOI
81744640,TOI
81790160,CTOI
81808065,TOI
81831095,TOI
81963214,TOI
82010657,TOI
82011246,CTOI
82011491,CTOI
82128636,TOI
82204651,CTOI
82205179,CTOI
82223761,CTOI
82302240,TOI
82308728,TOI
82362447,TOI
82407001,CTOI
82452140,TOI
82508808,TOI
82550215,CTOI
82598822,TOI
82622707,TOI
82696443,CTOI
82707763,TOI
82739585,TOI
83053699,TOI
83092282,TOI
83148519,TOI
83154030,TOI
83180637,TOI
83181153,TOI
83210867,TOI
83275782,TOI
83299322,TOI
83377800,CTOI
83384234,CTOI
83391903,CTOI
83395136,TOI
83524788,CTOI
83580723,CTOI
83703886,CTOI
83839341,CTOI
84126162,TOI
84339983,TOI
84357072,CTOI
84599716,TOI
84788795,TOI
84990650,CTOI
85031598,TOI
85113291,TOI
85142299,CTOI
85216969,TOI
85242435,TOI
85254937,CTOI
85266608,TOI
85281192,TOI
85284138,TOI
85292615,TOI
85293053,TOI
85334736,CTOI
85371626,CTOI
85377339,CTOI
85406477,CTOI
85429139,TOI
85459171,TOI
85485452,CTOI
85504049,CTOI
85504872,CTOI
85593751,TOI
85597635,CTOI
85651189,CTOI
85791385,TOI
86005116,TOI
86021841,TOI
86075481,TOI
86119201,CTOI
86184105,CTOI
86202456,CTOI
86263325,TOI
86265698,CTOI
86273567,TOI
86280613,TOI
86303607,CTOI
86396382,TOI
86419190,TOI
86433395,CTOI
86451883,TOI
86810143,CTOI
86810852,CTOI
86898676,TOI
86951294,TOI
87044036,TOI
87090944,TOI
87091417,TOI
87216634,TOI
87304178,CTOI
87405719,TOI
87422071,TOI
87597187,TOI
87775884,CTOI
87827371,TOI
87873211,TOI
87878954,CTOI
87884695,CTOI
87932853,TOI
87949211,CTOI
88024647,CTOI
88101924,TOI
88114177,TOI
88212067,CTOI
88266880,TOI
88385463,TOI
88460991,TOI
88467632,CTOI
88485645,TOI
88507544,CTOI
88529975,TOI
88565745,TOI
88571421,CTOI
88586022,CTOI
88618301,CTOI
88641387,TOI
88684250,TOI
88785435,CTOI
88840705,TOI
88863718,TOI
88902249,TOI
88929544,TOI
88977253,TOI
88992642,TOI
88996391,TOI
88999533,TOI
89020549,TOI
89043973,TOI
89062142,TOI
89256802,TOI
89258104,CTOI
89288586,CTOI
89330719,CTOI
89362689,TOI
89389197,TOI
89417257,TOI
89510024,TOI
89535068,TOI
89544985,TOI
89546401,CTOI
89617284,TOI
89620053,CTOI
89643259,TOI
89659632,TOI
89702406,TOI
89759617,TOI
89876424,TOI
90048949,TOI
90083037,CTOI
90127880,TOI
90156362,TOI
90448944,TOI
90504905,TOI
90544017,TOI
90669930,TOI
90767677,TOI
90850770,TOI
90853136,TOI
90919952,TOI
90935909,TOI
90935995,TOI
90950296,TOI
91051152,TOI
91101364,TOI
91251292,TOI
91287873,TOI
91324328,TOI
91369561,CTOI
91481801,TOI
91555165,TOI
91576611,TOI
91697121,TOI
91777086,TOI
91794828,TOI
91869778,TOI
91987487,CTOI
91987762,TOI
92004082,TOI
92013169,TOI
92016061,CTOI
92217989,TOI
92226327,TOI
92304420,CTOI
92320552,CTOI
92349924,CTOI
92350408,CTOI
92352620,TOI
92352621,CTOI
92359850,TOI
92359852,TOI
92363023,TOI
92439980,TOI
92443533,TOI
92444219,CTOI
92447866,CTOI
92449173,TOI
92562123,TOI
92590258,TOI
92594505,CTOI
92677094,TOI
92709947,CTOI
92744152,TOI
92783821,TOI
92835691,CTOI
92866460,CTOI
92880493,CTOI
92880568,TOI
92896631,CTOI
92992033,TOI
93093765,TOI
93125144,TOI
93275779,CTOI
93420346,CTOI
93594834,TOI
93862917,TOI
93963408,TOI
94011343,TOI
94012094,TOI
94255849,CTOI
94346376,TOI
94405787,TOI
94423678,CTOI
94483093,TOI
94589619,CTOI
94609570,TOI
94727308,TOI
94823134,TOI
94984950,CTOI
94986319,TOI
95003423,CTOI
95010343,TOI
95057860,TOI
95079513,TOI
95111024,CTOI
95112238,CTOI
95122849,TOI
95129101,TOI
95191643,TOI
95234976,TOI
95312476,CTOI
95337971,TOI
95361530,TOI
95423778,TOI
95574586,TOI
95589845,TOI
95660472,TOI
95661771,CTOI
95709395,TOI
95768667,CTOI
95839645,CTOI
95857505,CTOI
95927079,CTOI
96055535,TOI
96074951,TOI
96097215,TOI
96157127,CTOI
96165095,TOI
96170689,TOI
96246348,TOI
96291218,TOI
96317115,TOI
96475638,TOI
96736412,TOI
96818680,CTOI
96829917,TOI
96885837,TOI
96889040,CTOI
96925186,TOI
96948338,TOI
96973930,TOI
97156957,CTOI
97158538,TOI
97165413,TOI
97248423,TOI
97249514,TOI
97255991,CTOI
97279971,TOI
97409519,TOI
97472236,CTOI
97479438,CTOI
97486178,TOI
97568467,TOI
97588014,TOI
97601852,CTOI
97669493,TOI
97700520,TOI
97714451,TOI
97735297,TOI
97735908,TOI
97766057,TOI
97825640,TOI
97861072,CTOI
97866515,TOI
97905875,CTOI
97921547,TOI
97925605,TOI
97975207,CTOI
97975310,CTOI
98159959,TOI
98283926,TOI
98286422,TOI
98383826,CTOI
98494121,TOI
98545929,TOI
98613492,TOI
98620619,TOI
98662211,TOI
98669309,TOI
98672702,CTOI
98728690,TOI
98753307,TOI
98794593,CTOI
98796344,TOI
98833877,TOI
98957720,TOI
99025225,TOI
99081059,TOI
99086567,CTOI
99097200,TOI
99224131,TOI
99319615,CTOI
99330090,TOI
99341082,CTOI
99493790,TOI
99569532,CTOI
99570132,CTOI
99572130,TOI
99648579,TOI
99652177,CTOI
99654378,TOI
99673151,CTOI
99728663,CTOI
99796664,TOI
99823641,CTOI
99834321,TOI
99834717,TOI
99865630,CTOI
99869022,TOI
99896567,TOI
99919551,CTOI
99989903,TOI
100014359,TOI
100029948,CTOI
100097716,TOI
100099031,TOI
100100827,TOI
100103200,CTOI
100103201,CTOI
100104872,CTOI
100263315,TOI
100264497,TOI
100267480,TOI
100389539,TOI
100504381,TOI
100504488,CTOI
100566492,TOI
100589632,TOI
100589633,TOI
100608026,TOI
100665013,CTOI
100683605,TOI
100757807,TOI
100769500,TOI
100776118,CTOI
100780304,TOI
100909102,TOI
100918213,CTOI
100921768,TOI
100974694,TOI
100990000,TOI
100991578,CTOI
101011575,TOI
101037590,TOI
101103807,CTOI
101133275,TOI
101179725,CTOI
101219991,CTOI
101225566,TOI
101230735,TOI
101272159,TOI
101348333,TOI
101395259,TOI
101497191,TOI
101520163,TOI
101569362,CTOI
101569583,TOI
101588793,TOI
101592219,TOI
101624192,CTOI
101641905,CTOI
101643582,TOI
101696403,TOI
101721385,TOI
101730811,CTOI
101824521,CTOI
101923957,CTOI
101929303,TOI
101948569,TOI
101955023,TOI
101961987,TOI
101991992,CTOI
102030574,TOI
102064145,CTOI
102080051,CTOI
102159710,TOI
102169275,CTOI
102192004,TOI
102195674,TOI
102264230,TOI
102283403,TOI
102542376,TOI
102625324,CTOI
102672709,TOI
102713734,TOI
102719996,TOI
102734241,TOI
102808276,TOI
102808915,CTOI
102840239,TOI
102846772,TOI
102848207,TOI
102923946,CTOI
102951242,CTOI
103096524,TOI
103174622,CTOI
103180795,CTOI
103183399,TOI
103195323,TOI
103225834,CTOI
103245940,TOI
103321203,CTOI
103448870,TOI
103604037,TOI
103605399,TOI
103633434,TOI
103633672,TOI
103692994,CTOI
103751498,TOI
103832313,TOI
103865797,TOI
103913922,CTOI
103938530,CTOI
104022675,TOI
104024556,TOI
104153474,TOI
104195270,TOI
104208182,TOI
104734832,TOI
104866616,TOI
104986789,TOI
105135774,TOI
105379013,TOI
105387356,TOI
105488812,CTOI
105616091,TOI
105712339,CTOI
105759569,TOI
105801221,TOI
105840719,TOI
105850602,CTOI
106056929,CTOI
106114491,TOI
106224626,TOI
106224627,TOI
106235729,CTOI
106402532,TOI
106626059,TOI
106829921,TOI
106940971,TOI
106997505,TOI
107017977,TOI
107018378,TOI
107090327,TOI
107113345,CTOI
107340585,TOI
107440797,TOI
107506563,TOI
107617930,TOI
107728509,TOI
107776260,TOI
107782586,TOI
108645766,TOI
108835813,TOI
108939482,TOI
108940329,TOI
109929845,CTOI
110178537,TOI
110428269,TOI
110718787,CTOI
110738386,TOI
110828766,TOI
110936761,TOI
110996418,TOI
111108561,TOI
111363968,CTOI
111750317,CTOI
111778581,CTOI
111991770,TOI
112026224,TOI
112037203,TOI
112037211,TOI
112099249,TOI
112110888,TOI
112115898,TOI
112316665,TOI
112395568,TOI
112604564,TOI
112987554,CTOI
112989868,TOI
113117112,TOI
113247981,CTOI
113295476,TOI
113542042,TOI
113553629,TOI
113645244,CTOI
113648563,TOI
113804153,TOI
113918063,CTOI
113919944,TOI
113921235,TOI
114018671,TOI
114056098,CTOI
114103134,TOI
114103136,TOI
114181798,TOI
114299824,TOI
114422211,TOI
114516994,TOI
114600571,TOI
114749636,TOI
114947483,TOI
114987571,CTOI
115010361,TOI
115115136,CTOI
115171750,CTOI
115182469,TOI
115242351,TOI
115270627,TOI
115410334,CTOI
115446313,TOI
115451738,TOI
115453244,TOI
115457180,TOI
115508409,TOI
115524421,TOI
115564354,TOI
115583726,TOI
115620634,CTOI
115623434,TOI
115628210,TOI
115683877,TOI
115693377,CTOI
115739057,TOI
115771549,TOI
115779261,CTOI
115861501,CTOI
115899725,TOI
115942852,CTOI
116010909,CTOI
116048097,TOI
116156517,TOI
116242971,TOI
116257066,TOI
116262653,TOI
116264089,TOI
116307482,CTOI
116382006,TOI
116483514,TOI
116483734,TOI
116497708,CTOI
116608612,TOI
116631353,TOI
116668723,TOI
116756420,CTOI
116848450,TOI
116887189,CTOI
117068362,TOI
117072799,TOI
117256577,TOI
117275513,TOI
117322779,TOI
117378334,CTOI
117644481,CTOI
117646374,CTOI
117689799,TOI
117772549,CTOI
117789567,TOI
117799904,TOI
117843067,TOI
117843365,TOI
117888314,CTOI
117892246,TOI
117938087,TOI
117979455,TOI
117979694,TOI
117979850,TOI
117979897,TOI
118021229,TOI
118072143,TOI
118084044,TOI
118084297,CTOI
118208859,CTOI
118301361,TOI
118308828,TOI
118327533,TOI
118327550,TOI
118329434,TOI
118339710,TOI
118389230,CTOI
118406995,TOI
118573065,TOI
118586896,TOI
118603213,TOI
118754987,TOI
118798035,CTOI
118820486,TOI
118914286,TOI
118956453,TOI
118963720,TOI
119069946,TOI
119081096,TOI
119089245,TOI
119130170,TOI
119131709,TOI
119178132,TOI
119226450,CTOI
119241628,CTOI
119290630,TOI
119292328,TOI
119357781,CTOI
119362383,CTOI
119448220,TOI
119556803,TOI
119584412,TOI
119585136,TOI
119638424,TOI
119685627,CTOI
119700084,TOI
119767301,CTOI
119925436,TOI
119950057,TOI
119973835,TOI
120033290,TOI
120042828,KOI
120042965,KOI
120043084,KOI
120043362,KOI
120043638,KOI
120044024,KOI
120044456,KOI
120044631,KOI
120044687,KOI
120045750,TOI
120051913,TOI
120099463,CTOI
120101789,TOI
120103100,KOI
120103137,KOI
120103325,KOI
120103328,KOI
120103486,KOI
120103906,KOI
120104107,KOI
120104251,KOI
120105003,KOI
120105470,KOI
120105549,KOI
120105569,KOI
120105633,KOI
120106078,KOI
120106432,KOI
120107336,KOI
120107519,KOI
120107987,KOI
120115768,TOI
120182692,CTOI
120183168,TOI
120199940,CTOI
120232318,CTOI
120232321,CTOI
120238206,CTOI
120247528,TOI
120250466,KOI
120251171,KOI
120251654,KOI
120251785,KOI
120251813,KOI
120251815,KOI
120251816,KOI
120251822,KOI
120251825,KOI
120251831,KOI
120251847,KOI
120252007,KOI
120252452,KOI
120252559,KOI
120252815,KOI
120252888,KOI
120253552,KOI
120253642,KOI
120253745,KOI
120253842,KOI
120253844,KOI
120254134,KOI
120254625,KOI
120254914,KOI
120255013,KOI
120255204,KOI
120255410,KOI
120255638,KOI
120255892,KOI
120255950,TOI
120269103,TOI
120311283,CTOI
120313529,TOI
120314731,KOI
120314783,KOI
120315006,KOI
120315078,KOI
120315082,KOI
120315151,KOI
120315200,KOI
120315348,KOI
120316928,KOI
120317234,TOI
120317590,KOI
120317595,KOI
120317720,KOI
120317833,KOI
120318329,KOI
120318394,KOI
120319127,KOI
120319725,KOI
120320000,KOI
120354043,KOI
120355363,KOI
120355606,CTOI
120355636,KOI
120416641,KOI
120417147,KOI
120417250,KOI
120418580,KOI
120418600,KOI
120418708,KOI
120420090,KOI
120420344,KOI
120420403,KOI
120420633,KOI
120420984,KOI
120421166,KOI
120421302,KOI
120421392,KOI
120421638,KOI
120421879,KOI
120422248,KOI
120422519,KOI
120423013,KOI
120424486,KOI
120424814,KOI
120425098,KOI
120425104,KOI
120425112,KOI
120425419,KOI
120425617,KOI
120487017,TOI
120495241,KOI
120495446,KOI
120495515,KOI
120495756,KOI
120495880,KOI
120496423,KOI
120496643,KOI
120497372,KOI
120498376,KOI
120498491,KOI
120498747,KOI
120498930,KOI
120499135,KOI
120499724,KOI
120500449,KOI
120501015,KOI
120523488,TOI
120571247,KOI
120571308,KOI
120571842,KOI
120572117,KOI
120572779,KOI
120572967,KOI
120573201,KOI
120573482,KOI
120573638,KOI
120573791,KOI
120575444,KOI
120576694,KOI
120576846,KOI
120576881,KOI
120576995,KOI
120577120,KOI
120577770,KOI
120578185,KOI
120578386,KOI
120578688,KOI
120578712,KOI
120578889,KOI
120578902,KOI
120585579,TOI
120602501,TOI
120610833,TOI
120626764,KOI
120627712,KOI
120628862,KOI
120629011,KOI
120629278,KOI
120629289,KOI
120629438,KOI
120629799,KOI
120636654,KOI
120637242,KOI
120637744,KOI
120638033,KOI
120638186,KOI
120683314,KOI
120683391,KOI
120683917,KOI
120684515,KOI
120684559,KOI
120684591,KOI
120684593,KOI
120684605,KOI
120684614,KOI
120684615,KOI
120686440,KOI
120686458,KOI
120686620,KOI
120686652,KOI
120686979,KOI
120688631,KOI
120688913,KOI
120689253,KOI
120689337,KOI
120691237,KOI
120692092,TOI
120692095,KOI
120692293,KOI
120692295,KOI
120692297,KOI
120692317,KOI
120692691,KOI
120693011,KOI
120693203,KOI
120693435,KOI
120693437,KOI
120693439,KOI
120693645,KOI
120693914,KOI
120694124,KOI
120723776,TOI
120737368,TOI
120757718,TOI
120762000,KOI
120762025,KOI
120762105,KOI
120762362,KOI
120762676,KOI
120762767,KOI
120762990,KOI
120763230,KOI
120763468,KOI
120763491,KOI
120764338,KOI
120764848,KOI
120765183,KOI
120765800,KOI
120765843,KOI
120765991,KOI
120766316,KOI
120766619,KOI
120768052,KOI
120819729,KOI
120819731,KOI
120820865,KOI
120821730,KOI
120822273,KOI
120822818,KOI
120824111,KOI
120824302,KOI
120824607,KOI
120825240,KOI
120825510,KOI
120825566,KOI
120826158,TOI
120861864,CTOI
120890307,KOI
120890432,KOI
120891337,KOI
120891972,KOI
120891995,KOI
120892243,KOI
120892388,KOI
120892579,KOI
120893436,KOI
120893542,KOI
120893547,KOI
120894026,KOI
120896927,TOI
120899581,KOI
120899737,KOI
120899739,KOI
120899838,KOI
120899945,KOI
120900016,KOI
120900025,KOI
120902222,KOI
120902366,KOI
120916706,TOI
120960724,KOI
120960808,KOI
120960812,TOI
120960954,KOI
120961424,KOI
120961632,KOI
120961712,KOI
120962288,KOI
120962548,KOI
120962684,KOI
120963278,KOI
120963388,CTOI
120963454,KOI
120963958,KOI
120964116,KOI
120964167,KOI
120970827,KOI
120971168,KOI
120971358,KOI
120971695,KOI
120972052,KOI
120972137,KOI
120973167,KOI
121011881,KOI
121011905,KOI
121013026,KOI
121013297,KOI
121013472,KOI
121013577,KOI
121013810,KOI
121013833,KOI
121015409,KOI
121015734,KOI
121016124,KOI
121016183,KOI
121016578,KOI
121016739,KOI
121018148,KOI
121018601,KOI
121019172,KOI
121019194,KOI
121019265,KOI
121019522,KOI
121019712,KOI
121019852,KOI
121019975,KOI
121020322,KOI
121020327,KOI
121020571,KOI
121020615,KOI
121020626,KOI
121020633,KOI
121020637,KOI
121020641,KOI
121020647,KOI
121020701,KOI
121020728,KOI
121021644,KOI
121022334,KOI
121022533,KOI
121022559,KOI
121070864,TOI
121083766,KOI
121083955,KOI
121083971,KOI
121084262,KOI
121084276,KOI
121084378,KOI
121085080,KOI
121085520,KOI
121085549,KOI
121085555,KOI
121085785,KOI
121108727,KOI
121108981,KOI
121111999,KOI
121112132,KOI
121112251,KOI
121113382,KOI
121113728,KOI
121114355,KOI
121114760,KOI
121114997,KOI
121119758,KOI
121120717,KOI
121120846,KOI
121121590,KOI
121121618,KOI
121121622,KOI
121121775,KOI
121122016,KOI
121123361,KOI
121123521,KOI
121123737,KOI
121123935,KOI
121124617,KOI
121124829,KOI
121124831,KOI
121124842,KOI
121124857,KOI
121124880,KOI
121124917,KOI
121126469,KOI
121126824,KOI
121158392,CTOI
121194926,TOI
121213274,KOI
121213409,KOI
121213426,KOI
121214078,KOI
121214173,KOI
121214185,KOI
121214704,KOI
121214909,KOI
121214993,KOI
121215172,KOI
121215333,KOI
121215601,KOI
121215710,KOI
121215807,KOI
121218683,KOI
121270759,KOI
121271424,KOI
121272493,KOI
121274223,KOI
121275458,KOI
121275496,KOI
121275522,KOI
121276618,KOI
121276638,KOI
121276933,KOI
121277143,KOI
121325658,KOI
121326070,KOI
121326587,KOI
121326995,KOI
121327187,KOI
121327539,KOI
121329438,KOI
121329580,KOI
121332982,KOI
121333232,KOI
121333305,KOI
121333321,KOI
121333360,KOI
121333398,KOI
121333541,KOI
121333720,KOI
121338379,TOI
121341000,CTOI
121389437,CTOI
121393535,KOI
121393769,KOI
121393780,KOI
121393797,KOI
121394270,KOI
121394271,KOI
121395047,KOI
121395273,KOI
121395435,KOI
121395463,KOI
121395521,KOI
121395622,KOI
121395761,KOI
121420805,CTOI
121457093,KOI
121457384,KOI
121457505,KOI
121457557,KOI
121457831,KOI
121457834,KOI
121458196,KOI
121458206,KOI
121458495,KOI
121458707,KOI
121460327,KOI
121460414,KOI
121460525,KOI
121460718,KOI
121460918,KOI
121461701,KOI
121462911,KOI
121462999,KOI
121463088,KOI
121464211,KOI
121464564,KOI
121465281,KOI
121465366,KOI
121465371,KOI
121465404,KOI
121467421,KOI
121467823,KOI
121467921,KOI
121468444,KOI
121468457,KOI
121490076,TOI
121535634,KOI
121535837,KOI
121547150,KOI
121560868,TOI
121597817,KOI
121597833,KOI
121598562,KOI
121598758,KOI
121598895,KOI
121599614,KOI
121599716,KOI
121599740,KOI
121601917,KOI
121602057,KOI
121602237,KOI
121602239,KOI
121602473,KOI
121603086,KOI
121603123,KOI
121603467,KOI
121603556,KOI
121603761,KOI
121603794,KOI
121603852,KOI
121603913,KOI
121604023,KOI
121604042,KOI
121604047,KOI
121604440,KOI
121606697,KOI
121625070,TOI
121636363,CTOI
121656582,KOI
121658323,KOI
121658826,KOI
121658863,KOI
121660143,KOI
121660595,KOI
121660680,KOI
121660708,KOI
121660779,KOI
121660826,KOI
121660904,TOI
121660905,KOI
121660915,KOI
121724183,CTOI
121729607,KOI
121729614,KOI
121729734,KOI
121729843,KOI
121731426,KOI
121731450,KOI
121731585,KOI
121731834,TOI
121731973,KOI
121732097,KOI
121732589,KOI
121732816,KOI
121733900,KOI
121734006,KOI
121734202,KOI
121734266,KOI
121734276,KOI
121734474,KOI
121734851,KOI
121734872,KOI
121784061,KOI
121784567,KOI
121784651,KOI
121784745,KOI
121785583,KOI
121785676,KOI
121785939,KOI
121786521,KOI
121786630,KOI
121786759,KOI
121787150,KOI
121787267,KOI
121787669,KOI
121788976,KOI
121789066,KOI
121789710,KOI
121790138,KOI
121790416,KOI
121790872,KOI
121792151,KOI
121792489,KOI
121793166,KOI
121793246,KOI
121795464,KOI
121796571,KOI
121797281,KOI
121797536,KOI
121797539,KOI
121864197,KOI
121865025,KOI
121865123,KOI
121865605,KOI
121865656,KOI
121865674,KOI
121865776,KOI
121865891,KOI
121866154,KOI
121866261,KOI
121866608,KOI
121867533,KOI
121939247,KOI
121940067,KOI
121940463,KOI
121940509,KOI
121940748,KOI
121940753,KOI
121941104,KOI
121941120,KOI
121941584,KOI
121941586,KOI
121942019,KOI
121942418,KOI
121943375,KOI
121943529,KOI
121943724,KOI
121943923,KOI
121943929,KOI
121943952,KOI
121944544,KOI
121944627,KOI
121944731,KOI
121944984,KOI
121944992,KOI
121945066,KOI
121945246,KOI
121945370,KOI
121945380,KOI
121945403,KOI
121945407,KOI
121945414,KOI
121945947,KOI
121945989,KOI
121946338,KOI
121946404,KOI
121946413,KOI
121946532,KOI
121946741,KOI
121947103,KOI
121947136,KOI
121947161,KOI
121947393,KOI
121947500,KOI
121966220,TOI
121988152,KOI
121988434,KOI
121988489,KOI
121988755,KOI
121988890,KOI
121988938,KOI
121988939,KOI
121988985,KOI
121990418,TOI
122062469,KOI
122062591,KOI
122062725,KOI
122063712,KOI
122063843,KOI
122063936,KOI
122064364,KOI
122064428,KOI
122065063,KOI
122065461,KOI
122065885,KOI
122066167,KOI
122066199,KOI
122066280,KOI
122066432,KOI
122066443,KOI
122066445,KOI
122066467,KOI
122066752,KOI
122066814,KOI
122066892,KOI
122066949,KOI
122067183,KOI
122067394,KOI
122067905,KOI
122068161,KOI
122068413,KOI
122068596,KOI
122068658,KOI
122068836,KOI
122069053,KOI
122069243,KOI
122069957,KOI
122070185,KOI
122070274,KOI
122070657,KOI
122070733,KOI
122070826,KOI
122070889,KOI
122071564,KOI
122072147,KOI
122130752,KOI
122136164,KOI
122136289,KOI
122136712,KOI
122136745,KOI
122136782,KOI
122136964,KOI
122137526,KOI
122137575,KOI
122137957,KOI
122138452,KOI
122138544,KOI
122138967,KOI
122139098,KOI
122139228,KOI
122139303,KOI
122139376,KOI
122139695,KOI
122139725,KOI
122139730,KOI
122140710,KOI
122140820,KOI
122142062,KOI
122142468,KOI
122142525,KOI
122142557,KOI
122142813,KOI
122142964,KOI
122220263,TOI
122223312,KOI
122223536,KOI
122224243,KOI
122224508,KOI
122224571,KOI
122224576,KOI
122224585,KOI
122224586,KOI
122224637,KOI
122224683,KOI
122224804,KOI
122224861,KOI
122224871,KOI
122225232,KOI
122226990,KOI
122262940,TOI
122293581,KOI
122293639,KOI
122293837,KOI
122294188,KOI
122294261,KOI
122294665,KOI
122294767,KOI
122294928,KOI
122294985,KOI
122296138,KOI
122296235,KOI
122296419,KOI
122297111,KOI
122297250,KOI
122297363,KOI
122297584,KOI
122297710,KOI
122297712,KOI
122297860,KOI
122297877,KOI
122298182,KOI
122298184,KOI
122298186,KOI
122298276,KOI
122298422,KOI
122298563,KOI
122298677,KOI
122298773,KOI
122298834,KOI
122298884,KOI
122299486,KOI
122299923,KOI
122300159,KOI
122300177,KOI
122300541,KOI
122300543,KOI
122300631,KOI
122300895,KOI
122300995,KOI
122301308,KOI
122301410,KOI
122301642,KOI
122301819,KOI
122302031,KOI
122302240,KOI
122302305,KOI
122303864,KOI
122304473,KOI
122304494,KOI
122304497,KOI
122304548,KOI
122304560,KOI
122304597,KOI
122304820,KOI
122304858,KOI
122304887,KOI
122304894,KOI
122304930,KOI
122305803,KOI
122305848,KOI
122306080,KOI
122306094,KOI
122306130,KOI
122364060,KOI
122364350,KOI
122364402,KOI
122364425,KOI
122364526,KOI
122364536,KOI
122364568,KOI
122364626,KOI
122364696,KOI
122364713,KOI
122364737,KOI
122364738,KOI
122365045,KOI
122373865,KOI
122373874,KOI
122374509,KOI
122374527,KOI
122374592,KOI
122374620,KOI
122374675,KOI
122374684,KOI
122374805,KOI
122374818,KOI
122374933,KOI
122375047,TOI
122375121,KOI
122375122,KOI
122375147,KOI
122375154,KOI
122375201,KOI
122375206,KOI
122375207,KOI
122375237,KOI
122375269,KOI
122375272,KOI
122375285,KOI
122375300,KOI
122375302,KOI
122375381,KOI
122375393,KOI
122375696,KOI
122375887,KOI
122376177,KOI
122376243,KOI
122376247,KOI
122376876,KOI
122376998,KOI
122377239,KOI
122377381,KOI
122418622,TOI
122439815,KOI
122440112,KOI
122440425,KOI
122441003,KOI
122441010,KOI
122441491,TOI
122441633,KOI
122441694,KOI
122441704,KOI
122442228,KOI
122442334,KOI
122442524,KOI
122442525,KOI
122442545,KOI
122442597,KOI
122442646,KOI
122442731,KOI
122442881,KOI
122443047,KOI
122443137,KOI
122443195,KOI
122443219,KOI
122443221,KOI
122443255,KOI
122443256,KOI
122443568,KOI
122443583,KOI
122443588,KOI
122443597,KOI
122443599,KOI
122443620,KOI
122443735,KOI
122444422,KOI
122444585,KOI
122444693,KOI
122445076,KOI
122445093,KOI
122445117,KOI
122445360,KOI
122445928,KOI
122445970,KOI
122446022,KOI
122446026,KOI
122446049,KOI
122446059,KOI
122446076,KOI
122446084,KOI
122446088,KOI
122446089,KOI
122446094,KOI
122446113,KOI
122446192,KOI
122446315,KOI
122446527,KOI
122446541,KOI
122446866,KOI
122446960,KOI
122447138,KOI
122447324,KOI
122447762,KOI
122447780,KOI
122447813,KOI
122447896,KOI
122447994,KOI
122449752,KOI
122450088,KOI
122450207,KOI
122450680,KOI
122450696,KOI
122450762,KOI
122450906,KOI
122450908,KOI
122451550,KOI
122451569,KOI
122452105,KOI
122485078,TOI
122507231,KOI
122507978,KOI
122508401,KOI
122515768,KOI
122515955,KOI
122516643,KOI
122516963,KOI
122518165,KOI
122518332,KOI
122518874,KOI
122518879,KOI
122519154,KOI
122519165,KOI
122519173,KOI
122519207,KOI
122519778,KOI
122522333,CTOI
122595206,KOI
122595516,KOI
122595850,KOI
122596039,KOI
122596334,KOI
122596693,TOI
122597057,KOI
122597885,KOI
122597937,KOI
122597938,KOI
122597964,KOI
122598012,KOI
122598372,KOI
122598390,KOI
122598438,KOI
122598529,KOI
122600562,KOI
122601307,KOI
122601359,KOI
122601402,KOI
122602203,KOI
122602304,KOI
122602341,KOI
122602667,KOI
122603451,KOI
122603455,KOI
122603474,KOI
122603475,KOI
122603678,KOI
122603679,KOI
122605667,KOI
122605691,KOI
122605766,KOI
122606404,KOI
122606444,KOI
122606463,KOI
122606469,KOI
122606704,KOI
122606984,KOI
122607117,KOI
122607324,KOI
122607543,KOI
122607554,KOI
122608023,KOI
122612091,TOI
122613513,TOI
122617317,TOI
122620177,CTOI
122629761,TOI
122636751,CTOI
122671783,KOI
122671871,KOI
122671935,KOI
122672270,KOI
122672699,KOI
122673202,KOI
122673489,KOI
122673562,CTOI
122673909,KOI
122679908,KOI
122680384,KOI
122680701,KOI
122680921,KOI
122681330,KOI
122682066,KOI
122682073,KOI
122682249,KOI
122682770,KOI
122682776,KOI
122682781,KOI
122682786,KOI
122682848,KOI
122682991,KOI
122683133,KOI
122683575,KOI
122683582,KOI
122683700,KOI
122683938,KOI
122683946,KOI
122684031,KOI
122684039,KOI
122684218,KOI
122684233,KOI
122684271,KOI
122684284,KOI
122684540,KOI
122685275,KOI
122685540,KOI
122685713,KOI
122685803,KOI
122695048,TOI
122706051,KOI
122706055,KOI
122706449,TOI
122706536,KOI
122706631,KOI
122706882,KOI
122707140,KOI
122707274,KOI
122707371,KOI
122707718,KOI
122707725,KOI
122707980,KOI
122708167,KOI
122708178,KOI
122712179,KOI
122712267,KOI
122712446,KOI
122712595,KOI
122712824,KOI
122713090,KOI
122713147,KOI
122713286,KOI
122713330,KOI
122713677,KOI
122714252,KOI
122714267,KOI
122716169,KOI
122716446,KOI
122716497,KOI
122716563,KOI
122716574,KOI
122716702,KOI
122716703,KOI
122716726,KOI
122716806,KOI
122716838,KOI
122717016,KOI
122717037,KOI
122717066,KOI
122717123,KOI
122717191,KOI
122717206,KOI
122717359,KOI
122780849,KOI
122781393,KOI
122781449,KOI
122781795,KOI
122781802,KOI
122782045,KOI
122782094,KOI
122782423,KOI
122782645,KOI
122783866,KOI
122784048,KOI
122784271,KOI
122784501,KOI
122784720,KOI
122784830,KOI
122784970,KOI
122785299,TOI
122798633,TOI
122870280,CTOI
122881136,TOI
122897814,CTOI
122981686,TOI
123007594,TOI
123012736,CTOI
123041007,TOI
123106490,TOI
123125197,CTOI
123125465,KOI
123126460,KOI
123129877,KOI
123129910,KOI
123130285,KOI
123130468,KOI
123130509,KOI
123133954,TOI
123198156,KOI
123198404,KOI
123198716,KOI
123199287,KOI
123199429,KOI
123201193,KOI
123201406,KOI
123201494,KOI
123202589,KOI
123202646,KOI
123205855,KOI
123205887,KOI
123205888,KOI
123206821,KOI
123227215,KOI
123227470,KOI
123230098,KOI
123230202,KOI
123230342,KOI
123230993,KOI
123231041,KOI
123231081,KOI
123231314,KOI
123231332,KOI
123231739,KOI
123231763,KOI
123231917,KOI
123232834,KOI
123232993,KOI
123233041,TOI
123233526,KOI
123234052,KOI
123234173,KOI
123234747,TOI
123235018,KOI
123308870,KOI
123309099,KOI
123309556,TOI
123309788,KOI
123310053,KOI
123310203,KOI
123310472,KOI
123310495,KOI
123312978,KOI
123313142,KOI
123313746,KOI
123314797,KOI
123314801,KOI
123314844,KOI
123315911,KOI
123316150,KOI
123316231,KOI
123316306,KOI
123316380,KOI
123316518,KOI
123316673,KOI
123316709,KOI
123316870,KOI
123316972,KOI
123317836,KOI
123318038,KOI
123318039,KOI
123318083,KOI
123355332,KOI
123357034,TOI
123357476,KOI
123357504,KOI
123357864,TOI
123357893,KOI
123358019,KOI
123358090,KOI
123358094,KOI
123358326,KOI
123358567,KOI
123358805,KOI
123358827,KOI
123359049,KOI
123359347,KOI
123359472,KOI
123359966,KOI
123361429,KOI
123361748,KOI
123361750,KOI
123362050,KOI
123362190,KOI
123362790,KOI
123362984,KOI
123363138,KOI
123363718,KOI
123364153,KOI
123364486,KOI
123364500,KOI
123364593,KOI
123365281,CTOI
123408693,KOI
123408849,KOI
123408863,KOI
123409401,KOI
123409439,KOI
123410543,KOI
123410600,KOI
123410927,KOI
123411643,KOI
123413463,KOI
123413963,KOI
123414085,KOI
123414106,KOI
123414892,KOI
123415040,KOI
123415819,KOI
123416041,KOI
123416188,KOI
123416314,KOI
123416332,KOI
123416515,KOI
123416543,KOI
123416554,KOI
123416593,KOI
123416719,KOI
123416753,KOI
123416787,KOI
123417138,KOI
123417161,KOI
123417226,KOI
123417237,KOI
123417308,KOI
123417661,KOI
123417850,KOI
123444422,KOI
123444484,KOI
123444694,KOI
123444710,KOI
123444911,KOI
123444974,KOI
123444976,KOI
123445166,KOI
123445260,KOI
123445536,KOI
123445835,KOI
123445947,KOI
123446004,KOI
123446096,KOI
123446316,KOI
123447255,KOI
123447451,KOI
123447592,KOI
123447688,KOI
123448077,KOI
123449362,KOI
123449386,KOI
123450224,KOI
123450230,KOI
123450792,KOI
123450869,KOI
123451321,KOI
123451603,KOI
123451619,KOI
123451672,KOI
123451768,KOI
123452095,KOI
123452861,KOI
123453305,KOI
123462119,TOI
123482865,TOI
123489920,KOI
123490277,KOI
123490444,KOI
123490545,KOI
123492903,KOI
123493209,KOI
123493324,KOI
123493381,KOI
123493411,KOI
123493467,KOI
123494489,KOI
123495444,KOI
123495505,KOI
123495717,KOI
123495874,TOI
123496052,KOI
123496059,KOI
123496379,CTOI
123496782,KOI
123497954,KOI
123498009,KOI
123498269,KOI
123498549,KOI
123499004,KOI
123499118,KOI
123499226,KOI
123570723,CTOI
123627758,CTOI
123627908,TOI
123664207,TOI
123702439,TOI
123755508,CTOI
123763494,CTOI
123846039,TOI
123898871,TOI
123958679,TOI
124029677,TOI
124095888,TOI
124128680,TOI
124146529,TOI
124174267,TOI
124206468,TOI
124235800,TOI
124322274,TOI
124379043,TOI
124453339,TOI
124454726,TOI
124491883,TOI
124515764,TOI
124543547,TOI
124573851,TOI
124573902,TOI
124617560,TOI
124702477,TOI
124709665,TOI
124778445,TOI
124852105,CTOI
124895104,TOI
124922266,CTOI
125192758,CTOI
125358479,CTOI
125366299,TOI
125367522,TOI
125405602,TOI
125414447,CTOI
125424836,TOI
125442121,TOI
125489084,TOI
125489144,CTOI
125520907,TOI
125552076,TOI
125563127,TOI
125695940,TOI
125735470,TOI
125739286,TOI
125744840,TOI
125759305,CTOI
125894957,TOI
125925505,CTOI
126098688,CTOI
126125073,TOI
126171392,TOI
126225595,TOI
126278294,CTOI
126322519,TOI
126325149,TOI
126357909,TOI
126572546,TOI
126600730,CTOI
126606859,TOI
126733133,TOI
126737992,TOI
126772538,TOI
126797048,TOI
126864892,TOI
126945917,CTOI
126982221,TOI
126982911,TOI
126984335,CTOI
127012328,TOI
127115861,TOI
127226712,TOI
127229631,TOI
127315102,TOI
127328218,TOI
127425841,TOI
127426341,TOI
127476180,TOI
127505658,TOI
127505662,CTOI
127530399,TOI
127793615,TOI
127895118,TOI
127957099,TOI
128127712,TOI
128135100,TOI
128449971,TOI
128463355,TOI
128501004,TOI
128531633,TOI
128558444,TOI
128703021,CTOI
128790976,TOI
129004128,CTOI
129004637,TOI
129103090,CTOI
129107501,TOI
129108133,TOI
129198098,TOI
129203523,CTOI
129204392,CTOI
129268651,CTOI
129319156,TOI
129372561,TOI
129432342,TOI
129458276,TOI
129539786,TOI
129637892,TOI
129711632,TOI
129756316,TOI
129762963,CTOI
129839175,TOI
129881395,TOI
129890791,TOI
129904995,CTOI
129979519,CTOI
129979528,TOI
129991079,TOI
130087198,TOI
130181866,TOI
130191319,TOI
130349701,TOI
130370378,CTOI
130415266,TOI
130469151,CTOI
130611752,TOI
130613275,CTOI
130718055,CTOI
130797885,TOI
130924120,TOI
130948731,TOI
130981260,TOI
131025778,TOI
131034657,TOI
131036011,TOI
131081852,TOI
131195882,TOI
131250246,TOI
131312528,TOI
131347421,TOI
131348451,TOI
131419624,TOI
131419878,TOI
131581522,TOI
131581531,TOI
131730580,TOI
131743355,TOI
131979339,TOI
132313173,TOI
132314633,TOI
132320310,TOI
132534906,TOI
132611413,TOI
132963419,TOI
133107143,TOI
133129971,TOI
133260600,CTOI
133323306,CTOI
133331642,TOI
133334108,TOI
133427311,TOI
133505138,TOI
133512515,TOI
133654092,TOI
133655284,TOI
133849258,TOI
133850380,TOI
134183038,TOI
134200185,TOI
134221850,TOI
134315574,TOI
134396419,TOI
134404603,TOI
134471108,TOI
134528212,TOI
134537478,TOI
134549022,CTOI
134551640,TOI
134596619,TOI
134631912,CTOI
134649962,CTOI
135036669,TOI
135050395,CTOI
135083444,TOI
135100529,TOI
135145585,CTOI
135163289,CTOI
135221230,CTOI
135230723,CTOI
135243705,CTOI
135251751,CTOI
135267558,TOI
135268489,CTOI
135367053,CTOI
136122328,TOI
136274063,TOI
136324903,CTOI
136504576,TOI
136798415,CTOI
136848581,TOI
136886352,CTOI
136916387,TOI
136971594,TOI
136992839,TOI
136998882,TOI
137020190,CTOI
137020480,TOI
137088037,KOI
137088171,KOI
137089752,KOI
137089954,KOI
137089993,KOI
137090755,KOI
137090861,KOI
137090949,KOI
137090959,KOI
137091068,KOI
137093180,KOI
137093394,KOI
137093404,KOI
137093423,KOI
137093508,KOI
137093848,KOI
137094092,KOI
137094140,KOI
137094189,KOI
137094199,KOI
137094247,KOI
137094293,KOI
137095428,KOI
137095438,KOI
137096387,KOI
137096570,KOI
137096633,KOI
137097481,KOI
137098889,KOI
137099260,KOI
137146479,KOI
137147304,KOI
137147458,KOI
137147684,KOI
137148674,KOI
137148880,KOI
137148881,KOI
137149053,KOI
137149476,KOI
137149545,KOI
137149668,KOI
137149695,KOI
137149707,KOI
137150039,KOI
137150100,KOI
137150277,KOI
137150300,KOI
137150544,KOI
137150599,KOI
137150807,KOI
137150844,KOI
137150913,KOI
137151001,KOI
137151222,KOI
137151253,KOI
137151258,KOI
137151294,KOI
137151335,TOI
137151451,KOI
137151626,KOI
137152419,KOI
137152545,KOI
137154728,KOI
137154860,KOI
137154933,KOI
137155031,KOI
137155210,KOI
137155242,KOI
137155524,KOI
137157546,TOI
137205922,CTOI
137208794,KOI
137208864,KOI
137208941,KOI
137211068,KOI
137211401,KOI
137211526,KOI
137211610,KOI
137211740,KOI
137212325,KOI
137212657,KOI
137212833,KOI
137214983,KOI
137215006,KOI
137216641,KOI
137217003,KOI
137217142,KOI
137217366,KOI
137217372,KOI
137217407,KOI
137217821,KOI
137217823,KOI
137218383,KOI
137218786,KOI
137219033,KOI
137219141,KOI
137219262,KOI
137219288,KOI
137219378,KOI
137219389,KOI
137219483,KOI
137219536,KOI
137219664,KOI
137219755,KOI
137220262,KOI
137220309,KOI
137220342,KOI
137220387,KOI
137220754,KOI
137220955,KOI
137220960,KOI
137221932,KOI
137284119,TOI
137306310,KOI
137306325,KOI
137307173,KOI
137313529,KOI
137314087,KOI
137314140,KOI
137314144,KOI
137314580,KOI
137315414,KOI
137315589,KOI
137315720,KOI
137315852,KOI
137316027,KOI
137316195,KOI
137316266,KOI
137316731,KOI
137316771,KOI
137316791,KOI
137316877,KOI
137317096,KOI
137317834,KOI
137317839,KOI
137318075,KOI
137318289,KOI
137318390,KOI
137318401,KOI
137318531,KOI
137318600,KOI
137318624,KOI
137318669,KOI
137318884,KOI
137319097,KOI
137319204,KOI
137319314,KOI
137319316,KOI
137319380,KOI
137336979,KOI
137337040,KOI
137337048,KOI
137337090,KOI
137337218,KOI
137338944,KOI
137340986,KOI
137341066,KOI
137341200,KOI
137341245,KOI
137341354,KOI
137342110,KOI
137342155,KOI
137342279,KOI
137342301,KOI
137342352,KOI
137342400,KOI
137342462,KOI
137342468,KOI
137345841,KOI
137346267,KOI
137347078,KOI
137347517,KOI
137347657,KOI
137347686,KOI
137347707,KOI
137347866,KOI
137347875,KOI
137348164,KOI
137348181,KOI
137348189,KOI
137348756,KOI
137348863,KOI
137348987,KOI
137349032,KOI
137349086,KOI
137349536,KOI
137349557,KOI
137350093,KOI
137350102,KOI
137350507,KOI
137350568,KOI
137389526,CTOI
137391077,CTOI
137401986,KOI
137402010,KOI
137402055,TOI
137402324,KOI
137402386,KOI
137402637,KOI
137402656,KOI
137402886,KOI
137403111,KOI
137403519,KOI
137407353,KOI
137407402,KOI
137408113,KOI
137408291,KOI
137408311,KOI
137408312,KOI
137408317,KOI
137408322,KOI
137408357,KOI
137408443,KOI
137408459,KOI
137408775,KOI
137408854,KOI
137408962,KOI
137409126,KOI
137409142,KOI
137409501,KOI
137409751,KOI
137409756,KOI
137409793,KOI
137409907,KOI
137410211,KOI
137410374,KOI
137410379,KOI
137410398,KOI
137410409,KOI
137410446,KOI
137410708,KOI
137410954,KOI
137410997,KOI
137411225,KOI
137411248,KOI
137411280,KOI
137411296,KOI
137411481,KOI
137411535,KOI
137411611,KOI
137411725,KOI
137412278,KOI
137413972,KOI
137414304,KOI
137414517,KOI
137414680,KOI
137420801,TOI
137482600,KOI
137483321,KOI
137483354,KOI
137483383,KOI
137483610,KOI
137483894,KOI
137484204,KOI
137484253,KOI
137484286,KOI
137484294,KOI
137484431,KOI
137485528,KOI
137486304,KOI
137486517,KOI
137486571,KOI
137486917,KOI
137487105,KOI
137487233,KOI
137487738,KOI
137488068,KOI
137488218,KOI
137500798,TOI
137504771,CTOI
137543637,TOI
137545963,KOI
137546046,KOI
137546108,KOI
137547023,KOI
137547180,KOI
137547310,KOI
137547399,KOI
137548150,KOI
137548225,KOI
137548281,KOI
137548365,KOI
137549134,KOI
137549143,KOI
137549152,KOI
137549183,KOI
137549184,KOI
137549202,KOI
137549549,KOI
137550141,KOI
137550286,KOI
137550815,KOI
137550938,KOI
137551077,KOI
137551266,KOI
137551593,KOI
137551611,KOI
137552088,KOI
137552527,KOI
137552534,KOI
137552781,KOI
137555234,KOI
137555411,KOI
137555668,KOI
137555691,KOI
137555775,KOI
137555923,KOI
137555966,KOI
137556026,KOI
137556197,KOI
137556626,KOI
137557187,KOI
137557473,KOI
137557778,KOI
137557793,KOI
137557800,KOI
137557985,KOI
137558140,KOI
137558813,KOI
137559225,KOI
137559413,KOI
137604961,CTOI
137605485,CTOI
137626636,KOI
137626872,KOI
137627162,KOI
137627194,KOI
137628232,KOI
137631768,KOI
137632455,KOI
137633289,KOI
137633880,KOI
137633963,KOI
137633976,KOI
137634395,KOI
137634508,KOI
137634714,KOI
137634731,KOI
137635103,KOI
137635516,KOI
137635677,KOI
137635841,KOI
137636895,KOI
137636970,KOI
137637249,KOI
137637647,KOI
137637766,KOI
137638020,KOI
137683938,TOI
137684059,KOI
137684487,KOI
137684758,KOI
137685288,KOI
137685360,KOI
137685450,TOI
137686772,KOI
137686948,KOI
137687033,KOI
137687119,KOI
137687381,KOI
137687454,KOI
137687477,KOI
137687680,KOI
137688039,KOI
137688322,KOI
137688472,KOI
137688700,KOI
137688972,KOI
137689252,KOI
137754621,KOI
137754713,KOI
137754906,KOI
137755778,KOI
137756022,KOI
137756048,KOI
137756058,KOI
137756086,KOI
137756381,KOI
137756570,KOI
137757057,KOI
137757298,KOI
137757749,KOI
137757759,KOI
137757776,KOI
137757798,KOI
137757799,KOI
137757803,KOI
137757810,KOI
137758946,KOI
137759067,KOI
137759206,KOI
137760247,KOI
137760294,KOI
137762102,KOI
137765338,KOI
137769705,CTOI
137815555,KOI
137815717,KOI
137815780,KOI
137815793,KOI
137815803,KOI
137816475,KOI
137817056,KOI
137817355,KOI
137817482,KOI
137817515,KOI
137817550,KOI
137817564,KOI
137817773,KOI
137817782,KOI
137818107,KOI
137818256,KOI
137818265,KOI
137829675,KOI
137843225,TOI
137881699,TOI
137889083,CTOI
137890266,KOI
137890401,KOI
137890406,KOI
137890412,KOI
137891027,KOI
137891379,KOI
137891723,KOI
137892143,KOI
137892347,KOI
137892408,KOI
137892652,KOI
137892839,KOI
137892841,KOI
137892869,KOI
137892978,KOI
137892993,KOI
137893328,KOI
137893578,KOI
137893617,KOI
137896199,KOI
137896307,KOI
137896856,KOI
137896975,KOI
137897022,KOI
137897115,KOI
137897429,KOI
137897540,KOI
137897573,KOI
137897614,KOI
137897693,KOI
137899661,KOI
137899663,KOI
137899750,KOI
137899873,KOI
137899939,KOI
137899948,TOI
137900156,KOI
137900390,KOI
137900524,KOI
137901734,KOI
137902124,KOI
137902569,KOI
137902578,KOI
137903328,KOI
137903329,TOI
137906197,TOI
137966491,CTOI
137968594,KOI
137968849,KOI
137969066,KOI
137969354,KOI
137971026,KOI
137971140,KOI
137971367,KOI
137971371,KOI
137971741,KOI
137971835,KOI
137971843,KOI
137972019,KOI
137972456,KOI
137972889,KOI
137975367,KOI
137975458,KOI
137975721,KOI
137975867,KOI
137975907,KOI
137975914,KOI
137975931,KOI
137975964,KOI
137976037,KOI
137976040,KOI
137976387,KOI
137976527,KOI
137976927,KOI
137977008,KOI
137977068,KOI
137977090,KOI
137977187,KOI
137977958,KOI
137978378,KOI
137978590,KOI
138017750,TOI
138035770,KOI
138036515,KOI
138036531,KOI
138036952,KOI
138037022,KOI
138037052,KOI
138037070,KOI
138037141,KOI
138037172,KOI
138037268,KOI
138037456,KOI
138037462,KOI
138037563,KOI
138037920,KOI
138037923,KOI
138038118,KOI
138040756,KOI
138040834,KOI
138041385,KOI
138041926,KOI
138042035,KOI
138042106,KOI
138093347,KOI
138093387,KOI
138093451,KOI
138094030,KOI
138094275,KOI
138094276,KOI
138095900,KOI
138095964,KOI
138096064,KOI
138096696,KOI
138096962,KOI
138097076,KOI
138097098,KOI
138097360,KOI
138097399,KOI
138097531,KOI
138097619,KOI
138097705,KOI
138097784,KOI
138097803,KOI
138097834,KOI
138098077,KOI
138098297,KOI
138098384,KOI
138098500,KOI
138098637,KOI
138099036,KOI
138099073,KOI
138099104,KOI
138099174,KOI
138099276,KOI
138099572,KOI
138099703,KOI
138100143,KOI
138100223,KOI
138100436,KOI
138102626,KOI
138102870,KOI
138103274,KOI
138104212,KOI
138104657,KOI
138105005,KOI
138105127,KOI
138105197,KOI
138126035,TOI
138153234,KOI
138153649,KOI
138153893,KOI
138154549,KOI
138168780,TOI
138169785,CTOI
138176261,CTOI
138209345,KOI
138209350,KOI
138213199,KOI
138213510,KOI
138214173,KOI
138214174,KOI
138214374,KOI
138214645,KOI
138214989,KOI
138215454,KOI
138215470,KOI
138215803,KOI
138216186,KOI
138216763,KOI
138217265,KOI
138217338,KOI
138217479,KOI
138219208,KOI
138219214,KOI
138219367,KOI
138219428,KOI
138219758,KOI
138219791,KOI
138219858,KOI
138219880,KOI
138220041,KOI
138220624,KOI
138220675,KOI
138220785,KOI
138220889,KOI
138221780,KOI
138222081,KOI
138225319,TOI
138294130,TOI
138296341,KOI
138296775,KOI
138296836,KOI
138296859,KOI
138297090,KOI
138297129,KOI
138297190,KOI
138297607,KOI
138299395,KOI
138299556,KOI
138299567,KOI
138299638,KOI
138299986,KOI
138301217,KOI
138301914,KOI
138302074,KOI
138302078,KOI
138302170,KOI
138302179,KOI
138302190,KOI
138302245,KOI
138302462,KOI
138303298,KOI
138303317,KOI
138303340,KOI
138303343,KOI
138303364,KOI
138303412,KOI
138303415,KOI
138303426,KOI
138303440,KOI
138303447,KOI
138303452,KOI
138303472,KOI
138303476,KOI
138303496,KOI
138303510,KOI
138303514,KOI
138303533,KOI
138303540,KOI
138303545,KOI
138303937,KOI
138304246,KOI
138329479,TOI
138330843,CTOI
138332311,CTOI
138344895,TOI
138346833,CTOI
138351298,CTOI
138359318,TOI
138361973,TOI
138364751,KOI
138364831,TOI
138365297,KOI
138365520,KOI
138365585,KOI
138365847,KOI
138365965,KOI
138366224,KOI
138366459,KOI
138366498,KOI
138366503,KOI
138366668,KOI
138366792,KOI
138423341,KOI
138423693,KOI
138424223,KOI
138424593,KOI
138424731,KOI
138425189,KOI
138425797,KOI
138425988,KOI
138425994,KOI
138426260,KOI
138426266,KOI
138426278,KOI
138428320,KOI
138428341,KOI
138428389,KOI
138429611,KOI
138430034,KOI
138430373,KOI
138430374,KOI
138430438,KOI
138430864,KOI
138431008,KOI
138431036,KOI
138431522,KOI
138431696,KOI
138431904,KOI
138433618,KOI
138433975,KOI
138433983,KOI
138433998,KOI
138434747,KOI
138435873,KOI
138436315,KOI
138446376,CTOI
138475192,TOI
138477499,KOI
138477646,KOI
138477900,KOI
138479375,KOI
138479461,KOI
138479537,KOI
138480047,KOI
138480053,KOI
138480445,KOI
138480493,KOI
138481428,KOI
138481691,KOI
138481714,KOI
138497780,TOI
138568145,KOI
138568227,KOI
138568416,KOI
138568870,KOI
138568872,KOI
138568968,KOI
138569085,KOI
138569175,KOI
138569724,KOI
138569990,KOI
138570184,KOI
138570344,KOI
138570532,KOI
138570568,KOI
138570594,KOI
138570869,KOI
138571095,KOI
138571234,KOI
138571235,KOI
138571349,KOI
138571353,KOI
138572398,KOI
138572420,KOI
138572691,KOI
138572967,KOI
138573215,KOI
138573595,KOI
138573756,KOI
138573827,KOI
138574002,KOI
138574253,KOI
138574255,KOI
138575125,KOI
138575665,KOI
138575970,KOI
138576040,KOI
138588540,TOI
138609069,TOI
138636741,KOI
138636748,KOI
138637352,KOI
138638749,KOI
138639253,KOI
138641224,KOI
138641300,KOI
138641480,KOI
138641842,KOI
138641858,KOI
138641968,KOI
138642221,KOI
138642518,KOI
138642574,KOI
138642575,KOI
138642705,KOI
138643091,KOI
138643115,KOI
138643168,KOI
138643306,KOI
138643738,KOI
138643810,KOI
138644054,KOI
138644215,TOI
138644222,KOI
138644533,KOI
138645588,KOI
138645719,KOI
138645980,KOI
138646637,KOI
138647072,KOI
138648015,KOI
138648606,KOI
138664795,CTOI
138671052,TOI
138683028,CTOI
138707225,CTOI
138713796,KOI
138714000,KOI
138714093,KOI
138722947,KOI
138724905,KOI
138725680,KOI
138727432,TOI
138727700,KOI
138727834,KOI
138728042,KOI
138728726,KOI
138728891,KOI
138730381,KOI
138733600,CTOI
138762614,TOI
138772345,CTOI
138803146,KOI
138804230,KOI
138805116,KOI
138805207,KOI
138805722,KOI
138805992,KOI
138805999,KOI
138806430,KOI
138808189,KOI
138808368,KOI
138808477,KOI
138819293,TOI
138820713,TOI
138854818,CTOI
138888759,KOI
138888805,KOI
138888911,KOI
138889065,KOI
138889439,KOI
138889723,KOI
138890353,KOI
138890947,KOI
138891058,KOI
138891469,KOI
138891522,KOI
138892428,KOI
138892474,KOI
138893017,KOI
138893145,KOI
138941853,CTOI
138959504,KOI
138959510,KOI
138959525,KOI
138959675,KOI
138960099,KOI
138960125,KOI
138961999,KOI
138962678,KOI
138962766,KOI
138963086,KOI
138963148,KOI
138967802,KOI
138967823,KOI
138967832,KOI
138967841,KOI
138967906,KOI
138967918,KOI
138967951,KOI
138968025,KOI
138968089,TOI
138968107,KOI
138968338,KOI
138969005,KOI
138969239,KOI
138969285,KOI
138969475,KOI
138969591,KOI
138970037,KOI
138970201,KOI
138971033,KOI
138971394,KOI
138971405,KOI
138971493,KOI
138971503,KOI
138971518,KOI
138971570,KOI
138972690,KOI
138972811,KOI
138973315,KOI
138973825,TOI
139034365,KOI
139034380,KOI
139034625,KOI
139034698,KOI
139035260,KOI
139036031,KOI
139036121,KOI
139036554,KOI
139036617,KOI
139036757,KOI
139036887,KOI
139037047,KOI
139052254,CTOI
139086171,TOI
139103733,KOI
139103912,KOI
139104811,KOI
139104940,TOI
139105008,KOI
139105132,KOI
139105136,KOI
139105146,KOI
139105265,KOI
139105893,KOI
139105964,KOI
139106013,KOI
139106731,KOI
139107074,KOI
139107505,KOI
139108807,KOI
139108931,KOI
139109054,KOI
139109369,KOI
139109376,KOI
139109502,KOI
139109508,KOI
139109523,KOI
139118147,CTOI
139118482,TOI
139147770,CTOI
139148528,TOI
139153814,KOI
139153816,KOI
139153844,KOI
139153845,KOI
139153850,KOI
139153852,KOI
139153883,KOI
139153923,KOI
139153948,KOI
139154058,KOI
139154436,KOI
139154838,KOI
139154971,KOI
139155506,KOI
139155819,KOI
139156137,KOI
139156224,KOI
139156601,KOI
139158306,KOI
139158696,TOI
139198430,TOI
139251123,TOI
139270665,CTOI
139285736,TOI
139285832,TOI
139314045,TOI
139350191,TOI
139353927,CTOI
139357541,TOI
139375960,TOI
139403953,CTOI
139409215,CTOI
139423295,CTOI
139444326,TOI
139445453,TOI
139445621,TOI
139456051,CTOI
139468902,CTOI
139470998,CTOI
139474683,CTOI
139507260,TOI
139528693,TOI
139550876,TOI
139559780,TOI
139690362,CTOI
139707575,TOI
139726266,CTOI
139733308,TOI
139771134,TOI
139825840,CTOI
139853601,TOI
139877968,TOI
139879080,TOI
140019355,TOI
140067408,CTOI
140067837,TOI
140068425,TOI
140215502,CTOI
140278302,CTOI
140284353,TOI
140284423,CTOI
140287227,TOI
140298355,CTOI
140381887,CTOI
140444257,CTOI
140659980,CTOI
140687214,TOI
140691463,TOI
140706664,TOI
140706833,TOI
140736015,CTOI
140740440,TOI
140750416,CTOI
140760434,TOI
140777703,CTOI
140804830,CTOI
140830390,TOI
140864472,CTOI
140893722,TOI
140900726,CTOI
140935850,CTOI
140978827,CTOI
141074654,TOI
141129527,CTOI
141141249,TOI
141160020,CTOI
141186075,TOI
141202786,TOI
141205978,TOI
141227133,TOI
141268467,CTOI
141275395,TOI
141280342,CTOI
141307678,CTOI
141363913,TOI
141395223,TOI
141405814,TOI
141412823,TOI
141428309,CTOI
141458054,TOI
141482386,TOI
141488193,TOI
141522677,TOI
141524447,CTOI
141527579,TOI
141527965,TOI
141540100,CTOI
141574742,TOI
141582431,CTOI
141584976,CTOI
141608198,TOI
141616639,TOI
141622065,CTOI
141631253,TOI
141663460,TOI
141663464,TOI
141677268,TOI
141708335,CTOI
141762491,TOI
141768070,TOI
141770198,TOI
141770592,CTOI
141776043,TOI
141786309,CTOI
141809359,CTOI
141811446,CTOI
141860204,CTOI
141866704,CTOI
141933255,TOI
141943694,CTOI
141979734,CTOI
141985686,TOI
142019343,TOI
142087638,TOI
142088310,CTOI
142090065,TOI
142103253,CTOI
142105158,TOI
142117976,TOI
142171554,TOI
142211778,TOI
142276270,TOI
142277868,TOI
142278054,CTOI
142305141,CTOI
142305910,CTOI
142378043,TOI
142381532,TOI
142385671,TOI
142387023,TOI
142394656,TOI
142405475,TOI
142420436,TOI
142441071,CTOI
142443425,CTOI
142491574,CTOI
142530031,TOI
142532090,TOI
142534582,CTOI
142562395,TOI
142583775,CTOI
142589416,CTOI
142618165,TOI
142628514,TOI
142635225,TOI
142648205,CTOI
142673457,CTOI
142739544,TOI
142748283,TOI
142784687,TOI
142785421,TOI
142862446,CTOI
142868621,TOI
142908390,TOI
142916753,TOI
142918609,TOI
142933407,CTOI
142935906,CTOI
142937186,TOI
142938659,TOI
142984508,CTOI
143008050,TOI
143009290,TOI
143022742,TOI
143032776,TOI
143059017,TOI
143072696,TOI
143114211,CTOI
143143769,TOI
143257766,TOI
143257768,TOI
143271144,TOI
143282930,TOI
143350972,TOI
143410850,TOI
143526233,TOI
143526444,TOI
143642240,TOI
143687316,TOI
143724857,TOI
143842198,TOI
143858329,CTOI
143862255,CTOI
143907118,CTOI
143924219,CTOI
143934343,TOI
143994283,TOI
143994382,TOI
143996634,CTOI
144000467,CTOI
144000801,TOI
144006874,TOI
144011696,CTOI
144037593,TOI
144043410,TOI
144065872,TOI
144077896,TOI
144100224,CTOI
144124187,TOI
144125079,TOI
144138509,TOI
144155193,TOI
144164538,CTOI
144168803,CTOI
144193715,TOI
144276942,TOI
144284873,CTOI
144297844,TOI
144301052,TOI
144301273,TOI
144310492,TOI
144314863,CTOI
144317256,CTOI
144321743,TOI
144327080,TOI
144336525,TOI
144401492,TOI
144426921,CTOI
144440290,TOI
144441148,TOI
144462697,CTOI
144467913,TOI
144486060,TOI
144628120,TOI
144645881,TOI
144682439,TOI
144700903,TOI
144766817,CTOI
144956678,TOI
144970275,TOI
144995073,CTOI
145006304,CTOI
145023816,TOI
145027461,TOI
145038729,TOI
145163386,TOI
145204443,TOI
145249556,TOI
145601161,CTOI
145750719,TOI
145804834,TOI
145879095,TOI
145904365,TOI
145910571,TOI
145913596,CTOI
145982812,TOI
146129309,CTOI
146165619,TOI
146172354,TOI
146208651,TOI
146244533,TOI
146259128,CTOI
146261607,TOI
146282666,TOI
146320244,CTOI
146333231,CTOI
146406806,TOI
146413471,TOI
146434840,TOI
146436542,CTOI
146438872,TOI
146463781,TOI
146467673,TOI
146467675,TOI
146520535,TOI
146523262,TOI
146589986,TOI
146627106,CTOI
146652799,CTOI
146664561,TOI
146776480,TOI
146836153,TOI
146841337,TOI
146842334,TOI
146846569,TOI
146909991,CTOI
146937007,CTOI
147027702,CTOI
147034452,TOI
147035057,CTOI
147069011,CTOI
147092818,TOI
147115277,CTOI
147125706,TOI
147193084,TOI
147203645,TOI
147252079,CTOI
147284470,TOI
147302550,TOI
147335089,CTOI
147340931,TOI
147425389,TOI
147426828,CTOI
147430118,TOI
147437399,TOI
147456499,TOI
147561732,TOI
147566325,CTOI
147576037,TOI
147660201,TOI
147660886,TOI
147714150,CTOI
147723246,TOI
147761049,TOI
147797743,TOI
147804034,TOI
147821208,TOI
147852475,CTOI
147855066,CTOI
147857396,TOI
147890054,CTOI
147890655,TOI
147892178,TOI
147895461,TOI
147898114,CTOI
147923561,TOI
147950620,TOI
147951030,TOI
147951484,CTOI
147953276,CTOI
147977348,TOI
147994863,TOI
148004811,TOI
148043270,CTOI
148129139,TOI
148158540,CTOI
148228019,TOI
148233571,TOI
148478039,TOI
148479278,TOI
148497855,TOI
148514918,TOI
148523092,TOI
148622782,CTOI
148624719,CTOI
148659924,TOI
148667071,TOI
148673433,TOI
148679712,TOI
148691985,TOI
148772620,TOI
148782377,TOI
148833828,TOI
148835042,CTOI
148883384,TOI
148914245,CTOI
148914726,TOI
148960849,TOI
148967511,CTOI
148969860,CTOI
149010208,TOI
149022647,TOI
149109125,TOI
149126400,TOI
149179763,TOI
149282072,TOI
149301575,TOI
149302744,TOI
149349867,TOI
149389419,TOI
149391403,CTOI
149394317,TOI
149450435,TOI
149496868,TOI
149508001,CTOI
149539158,TOI
149572298,TOI
149577217,TOI
149585119,TOI
149601126,TOI
149601557,TOI
149603524,TOI
149673484,CTOI
149745822,TOI
149788158,TOI
149833117,TOI
149845414,TOI
149855074,TOI
149917086,TOI
149918151,TOI
149928173,CTOI
149928933,CTOI
149965576,CTOI
149969625,TOI
149989864,TOI
149990098,CTOI
149990841,TOI
149995163,TOI
150006846,TOI
150030205,TOI
150063444,TOI
150070085,CTOI
150074121,TOI
150096001,TOI
150098860,TOI
150101472,CTOI
150105822,CTOI
150151262,TOI
150165026,CTOI
150167117,TOI
150247134,TOI
150271680,TOI
150277490,CTOI
150299840,TOI
150320610,TOI
150384999,CTOI
150388393,TOI
150424946,TOI
150428135,TOI
150428703,TOI
150429807,CTOI
150430484,TOI
150431920,CTOI
150437346,TOI
150442264,CTOI
150470555,TOI
150476057,TOI
150531994,TOI
150559728,TOI
150761163,TOI
150901009,TOI
150902766,TOI
150907983,TOI
150951108,CTOI
150986109,CTOI
151241521,CTOI
151284882,TOI
151483286,TOI
151628217,CTOI
151681127,TOI
151724385,TOI
151728428,TOI
151759246,TOI
151760597,TOI
151825527,TOI
151920165,TOI
151930063,TOI
151940400,CTOI
151959065,TOI
152005053,TOI
152070435,CTOI
152147232,TOI
152223725,CTOI
152226055,CTOI
152245179,TOI
152283270,CTOI
152326573,TOI
152359413,CTOI
152406952,CTOI
152467154,TOI
152476657,TOI
152477897,TOI
152508218,CTOI
152563846,TOI
152569268,TOI
152685831,TOI
152714791,TOI
152799053,CTOI
152800085,TOI
152852327,TOI
153027658,TOI
153065527,TOI
153067709,CTOI
153077619,CTOI
153077621,TOI
153078576,TOI
153095829,CTOI
153123407,CTOI
153197346,TOI
153412485,TOI
153651591,TOI
153723304,TOI
153725446,TOI
153734545,CTOI
153735144,CTOI
153838604,CTOI
153896150,TOI
153919886,CTOI
153936502,CTOI
153937417,TOI
153949511,TOI
153951307,TOI
153971295,TOI
153976959,TOI
153978165,TOI
153990815,CTOI
154014059,TOI
154067753,TOI
154089169,TOI
154105890,TOI
154126149,TOI
154181821,TOI
154220877,TOI
154257696,CTOI
154258295,TOI
154264903,TOI
154293917,TOI
154304816,TOI
154351773,TOI
154353598,CTOI
154353849,TOI
154383539,TOI
154400369,TOI
154437244,TOI
154459165,TOI
154474036,TOI
154480367,TOI
154511099,CTOI
154562343,CTOI
154563411,TOI
154568734,TOI
154573032,CTOI
154576989,TOI
154616309,TOI
154618248,TOI
154664949,CTOI
154666392,CTOI
154671430,CTOI
154716798,TOI
154741689,TOI
154762431,TOI
154766316,CTOI
154809195,CTOI
154814765,TOI
154840461,TOI
154867950,TOI
154869806,TOI
154872375,TOI
154873779,CTOI
154923406,TOI
154926644,TOI
154927098,CTOI
154927164,CTOI
154927364,TOI
154940895,TOI
155001079,TOI
155005217,TOI
155008080,CTOI
155012162,TOI
155044736,TOI
155093420,TOI
155114483,TOI
155258153,TOI
155351556,TOI
155369758,TOI
155419920,TOI
155477509,CTOI
155491828,TOI
155637159,CTOI
155637265,CTOI
155654793,CTOI
155807906,TOI
155867025,TOI
155873992,TOI
155877220,CTOI
155898758,TOI
155916287,CTOI
155916612,CTOI
155947004,TOI
155947147,CTOI
155949264,TOI
155986102,TOI
155993822,TOI
155995204,TOI
156002449,TOI
156007004,TOI
156016136,TOI
156075294,TOI
156081668,CTOI
156096834,CTOI
156115721,TOI
156138731,CTOI
156172268,TOI
156199502,TOI
156215204,TOI
156241259,CTOI
156255925,CTOI
156377968,TOI
156457567,CTOI
156512187,TOI
156514476,TOI
156648452,TOI
156716001,CTOI
156724719,TOI
156816238,TOI
156887426,TOI
156947629,CTOI
156949982,TOI
156987351,TOI
156990000,TOI
156991337,TOI
156999527,TOI
157011920,TOI
157050713,TOI
157081737,TOI
157088184,TOI
157115010,TOI
157119927,CTOI
157127081,TOI
157129170,CTOI
157213708,TOI
157218656,TOI
157225097,TOI
157230659,TOI
157236902,TOI
157266693,TOI
157330058,CTOI
157528286,TOI
157568289,TOI
157572174,TOI
157586003,TOI
157655504,TOI
157667414,TOI
157698565,TOI
157757871,CTOI
157759665,CTOI
157768969,TOI
157769780,TOI
157778337,CTOI
157808355,TOI
157878913,CTOI
157892860,CTOI
157999789,CTOI
158002130,TOI
158022899,TOI
158025009,TOI
158075010,TOI
158108219,KOI
158111653,KOI
158112888,KOI
158113449,KOI
158113563,KOI
158113565,KOI
158113583,KOI
158113609,KOI
158113760,KOI
158114000,KOI
158114017,KOI
158114249,KOI
158114283,KOI
158114918,KOI
158114992,KOI
158166664,KOI
158167159,KOI
158167402,KOI
158167408,TOI
158167422,KOI
158168670,KOI
158168786,KOI
158169713,KOI
158169956,KOI
158169985,KOI
158170168,KOI
158170594,TOI
158171456,KOI
158171755,KOI
158171827,KOI
158171839,KOI
158172348,KOI
158172454,KOI
158172624,KOI
158172667,KOI
158172682,KOI
158172722,KOI
158172860,KOI
158172868,KOI
158173222,KOI
158173286,KOI
158175366,KOI
158209498,CTOI
158210931,KOI
158211095,KOI
158211121,KOI
158212755,KOI
158213306,KOI
158213354,KOI
158213445,KOI
158213532,KOI
158213572,KOI
158213669,KOI
158213677,KOI
158213683,KOI
158213690,KOI
158213874,KOI
158213950,KOI
158214997,KOI
158215001,KOI
158215002,KOI
158215023,KOI
158215322,KOI
158215347,KOI
158215406,KOI
158215933,KOI
158216028,KOI
158216207,KOI
158216284,KOI
158216313,KOI
158216544,KOI
158216580,KOI
158216590,KOI
158216898,KOI
158216900,KOI
158217298,KOI
158217319,KOI
158217435,KOI
158217620,KOI
158218178,KOI
158218214,KOI
158218591,KOI
158218731,KOI
158218734,KOI
158218995,KOI
158219323,KOI
158219569,KOI
158220610,KOI
158220993,KOI
158221180,KOI
158241252,TOI
158268972,KOI
158269049,KOI
158269229,KOI
158270511,KOI
158270568,KOI
158270841,KOI
158270989,KOI
158272257,KOI
158272439,KOI
158272742,KOI
158272820,KOI
158272852,KOI
158272905,KOI
158274148,KOI
158274583,KOI
158274701,KOI
158274756,KOI
158274926,KOI
158275161,KOI
158275351,KOI
158275449,KOI
158275492,KOI
158275513,KOI
158276040,TOI
158276273,KOI
158277668,KOI
158278132,KOI
158278417,KOI
158278509,KOI
158278645,KOI
158297421,TOI
158316612,KOI
158316820,KOI
158316873,KOI
158317157,KOI
158317274,KOI
158317637,KOI
158317824,KOI
158318596,KOI
158318687,KOI
158318690,KOI
158319527,KOI
158319552,KOI
158319556,KOI
158319652,KOI
158319927,KOI
158320130,KOI
158320215,KOI
158320256,KOI
158321440,KOI
158321546,KOI
158321843,KOI
158322014,KOI
158322061,KOI
158322085,KOI
158322296,KOI
158322382,KOI
158322622,KOI
158323182,TOI
158324044,KOI
158324245,TOI
158324303,KOI
158324326,KOI
158324531,KOI
158324905,KOI
158325942,TOI
158325998,KOI
158326235,KOI
158326249,KOI
158326424,KOI
158326679,KOI
158326744,KOI
158326749,KOI
158381418,TOI
158384807,KOI
158384933,KOI
158385024,KOI
158385035,KOI
158386428,KOI
158386629,KOI
158386666,KOI
158386680,KOI
158386765,KOI
158386775,KOI
158387021,KOI
158387308,KOI
158387462,KOI
158387601,KOI
158387638,KOI
158387808,KOI
158387820,KOI
158388163,TOI
158388283,KOI
158388625,KOI
158388692,KOI
158388745,KOI
158389201,KOI
158389603,KOI
158389688,KOI
158389981,KOI
158391593,KOI
158391632,KOI
158391855,KOI
158391879,KOI
158391906,KOI
158392088,KOI
158393134,KOI
158393140,KOI
158393279,KOI
158393710,KOI
158393744,KOI
158393923,KOI
158393971,KOI
158394030,KOI
158394235,KOI
158394286,KOI
158394448,KOI
158394479,KOI
158394556,KOI
158394771,KOI
158394902,KOI
158395040,KOI
158395114,KOI
158412743,KOI
158412890,KOI
158415898,KOI
158416187,KOI
158416263,KOI
158416566,KOI
158416634,KOI
158416680,KOI
158419109,KOI
158419186,KOI
158419235,KOI
158419284,KOI
158419355,KOI
158420787,KOI
158422333,KOI
158422626,KOI
158422963,KOI
158423582,KOI
158423850,KOI
158426103,KOI
158426969,KOI
158427089,KOI
158427564,KOI
158427808,KOI
158428345,KOI
158428960,KOI
158431625,KOI
158431839,KOI
158432813,KOI
158432929,KOI
158433469,KOI
158433884,KOI
158434144,KOI
158436232,CTOI
158445734,CTOI
158484449,KOI
158484518,KOI
158484583,KOI
158484619,KOI
158486560,KOI
158486678,KOI
158486842,KOI
158486882,KOI
158486999,KOI
158487005,KOI
158487028,KOI
158487104,KOI
158487108,KOI
158487647,KOI
158487658,KOI
158487888,KOI
158487890,KOI
158488159,KOI
158488286,KOI
158488373,KOI
158488477,KOI
158488619,KOI
158488635,KOI
158489091,KOI
158489095,KOI
158489110,KOI
158489694,KOI
158489787,KOI
158489841,KOI
158489897,KOI
158490073,KOI
158490401,KOI
158490407,KOI
158490583,KOI
158490765,KOI
158490928,KOI
158491162,KOI
158491288,KOI
158491350,KOI
158491422,KOI
158492133,KOI
158492202,KOI
158492298,KOI
158494311,KOI
158494321,KOI
158494327,KOI
158494681,KOI
158494719,KOI
158497525,TOI
158551257,TOI
158551294,KOI
158551360,KOI
158551504,KOI
158551888,KOI
158552258,KOI
158552426,KOI
158552665,TOI
158552902,KOI
158553540,KOI
158553702,KOI
158554145,KOI
158554432,KOI
158554559,KOI
158554588,KOI
158554982,KOI
158555107,KOI
158555414,KOI
158555483,CTOI
158555957,KOI
158555987,TOI
158555998,KOI
158556108,KOI
158556212,KOI
158556557,KOI
158556767,KOI
158557213,KOI
158559007,KOI
158559018,KOI
158559025,KOI
158559104,KOI
158559138,KOI
158559197,KOI
158559417,KOI
158559861,KOI
158559883,KOI
158560188,KOI
158560319,KOI
158560351,KOI
158560942,KOI
158561428,KOI
158561566,TOI
158561812,KOI
158561894,KOI
158561958,KOI
158588995,TOI
158617175,TOI
158623531,TOI
158624266,KOI
158625100,KOI
158625549,KOI
158625550,KOI
158625687,KOI
158625761,KOI
158625850,KOI
158625858,KOI
158625876,KOI
158625886,KOI
158625916,KOI
158625929,KOI
158625935,KOI
158625943,KOI
158625964,KOI
158625967,KOI
158626820,KOI
158626827,KOI
158626833,KOI
158627090,KOI
158627211,KOI
158628734,KOI
158629002,KOI
158629044,KOI
158629066,KOI
158629199,KOI
158629205,KOI
158629357,KOI
158630209,KOI
158630233,KOI
158630552,KOI
158630585,KOI
158631060,KOI
158631289,KOI
158631520,KOI
158631683,KOI
158631727,KOI
158631728,KOI
158632074,KOI
158632174,KOI
158632323,KOI
158632406,KOI
158632564,KOI
158632974,KOI
158633329,KOI
158633475,KOI
158633799,KOI
158633864,KOI
158634281,KOI
158634566,KOI
158634749,KOI
158635191,KOI
158635288,KOI
158635294,KOI
158635300,KOI
158635514,KOI
158635705,KOI
158635832,KOI
158635959,KOI
158656337,CTOI
158656833,CTOI
158657354,TOI
158657436,KOI
158657991,TOI
158659328,KOI
158659779,KOI
158659943,KOI
158660257,KOI
158660363,KOI
158660461,KOI
158660478,KOI
158660605,KOI
158660607,KOI
158660630,KOI
158660631,KOI
158660639,KOI
158660658,KOI
158660667,KOI
158660669,KOI
158660701,KOI
158660814,KOI
158661247,KOI
158661445,KOI
158662352,KOI
158662701,KOI
158662813,KOI
158663092,KOI
158663173,KOI
158663323,KOI
158663760,KOI
158664101,KOI
158664221,KOI
158664286,KOI
158664318,KOI
158664331,KOI
158664692,KOI
158664815,KOI
158664940,KOI
158664977,KOI
158665307,KOI
158665380,KOI
158665571,KOI
158668572,KOI
158697949,TOI
158720268,KOI
158720466,KOI
158720896,KOI
158721874,KOI
158721887,KOI
158722002,KOI
158722119,KOI
158722379,KOI
158722428,KOI
158722658,KOI
158722718,KOI
158722745,KOI
158723558,KOI
158723669,KOI
158723781,KOI
158723910,KOI
158724388,KOI
158725179,KOI
158725381,KOI
158725491,KOI
158725720,KOI
158725763,KOI
158725856,KOI
158726127,KOI
158726129,KOI
158726422,KOI
158727691,KOI
158728715,KOI
158728787,KOI
158728853,KOI
158728860,KOI
158728937,KOI
158728951,KOI
158729099,KOI
158729285,KOI
158729481,KOI
158730203,KOI
158730471,KOI
158730884,KOI
158730890,KOI
158731082,KOI
158731108,KOI
158731243,KOI
158731694,KOI
158731868,KOI
158737091,CTOI
158785055,KOI
158785184,KOI
158785433,KOI
158785523,KOI
158786099,KOI
158786520,CTOI
158786524,KOI
158786851,KOI
158787010,KOI
158787028,KOI
158787129,KOI
158787273,KOI
158787519,KOI
158789121,KOI
158789380,KOI
158790972,KOI
158791684,KOI
158791692,KOI
158791774,KOI
158792051,KOI
158792237,KOI
158792327,KOI
158792583,KOI
158792593,KOI
158792743,KOI
158793295,KOI
158793333,KOI
158793503,KOI
158793580,KOI
158793735,KOI
158794294,KOI
158794321,KOI
158794394,KOI
158794432,KOI
158794459,KOI
158794691,KOI
158795062,KOI
158795072,KOI
158795331,KOI
158796399,KOI
158796434,KOI
158834933,KOI
158835095,CTOI
158836624,KOI
158837069,KOI
158837572,KOI
158837820,KOI
158838045,KOI
158838278,KOI
158838285,KOI
158838665,KOI
158838848,KOI
158838921,KOI
158838923,KOI
158839043,KOI
158839219,KOI
158839521,KOI
158839841,KOI
158840095,KOI
158840287,KOI
158840777,KOI
158840779,KOI
158840818,KOI
158840828,KOI
158841818,KOI
158842040,KOI
158842046,KOI
158842515,KOI
158843421,KOI
158843660,KOI
158843661,KOI
158843824,KOI
158843826,KOI
158844032,KOI
158844115,KOI
158844124,KOI
158844135,KOI
158844139,KOI
158844163,KOI
158844165,KOI
158844179,KOI
158844191,KOI
158844195,KOI
158844197,KOI
158844211,KOI
158844267,KOI
158844397,KOI
158845573,TOI
158916431,TOI
158916459,KOI
158916471,KOI
158920088,KOI
158922269,KOI
158922455,CTOI
158922501,KOI
158922506,KOI
158922738,KOI
158923465,KOI
158925786,KOI
158926323,KOI
158927190,KOI
158927201,KOI
158927791,KOI
158927956,KOI
158928196,KOI
158928379,KOI
158928450,KOI
158931258,KOI
158933249,TOI
158933648,KOI
158933840,KOI
158934047,KOI
158935172,KOI
158935241,KOI
158935283,KOI
158935659,KOI
158936201,KOI
158936211,KOI
158936406,KOI
158958668,CTOI
158978373,TOI
158983181,KOI
158983308,KOI
158983401,KOI
158983792,KOI
158983877,KOI
158984285,CTOI
158984540,KOI
158984573,KOI
158984590,KOI
158984684,KOI
158984916,KOI
158984930,KOI
158985675,KOI
158985749,KOI
158986028,KOI
158986227,KOI
158986490,KOI
158986627,KOI
158986647,KOI
158986941,KOI
158987296,KOI
158988347,KOI
158988511,KOI
158988600,KOI
158989034,KOI
158989386,KOI
158989438,KOI
158989524,KOI
158989909,KOI
158989996,KOI
158990135,KOI
158992369,KOI
158992508,KOI
158992560,KOI
158992567,KOI
159043952,KOI
159043996,KOI
159044010,KOI
159044231,KOI
159044400,KOI
159046962,KOI
159047480,KOI
159047486,KOI
159047672,KOI
159047881,KOI
159047962,KOI
159048198,KOI
159048607,KOI
159049890,KOI
159050004,KOI
159050008,KOI
159050041,KOI
159050222,KOI
159050690,KOI
159050852,KOI
159051188,KOI
159051209,KOI
159051622,KOI
159052053,KOI
159052833,KOI
159052874,KOI
159052932,KOI
159053798,KOI
159054620,TOI
159059181,CTOI
159096688,KOI
159097095,KOI
159097445,KOI
159097856,KOI
159098034,KOI
159098316,TOI
159098605,KOI
159098652,KOI
159098724,KOI
159098985,KOI
159099116,KOI
159099716,KOI
159101473,KOI
159102744,KOI
159102838,KOI
159102907,KOI
159104028,TOI
159105397,KOI
159105490,KOI
159105557,KOI
159105604,KOI
159105623,KOI
159105771,KOI
159105976,KOI
159106207,KOI
159106319,KOI
159106766,KOI
159106920,KOI
159107209,KOI
159107668,TOI
159108107,KOI
159108202,KOI
159108406,KOI
159108466,KOI
159117779,TOI
159159904,CTOI
159160230,TOI
159169689,KOI
159169803,KOI
159169806,KOI
159169831,KOI
159170863,KOI
159171617,KOI
159171904,KOI
159172024,KOI
159172027,KOI
159172516,KOI
159172544,KOI
159172549,KOI
159172557,KOI
159174236,KOI
159174874,KOI
159174878,KOI
159174926,KOI
159174942,KOI
159175018,KOI
159175206,KOI
159175248,KOI
159175378,KOI
159175477,KOI
159176642,KOI
159176866,KOI
159177065,KOI
159177229,KOI
159177232,KOI
159177369,KOI
159177445,KOI
159178000,KOI
159178437,KOI
159178664,KOI
159178721,KOI
159179539,KOI
159179632,KOI
159179916,KOI
159179919,KOI
159179987,KOI
159180076,KOI
159180123,KOI
159180435,KOI
159180492,KOI
159185219,CTOI
159216714,KOI
159216790,KOI
159216808,KOI
159217004,KOI
159217252,KOI
159217259,KOI
159217322,KOI
159217349,KOI
159217391,KOI
159217436,KOI
159219591,KOI
159219660,KOI
159219848,KOI
159220032,KOI
159220329,KOI
159220336,KOI
159220348,KOI
159220652,KOI
159221403,KOI
159221689,KOI
159224776,KOI
159225155,KOI
159225367,KOI
159225725,KOI
159225841,KOI
159225919,KOI
159226052,KOI
159226202,KOI
159244568,TOI
159262969,TOI
159300712,KOI
159300861,KOI
159300992,KOI
159301148,KOI
159301242,KOI
159301755,KOI
159301821,KOI
159302758,KOI
159303125,KOI
159303167,KOI
159303389,KOI
159303598,KOI
159303995,TOI
159304134,KOI
159304258,KOI
159304261,KOI
159304532,KOI
159304741,KOI
159305028,KOI
159305424,KOI
159306035,KOI
159306154,KOI
159306525,KOI
159306933,KOI
159307214,KOI
159307445,KOI
159309341,KOI
159309388,KOI
159309398,KOI
159311390,KOI
159332859,TOI
159334269,TOI
159343218,CTOI
159348113,CTOI
159348593,CTOI
159375845,KOI
159376971,KOI
159377404,KOI
159377945,KOI
159379942,KOI
159381747,KOI
159381901,KOI
159382189,KOI
159382357,KOI
159382583,KOI
159383180,KOI
159384648,KOI
159385185,KOI
159385594,KOI
159386208,KOI
159386728,KOI
159387115,KOI
159387330,KOI
159387339,KOI
159388632,KOI
159388836,KOI
159388851,KOI
159388907,KOI
159389232,KOI
159389344,KOI
159389556,KOI
159389623,KOI
159389625,KOI
159389866,KOI
159391540,KOI
159391730,KOI
159391871,KOI
159393412,KOI
159393414,KOI
159393734,KOI
159395366,KOI
159395530,KOI
159396818,KOI
159397031,KOI
159400561,TOI
159418353,TOI
159438097,TOI
159438790,CTOI
159439931,KOI
159440252,KOI
159440266,KOI
159440299,KOI
159440581,KOI
159440638,KOI
159440697,KOI
159440960,KOI
159441326,KOI
159441328,KOI
159441621,KOI
159441951,KOI
159442087,KOI
159442346,KOI
159442367,KOI
159442378,KOI
159442403,KOI
159443312,KOI
159443340,KOI
159444044,KOI
159444082,KOI
159444215,KOI
159446957,KOI
159447294,KOI
159449041,KOI
159449495,KOI
159449696,KOI
159449703,KOI
159450182,KOI
159450209,KOI
159450612,KOI
159450616,KOI
159451481,KOI
159451911,KOI
159451957,KOI
159451983,KOI
159452015,KOI
159452057,KOI
159490807,CTOI
159510109,TOI
159512144,KOI
159512841,KOI
159512926,KOI
159515984,KOI
159516370,KOI
159516449,KOI
159516505,KOI
159516814,KOI
159516818,KOI
159516998,KOI
159519474,KOI
159519546,KOI
159519901,KOI
159520001,KOI
159520040,KOI
159520132,KOI
159520432,KOI
159520945,KOI
159521326,KOI
159521380,KOI
159521852,KOI
159521961,KOI
159522005,KOI
159522175,KOI
159522206,KOI
159522615,KOI
159522671,KOI
159522672,KOI
159523411,KOI
159523503,KOI
159523531,KOI
159571280,KOI
159573063,KOI
159573297,KOI
159573299,KOI
159573412,KOI
159573431,KOI
159573658,KOI
159573888,KOI
159574253,KOI
159574516,KOI
159574927,KOI
159574958,KOI
159575346,KOI
159575488,KOI
159575543,KOI
159575576,KOI
159575597,KOI
159575605,KOI
159575615,KOI
159575648,KOI
159575664,KOI
159575668,KOI
159575695,KOI
159575722,KOI
159575729,KOI
159576968,KOI
159577379,KOI
159577686,KOI
159578156,KOI
159578257,KOI
159578585,KOI
159578757,KOI
159579593,KOI
159579800,KOI
159580080,KOI
159580427,KOI
159580535,KOI
159580625,KOI
159580705,KOI
159581306,KOI
159581434,KOI
159581619,KOI
159581696,KOI
159581842,KOI
159614322,CTOI
159642082,KOI
159642189,KOI
159642269,KOI
159642390,KOI
159643077,KOI
159643562,KOI
159643660,KOI
159643966,KOI
159643991,KOI
159644157,KOI
159644282,KOI
159644390,KOI
159646054,KOI
159646201,KOI
159646433,KOI
159646633,KOI
159646932,KOI
159647213,KOI
159647219,KOI
159647349,KOI
159647359,KOI
159647587,KOI
159647910,KOI
159647919,KOI
159648579,KOI
159648754,KOI
159649308,KOI
159649503,KOI
159649595,KOI
159649612,KOI
159650362,KOI
159650492,KOI
159650673,KOI
159650679,KOI
159651032,KOI
159652276,KOI
159652316,KOI
159652357,KOI
159652365,KOI
159652383,KOI
159652390,KOI
159652391,KOI
159652396,KOI
159652470,KOI
159652473,KOI
159652504,KOI
159652527,KOI
159652538,KOI
159652607,KOI
159652645,KOI
159652665,KOI
159652738,KOI
159653696,KOI
159653738,KOI
159653911,KOI
159654016,KOI
159715997,KOI
159716174,KOI
159716346,KOI
159716719,KOI
159716770,KOI
159716878,KOI
159716970,KOI
159716976,KOI
159717003,KOI
159717069,KOI
159717071,KOI
159717076,KOI
159717081,KOI
159717109,KOI
159717152,KOI
159717154,KOI
159717158,KOI
159717214,KOI
159717310,KOI
159717340,KOI
159717412,KOI
159717420,KOI
159717535,KOI
159718760,KOI
159718811,KOI
159718812,KOI
159719243,KOI
159719275,KOI
159719963,KOI
159720462,KOI
159720778,KOI
159720797,KOI
159720814,KOI
159720880,KOI
159720941,KOI
159720951,KOI
159720975,KOI
159721015,KOI
159721091,KOI
159722311,KOI
159722822,KOI
159722927,KOI
159723009,KOI
159723041,KOI
159723119,KOI
159723305,KOI
159723652,KOI
159723695,KOI
159725255,KOI
159725324,KOI
159725400,KOI
159725648,KOI
159725799,KOI
159725993,KOI
159725995,TOI
159726150,KOI
159726546,KOI
159726559,KOI
159726864,KOI
159727092,KOI
159727191,KOI
159727611,KOI
159727617,KOI
159728077,KOI
159728106,KOI
159728250,KOI
159730525,CTOI
159742538,TOI
159759306,KOI
159761539,KOI
159761678,CTOI
159761807,KOI
159761992,KOI
159762011,KOI
159763320,KOI
159763595,KOI
159763598,KOI
159763602,KOI
159763612,KOI
159763687,KOI
159763763,KOI
159763790,KOI
159764924,KOI
159765048,KOI
159766920,KOI
159766942,KOI
159766946,KOI
159766973,KOI
159767170,KOI
159767194,KOI
159767258,KOI
159767359,KOI
159767396,KOI
159767466,KOI
159767566,KOI
159767666,KOI
159767667,KOI
159767766,KOI
159768168,KOI
159768233,KOI
159768325,KOI
159768333,KOI
159768779,KOI
159781361,TOI
159815224,TOI
159851831,TOI
159873822,TOI
159893748,TOI
159951311,TOI
159989004,TOI
160003961,TOI
160004025,TOI
160036449,CTOI
160037058,TOI
160039081,TOI
160041500,CTOI
160045097,TOI
160074939,TOI
160075684,TOI
160077104,TOI
160083301,CTOI
160097921,CTOI
160103855,TOI
160148385,TOI
160162137,TOI
160162987,TOI
160165689,TOI
160180298,TOI
160184301,CTOI
160222069,TOI
160223936,TOI
160255140,TOI
160268701,TOI
160268798,CTOI
160298130,CTOI
160321990,CTOI
160328683,TOI
160347548,TOI
160374965,CTOI
160390955,TOI
160428500,TOI
160432093,TOI
160440924,TOI
160442729,TOI
160476088,TOI
160487753,TOI
160491359,TOI
160512852,TOI
160521907,TOI
160522555,TOI
160578764,TOI
160583126,CTOI
160585062,TOI
160618074,TOI
160652910,TOI
160708862,TOI
160804180,CTOI
160930264,TOI
161003569,TOI
161032923,TOI
161046860,CTOI
161132119,CTOI
161156159,TOI
161169240,TOI
161223358,TOI
161247580,TOI
161299119,TOI
161450762,TOI
161477033,TOI
161478895,CTOI
161479081,TOI
161568891,TOI
161569903,CTOI
161577376,CTOI
161617319,CTOI
161687209,TOI
161687211,TOI
161687285,TOI
161738745,TOI
161924841,CTOI
162031311,CTOI
162033431,CTOI
162130054,TOI
162179096,TOI
162246865,TOI
162289289,TOI
162305348,CTOI
162362398,TOI
162387333,TOI
162577466,TOI
162577468,TOI
162620529,TOI
162631539,TOI
162689341,TOI
162694128,CTOI
162695785,TOI
162729620,TOI
162802770,TOI
162922904,TOI
163029327,CTOI
163030461,TOI
163078563,CTOI
163164300,TOI
163260812,TOI
163262555,TOI
163360650,CTOI
163539739,TOI
163769810,CTOI
163962539,CTOI
164150537,TOI
164150539,TOI
164173105,TOI
164249928,TOI
164260243,TOI
164280385,TOI
164365027,CTOI
164407908,KOI
164407978,KOI
164408652,KOI
164409582,KOI
164409950,KOI
164410231,KOI
164410523,KOI
164410546,KOI
164410736,KOI
164410919,KOI
164411312,KOI
164411314,KOI
164411478,KOI
164411666,KOI
164412904,KOI
164412999,KOI
164413080,KOI
164413083,KOI
164413187,KOI
164413654,KOI
164413836,KOI
164414084,KOI
164414655,KOI
164415883,KOI
164416500,KOI
164455576,KOI
164455770,KOI
164455780,KOI
164455788,KOI
164455792,KOI
164456037,KOI
164456041,KOI
164456217,KOI
164456518,KOI
164456647,KOI
164456710,KOI
164456891,KOI
164457229,KOI
164457469,KOI
164457525,KOI
164458426,KOI
164458471,KOI
164458488,KOI
164458639,KOI
164458714,TOI
164459883,KOI
164459947,KOI
164459948,KOI
164459949,KOI
164460208,KOI
164460347,KOI
164460425,KOI
164460538,KOI
164460740,KOI
164460875,KOI
164461124,KOI
164461155,KOI
164461924,KOI
164461963,KOI
164463173,KOI
164464070,KOI
164464085,KOI
164522202,KOI
164522394,KOI
164522561,KOI
164522634,KOI
164522726,KOI
164523895,KOI
164524311,KOI
164524347,KOI
164525250,KOI
164525284,KOI
164525743,KOI
164525875,KOI
164525952,KOI
164526017,KOI
164527012,KOI
164527141,KOI
164527535,KOI
164527695,KOI
164527723,KOI
164527774,KOI
164529024,KOI
164529393,KOI
164531169,KOI
164552564,KOI
164552968,KOI
164552984,KOI
164554297,KOI
164554331,KOI
164555027,KOI
164555061,KOI
164555327,KOI
164555597,KOI
164556407,KOI
164556454,KOI
164556745,KOI
164556761,KOI
164556913,KOI
164556927,KOI
164557035,KOI
164557145,KOI
164557297,KOI
164557360,KOI
164557531,KOI
164557542,KOI
164557545,KOI
164557550,KOI
164557694,KOI
164557802,KOI
164558055,KOI
164558069,KOI
164558072,KOI
164558338,KOI
164558468,KOI
164559146,KOI
164559294,KOI
164559449,KOI
164559713,KOI
164559875,KOI
164560223,KOI
164560648,KOI
164643250,KOI
164645583,KOI
164645762,KOI
164645903,KOI
164646094,KOI
164646426,KOI
164646534,KOI
164646661,KOI
164647285,KOI
164647540,KOI
164649987,KOI
164652184,KOI
164652245,TOI
164652562,KOI
164652566,KOI
164652841,KOI
164653031,KOI
164653837,KOI
164654277,KOI
164656622,KOI
164658350,KOI
164658358,KOI
164658882,KOI
164668422,KOI
164668538,KOI
164669854,KOI
164670196,KOI
164670571,KOI
164670756,KOI
164671082,KOI
164671104,KOI
164671318,KOI
164671409,KOI
164671430,KOI
164671591,KOI
164671623,KOI
164672765,KOI
164673474,KOI
164673717,KOI
164673833,KOI
164674454,KOI
164674459,KOI
164674711,KOI
164674750,KOI
164674976,KOI
164674992,KOI
164674994,KOI
164676810,KOI
164676924,KOI
164677011,KOI
164677239,KOI
164677562,KOI
164677677,KOI
164677799,KOI
164677815,KOI
164677817,KOI
164677826,KOI
164678125,KOI
164695417,CTOI
164721250,KOI
164721312,KOI
164721759,KOI
164721823,KOI
164722495,KOI
164723024,KOI
164723125,KOI
164723136,KOI
164723295,KOI
164723504,KOI
164723521,KOI
164723619,KOI
164723936,KOI
164724987,KOI
164725204,KOI
164726143,KOI
164726167,KOI
164726308,KOI
164726334,KOI
164726831,KOI
164726867,KOI
164726870,KOI
164726946,KOI
164727404,KOI
164727439,KOI
164727656,KOI
164728985,KOI
164729217,KOI
164729248,KOI
164729904,KOI
164730606,KOI
164730843,KOI
164730883,KOI
164767175,TOI
164778011,KOI
164778372,KOI
164778381,KOI
164778404,KOI
164778883,KOI
164779321,KOI
164779604,KOI
164780607,KOI
164780824,KOI
164780909,KOI
164781035,KOI
164781040,CTOI
164781045,KOI
164781116,KOI
164781761,KOI
164782019,KOI
164782022,KOI
164783145,KOI
164783371,TOI
164784178,KOI
164784364,KOI
164784420,KOI
164784457,KOI
164784542,KOI
164784714,KOI
164785003,KOI
164785336,KOI
164785455,KOI
164785457,KOI
164785549,KOI
164785576,KOI
164785720,KOI
164785771,KOI
164786087,TOI
164786156,KOI
164786172,KOI
164786289,KOI
164786550,KOI
164786995,KOI
164790977,CTOI
164827658,KOI
164828012,KOI
164828023,KOI
164828049,KOI
164828419,KOI
164830125,KOI
164830162,KOI
164830167,KOI
164830717,KOI
164830805,KOI
164830883,KOI
164830907,KOI
164831280,KOI
164831457,KOI
164831806,KOI
164832365,KOI
164832366,KOI
164832454,KOI
164832455,KOI
164832632,KOI
164832748,KOI
164833065,KOI
164834493,KOI
164834500,KOI
164835816,KOI
164835943,KOI
164836049,KOI
164881783,KOI
164881786,KOI
164882482,KOI
164882624,KOI
164882636,KOI
164882843,KOI
164882868,KOI
164882874,KOI
164883276,KOI
164883843,KOI
164883912,KOI
164884002,KOI
164884186,KOI
164884235,KOI
164884267,KOI
164886149,KOI
164886497,KOI
164886585,KOI
164886812,KOI
164889945,KOI
164890208,KOI
164890864,KOI
164891054,KOI
164891228,KOI
164891275,KOI
164891482,KOI
164891858,KOI
164891859,KOI
164891864,KOI
164892125,KOI
164892142,KOI
164892194,TOI
164998842,KOI
164999785,KOI
164999822,KOI
165110772,CTOI
165161779,CTOI
165201455,TOI
165202476,TOI
165227846,CTOI
165289668,CTOI
165297570,TOI
165312726,TOI
165317334,TOI
165337974,TOI
165371584,CTOI
165412561,TOI
165413340,TOI
165414210,TOI
165431806,TOI
165464482,TOI
165468291,TOI
165493409,CTOI
165499311,CTOI
165523947,TOI
165527918,TOI
165530380,TOI
165531514,CTOI
165551882,TOI
165554103,TOI
165598669,TOI
165602000,CTOI
165625229,TOI
165667705,TOI
165682741,TOI
165723070,TOI
165763244,TOI
165795955,CTOI
165827520,TOI
165832257,CTOI
165881460,CTOI
165885558,TOI
165948070,TOI
165965790,TOI
165985431,TOI
165987272,TOI
165989915,TOI
166053959,TOI
166054851,TOI
166086403,TOI
166099360,TOI
166145361,TOI
166178400,TOI
166184426,TOI
166184428,TOI
166190643,TOI
166220082,TOI
166242494,TOI
166495921,TOI
166527623,TOI
166540320,CTOI
166648874,TOI
166671025,TOI
166697854,TOI
166739520,TOI
166778944,TOI
166833457,TOI
166834768,TOI
166836920,TOI
166851829,TOI
167009792,TOI
167031605,TOI
167085203,TOI
167092385,TOI
167098530,TOI
167227214,TOI
167303382,TOI
167342439,TOI
167403519,TOI
167415965,TOI
167418898,TOI
167418903,TOI
167456277,CTOI
167554898,CTOI
167573692,TOI
167597352,TOI
167600516,TOI
167631701,TOI
167653919,CTOI
167654347,TOI
167656187,TOI
167661160,TOI
167671392,CTOI
167692429,CTOI
167714124,TOI
167714792,TOI
167719618,TOI
167720788,TOI
167754523,TOI
167792080,CTOI
167804011,CTOI
167905035,TOI
168158622,TOI
168191686,TOI
168281028,TOI
168384845,TOI
168405330,TOI
168449943,TOI
168699373,TOI
168702709,CTOI
168751223,TOI
168790078,CTOI
168811464,KOI
168811723,KOI
168811794,KOI
168812117,KOI
168812470,KOI
168812474,KOI
168812709,KOI
168812898,KOI
168813467,KOI
168814075,KOI
168814138,KOI
168814487,KOI
168815345,KOI
168815461,KOI
168816125,KOI
168816237,KOI
168816897,KOI
168817511,KOI
168871868,TOI
168903062,CTOI
168936945,TOI
169077774,KOI
169078080,KOI
169078422,KOI
169078730,KOI
169078864,KOI
169078948,KOI
169079027,KOI
169079463,KOI
169079766,KOI
169080328,KOI
169081296,TOI
169081993,KOI
169082553,KOI
169082670,KOI
169082745,KOI
169083820,KOI
169083837,KOI
169084062,KOI
169084115,KOI
169084431,KOI
169175102,KOI
169175314,KOI
169175429,KOI
169175503,KOI
169176157,KOI
169176340,KOI
169176556,KOI
169177254,KOI
169177370,KOI
169177766,TOI
169177842,KOI
169178035,KOI
169178153,KOI
169178161,KOI
169179493,KOI
169180792,KOI
169181408,KOI
169181786,KOI
169182342,KOI
169182703,KOI
169182725,KOI
169183353,KOI
169184142,KOI
169187982,TOI
169191182,TOI
169226822,TOI
169249234,TOI
169251938,CTOI
169448297,TOI
169448771,TOI
169455428,KOI
169455635,KOI
169456931,KOI
169456938,KOI
169456962,KOI
169457163,KOI
169457234,KOI
169457343,KOI
169457392,KOI
169457612,KOI
169457960,KOI
169457998,KOI
169458092,KOI
169458450,KOI
169458759,KOI
169459324,KOI
169459587,KOI
169459899,KOI
169460096,KOI
169461601,KOI
169461813,KOI
169461816,TOI
169462917,KOI
169463029,KOI
169463893,KOI
169464737,KOI
169465142,KOI
169465273,KOI
169465621,KOI
169465789,KOI
169466191,KOI
169466684,KOI
169467155,KOI
169467727,KOI
169467738,KOI
169532369,TOI
169555898,KOI
169556162,KOI
169556484,KOI
169556621,KOI
169557170,KOI
169557237,KOI
169557420,KOI
169557750,KOI
169557841,KOI
169557866,KOI
169557889,KOI
169557904,KOI
169557943,KOI
169557960,KOI
169557970,KOI
169558013,KOI
169558015,KOI
169558030,KOI
169558037,KOI
169558070,KOI
169558074,KOI
169558082,KOI
169558115,KOI
169558157,KOI
169558159,KOI
169558185,KOI
169558201,KOI
169558236,KOI
169558274,KOI
169558281,KOI
169558358,KOI
169558394,KOI
169558404,KOI
169558476,KOI
169558501,KOI
169559191,KOI
169560422,KOI
169560572,KOI
169561191,KOI
169561256,KOI
169561828,KOI
169562067,KOI
169562400,KOI
169562440,KOI
169562761,KOI
169765000,CTOI
169765334,TOI
169811533,KOI
169812470,KOI
169813815,KOI
169814443,KOI
169814613,KOI
169814632,KOI
169815275,KOI
169815380,KOI
169815440,KOI
169815464,KOI
169815486,KOI
169815549,KOI
169815673,KOI
169815831,KOI
169815910,KOI
169815912,KOI
169815922,KOI
169815926,KOI
169815933,KOI
169815941,KOI
169815954,KOI
169815965,KOI
169816025,KOI
169816038,KOI
169816072,KOI
169816088,KOI
169816090,KOI
169816186,KOI
169816722,KOI
169817580,KOI
169817909,KOI
169818468,KOI
169818929,KOI
169819162,KOI
169819465,KOI
169819825,KOI
169819900,KOI
169819915,KOI
169819920,KOI
169820045,KOI
169820068,KOI
169820711,KOI
169820988,KOI
169820995,KOI
169822548,KOI
169822836,KOI
169823078,KOI
169823528,KOI
169823808,KOI
169824160,KOI
169904935,TOI
169928991,KOI
169929441,KOI
169930145,KOI
169930431,KOI
169930526,KOI
169931012,KOI
169931288,KOI
169931443,KOI
169931498,KOI
169931561,KOI
169931564,KOI
169931578,KOI
169931588,KOI
169931613,KOI
169931648,KOI
169931738,KOI
169932108,KOI
169932440,KOI
169933118,KOI
169933156,KOI
169933336,KOI
169958952,TOI
170102285,TOI
170103435,TOI
170161682,CTOI
170221808,TOI
170232566,KOI
170232686,KOI
170232741,KOI
170232758,KOI
170232785,KOI
170232909,KOI
170233783,KOI
170234117,KOI
170234508,KOI
170235144,KOI
170235671,KOI
170236223,KOI
170236331,KOI
170236750,KOI
170238679,KOI
170241112,KOI
170242315,KOI
170242434,KOI
170242454,KOI
170244382,KOI
170244413,KOI
170245326,KOI
170246384,KOI
170246850,KOI
170248996,KOI
170250176,KOI
170250178,KOI
170251197,KOI
170251516,KOI
170251720,KOI
170251756,KOI
170251921,KOI
170252233,KOI
170252465,KOI
170253873,KOI
170254382,KOI
170255099,KOI
170255101,KOI
170255109,KOI
170257633,KOI
170257805,KOI
170258383,KOI
170344062,KOI
170344569,KOI
170344769,KOI
170345346,KOI
170345425,KOI
170345581,KOI
170345644,KOI
170346003,KOI
170346081,KOI
170346220,KOI
170346241,KOI
170346516,KOI
170347058,KOI
170347223,KOI
170347604,KOI
170347611,KOI
170347928,KOI
170348142,KOI
170348420,KOI
170361401,CTOI
170367033,TOI
170368805,TOI
170405772,TOI
170434745,TOI
170440216,TOI
170466784,TOI
170627138,TOI
170634116,TOI
170643793,KOI
170644045,KOI
170644380,KOI
170644755,KOI
170645188,KOI
170645223,KOI
170645355,KOI
170645656,KOI
170646796,KOI
170646804,KOI
170646917,KOI
170647523,KOI
170648333,KOI
170648886,KOI
170649305,KOI
170649642,KOI
170649652,KOI
170650421,KOI
170650593,KOI
170651314,KOI
170652343,KOI
170652725,KOI
170652891,KOI
170653053,KOI
170653347,KOI
170692379,CTOI
170729775,TOI
170733187,KOI
170733568,KOI
170733766,KOI
170734456,KOI
170734539,KOI
170735575,KOI
170735591,KOI
170735592,KOI
170735613,KOI
170735649,KOI
170735660,KOI
170736446,KOI
170737249,KOI
170737257,KOI
170737690,KOI
170737742,KOI
170737761,KOI
170737970,KOI
170737972,KOI
170738312,KOI
170738610,KOI
170738691,KOI
170738961,KOI
170739287,KOI
170739658,KOI
170739853,KOI
170740124,KOI
170740143,KOI
170740547,KOI
170741309,KOI
170741315,KOI
170741369,KOI
170789802,TOI
170849515,TOI
170889511,TOI
171025965,KOI
171026267,KOI
171026551,KOI
171027536,KOI
171027701,KOI
171028100,KOI
171028215,KOI
171028222,KOI
171028357,KOI
171028834,KOI
171028881,KOI
171029178,KOI
171029186,KOI
171029213,KOI
171029578,KOI
171030056,KOI
171030156,KOI
171030890,KOI
171031024,KOI
171031061,KOI
171089242,KOI
171089248,KOI
171090560,KOI
171090594,KOI
171091151,KOI
171092006,KOI
171092243,KOI
171093001,KOI
171093212,KOI
171093544,KOI
171094088,KOI
171094112,KOI
171094123,KOI
171094135,KOI
171094150,KOI
171094604,KOI
171095233,KOI
171095982,KOI
171096234,KOI
171097823,KOI
171098231,KOI
171098742,KOI
171099410,KOI
171099419,KOI
171100515,KOI
171101826,KOI
171101926,KOI
171102287,KOI
171160243,TOI
171160885,TOI
171312653,TOI
171501282,KOI
171501402,KOI
171502212,KOI
171502232,KOI
171502285,KOI
171502366,KOI
171502691,KOI
171502734,KOI
171502798,KOI
171502800,KOI
171502863,KOI
171502869,KOI
171502956,KOI
171503205,KOI
171503810,KOI
171504086,KOI
171504550,KOI
171504563,KOI
171504723,KOI
171504993,KOI
171505313,KOI
171505317,KOI
171505850,KOI
171506211,KOI
171507488,KOI
171508136,KOI
171509073,KOI
171509215,KOI
171509220,KOI
171509870,KOI
171509967,KOI
171510535,KOI
171510678,KOI
171510762,KOI
171510958,KOI
171510964,KOI
171512266,KOI
171512270,KOI
171512414,KOI
171512818,KOI
171513285,KOI
171513745,KOI
171514536,KOI
171581337,KOI
171581471,KOI
171581560,KOI
171581584,KOI
171581606,KOI
171581866,KOI
171582005,KOI
171582460,KOI
171582469,KOI
171582868,KOI
171583269,KOI
171583270,KOI
171583419,KOI
171584105,KOI
171584358,KOI
171584953,KOI
171584999,KOI
171585303,KOI
171599496,TOI
171646471,TOI
171878264,KOI
171878296,KOI
171878577,KOI
171878711,KOI
171878717,KOI
171878781,KOI
171879024,KOI
171879429,KOI
171879604,KOI
171879741,KOI
171879824,KOI
171881001,KOI
171881496,KOI
171881738,KOI
171882009,KOI
171882123,KOI
171882235,KOI
171883078,KOI
171883280,KOI
171884403,KOI
171884427,KOI
171886633,TOI
171922657,TOI
171967747,KOI
171967763,KOI
171967916,KOI
171967924,KOI
171968443,KOI
171968989,KOI
171968997,KOI
171971636,KOI
171971771,KOI
171971913,KOI
171972482,KOI
171972607,KOI
171972797,KOI
171973015,KOI
171974227,KOI
171974705,KOI
171974763,KOI
171975101,KOI
171975104,KOI
171975222,KOI
171975327,KOI
171975432,KOI
171975435,KOI
171975834,KOI
171976306,KOI
171976517,KOI
171976878,KOI
171976899,KOI
171977782,KOI
171977939,KOI
172033454,TOI
172110606,TOI
172193428,TOI
172222885,TOI
172353721,TOI
172370679,TOI
172372457,KOI
172372478,KOI
172372549,KOI
172372557,KOI
172372581,KOI
172372582,KOI
172372583,KOI
172373361,KOI
172373693,KOI
172373753,KOI
172374550,KOI
172374729,KOI
172374737,KOI
172374904,KOI
172375451,KOI
172376068,TOI
172376558,KOI
172376670,KOI
172377475,KOI
172383293,KOI
172383563,KOI
172384077,KOI
172384467,KOI
172384786,KOI
172384811,KOI
172384829,KOI
172409594,CTOI
172419713,CTOI
172422303,KOI
172422394,KOI
172422432,KOI
172422538,KOI
172422617,KOI
172422658,KOI
172422662,KOI
172422725,KOI
172423595,KOI
172424015,KOI
172424478,KOI
172424756,KOI
172424981,KOI
172425148,KOI
172464366,TOI
172518755,TOI
172598832,TOI
172630205,TOI
172752083,CTOI
172754786,TOI
172769085,KOI
172769408,KOI
172770988,KOI
172771211,KOI
172871230,TOI
172877174,KOI
172877526,KOI
172877667,KOI
172877901,KOI
173002823,TOI
173103335,TOI
173176491,TOI
173260345,TOI
173298412,TOI
173518890,CTOI
173608140,CTOI
173612049,TOI
173615288,TOI
173639849,CTOI
173640199,TOI
173671381,TOI
173706852,TOI
173711153,TOI
173818213,TOI
173824688,TOI
173860688,TOI
173979859,TOI
174041208,TOI
174070181,TOI
174143743,TOI
174206540,TOI
174302697,TOI
174307526,CTOI
174328045,TOI
174426662,TOI
174546820,TOI
174599051,TOI
174826170,TOI
175079720,TOI
175176327,TOI
175180796,TOI
175193677,TOI
175236511,TOI
175310067,TOI
175317833,TOI
175456679,TOI
175476629,TOI
175477257,TOI
175482273,TOI
175532955,TOI
175604949,TOI
175772482,TOI
176082442,TOI
176148945,TOI
176193144,CTOI
176220787,TOI
176242778,TOI
176279915,TOI
176314383,TOI
176366125,CTOI
176402194,CTOI
176442805,TOI
176518126,CTOI
176685457,TOI
176689244,CTOI
176772671,TOI
176778112,TOI
176780257,TOI
176789447,TOI
176789524,CTOI
176796997,TOI
176797879,TOI
176831592,TOI
176860064,TOI
176861415,TOI
176868951,TOI
176871438,CTOI
176899385,TOI
176956893,TOI
176957796,TOI
176963071,CTOI
176984236,TOI
177019236,CTOI
177077336,TOI
177077475,CTOI
177079323,TOI
177115354,TOI
177126182,TOI
177162886,TOI
177244357,TOI
177254988,TOI
177257073,TOI
177258735,TOI
177308364,TOI
177333402,CTOI
177350401,CTOI
177391159,TOI
177414713,TOI
177494632,TOI
177612321,TOI
177617715,CTOI
177697418,TOI
177712122,TOI
177718896,TOI
177722855,TOI
178143624,CTOI
178154917,CTOI
178155732,TOI
178162579,TOI
178170828,TOI
178215634,TOI
178215685,CTOI
178217113,TOI
178242751,CTOI
178266267,TOI
178284730,TOI
178289267,TOI
178320314,CTOI
178354956,CTOI
178367144,TOI
178367145,CTOI
178414921,CTOI
178443903,CTOI
178472673,CTOI
178577607,TOI
178657161,TOI
178709444,TOI
178819686,TOI
178879588,TOI
178959058,TOI
179033846,TOI
179034327,TOI
179155220,TOI
179159972,TOI
179230828,TOI
179308757,TOI
179317684,TOI
179319057,TOI
179411611,CTOI
179442778,TOI
179576115,CTOI
179580045,TOI
179582003,TOI
179687771,TOI
179715231,TOI
179739873,TOI
179985715,TOI
179987678,TOI
180145006,TOI
180285396,TOI
180412528,CTOI
180575165,TOI
180607846,TOI
180625612,CTOI
180652621,CTOI
180652891,TOI
180672438,TOI
180695581,TOI
180791665,CTOI
180931993,TOI
180987952,TOI
180989820,TOI
180991313,TOI
180997904,CTOI
181159386,TOI
181208298,TOI
181304295,TOI
181422954,TOI
181602717,CTOI
181748381,TOI
181804752,TOI
181949561,TOI
182078202,TOI
182405015,TOI
182456927,CTOI
182470056,TOI
182943944,TOI
182992572,CTOI
183120439,TOI
183231138,CTOI
183532609,TOI
183537452,TOI
183593642,TOI
183675732,TOI
183979262,TOI
183985250,TOI
184008771,KOI
184008772,KOI
184008951,KOI
184009076,KOI
184009313,KOI
184009681,KOI
184009713,KOI
184009988,KOI
184009990,KOI
184010005,KOI
184010592,KOI
184010713,KOI
184010917,KOI
184011038,KOI
184011151,KOI
184011870,KOI
184011928,KOI
184012717,KOI
184013145,KOI
184013909,KOI
184014067,KOI
184014202,KOI
184014255,KOI
184014302,KOI
184014313,KOI
184014439,KOI
184014555,KOI
184014677,KOI
184015535,KOI
184015844,KOI
184085868,KOI
184085896,KOI
184085929,KOI
184086159,KOI
184086336,KOI
184087486,KOI
184087492,KOI
184087823,KOI
184088158,KOI
184088195,KOI
184089281,KOI
184089424,KOI
184089481,KOI
184089592,KOI
184090566,KOI
184090587,KOI
184090645,KOI
184090759,KOI
184090767,KOI
184091035,KOI
184091170,KOI
184091304,KOI
184091846,KOI
184092136,KOI
184092363,KOI
184092585,KOI
184111843,CTOI
184162268,KOI
184162655,KOI
184162776,KOI
184163327,KOI
184164081,KOI
184164097,KOI
184164196,KOI
184164411,KOI
184164457,KOI
184164800,KOI
184164861,KOI
184164917,KOI
184165255,KOI
184165347,KOI
184166357,KOI
184166612,KOI
184166635,KOI
184167230,KOI
184167421,KOI
184167563,KOI
184167572,KOI
184167615,KOI
184167717,KOI
184167886,KOI
184167959,KOI
184167983,KOI
184240683,TOI
184243096,KOI
184243123,KOI
184243125,KOI
184243628,KOI
184243809,KOI
184244008,KOI
184244031,KOI
184244064,KOI
184244577,KOI
184244631,KOI
184245498,KOI
184246237,KOI
184246402,KOI
184246403,KOI
184246418,KOI
184246456,KOI
184246501,KOI
184246521,KOI
184246564,KOI
184246570,KOI
184246677,KOI
184247369,KOI
184247453,KOI
184247463,KOI
184247532,KOI
184250395,KOI
184250605,KOI
184250643,KOI
184250644,KOI
184252938,KOI
184253453,KOI
184253599,KOI
184295571,TOI
184295623,KOI
184296194,KOI
184296264,KOI
184296343,KOI
184296407,KOI
184296488,KOI
184296619,KOI
184296756,KOI
184297393,KOI
184297826,KOI
184297831,KOI
184297837,KOI
184298625,KOI
184298750,KOI
184298883,KOI
184299435,KOI
184299454,KOI
184299842,KOI
184299844,KOI
184300050,KOI
184300256,KOI
184300288,KOI
184300424,KOI
184397998,CTOI
184416220,KOI
184416910,KOI
184416913,KOI
184417241,KOI
184417262,KOI
184417625,KOI
184417715,KOI
184417742,KOI
184417746,KOI
184417747,KOI
184417855,KOI
184417875,KOI
184418214,KOI
184418317,KOI
184418389,KOI
184422870,KOI
184423993,KOI
184424290,KOI
184424549,KOI
184426344,KOI
184426347,KOI
184426431,KOI
184426803,KOI
184426991,KOI
184426993,KOI
184427149,KOI
184427205,KOI
184427953,KOI
184428068,KOI
184428499,KOI
184428500,KOI
184468386,TOI
184468650,KOI
184468710,KOI
184469205,KOI
184469654,KOI
184470626,KOI
184471049,KOI
184471236,KOI
184471242,KOI
184471383,KOI
184521624,TOI
184527843,TOI
184531966,TOI
184554469,KOI
184554486,KOI
184554636,KOI
184554841,KOI
184554852,KOI
184554925,KOI
184555147,KOI
184555627,KOI
184555632,KOI
184555826,KOI
184556122,KOI
184556191,KOI
184556217,KOI
184559498,KOI
184559770,KOI
184559864,KOI
184559893,KOI
184560055,KOI
184560453,KOI
184561230,KOI
184561535,KOI
184561543,KOI
184561612,KOI
184670625,TOI
184679932,TOI
184728968,CTOI
184733148,TOI
184739529,TOI
184801054,TOI
184869170,TOI
184892124,TOI
184945488,KOI
184946602,KOI
184947152,KOI
184947995,KOI
184948549,KOI
184948560,KOI
184948833,KOI
184949043,KOI
184949048,KOI
184952758,TOI
184997417,KOI
184997913,KOI
184997919,KOI
184998069,KOI
184998071,KOI
184998205,KOI
184998290,KOI
184998685,KOI
184998709,KOI
184998729,KOI
184998731,KOI
184998732,KOI
185057455,KOI
185057547,KOI
185057567,KOI
185057587,KOI
185057595,KOI
185057693,KOI
185057758,KOI
185058067,KOI
185058326,KOI
185058332,KOI
185058382,KOI
185058719,KOI
185058767,KOI
185059475,KOI
185059488,KOI
185059528,KOI
185059782,KOI
185059892,KOI
185060669,KOI
185060833,KOI
185060842,KOI
185060864,KOI
185060933,KOI
185061221,KOI
185061336,KOI
185061770,KOI
185061911,KOI
185061936,KOI
185062027,KOI
185062313,KOI
185062334,KOI
185109254,KOI
185109374,KOI
185109575,KOI
185109831,KOI
185109870,KOI
185110665,KOI
185110667,KOI
185110897,KOI
185111357,KOI
185111663,KOI
185111683,KOI
185184183,KOI
185184295,KOI
185184560,KOI
185185271,KOI
185185385,KOI
185185751,KOI
185186149,KOI
185186645,KOI
185186949,KOI
185226925,TOI
185285807,KOI
185286947,KOI
185286955,KOI
185287495,KOI
185335694,KOI
185335907,KOI
185336124,KOI
185336364,CTOI
185336737,KOI
185336831,KOI
185405474,TOI
185408817,KOI
185409226,KOI
185482513,TOI
185598695,TOI
185779182,CTOI
185980211,CTOI
186000935,TOI
186072225,CTOI
186292194,TOI
186459119,TOI
186470510,TOI
186470968,TOI
186510259,CTOI
186530554,TOI
186541435,TOI
186547153,TOI
186599508,TOI
186614891,TOI
186623513,CTOI
186707229,TOI
186715217,TOI
186762886,CTOI
186810676,TOI
186810853,CTOI
186812530,TOI
186815660,TOI
186838040,CTOI
186936449,TOI
186941307,CTOI
186989177,TOI
187029841,TOI
187102522,CTOI
187333348,TOI
187416256,TOI
187532854,TOI
187657618,CTOI
187861378,TOI
188001223,TOI
188128470,TOI
188377183,CTOI
188389305,TOI
188461829,CTOI
188539008,TOI
188567506,CTOI
188570092,TOI
188589164,TOI
188593930,TOI
188619138,CTOI
188620407,CTOI
188646744,TOI
188668950,TOI
188768068,TOI
188800346,TOI
188814758,TOI
188821468,CTOI
188835620,CTOI
188865842,TOI
188876052,TOI
188989177,TOI
189013222,TOI
189013224,TOI
189097100,TOI
189300053,TOI
189322727,TOI
189380158,TOI
189620016,TOI
189625051,TOI
189852832,TOI
190081497,TOI
190217431,CTOI
190223929,TOI
190250689,TOI
190271688,TOI
190430205,TOI
190442486,TOI
190479710,TOI
190496853,TOI
190504282,CTOI
190643105,TOI
190721237,TOI
190736332,CTOI
190743990,TOI
190822775,TOI
190885165,CTOI
190981760,TOI
190986054,TOI
190989264,CTOI
190990336,TOI
190992110,CTOI
190995146,CTOI
190998418,TOI
191082907,CTOI
191146556,TOI
191202679,TOI
191284318,TOI
191373021,TOI
191496430,TOI
191671884,TOI
191672086,CTOI
191928543,TOI
191998744,TOI
192003741,TOI
192014454,TOI
192066140,CTOI
192076548,TOI
192259856,TOI
192316486,CTOI
192321638,TOI
192372961,TOI
192415680,TOI
192487723,TOI
192520375,TOI
192561556,CTOI
192687318,CTOI
192782053,CTOI
192790476,TOI
192826603,TOI
192831602,CTOI
192833836,TOI
192878624,TOI
192943720,TOI
192969211,TOI
192976435,TOI
192982424,TOI
192988021,TOI
193023697,TOI
193034981,CTOI
193081156,TOI
193096383,CTOI
193164274,CTOI
193220940,TOI
193318850,CTOI
193336820,TOI
193386434,CTOI
193413306,TOI
193482096,TOI
193556520,TOI
193628179,TOI
193634953,TOI
193641523,TOI
193708920,TOI
193754373,TOI
193759514,CTOI
193765661,TOI
193773468,TOI
193782529,TOI
193883106,CTOI
193979250,TOI
194068560,CTOI
194076601,TOI
194125303,CTOI
194179013,TOI
194203348,TOI
194234471,TOI
194461202,TOI
194679333,TOI
194736418,TOI
194795551,TOI
195093356,TOI
195155818,TOI
195187769,TOI
195192253,TOI
195199644,TOI
195256633,TOI
195483731,TOI
195606729,TOI
195750008,TOI
195933415,TOI
196066560,TOI
196201652,TOI
196261799,TOI
196286578,TOI
196286587,TOI
196351790,TOI
196352977,CTOI
196389062,TOI
196474344,TOI
196973090,TOI
197039766,TOI
197149001,CTOI
197596346,CTOI
197598125,TOI
197604890,TOI
197642926,TOI
197643976,TOI
197650870,TOI
197736350,CTOI
197743152,TOI
197760286,CTOI
197807043,TOI
197807778,TOI
197808753,TOI
197959526,TOI
198008002,CTOI
198008005,TOI
198077394,TOI
198108326,TOI
198147513,CTOI
198153540,TOI
198161914,TOI
198162530,TOI
198178505,TOI
198178859,TOI
198181553,CTOI
198185513,TOI
198186769,TOI
198187049,TOI
198189972,TOI
198206613,TOI
198211976,TOI
198212955,TOI
198213332,TOI
198241702,TOI
198356533,TOI
198358065,TOI
198358825,CTOI
198360694,TOI
198382308,CTOI
198382901,CTOI
198384408,TOI
198384864,CTOI
198385543,TOI
198390247,TOI
198390707,CTOI
198420098,CTOI
198456933,TOI
198457103,TOI
198458010,TOI
198485881,TOI
198486574,CTOI
198490746,CTOI
198512478,TOI
198588220,TOI
198589475,CTOI
198610218,TOI
198611553,CTOI
198616607,TOI
198725468,TOI
199162630,TOI
199289712,TOI
199296714,TOI
199376584,TOI
199417958,TOI
199444169,TOI
199488690,TOI
199497770,CTOI
199505279,CTOI
199572211,CTOI
199610140,TOI
199618481,CTOI
199660056,CTOI
199661915,CTOI
199662939,CTOI
199671901,TOI
199676274,TOI
199688472,TOI
199712572,TOI
199721945,TOI
199731190,TOI
199735531,CTOI
199949052,TOI
200090347,TOI
200093838,CTOI
200296137,TOI
200320748,TOI
200321330,CTOI
200321577,TOI
200322593,TOI
200324182,CTOI
200435203,TOI
200465781,TOI
200505458,CTOI
200511352,CTOI
200516835,CTOI
200593988,TOI
200606159,TOI
200606486,TOI
200723869,TOI
200743403,TOI
200775844,TOI
200803270,TOI
200805484,TOI
200807066,TOI
200917197,TOI
201154493,TOI
201160783,CTOI
201175570,TOI
201177276,TOI
201186294,TOI
201233610,TOI
201234926,CTOI
201248411,TOI
201254754,TOI
201256771,CTOI
201292545,TOI
201293780,CTOI
201311598,CTOI
201508515,TOI
201510089,CTOI
201575721,CTOI
201604954,TOI
201642601,TOI
201658484,TOI
201660996,TOI
201735963,CTOI
201793781,TOI
201899356,TOI
202059363,TOI
202087931,TOI
202152389,CTOI
202185707,TOI
202276965,CTOI
202282233,TOI
202283090,TOI
202292022,CTOI
202375913,TOI
202413558,CTOI
202425357,TOI
202426247,TOI
202428245,TOI
202468443,TOI
202504234,TOI
202514659,TOI
202563254,TOI
202648961,TOI
202712304,CTOI
202869426,TOI
202872110,CTOI
202872757,TOI
202941251,TOI
202953253,CTOI
202955310,CTOI
203096531,TOI
203144354,TOI
203189770,TOI
203214081,TOI
203214138,TOI
203287192,TOI
203289099,TOI
203377303,TOI
203476998,TOI
204317710,TOI
204327008,CTOI
204376737,TOI
204496071,TOI
204497617,CTOI
204650483,TOI
204671232,TOI
204698337,TOI
205044976,TOI
206284139,TOI
206352378,TOI
206361691,TOI
206462116,CTOI
206466531,TOI
206468250,CTOI
206474443,TOI
206498307,TOI
206541859,TOI
206544316,CTOI
206556127,CTOI
206561817,CTOI
206584800,CTOI
206588321,CTOI
206599822,CTOI
206609630,TOI
206660104,CTOI
206666063,CTOI
206669860,TOI
206686292,TOI
206717400,TOI
206785987,TOI
206897186,TOI
206906112,TOI
207077681,TOI
207078179,CTOI
207080350,CTOI
207081058,TOI
207084429,TOI
207110080,TOI
207141131,TOI
207237016,TOI
207238953,TOI
207277638,TOI
207339000,TOI
207363637,CTOI
207425167,TOI
207425203,TOI
207439380,TOI
207439389,CTOI
207468071,TOI
207491214,TOI
207501148,TOI
207783865,CTOI
207937389,TOI
207981861,TOI
208030798,TOI
208091447,TOI
208151094,TOI
208297760,TOI
208719443,TOI
208772468,TOI
209006017,CTOI
209054294,TOI
209217764,CTOI
209218292,CTOI
209310912,TOI
209320688,TOI
209408136,TOI
209457622,CTOI
209459275,TOI
209464063,TOI
209707800,TOI
209752908,TOI
209923610,TOI
209935997,TOI
210083929,TOI
210169818,TOI
210175389,CTOI
210337597,TOI
210441429,TOI
210445631,TOI
210629725,TOI
210681065,TOI
210873792,TOI
210904767,TOI
211116547,CTOI
211352962,TOI
211380233,CTOI
211409161,CTOI
211438925,TOI
211446495,TOI
211854402,CTOI
212253390,TOI
212254974,CTOI
212323118,CTOI
212359877,CTOI
212378056,CTOI
212380077,CTOI
212957629,TOI
213012758,CTOI
213111428,TOI
213875310,TOI
214218272,TOI
214243287,TOI
214299966,CTOI
214361331,TOI
214515989,TOI
214517366,CTOI
214977922,CTOI
215018906,TOI
215402824,CTOI
215595454,TOI
216190934,CTOI
216215345,CTOI
216925130,TOI
216935214,TOI
216986756,CTOI
217838717,TOI
217933560,TOI
217980791,TOI
218233985,CTOI
218354669,TOI
218430451,CTOI
218483943,TOI
218795833,TOI
218977148,CTOI
218988652,TOI
219015370,TOI
219016883,TOI
219018744,CTOI
219027960,CTOI
219041246,TOI
219087443,CTOI
219089784,TOI
219095755,CTOI
219108677,TOI
219113246,TOI
219151731,TOI
219164808,TOI
219175972,TOI
219176113,CTOI
219181903,TOI
219187649,TOI
219189765,TOI
219195044,TOI
219201178,CTOI
219205407,TOI
219207175,CTOI
219208037,TOI
219225319,TOI
219229644,TOI
219239945,TOI
219244541,CTOI
219246401,CTOI
219253008,TOI
219254268,CTOI
219306934,TOI
219308281,CTOI
219322317,CTOI
219332978,TOI
219338557,TOI
219344917,TOI
219345200,TOI
219366908,TOI
219379012,TOI
219380235,TOI
219388773,TOI
219396153,CTOI
219401954,TOI
219421728,CTOI
219431828,TOI
219434595,CTOI
219436394,TOI
219462190,TOI
219466517,CTOI
219466580,CTOI
219466784,TOI
219466803,TOI
219467837,TOI
219471945,CTOI
219485050,TOI
219489550,TOI
219492050,CTOI
219499488,TOI
219501568,TOI
219506608,TOI
219508169,TOI
219641816,CTOI
219697927,TOI
219698776,TOI
219698950,TOI
219701535,TOI
219703887,CTOI
219707850,TOI
219728669,TOI
219742885,TOI
219751469,TOI
219762508,TOI
219766989,TOI
219769290,TOI
219771660,CTOI
219776325,TOI
219777401,CTOI
219778329,TOI
219778735,CTOI
219780464,CTOI
219792161,CTOI
219803922,TOI
219809549,TOI
219821826,TOI
219824469,TOI
219824470,TOI
219847787,TOI
219850915,TOI
219852584,TOI
219852882,TOI
219854185,TOI
219854519,TOI
219857012,TOI
219860288,TOI
219865181,CTOI
219866209,TOI
219875976,TOI
219879302,TOI
219882262,CTOI
219893931,CTOI
219898294,CTOI
219924802,TOI
219978369,TOI
219987067,CTOI
220016044,TOI
220029715,TOI
220068921,TOI
220076110,TOI
220129325,CTOI
220139435,TOI
220144363,TOI
220388567,CTOI
220396259,TOI
220402290,CTOI
220408612,CTOI
220414682,TOI
220417892,CTOI
220435095,TOI
220459826,TOI
220459976,TOI
220460087,TOI
220474209,CTOI
220475245,TOI
220479565,TOI
220504798,CTOI
220518305,TOI
220523550,CTOI
220524097,TOI
220547837,TOI
220567625,CTOI
220568520,CTOI
220570288,CTOI
220595524,CTOI
220622886,CTOI
221566773,TOI
221567884,CTOI
221656234,TOI
221785300,TOI
221861843,TOI
221882319,TOI
221915858,CTOI
222078568,CTOI
222485202,TOI
224217761,TOI
224225541,TOI
224245334,TOI
224271611,TOI
224279091,TOI
224279805,CTOI
224293782,TOI
224297258,TOI
224297408,TOI
224298134,TOI
224299081,TOI
224299778,CTOI
224307602,CTOI
224313733,TOI
224322722,CTOI
224327878,CTOI
224328450,TOI
224418572,TOI
224596152,TOI
224597929,CTOI
224600500,TOI
224601047,TOI
224603921,TOI
224634408,CTOI
224635135,TOI
225336886,CTOI
228381868,TOI
228463329,CTOI
228507250,TOI
228694725,TOI
229043374,CTOI
229047362,TOI
229055790,CTOI
229064630,CTOI
229076808,CTOI
229091748,TOI
229111835,TOI
229138584,TOI
229141709,TOI
229167359,TOI
229184365,CTOI
229210014,TOI
229285649,TOI
229364030,CTOI
229384040,TOI
229400092,TOI
229408913,TOI
229446477,CTOI
229455001,TOI
229465678,TOI
229480555,CTOI
229487733,CTOI
229490898,TOI
229503517,CTOI
229508727,TOI
229510866,TOI
229513755,CTOI
229515782,CTOI
229536616,TOI
229539379,CTOI
229556468,CTOI
229573730,CTOI
229581160,TOI
229586455,TOI
229596702,CTOI
229597404,CTOI
229605891,TOI
229608594,TOI
229618478,TOI
229639351,TOI
229650439,TOI
229655420,CTOI
229671380,TOI
229675762,CTOI
229702978,CTOI
229708416,CTOI
229713401,TOI
229715760,TOI
229740848,CTOI
229742722,TOI
229747848,TOI
229750058,TOI
229760134,CTOI
229770036,TOI
229778990,CTOI
229781583,TOI
229786055,CTOI
229786610,TOI
229787062,TOI
229791084,TOI
229802011,CTOI
229808144,CTOI
229810162,CTOI
229811538,TOI
229872148,CTOI
229888286,TOI
229938290,TOI
229940491,TOI
229944666,TOI
229950972,CTOI
229951289,TOI
229976631,TOI
230001847,TOI
230006888,TOI
230007816,CTOI
230013442,TOI
230013820,CTOI
230016502,CTOI
230017324,TOI
230017325,TOI
230023734,CTOI
230050959,CTOI
230055368,TOI
230064711,TOI
230075120,TOI
230075227,TOI
230084146,TOI
230086768,TOI
230087585,TOI
230087765,TOI
230088370,TOI
230112571,CTOI
230127302,TOI
230129753,TOI
230130556,CTOI
230198880,CTOI
230236827,CTOI
230267547,TOI
230290708,TOI
230292034,TOI
230375747,TOI
230377505,TOI
230386259,TOI
230386397,TOI
230387153,TOI
230388132,TOI
230389303,CTOI
230494128,CTOI
230840853,TOI
230856987,TOI
230966894,CTOI
230980206,TOI
230980945,CTOI
230982415,TOI
230982885,TOI
231063955,TOI
231065398,TOI
231066944,CTOI
231071138,TOI
231076038,TOI
231077395,TOI
231080232,CTOI
231081369,TOI
231157209,TOI
231274151,CTOI
231279823,CTOI
231289421,TOI
231297123,TOI
231337271,TOI
231340540,CTOI
231346067,CTOI
231559817,TOI
231630147,TOI
231637303,CTOI
231663901,TOI
231670397,TOI
231682442,CTOI
231702397,TOI
231703293,TOI
231714759,CTOI
231721005,TOI
231721006,TOI
231728511,TOI
231734642,CTOI
231736113,TOI
231833061,CTOI
231833236,TOI
231840927,CTOI
231850364,TOI
231860752,CTOI
231912935,TOI
231930852,CTOI
231937059,TOI
231937828,TOI
231945429,CTOI
231948825,CTOI
231949697,CTOI
231969683,CTOI
232025086,TOI
232038798,TOI
232050190,CTOI
232052748,TOI
232060270,CTOI
232079930,TOI
232139628,TOI
232194097,TOI
232426080,CTOI
232540264,TOI
232567319,TOI
232568235,TOI
232603560,TOI
232608943,TOI
232612416,TOI
232612421,CTOI
232616346,CTOI
232624234,TOI
232628532,TOI
232632239,TOI
232632890,CTOI
232635922,TOI
232641326,TOI
232650365,TOI
232679662,TOI
232941965,TOI
232963404,CTOI
232967440,TOI
232967666,TOI
232971294,TOI
232976128,TOI
232982558,TOI
232982938,TOI
233009109,TOI
233047097,TOI
233051157,CTOI
233053554,TOI
233058262,CTOI
233058265,CTOI
233059608,TOI
233066156,TOI
233068569,TOI
233070717,TOI
233071822,TOI
233071926,TOI
233078665,TOI
233087860,TOI
233096001,CTOI
233120979,TOI
233126177,CTOI
233173039,TOI
233182695,TOI
233187772,CTOI
233188747,TOI
233190203,CTOI
233194447,TOI
233195052,CTOI
233208635,CTOI
233211762,TOI
233266582,TOI
233266797,TOI
233267414,CTOI
233271933,CTOI
233287217,TOI
233390838,TOI
233409941,TOI
233415701,TOI
233422396,CTOI
233462817,TOI
233465389,TOI
233496435,CTOI
233497719,TOI
233500935,TOI
233503636,TOI
233511188,CTOI
233511804,CTOI
233529335,TOI
233533589,TOI
233535064,CTOI
233535738,TOI
233541860,TOI
233569098,TOI
233576159,TOI
233576872,CTOI
233577004,CTOI
233602827,TOI
233617847,TOI
233629963,CTOI
233633993,TOI
233654042,TOI
233680651,TOI
233681149,TOI
233684293,TOI
233684822,TOI
233688779,TOI
233714939,CTOI
233719215,TOI
233720539,TOI
233721037,TOI
233733562,CTOI
233735068,TOI
233735354,TOI
233744223,CTOI
233747840,TOI
233788275,TOI
233795794,TOI
233823679,TOI
233831759,TOI
233855268,TOI
233867481,TOI
233948455,TOI
233951353,TOI
233953967,TOI
233961334,CTOI
233964642,TOI
233964924,TOI
234037942,CTOI
234112540,TOI
234117841,CTOI
234160911,TOI
234282389,TOI
234284556,CTOI
234299676,CTOI
234330672,TOI
234345288,TOI
234347951,CTOI
234387858,CTOI
234388232,TOI
234489133,TOI
234489976,TOI
234496405,CTOI
234503282,CTOI
234504626,CTOI
234518605,CTOI
234519192,TOI
234523599,TOI
234527228,TOI
234540647,TOI
234671065,CTOI
234825296,TOI
234832821,TOI
234895083,CTOI
234945462,CTOI
234958949,TOI
234994474,TOI
235009317,CTOI
235015217,TOI
235037761,TOI
235039711,CTOI
235052077,CTOI
235055769,CTOI
235058563,CTOI
235067594,CTOI
235072851,TOI
235077268,TOI
235078021,TOI
235211013,CTOI
235223398,CTOI
235290932,CTOI
235300016,TOI
235333495,TOI
235448190,TOI
235664497,TOI
235678745,TOI
235683377,TOI
235684392,TOI
235684964,TOI
235711993,TOI
235713297,CTOI
235717158,TOI
235901733,TOI
235902467,TOI
235903203,CTOI
235905185,TOI
235937532,TOI
235943205,TOI
236084210,CTOI
236109982,CTOI
236158940,TOI
236309211,CTOI
236312126,TOI
236387002,TOI
236445128,CTOI
236445129,TOI
236529353,CTOI
236632480,TOI
236638487,TOI
236644754,TOI
236714379,TOI
236761861,CTOI
236770234,CTOI
236775063,TOI
236785891,TOI
236815160,TOI
236815262,CTOI
236817949,CTOI
236887394,TOI
236903869,CTOI
236934268,TOI
236934937,TOI
236975668,CTOI
237015185,TOI
237019002,TOI
237048097,CTOI
237071229,TOI
237077180,TOI
237086564,TOI
237097499,TOI
237097805,CTOI
237098272,CTOI
237099296,TOI
237101326,TOI
237104103,TOI
237108272,TOI
237108775,TOI
237116860,CTOI
237157729,KOI
237157751,KOI
237157771,KOI
237157859,KOI
237158274,KOI
237158408,KOI
237158547,KOI
237158650,KOI
237158922,KOI
237159318,KOI
237184773,TOI
237185205,TOI
237188153,KOI
237188327,KOI
237188565,KOI
237188863,KOI
237189347,KOI
237189356,KOI
237189544,KOI
237189801,KOI
237189905,KOI
237190228,KOI
237191094,KOI
237191392,KOI
237191790,KOI
237191978,KOI
237192046,KOI
237192084,KOI
237200747,TOI
237201858,TOI
237204346,TOI
237205154,TOI
237211410,TOI
237214311,CTOI
237221436,TOI
237222864,TOI
237225365,CTOI
237228513,CTOI
237232044,TOI
237235093,TOI
237236168,CTOI
237320326,TOI
237332597,CTOI
237332812,TOI
237342298,CTOI
237358490,TOI
237362186,TOI
237406657,TOI
237552878,TOI
237597612,CTOI
237603062,TOI
237605045,CTOI
237632488,TOI
237637903,TOI
237700098,TOI
237729561,CTOI
237736186,TOI
237751146,TOI
237770757,TOI
237808867,TOI
237885040,TOI
237909527,TOI
237913194,TOI
237914496,TOI
237920046,TOI
237922465,TOI
237924601,TOI
237928815,TOI
237929468,TOI
238004786,TOI
238012337,TOI
238020894,TOI
238027971,CTOI
238059180,TOI
238060327,CTOI
238061845,TOI
238082493,CTOI
238086647,TOI
238124845,TOI
238162973,TOI
238164799,TOI
238171173,TOI
238176110,TOI
238197638,TOI
238197709,TOI
238229705,CTOI
238235254,CTOI
238239232,TOI
238279960,TOI
238317637,TOI
238335094,TOI
238374636,TOI
238379370,CTOI
238506223,TOI
238542895,TOI
238586172,TOI
238597883,TOI
238605434,CTOI
238606535,TOI
238611475,CTOI
238616144,CTOI
238624131,TOI
238751619,TOI
238854767,TOI
238895829,CTOI
238898571,TOI
238914510,TOI
238920872,CTOI
238920875,TOI
238930658,CTOI
238932509,TOI
239120068,CTOI
239134248,TOI
239136269,TOI
239142212,CTOI
239154970,TOI
239159011,TOI
239190192,CTOI
239197344,CTOI
239198720,TOI
239222316,KOI
239222320,KOI
239225129,KOI
239225188,KOI
239225201,KOI
239225368,KOI
239226034,KOI
239226764,KOI
239226873,KOI
239226985,KOI
239227425,KOI
239227652,KOI
239227749,KOI
239227874,KOI
239228192,KOI
239228671,KOI
239229224,KOI
239229234,KOI
239233016,KOI
239233619,KOI
239233763,KOI
239234174,KOI
239234219,KOI
239234225,KOI
239234728,KOI
239235072,KOI
239236451,KOI
239236595,KOI
239236731,KOI
239236859,KOI
239238425,KOI
239239042,KOI
239239779,KOI
239239884,KOI
239272406,KOI
239273090,KOI
239273113,KOI
239274268,KOI
239274863,KOI
239275819,KOI
239275865,KOI
239276046,KOI
239276176,KOI
239276839,KOI
239277075,KOI
239277090,KOI
239277352,KOI
239277658,TOI
239278326,KOI
239278374,KOI
239278642,KOI
239278692,KOI
239278702,KOI
239285770,KOI
239285928,KOI
239286786,KOI
239287346,KOI
239287622,KOI
239287948,KOI
239287963,KOI
239288924,KOI
239289101,KOI
239289189,KOI
239289191,KOI
239289739,KOI
239289751,KOI
239289778,KOI
239289904,KOI
239291489,KOI
239291500,KOI
239291510,KOI
239292431,KOI
239305501,KOI
239305503,KOI
239305516,KOI
239305520,KOI
239306591,KOI
239306681,KOI
239306767,KOI
239306899,KOI
239307506,KOI
239307743,KOI
239308317,KOI
239308404,KOI
239309727,KOI
239309889,KOI
239309962,KOI
239310431,KOI
239310669,KOI
239311194,KOI
239311740,KOI
239311750,KOI
239311844,KOI
239311848,KOI
239332587,TOI
239361732,TOI
239372503,TOI
239529652,TOI
239541449,TOI
239542854,TOI
239585909,TOI
239617090,CTOI
239628993,TOI
239638934,TOI
239655463,CTOI
239722954,TOI
239816546,TOI
239823606,TOI
239977528,TOI
240101705,CTOI
240148934,TOI
240177285,KOI
240177337,KOI
240177355,KOI
240177376,KOI
240177410,KOI
240178289,KOI
240178613,KOI
240178935,KOI
240179055,KOI
240179097,KOI
240179452,KOI
240179465,KOI
240179925,KOI
240180194,KOI
240180525,KOI
240183363,KOI
240183442,KOI
240183724,KOI
240184194,KOI
240184288,KOI
240184292,KOI
240184332,KOI
240184373,KOI
240184415,KOI
240184537,KOI
240184655,KOI
240184876,KOI
240185221,KOI
240185254,KOI
240185386,KOI
240185631,KOI
240185725,KOI
240185822,KOI
240185908,KOI
240192789,KOI
240193027,KOI
240193176,KOI
240193262,KOI
240193270,KOI
240193568,KOI
240193760,KOI
240193994,KOI
240194782,KOI
240194833,KOI
240195084,KOI
240196241,KOI
240196291,KOI
240196861,KOI
240197188,KOI
240197288,KOI
240219049,KOI
240219227,KOI
240219681,KOI
240450679,TOI
240535286,TOI
240613164,TOI
240681314,TOI
240714633,TOI
240802472,CTOI
240823272,TOI
240849748,TOI
240855518,CTOI
240864953,TOI
240959810,TOI
240968774,TOI
240989628,TOI
241040309,TOI
241062925,TOI
241065596,TOI
241071389,CTOI
241076290,TOI
241102583,TOI
241134937,CTOI
241135327,TOI
241173474,TOI
241174783,TOI
241175657,CTOI
241175746,CTOI
241196395,TOI
241225337,TOI
241249530,CTOI
241297273,TOI
241326434,TOI
241442273,TOI
241514551,TOI
241525834,TOI
241569046,TOI
241592217,TOI
241638905,TOI
241752370,TOI
242083025,TOI
242095191,CTOI
242120884,TOI
242190195,TOI
242238486,CTOI
242241304,CTOI
242347787,CTOI
242389810,TOI
242460075,TOI
242532142,TOI
242536549,TOI
242657938,CTOI
242674266,TOI
242843507,CTOI
243011228,TOI
243014114,TOI
243030574,TOI
243153196,TOI
243167068,CTOI
243185500,TOI
243187830,TOI
243200602,TOI
243208884,TOI
243244680,TOI
243270752,KOI
243270934,KOI
243270936,KOI
243270949,KOI
243270959,KOI
243271051,KOI
243271113,KOI
243271134,KOI
243271716,KOI
243271725,KOI
243271755,KOI
243271945,KOI
243271972,KOI
243272143,KOI
243272306,KOI
243272490,KOI
243272677,KOI
243272826,KOI
243272858,KOI
243278072,CTOI
243280335,TOI
243283955,TOI
243297296,TOI
243313296,TOI
243333538,TOI
243335710,TOI
243417115,CTOI
243464977,TOI
243476396,TOI
243550555,TOI
243611773,CTOI
243641947,TOI
243921117,TOI
244089109,TOI
244161191,TOI
244170332,TOI
244247384,CTOI
244487927,TOI
244912396,TOI
245027119,TOI
245076932,CTOI
245099574,TOI
245341495,TOI
245349211,TOI
245392284,TOI
245426095,CTOI
245462406,TOI
245509452,TOI
245665919,TOI
245728942,TOI
245793479,TOI
245947683,TOI
246058802,CTOI
246860991,CTOI
246965431,TOI
246966307,CTOI
246974219,CTOI
246976997,CTOI
247160131,CTOI
247166992,TOI
247172524,TOI
247180220,TOI
247202475,CTOI
247283054,TOI
247283596,TOI
247356332,TOI
247409676,TOI
247469203,CTOI
247518629,TOI
247873937,TOI
247906954,TOI
247912728,TOI
247934029,CTOI
248023451,CTOI
248058363,TOI
248075138,TOI
248092710,TOI
248111245,TOI
248250955,TOI
248387177,TOI
248391319,TOI
248434289,CTOI
248434716,TOI
248434780,TOI
248445793,CTOI
248620873,CTOI
248650906,TOI
248655096,TOI
248655556,TOI
248687282,CTOI
248689510,TOI
248690688,TOI
248769312,TOI
248853232,TOI
248957032,CTOI
248959076,CTOI
248960573,CTOI
249022743,CTOI
249067445,TOI
249270283,CTOI
249776059,TOI
249812036,TOI
249862365,TOI
249884767,TOI
249945230,TOI
249950761,CTOI
250103631,CTOI
250111245,TOI
250133183,CTOI
250187388,CTOI
250189842,TOI
250306572,TOI
250330564,TOI
250367029,CTOI
250386181,TOI
250478345,TOI
250484865,TOI
250492521,CTOI
250559856,CTOI
250595513,CTOI
250650880,CTOI
250707118,TOI
250724252,TOI
250803548,TOI
250839071,TOI
250864248,CTOI
250983039,TOI
251039147,TOI
251057075,CTOI
251061007,CTOI
251080032,CTOI
251083502,CTOI
251086776,TOI
251087387,CTOI
251090642,TOI
251094370,TOI
251111783,TOI
251209368,TOI
251384275,TOI
251494772,CTOI
251594291,TOI
251619073,CTOI
251652214,TOI
251652448,CTOI
251705938,TOI
251743761,TOI
251803342,TOI
251829136,CTOI
251848941,TOI
251852984,TOI
251855940,TOI
251860880,CTOI
251878904,TOI
251894891,TOI
251975224,CTOI
252045206,TOI
252049912,TOI
252071095,TOI
252118701,TOI
252227050,CTOI
252270806,CTOI
252332225,CTOI
252406463,CTOI
252430813,TOI
252469648,TOI
252474634,TOI
252479260,TOI
252481136,TOI
252490659,TOI
252537013,TOI
252549844,TOI
252585354,TOI
252610172,TOI
252616865,TOI
252636888,TOI
252753599,CTOI
252798304,CTOI
252802222,CTOI
252802348,CTOI
252803603,CTOI
252876117,TOI
252895642,CTOI
252908198,CTOI
252912175,TOI
252913663,TOI
252928337,TOI
252939798,CTOI
253009411,CTOI
253030300,TOI
253040591,CTOI
253044312,TOI
253054954,TOI
253126207,TOI
253132689,TOI
253434221,TOI
253553257,CTOI
253637358,CTOI
253728991,TOI
253788533,TOI
253857911,TOI
253864764,TOI
253882372,CTOI
253917292,TOI
253917293,TOI
253917513,CTOI
253922296,CTOI
253928535,CTOI
253961767,TOI
253990973,TOI
254113311,TOI
254141733,TOI
254142310,TOI
254158364,CTOI
254174907,TOI
254209017,TOI
254287410,CTOI
254296853,TOI
254301731,TOI
254304169,CTOI
254629854,TOI
254909777,TOI
255560319,TOI
255569654,CTOI
255588086,TOI
255685030,TOI
255687874,CTOI
255704097,TOI
255735567,TOI
255756918,TOI
255760319,TOI
255768108,TOI
255780160,TOI
255851356,TOI
255861715,CTOI
255865833,TOI
255907107,TOI
255909950,TOI
255918903,TOI
255928426,TOI
255930614,TOI
255998336,TOI
256046749,TOI
256124756,TOI
256154857,TOI
256158543,TOI
256160376,CTOI
256326844,TOI
256349966,TOI
256364928,TOI
256414077,TOI
256418577,TOI
256429408,TOI
256516208,CTOI
256561562,TOI
256576519,TOI
256584532,TOI
256621916,TOI
256722647,TOI
256740442,CTOI
256741871,CTOI
256778317,TOI
256783400,TOI
256783784,TOI
256865091,CTOI
256867493,TOI
256871385,CTOI
256886630,TOI
256912435,CTOI
257022655,CTOI
257052211,TOI
257056367,TOI
257060897,TOI
257067559,TOI
257207557,TOI
257209699,CTOI
257241363,TOI
257300241,CTOI
257395093,CTOI
257430997,CTOI
257467784,TOI
257483992,CTOI
257520272,TOI
257527578,TOI
257531677,TOI
257554718,CTOI
257562160,TOI
257567854,TOI
257605131,TOI
257630285,CTOI
257648522,CTOI
257735212,CTOI
257774438,TOI
257803459,CTOI
257922326,TOI
258037656,TOI
258051471,TOI
258202132,KOI
258202133,KOI
258202336,KOI
258202396,KOI
258202719,KOI
258203160,KOI
258203303,KOI
258203463,KOI
258203566,KOI
258234731,TOI
258243070,CTOI
258279359,TOI
258348597,KOI
258349075,KOI
258349285,KOI
258349590,KOI
258349859,KOI
258349863,KOI
258350118,KOI
258389327,TOI
258402425,TOI
258409964,TOI
258510872,TOI
258514800,TOI
258548745,CTOI
258557847,TOI
258634801,TOI
258738570,TOI
258738667,TOI
258741560,TOI
258776466,TOI
258777134,TOI
258777137,TOI
258796169,TOI
258799245,CTOI
258801269,TOI
258804746,TOI
258822347,TOI
258829450,TOI
258871793,TOI
258917846,TOI
258918835,CTOI
258920431,TOI
258923475,CTOI
258940847,TOI
258983679,TOI
259099556,TOI
259100469,TOI
259126549,TOI
259129875,TOI
259151170,TOI
259165246,TOI
259168516,TOI
259172249,TOI
259172391,TOI
259188347,TOI
259230140,TOI
259233660,TOI
259238498,TOI
259274960,TOI
259319882,CTOI
259330386,TOI
259353953,TOI
259376845,CTOI
259377017,TOI
259381479,TOI
259389219,TOI
259391116,CTOI
259391480,CTOI
259409575,CTOI
259415341,TOI
259502942,TOI
259506033,TOI
259511357,TOI
259592689,TOI
259606227,TOI
259612303,CTOI
259701242,TOI
259708416,TOI
259784884,CTOI
259810421,TOI
259863352,TOI
259884973,TOI
259901731,TOI
259962054,TOI
260004324,TOI
260040728,TOI
260043723,TOI
260119000,CTOI
260120451,TOI
260128333,TOI
260130483,TOI
260132330,CTOI
260167199,CTOI
260189643,TOI
260271203,TOI
260298958,TOI
260304296,TOI
260304800,TOI
260366403,CTOI
260367888,TOI
260417932,TOI
260476837,TOI
260502102,CTOI
260504147,CTOI
260537454,TOI
260539542,TOI
260541432,TOI
260609205,TOI
260639999,CTOI
260640693,TOI
260647166,TOI
260655847,TOI
260657291,CTOI
260703820,CTOI
260708537,TOI
260749385,CTOI
260756218,CTOI
260761464,TOI
260767135,TOI
260776145,TOI
260797169,TOI
260849386,TOI
260908297,CTOI
260962960,TOI
260985861,TOI
261020738,TOI
261107974,CTOI
261108236,TOI
261135533,TOI
261136000,CTOI
261136679,TOI
261141602,TOI
261155038,CTOI
261192051,TOI
261257684,TOI
261258875,TOI
261261490,CTOI
261264800,TOI
261335113,CTOI
261369656,TOI
261646133,TOI
261679541,TOI
261680542,TOI
261745577,CTOI
261867566,TOI
262135904,TOI
262137985,TOI
262148317,TOI
262258341,TOI
262330063,TOI
262330726,CTOI
262435954,TOI
262456555,CTOI
262457587,TOI
262470965,TOI
262471759,TOI
262499797,TOI
262530407,TOI
262530780,TOI
262530873,TOI
262531275,TOI
262570313,CTOI
262584907,TOI
262592239,CTOI
262605715,CTOI
262662119,TOI
262689575,TOI
262715204,TOI
262725099,CTOI
262736264,TOI
262746281,TOI
262781201,TOI
262829328,TOI
262843259,TOI
262880065,TOI
262880826,TOI
262928973,TOI
263001560,CTOI
263003176,TOI
263074592,CTOI
263075864,TOI
263078716,CTOI
263179590,TOI
263203229,TOI
263207857,TOI
263218688,TOI
263486257,TOI
263601731,CTOI
263723781,TOI
263723967,TOI
263748033,TOI
264051559,CTOI
264052454,TOI
264159776,TOI
264171144,TOI
264173786,CTOI
264173803,TOI
264193444,TOI
264221104,CTOI
264223828,TOI
264295655,TOI
264301607,TOI
264303333,TOI
264318873,CTOI
264333501,CTOI
264407995,CTOI
264460005,TOI
264468702,TOI
264485594,CTOI
264507507,KOI
264507783,KOI
264507945,KOI
264508014,TOI
264508407,KOI
264508409,KOI
264508613,KOI
264508835,KOI
264509419,KOI
264509538,KOI
264537668,CTOI
264544388,TOI
264678534,TOI
264766922,CTOI
264912889,TOI
264979636,TOI
264986967,CTOI
265010875,TOI
265011923,TOI
265076459,TOI
265077027,TOI
265135454,CTOI
265146266,TOI
265242905,TOI
265279725,CTOI
265337761,CTOI
265340681,CTOI
265350422,TOI
265371495,CTOI
265453074,CTOI
265460043,TOI
265465927,CTOI
265466589,CTOI
265469420,CTOI
265489698,CTOI
265527315,CTOI
265612438,TOI
265613590,CTOI
265619984,TOI
265633507,TOI
265763792,CTOI
265887000,TOI
265888783,CTOI
265979849,TOI
266023807,TOI
266213232,TOI
266376971,CTOI
266401846,TOI
266425782,TOI
266441563,TOI
266486214,TOI
266488971,TOI
266500992,TOI
266593143,TOI
266609407,TOI
266680498,CTOI
266681013,CTOI
266688542,TOI
266772500,TOI
266813717,CTOI
266843799,TOI
266980320,TOI
266996791,CTOI
266998947,CTOI
267034895,CTOI
267093376,TOI
267185423,CTOI
267197567,TOI
267215820,TOI
267217069,CTOI
267263253,TOI
267364341,CTOI
267373896,TOI
267414551,TOI
267417544,CTOI
267484403,TOI
267484653,TOI
267489265,TOI
267527924,TOI
267536225,TOI
267539525,CTOI
267542728,CTOI
267545252,TOI
267545418,KOI
267561446,TOI
267569912,KOI
267569980,KOI
267570002,KOI
267570317,KOI
267570444,KOI
267572272,TOI
267574918,TOI
267608606,CTOI
267617257,TOI
267650535,TOI
267661228,CTOI
267666929,KOI
267667295,KOI
267667467,KOI
267667567,KOI
267667621,KOI
267667825,KOI
267667876,KOI
267667898,KOI
267667925,KOI
267669458,KOI
267669678,KOI
267669725,KOI
267671002,KOI
267671065,KOI
267671250,KOI
267671313,KOI
267672183,KOI
267672272,KOI
267672280,KOI
267672300,KOI
267672441,KOI
267673013,KOI
267673361,KOI
267673944,KOI
267674750,CTOI
267694283,TOI
267712001,TOI
267744730,KOI
267745569,KOI
267745797,KOI
267745858,KOI
267746315,KOI
267746440,KOI
267746795,KOI
267746941,KOI
267747012,KOI
267747030,KOI
267747398,KOI
267748803,KOI
267748934,KOI
267749117,KOI
267749287,KOI
267749620,KOI
267749690,KOI
267749737,KOI
267749745,KOI
267808774,TOI
267810289,TOI
267817947,TOI
267861788,TOI
267867517,TOI
267989336,KOI
267989524,KOI
267989857,KOI
267990461,KOI
267990657,KOI
267990703,KOI
267990725,KOI
267991182,KOI
267991349,KOI
268042363,TOI
268056989,KOI
268057162,KOI
268057257,KOI
268057716,KOI
268057998,KOI
268058008,KOI
268058024,KOI
268058119,KOI
268058880,KOI
268058937,KOI
268059018,KOI
268059072,KOI
268059087,KOI
268059107,KOI
268059179,KOI
268059376,KOI
268059384,KOI
268059718,KOI
268059746,KOI
268059777,KOI
268059835,KOI
268059873,KOI
268060194,KOI
268060310,KOI
268061883,KOI
268125229,TOI
268125683,CTOI
268143410,TOI
268155253,KOI
268157671,KOI
268157876,KOI
268159141,KOI
268159143,KOI
268159158,TOI
268159777,KOI
268159822,KOI
268159861,KOI
268160061,KOI
268160366,KOI
268160618,KOI
268165431,KOI
268165527,KOI
268165885,KOI
268166705,CTOI
268166718,KOI
268172361,TOI
268187322,TOI
268288436,KOI
268288485,KOI
268288563,KOI
268288669,KOI
268288682,KOI
268289279,KOI
268289462,KOI
268289475,KOI
268289480,KOI
268289486,KOI
268290940,CTOI
268297349,KOI
268297368,KOI
268297414,KOI
268297424,KOI
268297553,KOI
268297563,KOI
268297749,KOI
268297774,KOI
268298499,KOI
268299560,KOI
268300040,KOI
268301042,KOI
268301217,TOI
268301403,KOI
268302011,KOI
268302875,KOI
268302904,KOI
268304928,KOI
268304932,KOI
268304956,KOI
268305489,KOI
268306070,KOI
268306347,KOI
268307192,KOI
268308030,KOI
268309348,KOI
268309834,KOI
268311229,KOI
268311667,KOI
268311714,KOI
268334473,TOI
268371979,TOI
268372005,TOI
268379849,KOI
268380075,KOI
268380258,KOI
268380273,KOI
268380299,KOI
268380313,KOI
268380344,KOI
268380388,KOI
268380428,KOI
268380449,KOI
268380530,KOI
268381031,KOI
268381049,KOI
268381075,KOI
268381079,KOI
268381117,KOI
268381536,KOI
268381630,KOI
268381905,KOI
268382450,KOI
268382815,KOI
268382936,KOI
268382937,KOI
268382944,KOI
268382947,KOI
268382951,KOI
268383045,KOI
268383295,KOI
268383297,KOI
268383727,KOI
268383766,KOI
268383767,KOI
268383780,KOI
268383789,KOI
268383805,KOI
268384131,KOI
268385962,KOI
268386729,KOI
268386819,KOI
268387099,KOI
268387116,KOI
268387119,KOI
268387130,KOI
268387154,KOI
268387179,KOI
268387285,KOI
268389395,KOI
268389518,KOI
268389800,KOI
268390796,KOI
268391970,KOI
268403451,TOI
268405086,TOI
268439377,TOI
268456052,TOI
268481319,KOI
268482633,KOI
268482699,KOI
268483195,KOI
268483201,KOI
268483646,KOI
268483792,KOI
268484003,KOI
268484308,KOI
268484698,KOI
268485240,KOI
268485338,KOI
268486009,KOI
268486394,KOI
268486555,KOI
268486560,KOI
268491782,KOI
268492087,KOI
268492201,KOI
268492383,KOI
268496304,TOI
268529943,CTOI
268532343,TOI
268534931,CTOI
268603980,KOI
268604095,KOI
268604100,KOI
268604182,KOI
268604331,TOI
268604336,KOI
268604452,KOI
268605146,KOI
268605537,KOI
268606802,KOI
268606938,KOI
268606942,KOI
268608781,KOI
268609343,KOI
268610013,KOI
268610964,KOI
268611838,KOI
268612417,KOI
268612521,KOI
268643535,TOI
268644785,TOI
268689126,TOI
268703070,KOI
268703668,KOI
268704097,KOI
268704157,CTOI
268704766,KOI
268705050,KOI
268705216,KOI
268706521,KOI
268706881,KOI
268707422,KOI
268711054,KOI
268712158,KOI
268712987,KOI
268712995,KOI
268713285,KOI
268715575,KOI
268727719,TOI
268751095,CTOI
268766053,TOI
268816952,CTOI
268821390,KOI
268823307,TOI
268824046,KOI
268824746,KOI
268825846,KOI
268826424,KOI
268914377,TOI
268923794,KOI
268924036,TOI
268925742,KOI
268928669,KOI
268928986,KOI
268930573,KOI
268931079,KOI
268931174,KOI
268931334,KOI
268932150,KOI
268934915,KOI
268935452,KOI
268935519,KOI
269026108,KOI
269029092,KOI
269029100,KOI
269029175,KOI
269029314,KOI
269029623,KOI
269030207,KOI
269030366,KOI
269030429,KOI
269031095,KOI
269031183,KOI
269032792,KOI
269033054,KOI
269033061,KOI
269033446,CTOI
269033530,KOI
269034369,KOI
269034780,KOI
269034784,KOI
269035514,KOI
269043098,TOI
269077474,TOI
269102377,TOI
269119490,KOI
269120726,KOI
269120842,KOI
269120982,KOI
269120998,KOI
269122570,KOI
269123135,KOI
269123152,KOI
269123803,KOI
269123825,KOI
269130683,TOI
269190305,TOI
269217040,TOI
269231011,TOI
269238073,TOI
269243313,TOI
269249506,TOI
269262974,KOI
269263072,KOI
269263219,KOI
269263336,KOI
269263577,KOI
269263622,KOI
269263934,KOI
269264461,KOI
269264648,KOI
269264929,KOI
269264963,KOI
269264972,KOI
269265096,KOI
269265423,KOI
269265780,KOI
269266572,KOI
269269204,KOI
269269210,KOI
269269387,KOI
269269546,TOI
269269740,TOI
269270474,KOI
269270566,KOI
269270701,KOI
269270708,KOI
269270853,KOI
269271535,KOI
269271594,KOI
269278156,TOI
269330087,TOI
269333648,TOI
269341832,TOI
269343479,TOI
269356465,KOI
269356663,KOI
269357457,KOI
269357593,KOI
269372232,TOI
269400980,TOI
269424395,TOI
269439355,TOI
269450900,TOI
269488987,TOI
269509393,TOI
269514008,TOI
269519402,CTOI
269527403,CTOI
269558487,TOI
269568703,TOI
269698422,CTOI
269701147,TOI
269728501,TOI
269829384,CTOI
269838674,TOI
269849065,TOI
269850928,TOI
269859655,TOI
269861070,CTOI
269892793,TOI
269946653,CTOI
270022396,CTOI
270048796,TOI
270075071,TOI
270132709,TOI
270204383,CTOI
270219048,TOI
270238522,TOI
270260727,CTOI
270333769,TOI
270341214,TOI
270342589,TOI
270344835,CTOI
270347814,TOI
270348758,CTOI
270355392,TOI
270380593,TOI
270406298,TOI
270435047,TOI
270450687,CTOI
270456887,TOI
270457662,TOI
270462117,CTOI
270468559,TOI
270471065,TOI
270471727,CTOI
270472265,TOI
270494650,TOI
270507305,TOI
270515566,TOI
270516993,CTOI
270517353,KOI
270517432,KOI
270517911,KOI
270517920,KOI
270518202,KOI
270518284,KOI
270518958,KOI
270519063,KOI
270519396,KOI
270519604,KOI
270519768,KOI
270520098,KOI
270520431,KOI
270520765,KOI
270521099,KOI
270521167,KOI
270521354,KOI
270521439,KOI
270522064,KOI
270524193,KOI
270524312,KOI
270524335,KOI
270524453,KOI
270524688,KOI
270525371,KOI
270525372,KOI
270525440,KOI
270525576,KOI
270525748,KOI
270604417,TOI
270607438,KOI
270608550,KOI
270609055,KOI
270609214,KOI
270609265,KOI
270609323,KOI
270609412,KOI
270609457,KOI
270609465,KOI
270609489,KOI
270609625,KOI
270609683,KOI
270609921,KOI
270610053,KOI
270610735,KOI
270610748,KOI
270610816,KOI
270610916,KOI
270611154,KOI
270611164,KOI
270611314,KOI
270611401,KOI
270611599,KOI
270612012,KOI
270612188,KOI
270614801,KOI
270614872,KOI
270615037,KOI
270615136,KOI
270615728,KOI
270615751,KOI
270615772,KOI
270615845,KOI
270615849,KOI
270616095,KOI
270616168,KOI
270616245,KOI
270616541,KOI
270616616,KOI
270616766,KOI
270616795,KOI
270616796,KOI
270616814,KOI
270616815,KOI
270616817,KOI
270616870,KOI
270617233,KOI
270617362,KOI
270617871,KOI
270618175,KOI
270618239,CTOI
270618243,KOI
270618386,KOI
270618465,KOI
270618467,KOI
270618498,KOI
270619059,KOI
270619134,KOI
270619211,KOI
270619260,KOI
270619473,KOI
270619504,KOI
270619645,KOI
270649648,TOI
270651953,CTOI
270677031,TOI
270677759,CTOI
270679144,TOI
270695171,KOI
270695184,KOI
270695280,KOI
270695341,KOI
270696519,KOI
270696670,KOI
270697641,KOI
270697689,KOI
270698292,KOI
270698296,KOI
270698307,KOI
270698316,KOI
270698499,KOI
270698948,KOI
270699185,KOI
270699678,KOI
270700074,KOI
270700252,KOI
270700335,KOI
270700430,KOI
270700432,KOI
270700447,KOI
270700465,KOI
270700608,KOI
270700873,KOI
270701311,KOI
270704515,KOI
270704612,KOI
270704947,KOI
270705258,KOI
270705307,KOI
270705374,KOI
270705396,KOI
270705735,KOI
270706782,KOI
270707022,KOI
270707216,KOI
270707281,KOI
270716565,TOI
270779644,KOI
270779660,KOI
270780240,KOI
270780579,KOI
270781008,KOI
270781284,KOI
270781924,KOI
270781967,KOI
270781992,KOI
270782003,KOI
270782022,KOI
270782121,KOI
270782322,KOI
270786157,KOI
270787176,KOI
270787257,KOI
270787347,KOI
270787441,KOI
270787519,KOI
270787590,KOI
270787835,KOI
270788266,KOI
270788519,KOI
270788698,KOI
270789362,KOI
270789373,CTOI
270789861,KOI
270790035,KOI
270790087,KOI
270790094,KOI
270790313,KOI
270790611,KOI
270790652,KOI
270841724,TOI
270852850,KOI
270853274,KOI
270853996,KOI
270854155,KOI
270854231,KOI
270854411,KOI
270854423,KOI
270854684,KOI
270854714,KOI
270854718,KOI
270854941,KOI
270855033,KOI
270855116,KOI
270855122,KOI
270855140,KOI
270855161,KOI
270855171,KOI
270855225,KOI
270856122,KOI
270856764,KOI
270857144,KOI
270857274,KOI
270857293,KOI
270857590,KOI
270857795,KOI
270858032,KOI
270858146,KOI
270858212,KOI
270858355,KOI
270858444,KOI
270859762,KOI
270859841,KOI
270860098,KOI
270862497,KOI
270862960,KOI
270862963,KOI
270863266,KOI
270863269,KOI
270863276,KOI
270863324,KOI
270863495,KOI
270863576,KOI
270864283,KOI
270920839,CTOI
270947931,KOI
270948010,KOI
270948092,KOI
270948559,KOI
270948636,KOI
270949182,KOI
270951576,KOI
270951852,KOI
270951989,KOI
270952099,KOI
270952281,KOI
270952694,KOI
270953034,KOI
270953037,KOI
270954112,KOI
270954439,KOI
270954595,KOI
270954695,KOI
270955259,KOI
270955277,KOI
270955847,KOI
270956244,KOI
270956861,KOI
270957160,KOI
270957180,KOI
270957185,KOI
270957300,KOI
270957482,KOI
270957522,KOI
270957624,KOI
270957662,KOI
270957724,KOI
270957857,KOI
270957896,KOI
270958129,KOI
270958153,KOI
270958237,KOI
270959184,KOI
270959279,KOI
270959577,KOI
271013213,CTOI
271017537,TOI
271018382,CTOI
271035369,TOI
271039406,KOI
271039719,KOI
271039879,KOI
271040154,KOI
271040328,KOI
271040482,KOI
271040487,KOI
271040523,KOI
271040560,KOI
271040678,KOI
271040768,KOI
271040800,KOI
271040939,KOI
271040947,KOI
271040948,KOI
271040949,KOI
271040990,KOI
271041105,KOI
271041107,KOI
271041445,KOI
271041461,KOI
271041470,KOI
271041847,KOI
271041890,KOI
271041919,KOI
271042082,KOI
271042173,TOI
271042217,TOI
271043446,KOI
271043871,KOI
271043877,KOI
271044011,KOI
271044436,KOI
271044777,KOI
271044795,KOI
271046069,KOI
271046092,KOI
271046093,KOI
271046140,KOI
271046185,KOI
271046189,KOI
271046694,KOI
271046907,KOI
271046960,KOI
271047206,KOI
271047663,KOI
271047987,KOI
271048150,KOI
271050878,KOI
271051320,KOI
271051532,KOI
271051819,KOI
271051838,KOI
271051850,KOI
271051859,KOI
271052158,TOI
271158269,KOI
271158377,KOI
271158747,KOI
271158815,KOI
271158883,KOI
271158887,KOI
271159010,KOI
271159221,KOI
271159335,KOI
271159409,KOI
271159728,KOI
271159855,KOI
271159950,KOI
271160049,KOI
271160137,KOI
271160530,KOI
271160732,KOI
271160792,KOI
271160797,KOI
271162374,KOI
271162671,KOI
271162715,KOI
271163173,KOI
271163971,KOI
271164394,KOI
271164563,KOI
271164596,KOI
271164726,KOI
271164755,KOI
271164778,KOI
271164883,KOI
271165213,KOI
271165395,KOI
271165612,KOI
271165618,KOI
271165625,KOI
271165724,KOI
271165834,KOI
271165837,KOI
271165854,KOI
271165895,KOI
271165954,KOI
271165963,KOI
271166260,KOI
271166586,KOI
271166955,KOI
271167123,KOI
271167181,KOI
271167188,KOI
271167979,TOI
271168962,TOI
271169413,TOI
271239155,CTOI
271252857,KOI
271252996,KOI
271253308,KOI
271253611,KOI
271253816,KOI
271253848,KOI
271253957,KOI
271254057,KOI
271254127,KOI
271254131,KOI
271254243,KOI
271254531,KOI
271254553,KOI
271254559,KOI
271254909,KOI
271255182,KOI
271255205,KOI
271255413,KOI
271255614,KOI
271255793,KOI
271256422,KOI
271256468,KOI
271256631,KOI
271256817,KOI
271259220,KOI
271259535,KOI
271259677,KOI
271259894,KOI
271260089,KOI
271260482,KOI
271260844,KOI
271260980,KOI
271261135,KOI
271261159,KOI
271261426,KOI
271261974,KOI
271261991,KOI
271262203,KOI
271262320,KOI
271262916,KOI
271269442,CTOI
271307949,TOI
271346470,KOI
271346509,KOI
271346561,KOI
271347119,KOI
271347291,KOI
271347296,KOI
271347692,KOI
271347790,KOI
271347957,KOI
271348069,KOI
271348203,KOI
271348323,KOI
271348447,KOI
271348822,KOI
271348839,KOI
271348856,KOI
271349267,KOI
271349529,KOI
271349793,KOI
271349889,KOI
271349932,KOI
271350074,KOI
271350090,KOI
271350097,KOI
271350102,KOI
271350233,KOI
271350313,KOI
271350314,KOI
271350315,KOI
271350400,KOI
271350547,KOI
271351708,KOI
271351820,KOI
271351997,KOI
271352184,KOI
271352188,KOI
271352595,KOI
271352942,KOI
271353173,KOI
271353368,KOI
271353650,KOI
271353794,KOI
271354223,KOI
271354228,KOI
271354265,KOI
271354314,KOI
271354351,TOI
271354634,KOI
271354732,KOI
271354748,KOI
271354960,KOI
271355007,KOI
271355029,KOI
271355076,KOI
271355080,KOI
271355270,KOI
271355361,KOI
271355556,KOI
271355638,KOI
271355688,KOI
271356046,KOI
271356100,KOI
271369421,CTOI
271423874,KOI
271424083,KOI
271424111,TOI
271424136,KOI
271424281,KOI
271424357,KOI
271424432,KOI
271424481,KOI
271424488,KOI
271424499,KOI
271424511,KOI
271424521,KOI
271424552,KOI
271424562,KOI
271424654,KOI
271424660,KOI
271424691,KOI
271424795,KOI
271424827,KOI
271425111,KOI
271426134,KOI
271426138,KOI
271426281,KOI
271427581,KOI
271428166,KOI
271429577,KOI
271429722,KOI
271429814,KOI
271429948,KOI
271430011,KOI
271430260,KOI
271430330,KOI
271430768,KOI
271430806,KOI
271430808,KOI
271430815,KOI
271430816,KOI
271430916,KOI
271431531,KOI
271431593,KOI
271431617,KOI
271431851,TOI
271432005,KOI
271432096,KOI
271432895,KOI
271433079,KOI
271433110,KOI
271433274,KOI
271433774,KOI
271433874,KOI
271434183,KOI
271439193,TOI
271443321,CTOI
271478281,TOI
271486001,TOI
271491157,TOI
271537053,KOI
271537340,KOI
271537342,KOI
271537354,KOI
271537390,KOI
271537530,KOI
271537657,KOI
271537682,KOI
271537714,KOI
271537790,KOI
271538318,KOI
271538492,KOI
271538840,KOI
271538850,KOI
271539239,KOI
271539284,KOI
271539771,KOI
271539828,KOI
271540620,KOI
271540955,KOI
271541616,KOI
271541921,KOI
271541970,KOI
271541971,KOI
271542724,KOI
271542951,KOI
271544337,KOI
271544848,KOI
271545029,KOI
271545183,KOI
271545274,KOI
271545489,KOI
271545765,KOI
271545939,KOI
271546110,KOI
271546191,KOI
271546585,KOI
271546665,KOI
271546746,KOI
271546758,KOI
271546798,KOI
271546859,KOI
271547059,KOI
271547747,KOI
271547765,KOI
271547783,KOI
271547799,KOI
271547814,KOI
271547830,KOI
271547835,KOI
271547840,KOI
271547846,KOI
271547865,KOI
271547866,KOI
271547867,KOI
271547870,KOI
271547876,KOI
271547890,KOI
271547901,CTOI
271547902,KOI
271547915,KOI
271547923,KOI
271547945,KOI
271547961,KOI
271547973,KOI
271547982,KOI
271547996,KOI
271548206,KOI
271581073,TOI
271596225,TOI
271596418,TOI
271659054,KOI
271661839,KOI
271662352,KOI
271662432,KOI
271662473,KOI
271662623,KOI
271662781,KOI
271663114,KOI
271663125,KOI
271663183,KOI
271663194,KOI
271663198,KOI
271663411,KOI
271663670,KOI
271663787,KOI
271664297,KOI
271665015,KOI
271665352,KOI
271666640,KOI
271666873,KOI
271668072,KOI
271668161,KOI
271668223,KOI
271668265,KOI
271668459,KOI
271668809,KOI
271668967,KOI
271669080,KOI
271669275,KOI
271669592,KOI
271669616,KOI
271670989,KOI
271671025,KOI
271671386,KOI
271671688,KOI
271671969,KOI
271671992,KOI
271722899,TOI
271747067,TOI
271749758,TOI
271752221,KOI
271752560,KOI
271752574,KOI
271752712,KOI
271755153,KOI
271755676,CTOI
271757301,KOI
271758083,KOI
271758442,KOI
271758949,KOI
271759028,KOI
271759162,KOI
271760442,KOI
271760716,KOI
271760755,KOI
271761420,TOI
271761549,KOI
271762145,KOI
271762235,KOI
271762313,KOI
271762321,KOI
271762679,KOI
271763138,KOI
271763223,KOI
271763415,KOI
271763558,KOI
271765664,KOI
271765742,KOI
271766528,KOI
271767124,KOI
271767265,KOI
271767300,KOI
271768644,KOI
271768647,KOI
271768721,KOI
271769940,KOI
271769994,KOI
271770120,KOI
271770315,KOI
271772050,KOI
271772210,KOI
271772308,KOI
271772341,KOI
271773671,KOI
271773721,KOI
271773891,KOI
271773983,KOI
271773995,KOI
271774024,KOI
271774166,KOI
271774203,KOI
271806353,TOI
271873787,KOI
271874158,KOI
271874165,KOI
271874294,KOI
271876861,KOI
271877511,KOI
271877680,KOI
271877806,KOI
271877841,KOI
271877858,KOI
271877992,KOI
271878008,KOI
271880662,KOI
271880832,KOI
271881331,KOI
271881482,KOI
271882061,KOI
271882431,KOI
271882575,KOI
271882741,KOI
271884415,KOI
271885110,KOI
271885517,KOI
271885996,KOI
271886066,KOI
271886506,KOI
271886803,KOI
271891552,TOI
271893367,TOI
271900960,TOI
271956318,KOI
271956752,KOI
271956808,KOI
271957065,KOI
271957652,KOI
271957850,KOI
271957852,KOI
271958215,KOI
271958816,KOI
271958817,KOI
271958892,KOI
271958897,KOI
271959194,KOI
271959448,KOI
271959709,KOI
271959909,KOI
271960006,KOI
271960115,KOI
271960465,KOI
271960547,KOI
271960586,KOI
271960643,KOI
271960939,KOI
271961560,KOI
271962719,KOI
271962953,KOI
271963183,KOI
271963728,KOI
271963778,KOI
271963831,KOI
271964540,KOI
271964599,KOI
271964647,KOI
271965368,KOI
271965551,KOI
271965682,KOI
271965698,KOI
271966200,KOI
271966602,KOI
271966617,KOI
271966920,KOI
271967039,KOI
271967356,KOI
271968263,KOI
271968682,KOI
271969532,KOI
271969897,KOI
271970252,KOI
271970425,KOI
271970605,KOI
271970692,KOI
271971130,TOI
272049972,TOI
272050287,TOI
272071974,KOI
272071997,KOI
272071998,KOI
272073383,KOI
272073436,KOI
272073517,KOI
272074234,KOI
272074277,KOI
272074412,KOI
272074418,KOI
272074477,KOI
272074664,KOI
272074951,KOI
272075165,KOI
272075171,KOI
272075314,KOI
272078097,KOI
272078218,KOI
272078348,KOI
272078690,KOI
272078740,KOI
272079349,KOI
272079612,KOI
272080244,KOI
272080626,KOI
272080751,KOI
272080851,KOI
272080933,KOI
272083644,KOI
272083669,KOI
272083995,KOI
272084132,KOI
272084302,KOI
272084378,KOI
272084528,KOI
272084882,KOI
272084954,KOI
272084985,KOI
272085033,KOI
272086159,TOI
272125414,TOI
272146465,TOI
272167060,TOI
272172942,KOI
272173063,KOI
272173269,KOI
272173308,KOI
272173724,KOI
272173987,KOI
272174474,KOI
272174595,KOI
272175145,KOI
272175933,KOI
272177504,KOI
272177507,KOI
272177801,KOI
272178917,KOI
272178989,KOI
272179220,KOI
272179260,KOI
272179657,KOI
272179872,KOI
272179963,KOI
272180195,KOI
272180236,KOI
272180918,KOI
272180958,KOI
272181015,KOI
272181022,KOI
272183077,KOI
272183282,KOI
272183546,KOI
272183738,KOI
272183899,KOI
272184502,KOI
272185228,KOI
272185257,KOI
272185288,KOI
272211398,TOI
272212970,TOI
272213425,TOI
272218608,TOI
272219353,TOI
272236017,TOI
272251987,TOI
272269239,KOI
272269828,KOI
272270522,KOI
272270854,KOI
272270869,KOI
272270993,KOI
272270998,CTOI
272271077,KOI
272271112,KOI
272271262,KOI
272271533,KOI
272271664,KOI
272271983,KOI
272271986,KOI
272272013,KOI
272272235,KOI
272272410,KOI
272272509,KOI
272272564,KOI
272272806,KOI
272273398,KOI
272273518,KOI
272275278,KOI
272278272,KOI
272278293,KOI
272278496,KOI
272279290,KOI
272279644,KOI
272279981,KOI
272280438,KOI
272281035,KOI
272281700,KOI
272281706,KOI
272282253,KOI
272282314,KOI
272357134,CTOI
272363389,KOI
272363635,KOI
272363671,KOI
272363738,KOI
272363918,KOI
272364186,KOI
272364205,KOI
272364210,KOI
272366743,KOI
272366748,TOI
272366788,KOI
272368204,KOI
272368214,KOI
272368238,KOI
272368764,KOI
272369124,KOI
272369286,KOI
272369550,KOI
272369729,KOI
272369868,KOI
272369909,KOI
272370814,KOI
272371082,KOI
272371255,KOI
272371360,KOI
272371388,KOI
272371438,KOI
272371595,KOI
272371602,KOI
272372189,KOI
272372621,KOI
272372635,KOI
272372834,KOI
272373145,KOI
272374224,KOI
272374738,KOI
272375172,KOI
272375343,KOI
272375387,KOI
272375892,KOI
272376022,KOI
272376054,KOI
272376381,KOI
272430494,CTOI
272432070,CTOI
272484616,KOI
272484980,KOI
272485013,KOI
272487287,KOI
272487428,KOI
272487801,KOI
272487856,KOI
272488531,KOI
272488625,KOI
272489074,KOI
272489100,KOI
272489221,KOI
272489243,KOI
272489294,KOI
272489351,KOI
272489533,KOI
272489594,KOI
272489623,KOI
272490022,KOI
272490079,KOI
272490164,KOI
272490211,KOI
272490653,KOI
272491028,KOI
272491083,KOI
272491864,KOI
272491981,KOI
272495993,KOI
272496083,KOI
272519426,TOI
272596372,KOI
272596414,KOI
272596598,KOI
272597130,KOI
272597196,KOI
272597396,KOI
272597692,KOI
272597853,KOI
272598447,KOI
272598843,KOI
272599610,KOI
272599807,KOI
272600043,KOI
272600047,KOI
272600074,KOI
272600222,KOI
272600463,KOI
272600471,KOI
272600589,KOI
272600622,KOI
272600658,KOI
272600680,KOI
272601000,KOI
272601291,KOI
272601375,KOI
272601590,KOI
272601878,KOI
272602450,KOI
272602454,KOI
272602477,KOI
272605867,KOI
272605910,KOI
272606087,KOI
272606393,KOI
272606395,KOI
272606648,KOI
272607194,KOI
272607205,KOI
272607420,KOI
272607576,KOI
272608399,KOI
272608639,KOI
272608845,KOI
272609241,KOI
272609249,KOI
272609261,KOI
272609383,KOI
272609392,KOI
272609861,KOI
272609989,KOI
272625214,TOI
272635712,TOI
272636742,CTOI
272645619,TOI
272670038,TOI
272672133,TOI
272679240,TOI
272705912,KOI
272706044,KOI
272706766,KOI
272706788,KOI
272707494,KOI
272707711,TOI
272707762,KOI
272708009,KOI
272708868,KOI
272709257,KOI
272709347,KOI
272709564,KOI
272713289,KOI
272713732,KOI
272713850,KOI
272714552,KOI
272714715,KOI
272715070,KOI
272715773,KOI
272716143,KOI
272716209,KOI
272716365,KOI
272716573,KOI
272716582,KOI
272716728,KOI
272716963,KOI
272717129,KOI
272717163,KOI
272717498,KOI
272717543,KOI
272717834,KOI
272718539,KOI
272718764,KOI
272719092,KOI
272719153,KOI
272719408,KOI
272719652,KOI
272719667,KOI
272720007,KOI
272720444,KOI
272720451,KOI
272720454,KOI
272720488,KOI
272758199,TOI
272768631,TOI
272782321,TOI
272782368,TOI
272785423,TOI
272828463,TOI
272829240,TOI
272836943,KOI
272837530,KOI
272837755,KOI
272838001,KOI
272838115,KOI
272838324,KOI
272838698,KOI
272839370,KOI
272839596,KOI
272840024,KOI
272840455,TOI
272840512,KOI
272840695,KOI
272841043,KOI
272841223,KOI
272841237,KOI
272841734,KOI
272841759,KOI
272841772,KOI
272841956,KOI
272842046,KOI
272842181,KOI
272842214,KOI
272842268,KOI
272842291,KOI
272842887,KOI
272843045,KOI
272843079,KOI
272843095,KOI
272843289,KOI
272843680,KOI
272843691,KOI
272843763,KOI
272844320,KOI
272844326,KOI
272844987,KOI
272845115,KOI
272845225,KOI
272845284,KOI
272845315,KOI
272845524,KOI
272845625,KOI
272845642,KOI
272845785,KOI
272845853,KOI
272885406,TOI
272938824,KOI
272939267,KOI
272939314,KOI
272939887,KOI
272940104,KOI
272940868,KOI
272941732,KOI
272941917,KOI
272941955,KOI
272942040,KOI
272942100,KOI
272942353,KOI
272942689,KOI
272942844,KOI
272942956,KOI
272943597,KOI
272944301,KOI
272944965,KOI
272944990,KOI
272945038,KOI
272945092,KOI
272945096,KOI
272945156,KOI
272945350,KOI
272945408,KOI
272945607,KOI
272948006,KOI
272950261,KOI
272951759,KOI
272983172,TOI
272994016,TOI
273035111,KOI
273035117,KOI
273035124,KOI
273035189,KOI
273035393,KOI
273035623,KOI
273035649,KOI
273035654,KOI
273035904,KOI
273035907,KOI
273036122,KOI
273036401,KOI
273038260,KOI
273038334,KOI
273042281,KOI
273042299,KOI
273042548,KOI
273042551,KOI
273042561,KOI
273042650,KOI
273042952,KOI
273042993,KOI
273043033,KOI
273043054,KOI
273043224,KOI
273043306,KOI
273043307,KOI
273043381,KOI
273043427,KOI
273043474,KOI
273044292,KOI
273044808,KOI
273044815,KOI
273044848,KOI
273045012,KOI
273045068,KOI
273045125,KOI
273045210,KOI
273045212,KOI
273045314,KOI
273045321,KOI
273045481,KOI
273046026,KOI
273046164,KOI
273046564,KOI
273046753,KOI
273046850,KOI
273047049,KOI
273047111,KOI
273047207,KOI
273047792,KOI
273048477,KOI
273048480,KOI
273069412,TOI
273129461,KOI
273129532,KOI
273129679,KOI
273129769,KOI
273130070,KOI
273130396,KOI
273130507,KOI
273130565,KOI
273130954,KOI
273131021,KOI
273131025,KOI
273131063,KOI
273131341,KOI
273131562,KOI
273131564,KOI
273131793,KOI
273131845,KOI
273131851,KOI
273132364,KOI
273132397,KOI
273132446,KOI
273132513,KOI
273132601,KOI
273132618,KOI
273132699,KOI
273133064,KOI
273137870,KOI
273138436,KOI
273138666,KOI
273139160,KOI
273139354,KOI
273140687,KOI
273140993,KOI
273141643,KOI
273142003,KOI
273142174,KOI
273143229,KOI
273231214,TOI
273231215,KOI
273231356,KOI
273231371,KOI
273231378,KOI
273231380,KOI
273231757,KOI
273231849,KOI
273234419,KOI
273234664,KOI
273234825,TOI
273236458,KOI
273236995,KOI
273237673,KOI
273238089,KOI
273238141,KOI
273238577,KOI
273238809,KOI
273242472,KOI
273242639,KOI
273242845,KOI
273270473,TOI
273371179,KOI
273372402,KOI
273372570,KOI
273372823,KOI
273372840,KOI
273372875,KOI
273372925,KOI
273373114,KOI
273373488,KOI
273373582,KOI
273373648,KOI
273373712,KOI
273374477,KOI
273374617,KOI
273375249,KOI
273375517,KOI
273375608,KOI
273375793,KOI
273376026,KOI
273376048,KOI
273376082,KOI
273376221,KOI
273376669,KOI
273376720,KOI
273377137,KOI
273377282,KOI
273377879,KOI
273377966,KOI
273378026,KOI
273378429,KOI
273378474,KOI
273378480,KOI
273378774,KOI
273378908,KOI
273378935,KOI
273379170,KOI
273379486,KOI
273379660,KOI
273379700,KOI
273380006,KOI
273380259,KOI
273382627,KOI
273383120,KOI
273383635,KOI
273418421,TOI
273499084,KOI
273499639,KOI
273499989,KOI
273500043,KOI
273500269,KOI
273500946,KOI
273501159,KOI
273501591,KOI
273501820,KOI
273501823,KOI
273501851,KOI
273502299,KOI
273505256,KOI
273505290,KOI
273505466,KOI
273505616,KOI
273506036,KOI
273506597,KOI
273506717,KOI
273506753,KOI
273507060,KOI
273507543,KOI
273507575,KOI
273510170,KOI
273510392,KOI
273574140,KOI
273574154,KOI
273574826,KOI
273575230,KOI
273581286,KOI
273581650,KOI
273582296,KOI
273582656,KOI
273583129,KOI
273583526,KOI
273584090,KOI
273584463,KOI
273588266,KOI
273589458,KOI
273590427,KOI
273591376,KOI
273591945,KOI
273591956,KOI
273592175,KOI
273592336,KOI
273592350,KOI
273592980,KOI
273592997,KOI
273594115,KOI
273594468,KOI
273594808,KOI
273595982,KOI
273596059,KOI
273681023,KOI
273681243,KOI
273681375,KOI
273681486,KOI
273681580,KOI
273681868,KOI
273682152,KOI
273682225,KOI
273682621,KOI
273682681,KOI
273682897,KOI
273684056,KOI
273684499,KOI
273685050,KOI
273685548,KOI
273685642,KOI
273687627,KOI
273688482,KOI
273688701,KOI
273690178,TOI
273690208,KOI
273690421,KOI
273694685,KOI
273694712,KOI
273694735,KOI
273695332,TOI
273772523,KOI
273772533,KOI
273772763,KOI
273772764,KOI
273773509,KOI
273774284,TOI
273776523,KOI
273776686,KOI
273777137,KOI
273778014,KOI
273778951,KOI
273779640,KOI
273780062,TOI
273782425,KOI
273786694,KOI
273792220,CTOI
273850708,TOI
273856464,CTOI
273858602,CTOI
273861354,CTOI
273865354,KOI
273865804,KOI
273865846,KOI
273865996,KOI
273866337,KOI
273867746,KOI
273867774,KOI
273868242,KOI
273868474,KOI
273870600,KOI
273871123,KOI
273871482,KOI
273872338,KOI
273872843,KOI
273872938,KOI
273873029,KOI
273873168,KOI
273873718,KOI
273874791,KOI
273874849,TOI
273874851,KOI
273875149,KOI
273875197,KOI
273875204,KOI
273875270,KOI
273875635,KOI
273876171,KOI
273876595,KOI
273877137,KOI
273877278,KOI
273985865,TOI
274002141,TOI
274017513,TOI
274017990,KOI
274019503,KOI
274020427,KOI
274020586,KOI
274020593,KOI
274020682,KOI
274020852,KOI
274020907,KOI
274021414,KOI
274021617,KOI
274021993,KOI
274022334,KOI
274022507,KOI
274023086,KOI
274024204,KOI
274024447,KOI
274024594,KOI
274030824,KOI
274030932,KOI
274030938,KOI
274031155,KOI
274031725,KOI
274032309,KOI
274036048,CTOI
274057129,TOI
274075364,TOI
274118253,KOI
274118380,KOI
274118461,KOI
274118974,KOI
274119282,KOI
274119369,KOI
274119497,KOI
274120388,KOI
274122380,TOI
274126997,KOI
274127693,KOI
274128106,KOI
274128291,KOI
274128556,KOI
274128975,KOI
274129522,KOI
274129952,KOI
274131364,KOI
274137295,TOI
274138511,TOI
274149220,CTOI
274150793,CTOI
274151135,TOI
274170255,TOI
274193763,TOI
274194927,TOI
274197950,KOI
274198139,KOI
274198308,KOI
274198319,KOI
274198407,TOI
274198794,KOI
274198958,KOI
274199420,KOI
274199583,KOI
274199595,KOI
274199623,KOI
274200752,KOI
274211741,CTOI
274215536,TOI
274223601,TOI
274367763,TOI
274411493,TOI
274472658,TOI
274508785,CTOI
274545328,TOI
274599700,TOI
274641986,TOI
274662200,TOI
274762761,TOI
274804678,CTOI
274812877,CTOI
274911400,TOI
274911536,TOI
274942910,TOI
274948663,CTOI
274974693,TOI
275083922,CTOI
275103817,CTOI
275111900,TOI
275179540,CTOI
275180352,CTOI
275248683,TOI
275267824,CTOI
275384718,TOI
275419866,CTOI
275421144,TOI
275486719,KOI
275486985,KOI
275487149,KOI
275488134,KOI
275488141,KOI
275488151,CTOI
275488165,KOI
275488493,KOI
275488989,KOI
275489167,KOI
275489237,KOI
275489982,KOI
275490004,KOI
275490034,KOI
275490095,KOI
275490218,KOI
275490272,KOI
275490384,KOI
275490412,KOI
275490496,KOI
275490554,KOI
275490723,KOI
275491028,KOI
275491070,KOI
275493574,KOI
275494505,KOI
275494538,KOI
275494550,KOI
275494704,KOI
275494714,KOI
275494853,KOI
275495396,KOI
275495595,KOI
275495689,KOI
275495856,KOI
275495914,KOI
275495953,KOI
275496016,KOI
275496100,KOI
275496110,KOI
275496382,KOI
275496436,KOI
275496654,KOI
275496916,KOI
275496945,KOI
275501623,TOI
275527293,TOI
275548876,CTOI
275562670,TOI
275567969,KOI
275568007,KOI
275568238,KOI
275568400,KOI
275568922,KOI
275568959,KOI
275569511,KOI
275569674,KOI
275569784,KOI
275570163,KOI
275570329,CTOI
275571034,KOI
275571117,KOI
275573139,KOI
275573199,KOI
275573295,KOI
275573429,KOI
275573524,KOI
275573667,KOI
275573748,KOI
275573755,CTOI
275574158,KOI
275574174,KOI
275574220,KOI
275574231,KOI
275574236,KOI
275574391,KOI
275575013,KOI
275575023,KOI
275575241,KOI
275575346,KOI
275575353,KOI
275575358,KOI
275575361,KOI
275575491,KOI
275575525,KOI
275575662,KOI
275575733,KOI
275575737,KOI
275575743,KOI
275576105,KOI
275576171,KOI
275576176,KOI
275614831,CTOI
275702126,TOI
275703182,TOI
275703185,CTOI
275717567,TOI
275722992,TOI
275758701,TOI
275878706,CTOI
275887811,TOI
276128561,TOI
276250096,TOI
276360911,TOI
276376289,TOI
276380902,TOI
276381737,TOI
276385231,TOI
276647494,TOI
276704866,TOI
276735500,TOI
276909255,TOI
276915898,CTOI
276922692,TOI
277014266,TOI
277021897,CTOI
277034534,TOI
277039287,TOI
277099925,TOI
277103955,TOI
277128619,TOI
277324701,CTOI
277329402,TOI
277447970,TOI
277499689,TOI
277505161,TOI
277507814,TOI
277538491,TOI
277566483,TOI
277634430,TOI
277649549,CTOI
277683130,TOI
277697921,TOI
277712294,CTOI
277735964,CTOI
277748419,CTOI
277802975,CTOI
277833423,TOI
277833995,TOI
277853911,TOI
277871306,TOI
277890574,TOI
277987172,TOI
278105308,TOI
278138619,TOI
278196907,TOI
278198753,TOI
278199150,CTOI
278199349,TOI
278341415,CTOI
278348461,TOI
278415929,TOI
278525028,TOI
278536652,CTOI
278540265,TOI
278623780,TOI
278661431,CTOI
278664649,CTOI
278666476,TOI
278668358,TOI
278683641,CTOI
278683844,TOI
278726770,TOI
278775625,TOI
278784173,CTOI
278821913,TOI
278825345,CTOI
278862750,TOI
278866211,TOI
278892590,TOI
278895705,TOI
278968371,TOI
278988097,TOI
278988794,CTOI
278990954,CTOI
279070369,CTOI
279095914,TOI
279177746,TOI
279179610,TOI
279212407,TOI
279251651,TOI
279265701,TOI
279314488,CTOI
279322914,CTOI
279327604,TOI
279331929,TOI
279383896,TOI
279401253,CTOI
279425357,TOI
279472966,TOI
279494608,CTOI
279514271,TOI
279528230,TOI
279605855,TOI
279725262,TOI
279727635,CTOI
279740441,TOI
279741379,TOI
279769094,TOI
279787356,CTOI
279844786,KOI
279851358,TOI
279856297,CTOI
279862481,CTOI
279871772,TOI
279911561,KOI
279911915,KOI
279912035,KOI
279912260,KOI
279912311,KOI
279912421,KOI
279912475,KOI
279912822,KOI
279913214,KOI
279913242,KOI
279913248,KOI
279913347,KOI
279913387,KOI
279913431,KOI
279913513,KOI
279913579,KOI
279913760,KOI
279913830,KOI
279913846,KOI
279913849,KOI
279915288,KOI
279915521,KOI
279915745,KOI
279915941,KOI
279916922,KOI
279917005,KOI
279917186,KOI
279917282,KOI
279917677,KOI
279917678,KOI
279917862,KOI
279917996,KOI
279918140,KOI
279918148,KOI
279918206,KOI
279918401,KOI
279918563,KOI
279918597,KOI
279918674,KOI
279918702,KOI
279918915,KOI
279918978,KOI
279920478,TOI
279922257,TOI
279947414,TOI
279982557,TOI
279989567,TOI
279999655,TOI
280024247,TOI
280031353,TOI
280035202,TOI
280095254,TOI
280096473,TOI
280097543,TOI
280206394,TOI
280210963,TOI
280212554,TOI
280215684,CTOI
280254984,TOI
280292434,TOI
280304556,TOI
280307604,TOI
280315875,TOI
280437559,TOI
280613644,CTOI
280614628,CTOI
280627094,CTOI
280645209,TOI
280647591,TOI
280655495,TOI
280692653,CTOI
280726137,TOI
280803800,TOI
280803912,CTOI
280803917,TOI
280830734,TOI
280857321,TOI
280865159,TOI
280980464,CTOI
281100535,TOI
281118572,TOI
281143479,CTOI
281190674,CTOI
281196902,TOI
281225729,TOI
281242007,TOI
281286325,TOI
281408474,TOI
281459670,TOI
281461138,CTOI
281489322,TOI
281541545,TOI
281541555,TOI
281575427,TOI
281596890,TOI
281599144,CTOI
281650462,CTOI
281666033,TOI
281710229,TOI
281716779,TOI
281731203,TOI
281781375,TOI
281815702,TOI
281837575,TOI
281851658,CTOI
281885301,TOI
281909674,TOI
281924357,TOI
281979481,TOI
281987399,TOI
282091492,TOI
282091493,TOI
282102605,TOI
282113152,TOI
282221346,TOI
282272435,CTOI
282485660,TOI
282498590,TOI
282502866,CTOI
282505014,CTOI
282576340,TOI
282701278,TOI
282794970,TOI
282830436,CTOI
282883628,CTOI
282890159,TOI
282926264,CTOI
282935857,TOI
282940781,TOI
283015592,TOI
283027405,CTOI
283165117,TOI
283224968,CTOI
283303192,TOI
283307274,TOI
283419843,TOI
283471501,TOI
283474780,TOI
283477114,CTOI
283605976,TOI
283621618,TOI
283631762,CTOI
283665218,TOI
283702603,TOI
283722336,TOI
283759999,TOI
283786459,CTOI
283829553,TOI
283845022,TOI
283884522,TOI
284050395,TOI
284122875,TOI
284124227,CTOI
284160132,CTOI
284173938,TOI
284174392,TOI
284185699,CTOI
284188533,CTOI
284206913,TOI
284254253,TOI
284288080,TOI
284288093,TOI
284300833,TOI
284305328,TOI
284326455,TOI
284361752,TOI
284418751,TOI
284441182,TOI
284450803,TOI
284454822,TOI
284475976,TOI
284477310,TOI
284528889,TOI
284564211,CTOI
284564230,TOI
284567761,CTOI
284570702,CTOI
284575436,CTOI
284592754,TOI
284592989,TOI
284611896,CTOI
284660935,TOI
284677262,CTOI
284679064,TOI
284679244,CTOI
284680370,CTOI
284688043,TOI
284706890,CTOI
284738182,TOI
284747017,TOI
284760740,TOI
284801448,CTOI
284859630,TOI
284900292,TOI
284910127,CTOI
284990199,CTOI
285048486,TOI
285094173,TOI
285233023,TOI
285233653,CTOI
285248964,CTOI
285249796,CTOI
285272237,TOI
285328782,TOI
285354178,TOI
285466025,TOI
285468374,CTOI
285505979,TOI
285507262,CTOI
285524410,TOI
285526706,TOI
285542903,TOI
285543785,TOI
285592400,TOI
285666479,TOI
285671982,CTOI
285674856,TOI
285677945,TOI
286000547,TOI
286080865,TOI
286094277,TOI
286097964,CTOI
286099128,TOI
286132427,TOI
286152207,TOI
286153328,TOI
286201103,TOI
286355915,TOI
286382849,TOI
286545058,TOI
286561122,TOI
286696848,TOI
286696849,TOI
286712787,TOI
286763141,TOI
286813592,TOI
286835453,CTOI
286857537,TOI
286864983,TOI
286865921,TOI
286916251,TOI
286923464,TOI
286923515,TOI
286951368,TOI
286969201,CTOI
287080092,TOI
287139872,TOI
287145649,TOI
287152495,TOI
287156968,TOI
287190564,TOI
287191183,TOI
287196418,TOI
287203477,CTOI
287204963,CTOI
287207371,TOI
287225295,TOI
287231664,TOI
287231788,CTOI
287256467,TOI
287258907,CTOI
287268770,TOI
287326127,TOI
287328202,TOI
287328866,CTOI
287329267,TOI
287351976,CTOI
287444302,TOI
287474726,TOI
287494667,TOI
287563610,TOI
287584141,TOI
287591638,TOI
287643871,TOI
287721202,TOI
287768299,TOI
287776397,TOI
287863314,TOI
287934343,TOI
287948915,TOI
287959034,TOI
288074517,CTOI
288132261,TOI
288144647,TOI
288160753,CTOI
288162228,TOI
288185138,TOI
288224503,TOI
288240183,CTOI
288242606,TOI
288246496,TOI
288348498,TOI
288391628,TOI
288405412,CTOI
288421619,TOI
288428649,TOI
288434231,TOI
288471040,TOI
288471046,TOI
288512113,CTOI
288516853,TOI
288612903,TOI
288631580,TOI
288636342,TOI
288636599,TOI
288671122,TOI
288735205,TOI
288800710,CTOI
288953213,CTOI
288953761,TOI
288982337,CTOI
289047954,TOI
289076007,TOI
289078206,CTOI
289100911,TOI
289125016,TOI
289163854,CTOI
289164482,TOI
289218489,TOI
289264348,TOI
289307883,TOI
289313987,TOI
289316336,TOI
289345412,TOI
289371153,CTOI
289373041,TOI
289382659,CTOI
289389326,TOI
289441015,TOI
289445553,TOI
289457941,CTOI
289505441,CTOI
289535142,TOI
289539327,TOI
289542816,CTOI
289568596,CTOI
289574465,TOI
289580577,TOI
289584752,CTOI
289590465,TOI
289596640,CTOI
289624436,CTOI
289661991,TOI
289666986,TOI
289679597,CTOI
289718679,CTOI
289772905,CTOI
289793076,TOI
289840544,CTOI
289895191,TOI
289910047,CTOI
289931756,TOI
289947860,CTOI
289988797,TOI
290005350,KOI
290032428,KOI
290032648,KOI
290032762,KOI
290033537,KOI
290033579,KOI
290033595,KOI
290034417,KOI
290034561,KOI
290034635,KOI
290034673,KOI
290034746,KOI
290034753,KOI
290034885,KOI
290034960,KOI
290035086,KOI
290035378,KOI
290035455,KOI
290035544,KOI
290035560,KOI
290035566,KOI
290035579,KOI
290035592,KOI
290035649,KOI
290035758,KOI
290036495,TOI
290044434,CTOI
290048573,CTOI
290049697,CTOI
290131778,TOI
290165539,CTOI
290263093,TOI
290302097,TOI
290302491,TOI
290308758,TOI
290337456,TOI
290348382,TOI
290348383,TOI
290388627,TOI
290403522,TOI
290407621,TOI
290415036,TOI
290504044,TOI
290557229,CTOI
290596726,CTOI
290596728,CTOI
290686569,CTOI
290777444,TOI
291013124,TOI
291016451,TOI
291109653,TOI
291147951,TOI
291198795,TOI
291332861,TOI
291465998,TOI
291469139,TOI
291471222,TOI
291517604,TOI
291555748,TOI
291580615,TOI
291639913,CTOI
291668351,TOI
291685334,TOI
291732201,TOI
291751373,TOI
291857895,TOI
291976834,TOI
292023054,TOI
292152376,TOI
292202337,TOI
292221593,TOI
292319626,CTOI
292321872,TOI
292349703,TOI
292469572,TOI
292477426,TOI
292719109,CTOI
292777663,CTOI
292797572,TOI
292852583,TOI
292889298,TOI
293075732,TOI
293143386,CTOI
293187375,CTOI
293267224,TOI
293407882,TOI
293432942,TOI
293435336,TOI
293457754,TOI
293480903,CTOI
293514367,TOI
293527670,TOI
293547742,TOI
293566396,CTOI
293567206,TOI
293579773,CTOI
293607057,TOI
293612446,TOI
293617835,TOI
293631908,CTOI
293649602,CTOI
293687315,TOI
293689267,CTOI
293708935,TOI
293743169,TOI
293845053,CTOI
293853437,TOI
293855630,CTOI
293880523,TOI
293893405,CTOI
293931909,TOI
293949992,TOI
293954617,TOI
293978434,TOI
293991511,CTOI
294090620,TOI
294097549,CTOI
294097592,TOI
294173437,TOI
294176967,TOI
294179385,TOI
294179389,TOI
294194145,CTOI
294216479,CTOI
294283951,TOI
294295243,TOI
294301883,TOI
294309873,TOI
294315741,TOI
294324819,TOI
294350792,TOI
294365631,TOI
294385899,TOI
294394558,TOI
294395926,TOI
294434193,TOI
294471966,TOI
294497466,TOI
294500964,TOI
294501647,CTOI
294594423,TOI
294599100,TOI
294691204,TOI
294765664,CTOI
294768072,TOI
294780517,TOI
294781547,TOI
294869729,TOI
294904059,TOI
294981566,TOI
295093397,TOI
295117707,CTOI
295176393,CTOI
295233473,TOI
295312916,TOI
295354126,TOI
295413003,TOI
295440174,CTOI
295507430,TOI
295541511,TOI
295562522,TOI
295593712,TOI
295599256,TOI
295807723,TOI
295947393,TOI
296327387,TOI
296354161,TOI
296461391,TOI
296670796,TOI
296737508,TOI
296739893,TOI
296780789,TOI
296850254,TOI
296859112,CTOI
296863792,CTOI
296898634,TOI
297021046,CTOI
297148017,TOI
297153209,TOI
297361900,TOI
297413553,TOI
297457992,TOI
297668572,TOI
297701617,CTOI
297853363,TOI
297901049,CTOI
297924888,TOI
297950791,TOI
297967252,TOI
298049015,TOI
298070500,TOI
298071018,CTOI
298073824,TOI
298074043,TOI
298074836,TOI
298077526,CTOI
298164705,TOI
298189225,TOI
298189384,TOI
298206077,TOI
298264260,TOI
298291597,TOI
298292983,CTOI
298297931,TOI
298372701,TOI
298428237,TOI
298437387,TOI
298495970,TOI
298600443,TOI
298647682,TOI
298658399,TOI
298659608,CTOI
298663873,TOI
298666530,TOI
298729646,TOI
298733630,CTOI
298752252,TOI
298776943,TOI
298784683,KOI
298785034,KOI
298785215,KOI
298785515,KOI
298785738,KOI
298787354,KOI
298787436,KOI
298829544,TOI
298830630,CTOI
298833475,KOI
298834019,KOI
298834402,KOI
298836002,KOI
298836607,KOI
298837598,KOI
298837729,KOI
298837764,KOI
298892283,KOI
298896336,KOI
298896915,KOI
298897095,TOI
298897096,KOI
298897813,KOI
298897851,KOI
298897924,KOI
298902727,KOI
298902728,KOI
298946836,TOI
298961646,KOI
298961716,KOI
298961802,KOI
298962224,KOI
298962633,KOI
298963419,KOI
298964574,KOI
298964661,KOI
298964721,KOI
298965827,KOI
298966021,KOI
298968155,KOI
298968350,KOI
298968615,KOI
298969298,KOI
298969745,KOI
298969755,KOI
298969838,KOI
298969976,KOI
298981199,TOI
299023386,TOI
299028117,KOI
299028272,KOI
299028577,KOI
299028607,KOI
299028681,KOI
299029127,KOI
299029211,KOI
299029223,KOI
299029323,KOI
299030033,KOI
299030246,KOI
299030247,KOI
299030528,KOI
299030543,KOI
299030771,KOI
299030838,KOI
299032517,KOI
299032847,KOI
299033074,KOI
299033092,KOI
299033164,KOI
299087473,KOI
299087490,TOI
299087630,KOI
299087677,KOI
299087968,KOI
299088476,KOI
299088490,KOI
299088495,KOI
299089212,KOI
299089415,KOI
299089587,KOI
299089652,TOI
299090027,KOI
299090095,KOI
299090471,KOI
299096344,KOI
299096355,KOI
299096985,KOI
299097132,KOI
299097243,KOI
299097248,KOI
299097354,KOI
299153388,KOI
299153427,KOI
299154193,KOI
299154243,KOI
299154269,KOI
299154544,KOI
299154631,KOI
299154637,KOI
299154713,KOI
299156332,KOI
299156353,KOI
299156496,KOI
299156812,KOI
299157012,KOI
299158566,KOI
299158887,TOI
299159378,KOI
299159787,KOI
299159803,KOI
299160245,KOI
299160256,KOI
299160278,KOI
299160305,KOI
299160628,KOI
299161330,KOI
299161524,KOI
299161543,KOI
299176311,TOI
299176845,CTOI
299217445,KOI
299217760,KOI
299217801,KOI
299217895,KOI
299217986,KOI
299218031,KOI
299218299,KOI
299218362,KOI
299218775,KOI
299218776,KOI
299218896,KOI
299219025,KOI
299219860,KOI
299220166,TOI
299222403,KOI
299551666,TOI
299739645,CTOI
299780329,TOI
299798795,TOI
299799658,TOI
299876474,TOI
299897516,TOI
299945285,TOI
300011941,TOI
300013489,CTOI
300013921,TOI
300038935,TOI
300116105,CTOI
300142607,CTOI
300202855,CTOI
300204369,TOI
300291839,CTOI
300293197,TOI
300324610,CTOI
300362600,CTOI
300381700,TOI
300394149,CTOI
300448520,CTOI
300557619,TOI
300560295,CTOI
300579472,TOI
300599466,TOI
300604770,TOI
300710077,TOI
300810086,TOI
300812741,TOI
300871545,TOI
300903537,CTOI
301035553,TOI
301051430,TOI
301160638,TOI
301235044,TOI
301247383,TOI
301248781,TOI
301273782,CTOI
301281965,TOI
301289516,TOI
301343785,TOI
301414902,TOI
301455423,TOI
301558096,CTOI
301623068,TOI
301624989,TOI
301900477,TOI
301940341,CTOI
301980639,CTOI
301986302,TOI
301991463,TOI
302003748,TOI
302038293,CTOI
302040469,CTOI
302054555,TOI
302173245,TOI
302186856,CTOI
302201081,TOI
302202317,TOI
302212110,TOI
302305400,TOI
302333151,TOI
302381397,TOI
302381442,TOI
302417238,CTOI
302419660,TOI
302453291,TOI
302470965,TOI
302477411,TOI
302495337,CTOI
302518439,TOI
302527524,TOI
302659412,TOI
302728777,CTOI
302753992,CTOI
302759417,TOI
302766000,TOI
302773669,TOI
302798365,TOI
302814895,TOI
302849206,CTOI
302895184,TOI
302895996,TOI
302908969,TOI
302924206,TOI
302926645,CTOI
302976834,TOI
303030789,TOI
303050301,CTOI
303055194,TOI
303204165,TOI
303317324,TOI
303327435,TOI
303364023,TOI
303385111,TOI
303426966,TOI
303432813,TOI
303456821,TOI
303502327,TOI
303523128,TOI
303586471,TOI
303617735,TOI
303682623,CTOI
303686889,TOI
303814029,TOI
303867090,TOI
303883880,TOI
303909865,CTOI
304021498,TOI
304025075,TOI
304042899,TOI
304085024,TOI
304100538,TOI
304130406,TOI
304142124,TOI
304339227,TOI
304363215,TOI
304426002,TOI
304430662,TOI
304514922,TOI
304690618,TOI
304695574,TOI
304774444,TOI
304950588,TOI
305026599,TOI
305048087,TOI
305048116,TOI
305062358,CTOI
305243225,TOI
305375697,TOI
305424003,TOI
305436012,CTOI
305478010,TOI
305492348,TOI
305506996,TOI
305512837,TOI
305540712,CTOI
305550963,TOI
305612552,TOI
305635594,CTOI
305725494,CTOI
305739565,TOI
305767364,TOI
305790119,TOI
305830609,TOI
305943739,TOI
305948428,TOI
306039307,TOI
306204904,TOI
306248357,TOI
306249066,TOI
306255021,TOI
306263608,TOI
306303056,CTOI
306337838,TOI
306338882,TOI
306357884,TOI
306362738,TOI
306363166,TOI
306385801,CTOI
306401382,TOI
306449303,CTOI
306472057,TOI
306485267,TOI
306510653,TOI
306512967,TOI
306547699,TOI
306580215,CTOI
306603225,CTOI
306604742,TOI
306634482,CTOI
306635088,CTOI
306648160,TOI
306663205,TOI
306667367,CTOI
306828113,CTOI
306902029,TOI
306903715,TOI
306916630,CTOI
306931668,CTOI
306955329,TOI
306990399,TOI
306996324,TOI
307079330,TOI
307085007,CTOI
307099276,TOI
307111282,TOI
307201632,TOI
307210830,TOI
307221757,TOI
307232923,TOI
307290645,CTOI
307320565,TOI
307366709,TOI
307375528,TOI
307377219,TOI
307456716,TOI
307571751,CTOI
307610438,TOI
307716123,TOI
307732375,CTOI
307733361,TOI
307734817,TOI
307734818,TOI
307767243,CTOI
307788096,CTOI
307809773,TOI
307849973,TOI
307888842,TOI
307915084,TOI
307943975,CTOI
307951656,TOI
307952444,CTOI
307956396,TOI
307956397,TOI
307958020,TOI
308010949,TOI
308034948,TOI
308050066,TOI
308073360,TOI
308089071,CTOI
308098254,TOI
308120029,TOI
308172249,TOI
308191940,TOI
308208458,TOI
308211363,CTOI
308300731,TOI
308301091,TOI
308307606,TOI
308396509,TOI
308403559,CTOI
308425348,TOI
308440242,CTOI
308466959,CTOI
308504559,TOI
308522539,TOI
308538095,CTOI
308605531,CTOI
308612785,TOI
308613965,TOI
308617923,CTOI
308692360,CTOI
308739770,CTOI
308778563,TOI
308851582,CTOI
308883808,TOI
308919449,TOI
308987429,TOI
308991822,CTOI
308994098,TOI
309133240,TOI
309146836,CTOI
309234222,CTOI
309234923,CTOI
309254930,TOI
309257814,TOI
309292963,TOI
309402106,TOI
309436531,TOI
309439436,TOI
309512152,TOI
309658221,CTOI
309787037,TOI
309791156,TOI
309792357,TOI
309849817,TOI
309902656,CTOI
309913305,TOI
310002617,TOI
310003988,TOI
310009611,TOI
310094771,TOI
310105752,TOI
310149582,CTOI
310155291,CTOI
310162619,CTOI
310231275,TOI
310262516,TOI
310266243,TOI
310267134,TOI
310294189,TOI
310306283,CTOI
310355207,CTOI
310380289,TOI
310483807,TOI
310497279,TOI
310537530,TOI
310586478,TOI
310728245,TOI
310783184,CTOI
310822679,TOI
310854881,TOI
310862872,CTOI
310981412,TOI
310994622,TOI
311035838,TOI
311086350,TOI
311116297,TOI
311121985,TOI
311127297,CTOI
311130133,TOI
311133118,TOI
311179742,TOI
311183180,TOI
311233661,CTOI
311236477,CTOI
311239796,TOI
311242780,CTOI
311252710,TOI
311271011,TOI
311276853,CTOI
311284709,TOI
311292015,TOI
311357432,CTOI
311389718,CTOI
311408969,TOI
311413113,CTOI
311420789,CTOI
311441461,TOI
311518815,CTOI
311532610,CTOI
311555090,CTOI
311565540,TOI
311703724,TOI
311736478,TOI
311856080,TOI
311890977,TOI
312030014,TOI
312083267,TOI
312091232,CTOI
312122956,TOI
312221462,TOI
312259170,TOI
312289279,TOI
312345863,TOI
312353807,CTOI
312395707,CTOI
312469860,TOI
312478085,CTOI
312480940,CTOI
312508092,TOI
312543349,TOI
312548415,TOI
312548829,TOI
312562292,CTOI
312612366,TOI
312678993,TOI
312689217,TOI
312811620,TOI
312812518,CTOI
312862941,TOI
312899686,TOI
312952410,CTOI
312991501,TOI
313006381,TOI
313143164,CTOI
313194972,TOI
313240853,CTOI
313274771,CTOI
313301110,CTOI
313327244,CTOI
313408643,TOI
313425396,TOI
313453776,TOI
313506357,TOI
313554509,TOI
313609787,TOI
313671132,TOI
313675203,TOI
313761775,TOI
313835568,TOI
313889049,TOI
313891529,TOI
313922260,TOI
313975346,TOI
314013231,TOI
314088020,TOI
314096419,CTOI
314193010,TOI
314338017,TOI
314375831,TOI
314510981,CTOI
314619655,CTOI
314643904,CTOI
314649737,TOI
314724818,TOI
314805964,CTOI
314826949,CTOI
314829796,CTOI
314835525,TOI
314865962,TOI
314867507,CTOI
314992600,TOI
315002523,TOI
315096343,TOI
315117300,TOI
315120585,TOI
315350812,TOI
315398848,TOI
315755496,TOI
315907220,TOI
316038054,TOI
316236118,TOI
316246231,CTOI
316254876,TOI
316340057,CTOI
316402246,TOI
316416562,TOI
316453500,TOI
316468545,TOI
316606244,TOI
316652224,TOI
316769613,TOI
316852947,CTOI
316854890,CTOI
316875094,TOI
316916655,TOI
316937670,TOI
317001596,CTOI
317015040,CTOI
317019074,TOI
317060587,TOI
317063048,CTOI
317089588,TOI
317089770,TOI
317132251,CTOI
317134140,TOI
317170536,TOI
317189702,TOI
317252733,TOI
317290270,TOI
317328621,TOI
317362389,TOI
317397615,TOI
317417916,TOI
317451641,CTOI
317483660,TOI
317507345,TOI
317520667,TOI
317536999,CTOI
317546777,TOI
317548889,TOI
317594531,TOI
317597583,TOI
317849098,TOI
317860392,CTOI
317923092,CTOI
317924729,CTOI
317951248,TOI
318013179,CTOI
318022259,TOI
318054782,TOI
318071201,TOI
318146095,CTOI
318180448,TOI
318188400,CTOI
318209162,TOI
318357083,CTOI
318413374,TOI
318608749,TOI
318668441,TOI
318692558,CTOI
318707367,CTOI
318746829,TOI
318753114,CTOI
318753380,TOI
318756174,CTOI
318796593,TOI
318803484,CTOI
318812447,TOI
318828309,TOI
318836983,TOI
318937509,TOI
319068154,TOI
319259194,TOI
319282294,TOI
319294834,TOI
319312479,TOI
319473643,TOI
319558163,CTOI
319568619,TOI
319568755,TOI
319610598,TOI
319684122,TOI
319735319,TOI
319758429,CTOI
319783554,TOI
319806044,TOI
319916680,CTOI
319932686,TOI
319949055,TOI
319968129,TOI
320004517,TOI
320079492,TOI
320092265,CTOI
320208949,TOI
320261550,CTOI
320281287,TOI
320324079,TOI
320327056,TOI
320341952,TOI
320411045,TOI
320417762,TOI
320503729,TOI
320505267,TOI
320506985,TOI
320525204,TOI
320536216,TOI
320541238,TOI
320687387,CTOI
320798691,TOI
320847025,TOI
320994166,TOI
321011127,TOI
321011198,CTOI
321041369,TOI
321068176,TOI
321069529,TOI
321075958,CTOI
321080321,CTOI
321085708,CTOI
321086563,TOI
321250206,TOI
321258259,TOI
321340546,CTOI
321436679,TOI
321578632,TOI
321668398,TOI
321669174,TOI
321675776,CTOI
321676854,CTOI
321688498,TOI
321785052,TOI
321790238,TOI
321802774,TOI
321846837,CTOI
321857016,TOI
321861405,TOI
321894059,TOI
321914802,CTOI
321982642,TOI
322046084,TOI
322054600,TOI
322062001,TOI
322063810,TOI
322160664,TOI
322202434,TOI
322219420,CTOI
322262448,TOI
322270620,TOI
322307342,TOI
322369867,TOI
322498101,TOI
322504451,TOI
322593401,TOI
322807371,TOI
322807675,TOI
322824542,TOI
322825139,TOI
322862882,TOI
322901324,TOI
323002911,TOI
323022088,TOI
323132914,TOI
323194443,TOI
323250919,TOI
323295479,TOI
323295908,TOI
323346605,CTOI
323407659,TOI
323569398,TOI
323658120,TOI
323687123,TOI
323717669,CTOI
323966987,TOI
323980895,TOI
324116813,TOI
324150445,TOI
324395151,TOI
324422520,TOI
324426685,TOI
324609409,TOI
324609476,TOI
325081244,TOI
325086150,TOI
325172035,TOI
325189919,CTOI
325205605,CTOI
325275736,TOI
325410269,TOI
325468685,TOI
325469795,CTOI
325527653,TOI
325647810,TOI
325653071,TOI
325670253,TOI
325680697,TOI
325682877,TOI
325685403,CTOI
325765282,TOI
325908483,TOI
326092637,CTOI
326114850,TOI
326116570,TOI
326202607,CTOI
326203952,TOI
326326832,CTOI
326327260,TOI
326343996,CTOI
326347927,TOI
326356701,CTOI
326386495,TOI
326397318,CTOI
326453034,TOI
326470400,TOI
326475995,TOI
326483210,CTOI
326522874,TOI
326662822,TOI
326732851,TOI
326808653,CTOI
326809267,TOI
326919774,TOI
327004130,TOI
327011842,TOI
327017634,TOI
327093061,TOI
327126871,TOI
327189231,CTOI
327210623,TOI
327249454,TOI
327301957,TOI
327302178,CTOI
327341626,TOI
327369524,TOI
327577308,TOI
327579226,TOI
327663613,TOI
327667965,CTOI
327712163,CTOI
327917279,TOI
327952677,TOI
328012209,TOI
328081248,TOI
328100489,CTOI
328162246,CTOI
328167090,TOI
328325110,TOI
328350926,TOI
328501601,CTOI
328502522,TOI
328502676,CTOI
328513434,TOI
328750515,TOI
328814508,CTOI
328814605,TOI
328933398,TOI
328934463,TOI
328934980,TOI
329064084,CTOI
329145325,TOI
329148988,TOI
329246888,CTOI
329277372,TOI
329346586,TOI
329373799,TOI
329609449,TOI
329672278,TOI
329691586,TOI
329709756,TOI
329821992,TOI
329864959,TOI
329867455,CTOI
329888006,TOI
329921262,TOI
329981856,TOI
330014070,TOI
330135981,TOI
330218897,TOI
330332501,TOI
330424797,TOI
330468175,TOI
330548391,CTOI
330637910,TOI
330665027,TOI
330687113,TOI
330690135,TOI
330795142,TOI
330799746,TOI
330885564,TOI
330944099,TOI
331034236,TOI
331146317,TOI
331160996,TOI
331297805,TOI
331456189,TOI
331484419,TOI
331619598,TOI
331644554,TOI
331651143,CTOI
331691841,TOI
331696305,CTOI
331751821,CTOI
331854794,TOI
332017079,TOI
332022997,TOI
332064670,TOI
332154944,TOI
332258412,CTOI
332314607,TOI
332333258,CTOI
332350266,CTOI
332365162,TOI
332383229,TOI
332393279,TOI
332477926,TOI
332496784,TOI
332533059,CTOI
332534326,TOI
332558858,TOI
332564140,TOI
332579116,TOI
332630868,TOI
332635898,CTOI
332657786,TOI
332660150,TOI
332660287,TOI
332697924,CTOI
332705008,TOI
332710679,TOI
332715376,TOI
332860211,TOI
332880327,TOI
332887363,TOI
332911893,TOI
332954788,CTOI
333136751,CTOI
333324340,TOI
333426440,CTOI
333473672,TOI
333475564,CTOI
333511802,TOI
333607525,TOI
333641964,CTOI
333657795,TOI
333674399,TOI
333722409,CTOI
333734769,TOI
333736132,TOI
333785427,CTOI
333792947,CTOI
333810741,TOI
333814134,TOI
333821572,TOI
334080358,TOI
334125713,TOI
334252687,TOI
334305570,TOI
334385701,TOI
334394274,TOI
334414389,TOI
334482103,TOI
334493051,TOI
334597566,TOI
334632624,TOI
334656125,CTOI
334757798,TOI
334798754,TOI
334811204,TOI
334901244,CTOI
334911765,TOI
334949878,CTOI
334981118,CTOI
334990885,CTOI
335037151,TOI
335040423,TOI
335296995,CTOI
335483600,TOI
335489455,TOI
335499997,TOI
335540507,TOI
335590096,TOI
335624180,TOI
335630746,TOI
335655755,TOI
335661164,TOI
335681838,TOI
335684494,CTOI
335813325,TOI
335813590,TOI
335860261,TOI
335916681,CTOI
335952150,TOI
335996558,TOI
336072306,TOI
336075472,TOI
336092760,TOI
336125492,TOI
336126253,TOI
336128819,TOI
336255880,TOI
336264393,TOI
336266673,KOI
336267424,TOI
336399144,TOI
336410025,CTOI
336456596,TOI
336543347,CTOI
336544379,CTOI
336613507,TOI
336691874,TOI
336724956,CTOI
336732616,TOI
336740528,TOI
336824844,TOI
336840314,TOI
336892053,CTOI
336961891,TOI
337025682,TOI
337129672,TOI
337216118,TOI
337217173,TOI
337274055,TOI
337385330,TOI
337507594,CTOI
337647366,TOI
337648770,TOI
337665591,CTOI
337835424,CTOI
338065029,TOI
339207264,TOI
339207847,TOI
339250695,TOI
339275974,CTOI
339368119,CTOI
339399841,CTOI
339451334,CTOI
339502646,CTOI
339503267,TOI
339522221,TOI
339533165,CTOI
339533257,CTOI
339538183,TOI
339591840,TOI
339636032,TOI
339672028,TOI
339733013,TOI
339857675,TOI
339961200,TOI
340144218,TOI
340228388,TOI
340320462,CTOI
340458804,TOI
340559155,TOI
340624586,TOI
340634383,CTOI
340700241,TOI
340809057,CTOI
341005781,TOI
341105361,CTOI
341157650,TOI
341179881,CTOI
341186896,TOI
341272282,TOI
341297143,TOI
341299943,TOI
341405597,TOI
341411516,CTOI
341419787,TOI
341420329,TOI
341444900,TOI
341492896,CTOI
341497604,CTOI
341544930,TOI
341613529,CTOI
341630071,TOI
341631355,CTOI
341687821,CTOI
341729521,TOI
341805908,TOI
341815197,TOI
341815767,TOI
341840536,CTOI
341872729,CTOI
341938350,CTOI
341983711,CTOI
342004815,CTOI
342167886,TOI
342276668,TOI
342314656,TOI
342343963,TOI
342375120,TOI
342449055,TOI
342556321,CTOI
342642208,TOI
342866210,CTOI
343019899,TOI
343320735,CTOI
343330330,TOI
343336312,TOI
343442463,TOI
343628284,TOI
343648136,TOI
343708863,TOI
343717397,TOI
343726435,TOI
343774169,TOI
343813363,CTOI
343834897,CTOI
343839315,CTOI
343870806,CTOI
343933335,CTOI
343936388,CTOI
343952976,TOI
343963409,CTOI
344034178,TOI
344085117,TOI
344087362,CTOI
344130921,TOI
344131495,CTOI
344140617,TOI
344224831,TOI
344306528,CTOI
344416349,TOI
344552721,TOI
344568128,TOI
344600402,TOI
344713453,CTOI
344745774,TOI
344855300,TOI
344926234,TOI
344927749,TOI
345009464,TOI
345045396,CTOI
345056639,TOI
345143460,TOI
345193111,TOI
345205395,TOI
345324572,CTOI
345327044,CTOI
345329200,TOI
345333936,TOI
345450130,TOI
345596003,TOI
345645749,TOI
345697569,TOI
345724317,TOI
345850353,CTOI
345996087,TOI
346015394,TOI
346077232,TOI
346081845,TOI
346154016,TOI
346338552,TOI
346418409,TOI
346477717,CTOI
346484654,CTOI
346626688,TOI
346631343,CTOI
346667887,TOI
346673534,TOI
346855283,TOI
346859243,TOI
346929661,TOI
346972413,TOI
346995484,TOI
347011522,TOI
347013211,TOI
347018922,TOI
347044473,CTOI
347051112,TOI
347098457,TOI
347210614,TOI
347329162,TOI
347332255,TOI
347357977,TOI
347427606,CTOI
347430350,TOI
347442932,TOI
347469901,TOI
347504780,CTOI
347538174,TOI
347553438,TOI
347559998,CTOI
347702052,CTOI
347715478,TOI
347722518,CTOI
347944406,TOI
348054109,TOI
348063710,CTOI
348099535,TOI
348135793,TOI
348297468,TOI
348437470,TOI
348477542,TOI
348501452,TOI
348538431,TOI
348608380,CTOI
348673213,TOI
348684813,TOI
348684814,TOI
348755723,TOI
348755728,TOI
348756659,TOI
348770361,TOI
348835438,TOI
348842168,CTOI
348844154,TOI
348995212,TOI
349071261,TOI
349088467,TOI
349091983,CTOI
349095149,TOI
349096525,CTOI
349118653,CTOI
349154435,CTOI
349155660,CTOI
349304574,CTOI
349309625,CTOI
349312122,TOI
349373192,TOI
349373226,CTOI
349408306,TOI
349410350,TOI
349440621,TOI
349488688,TOI
349503728,TOI
349518145,CTOI
349518800,TOI
349521688,CTOI
349575563,CTOI
349576261,TOI
349582831,TOI
349647697,CTOI
349786918,TOI
349789882,TOI
349790953,TOI
349793830,CTOI
349813029,CTOI
349827430,TOI
349829627,TOI
349832804,CTOI
349891396,TOI
349904891,CTOI
349966879,TOI
349972412,TOI
349986198,TOI
350020859,TOI
350023518,TOI
350024178,TOI
350033870,TOI
350043412,TOI
350044062,TOI
350064389,TOI
350132371,TOI
350153977,TOI
350190639,CTOI
350215049,CTOI
350268913,TOI
350274116,CTOI
350274840,CTOI
350293646,TOI
350299588,TOI
350332997,TOI
350335633,CTOI
350348197,TOI
350432166,TOI
350445771,TOI
350479101,CTOI
350480660,CTOI
350517548,CTOI
350575997,TOI
350584963,TOI
350618622,TOI
350733403,TOI
350737935,KOI
350737968,KOI
350738167,KOI
350738259,KOI
350738430,KOI
350738437,KOI
350738817,KOI
350738824,KOI
350738831,KOI
350738957,KOI
350743714,TOI
350810419,KOI
350810559,KOI
350810590,KOI
350810654,KOI
350811025,KOI
350811109,KOI
350811132,KOI
350811400,KOI
350812278,KOI
350812413,KOI
350812580,KOI
350812819,KOI
350812951,KOI
350813182,KOI
350813593,KOI
350813835,KOI
350813851,KOI
350813882,KOI
350814492,KOI
350814495,KOI
350814607,KOI
350814622,TOI
350820812,CTOI
350821320,TOI
350844139,CTOI
350861689,TOI
350882505,TOI
350930938,CTOI
350931281,TOI
350987358,KOI
350987713,KOI
350987726,KOI
350987771,KOI
350987975,KOI
350987976,KOI
350987999,KOI
350988042,KOI
350988060,KOI
350988665,KOI
350988940,KOI
350989047,KOI
350989117,KOI
350995812,TOI
351052760,KOI
351053330,KOI
351053716,KOI
351053970,KOI
351055067,KOI
351055791,KOI
351055919,KOI
351055941,KOI
351056270,KOI
351056285,KOI
351056774,KOI
351057636,KOI
351059063,KOI
351059151,KOI
351060274,KOI
351060980,KOI
351061327,KOI
351061627,KOI
351061971,KOI
351062058,KOI
351062590,KOI
351063265,KOI
351063477,KOI
351070059,KOI
351070572,KOI
351070629,KOI
351070631,KOI
351071315,KOI
351072172,KOI
351072708,KOI
351072743,KOI
351072775,KOI
351072805,KOI
351072818,KOI
351072880,KOI
351072888,KOI
351072905,KOI
351072940,KOI
351072947,KOI
351072962,KOI
351073000,KOI
351073010,KOI
351073044,KOI
351073128,KOI
351077390,TOI
351188824,KOI
351189042,KOI
351189095,KOI
351189201,CTOI
351189211,KOI
351190477,KOI
351190880,KOI
351191325,KOI
351191396,KOI
351191406,KOI
351191415,KOI
351191565,KOI
351191596,KOI
351191790,KOI
351192037,KOI
351192504,KOI
351192529,KOI
351192600,KOI
351192602,KOI
351192845,KOI
351193098,KOI
351193235,KOI
351193471,KOI
351193472,KOI
351193764,KOI
351193776,KOI
351194656,KOI
351202190,CTOI
351518773,CTOI
351599985,TOI
351601843,TOI
351603103,TOI
351652998,TOI
351766026,KOI
351766445,KOI
351766517,KOI
351766604,KOI
351799800,KOI
351799930,KOI
351800052,KOI
351800149,KOI
351800415,KOI
351800558,KOI
351800577,KOI
351800638,KOI
351801055,CTOI
351801919,KOI
351801933,KOI
351802641,KOI
351802647,KOI
351803452,KOI
351803495,KOI
351803524,KOI
351803536,KOI
351803550,KOI
351803777,KOI
351804043,KOI
351804177,KOI
351804260,KOI
351804693,KOI
351864831,TOI
351897578,KOI
351897856,KOI
351898154,KOI
351898679,KOI
351908004,KOI
351908051,KOI
351909121,KOI
351909600,KOI
351909828,KOI
351910058,KOI
351910733,KOI
351910778,KOI
351911398,KOI
352007758,KOI
352008052,KOI
352008077,KOI
352008085,KOI
352008089,CTOI
352011765,KOI
352011875,TOI
352012107,KOI
352012126,KOI
352012975,KOI
352013134,KOI
352013316,KOI
352013400,KOI
352013543,KOI
352013607,KOI
352013661,KOI
352013982,KOI
352014147,KOI
352014265,KOI
352014540,KOI
352015839,KOI
352107384,TOI
352147273,TOI
352151292,TOI
352179145,CTOI
352229268,TOI
352239069,TOI
352284958,TOI
352298532,CTOI
352301423,TOI
352409708,TOI
352413427,TOI
352438619,TOI
352442207,TOI
352469839,TOI
352546989,CTOI
352682207,TOI
352690548,TOI
352764091,TOI
352820295,CTOI
352892371,TOI
352915304,CTOI
352924930,TOI
352936695,CTOI
353038705,TOI
353077789,CTOI
353146308,TOI
353225230,TOI
353302490,TOI
353361266,TOI
353367071,TOI
353459965,TOI
353475866,TOI
353498819,TOI
353586703,TOI
353782445,TOI
353807936,TOI
353838733,CTOI
353875094,CTOI
353893493,TOI
353960022,TOI
353997059,CTOI
354006740,TOI
354031707,TOI
354032153,TOI
354032500,CTOI
354032501,CTOI
354151219,TOI
354173595,TOI
354285962,TOI
354293303,TOI
354400186,TOI
354400422,CTOI
354442783,TOI
354469661,TOI
354478181,CTOI
354478327,TOI
354489554,TOI
354517490,TOI
354518617,TOI
354519019,TOI
354594208,TOI
354600221,TOI
354619337,TOI
354727907,TOI
354742440,TOI
354832924,TOI
354834460,CTOI
354834950,CTOI
354846183,TOI
354937825,TOI
354944123,TOI
355008856,TOI
355070187,CTOI
355095316,CTOI
355096431,TOI
355138852,TOI
355206662,CTOI
355418639,TOI
355446093,TOI
355449539,TOI
355509914,TOI
355600246,TOI
355601117,CTOI
355636844,TOI
355637190,TOI
355640518,TOI
355655412,TOI
355703913,TOI
355732304,TOI
355748785,TOI
355792348,CTOI
355796887,TOI
355800238,TOI
355828331,CTOI
355867695,TOI
355881602,CTOI
355895977,TOI
355953198,TOI
355957709,CTOI
356015361,CTOI
356016119,TOI
356146869,TOI
356158613,TOI
356200601,TOI
356206412,TOI
356235833,TOI
356240333,CTOI
356307721,CTOI
356311210,TOI
356317860,CTOI
356322454,TOI
356338868,CTOI
356355042,CTOI
356435413,CTOI
356451765,CTOI
356453768,TOI
356461227,TOI
356472238,TOI
356473034,TOI
356539624,TOI
356590734,TOI
356632361,CTOI
356642879,CTOI
356682805,TOI
356683700,CTOI
356700488,TOI
356710041,TOI
356736743,TOI
356747847,TOI
356786657,TOI
356822426,TOI
356835341,TOI
356862855,CTOI
356867115,TOI
356868485,CTOI
356868487,TOI
356871098,TOI
356916207,TOI
356919658,TOI
356921678,TOI
356973763,CTOI
356978132,TOI
356990855,TOI
357026773,CTOI
357033670,CTOI
357044866,CTOI
357048995,TOI
357094314,CTOI
357145112,TOI
357183567,CTOI
357186082,CTOI
357202877,TOI
357244603,TOI
357299852,TOI
357312511,TOI
357338290,CTOI
357345121,CTOI
357347296,TOI
357373216,TOI
357416482,TOI
357441943,CTOI
357457104,TOI
357501308,TOI
357536526,TOI
357538688,TOI
357597620,CTOI
357634632,TOI
357661805,TOI
357674158,CTOI
357786383,CTOI
357801293,TOI
357858008,TOI
357872559,TOI
357885804,CTOI
357896777,TOI
357972447,TOI
358070912,TOI
358072664,TOI
358086041,CTOI
358107516,TOI
358164738,TOI
358186451,TOI
358248442,TOI
358253047,TOI
358289302,CTOI
358457398,CTOI
358460246,TOI
358487062,CTOI
358516596,TOI
358557578,TOI
358576949,CTOI
358579111,TOI
358613376,TOI
358631536,TOI
358658763,CTOI
358838026,TOI
358938714,TOI
358975793,TOI
359046756,CTOI
359206901,CTOI
359271092,TOI
359321688,TOI
359338693,CTOI
359357695,TOI
359388309,TOI
359403471,TOI
359426909,TOI
359455827,CTOI
359469754,TOI
359480209,CTOI
359496368,TOI
359523751,TOI
359572563,TOI
359629653,TOI
359632791,CTOI
359648342,CTOI
359683436,CTOI
359735804,TOI
359805399,CTOI
360022479,KOI
360022783,KOI
360023069,KOI
360023124,KOI
360023295,KOI
360023365,KOI
360023399,KOI
360024596,KOI
360024789,KOI
360024798,KOI
360024803,KOI
360024806,KOI
360025589,KOI
360025790,KOI
360028694,KOI
360028713,KOI
360028729,KOI
360134548,KOI
360142739,TOI
360156606,TOI
360205899,CTOI
360221713,TOI
360224870,TOI
360286627,TOI
360473750,TOI
360475034,TOI
360630575,TOI
360706000,TOI
360714300,TOI
360742636,TOI
360816293,TOI
360816296,TOI
360822008,TOI
361034196,TOI
361154154,TOI
361176558,TOI
361218772,TOI
361219651,TOI
361343239,TOI
361344753,TOI
361403927,TOI
361413119,TOI
361467239,TOI
361710792,TOI
361711730,TOI
361944563,TOI
361983224,CTOI
361998994,TOI
362026280,TOI
362032529,TOI
362088809,CTOI
362103298,TOI
362104293,CTOI
362111691,TOI
362130877,CTOI
362220495,TOI
362222177,TOI
362223355,TOI
362249359,TOI
362370757,TOI
362548828,CTOI
362607799,TOI
362709886,TOI
363029616,TOI
363040636,TOI
363083571,TOI
363202582,TOI
363259409,TOI
363260203,TOI
363417404,TOI
363548415,TOI
363632843,TOI
363635669,TOI
363661031,TOI
363749415,TOI
363761216,TOI
363851359,TOI
363914762,TOI
364007087,TOI
364072092,TOI
364074068,TOI
364075352,TOI
364107753,TOI
364186197,TOI
364192929,TOI
364267778,TOI
364302118,CTOI
364393429,TOI
364395234,TOI
364400981,CTOI
364408162,TOI
364427226,TOI
364431259,TOI
364538560,CTOI
364561528,CTOI
364571121,TOI
364955057,TOI
364964726,CTOI
365007485,TOI
365021641,TOI
365096961,CTOI
365102760,CTOI
365250897,CTOI
365389353,TOI
365447203,TOI
365463946,CTOI
365509373,TOI
365554300,TOI
365639282,TOI
365673804,TOI
365683032,TOI
365690646,TOI
365712006,TOI
365717150,CTOI
365733349,TOI
365781372,TOI
365938305,TOI
365952328,TOI
365956062,CTOI
366074069,TOI
366074071,TOI
366115856,TOI
366119858,TOI
366120401,TOI
366248595,TOI
366298702,TOI
366302410,TOI
366311757,TOI
366315051,TOI
366316586,TOI
366409685,TOI
366410512,TOI
366411016,TOI
366443426,TOI
366443576,TOI
366484980,TOI
366499151,TOI
366527844,TOI
366563452,TOI
366568760,TOI
366576758,TOI
366580825,TOI
366602797,TOI
366622912,TOI
366631954,TOI
366698929,TOI
366725641,TOI
366754985,TOI
366755319,TOI
366804698,TOI
366810260,CTOI
366846982,TOI
366946329,CTOI
366972162,TOI
366989877,TOI
367084154,CTOI
367099243,TOI
367102581,TOI
367193046,TOI
367193060,TOI
367267217,TOI
367287018,TOI
367333043,TOI
367366318,TOI
367425982,TOI
367434266,TOI
367439938,TOI
367461419,CTOI
367520974,CTOI
367522211,TOI
367607434,TOI
367616146,TOI
367630162,TOI
367655509,CTOI
367739494,TOI
367753709,TOI
367855829,TOI
367858035,TOI
367900542,TOI
367913453,TOI
368100256,CTOI
368251043,CTOI
368287008,TOI
368320811,TOI
368435330,TOI
368443416,CTOI
368536386,TOI
368628986,TOI
368678195,TOI
368713985,TOI
368734712,TOI
368739874,TOI
368803791,CTOI
368805700,TOI
369031347,CTOI
369062542,TOI
369327947,TOI
369336146,TOI
369345064,TOI
369375920,CTOI
369376388,TOI
369395383,CTOI
369455629,TOI
369456296,CTOI
369457671,TOI
369474541,TOI
369476686,CTOI
369477998,TOI
369480087,TOI
369532319,TOI
369581703,TOI
369768787,TOI
369770419,CTOI
369779127,CTOI
369789627,TOI
369861728,TOI
369861731,TOI
369864738,TOI
369907772,TOI
369960846,TOI
369965258,TOI
370009806,TOI
370010846,TOI
370123525,TOI
370133522,TOI
370138999,TOI
370324073,CTOI
370385007,TOI
370745311,TOI
370759867,TOI
370877263,TOI
370907864,TOI
370981403,TOI
371164829,TOI
371188886,TOI
371207036,CTOI
371210825,TOI
371234684,TOI
371443216,TOI
371470493,TOI
371573539,TOI
371579161,TOI
371596256,CTOI
371596277,TOI
371673488,TOI
371676181,TOI
371711170,TOI
371766879,CTOI
371864043,TOI
371909591,TOI
372048733,TOI
372068780,TOI
372077289,TOI
372136783,CTOI
372172128,TOI
372178596,TOI
372207084,TOI
372207328,TOI
372225049,CTOI
372264750,TOI
372392226,TOI
372424377,TOI
372443687,TOI
372448111,TOI
372505528,TOI
372596795,TOI
372596796,TOI
372711996,CTOI
372730331,TOI
372747949,TOI
372757221,TOI
372758077,TOI
372759746,TOI
372817671,TOI
372818426,TOI
372831381,TOI
372851967,CTOI
372852036,TOI
372909372,CTOI
372909935,CTOI
372913337,CTOI
372913430,TOI
372960748,TOI
373017346,TOI
373017793,TOI
373026096,CTOI
373033374,TOI
373062094,CTOI
373136570,CTOI
373196394,TOI
373236116,CTOI
373424049,TOI
373453507,TOI
373576942,TOI
373612130,CTOI
373612558,TOI
373614579,TOI
373662662,CTOI
373674579,CTOI
373693175,TOI
373729723,TOI
373730922,CTOI
373785851,TOI
373816781,TOI
373844472,TOI
373894336,TOI
374095457,TOI
374122973,TOI
374155286,TOI
374158843,TOI
374173310,TOI
374177909,TOI
374180079,TOI
374200604,TOI
374268399,CTOI
374348168,TOI
374350678,TOI
374352402,CTOI
374400599,TOI
374521355,TOI
374530847,TOI
374732772,CTOI
374741750,TOI
374778982,TOI
374800835,TOI
374829238,TOI
374847873,TOI
374908020,TOI
374908396,TOI
374919956,TOI
374997123,TOI
375059587,TOI
375116172,TOI
375145648,CTOI
375192273,TOI
375199523,TOI
375223080,TOI
375225453,TOI
375270644,CTOI
375297961,TOI
375419034,TOI
375477302,CTOI
375506058,TOI
375517114,CTOI
375542276,TOI
375654303,TOI
375850439,TOI
375855364,TOI
375942197,TOI
375981105,TOI
376036292,TOI
376116071,CTOI
376168473,TOI
376209245,TOI
376258038,CTOI
376353509,TOI
376354189,TOI
376421071,TOI
376454594,TOI
376457352,CTOI
376524552,TOI
376537276,CTOI
376588834,CTOI
376610581,TOI
376632626,TOI
376637093,TOI
376645976,TOI
376682699,TOI
376688393,TOI
376740324,TOI
376765646,TOI
376800517,TOI
376838000,TOI
376847633,TOI
376867898,TOI
376939759,TOI
376973804,CTOI
376981340,TOI
376997143,CTOI
377020459,CTOI
377024332,TOI
377064495,TOI
377097547,TOI
377144784,TOI
377152697,CTOI
377165123,TOI
377169726,CTOI
377191482,TOI
377253700,TOI
377290815,TOI
377293776,TOI
377297285,TOI
377304435,TOI
377416580,CTOI
377420580,TOI
377556960,CTOI
377619148,CTOI
377622130,TOI
377729751,KOI
377730679,KOI
377730967,KOI
377731002,KOI
377731008,KOI
377739433,TOI
377771417,TOI
377780790,TOI
377780884,KOI
377781254,KOI
377781269,KOI
377781523,KOI
377781561,KOI
377781605,KOI
377781616,KOI
377781710,KOI
377782148,KOI
377782184,KOI
377782251,KOI
377782259,KOI
377782363,KOI
377782430,KOI
377871194,KOI
377871624,KOI
377871739,KOI
377871791,KOI
377871870,KOI
377871882,KOI
377872521,KOI
377873017,KOI
377873275,KOI
377873569,TOI
377873572,KOI
377873985,KOI
377874296,KOI
377874675,KOI
377906475,KOI
377907054,KOI
377907057,KOI
377907245,KOI
377907407,KOI
377907535,KOI
377908442,KOI
377908774,KOI
377909456,KOI
377909730,KOI
377909767,KOI
377909995,KOI
377910183,KOI
377912610,KOI
377912676,CTOI
377912965,KOI
377913093,KOI
377913228,KOI
377915723,KOI
377915758,KOI
377916045,KOI
377917128,KOI
377917148,KOI
377917228,KOI
377917526,KOI
377918168,KOI
377918545,KOI
378010965,KOI
378010967,KOI
378011122,KOI
378011320,KOI
378011702,KOI
378011846,KOI
378012089,KOI
378012175,KOI
378012311,KOI
378012496,KOI
378012771,KOI
378013128,KOI
378013325,KOI
378013798,KOI
378014055,KOI
378014065,KOI
378014105,KOI
378014378,KOI
378014565,KOI
378014585,KOI
378014602,KOI
378082707,KOI
378082806,KOI
378082880,KOI
378082998,KOI
378083795,KOI
378083951,KOI
378084840,KOI
378085037,KOI
378085713,KOI
378086001,KOI
378086006,KOI
378086008,KOI
378086390,KOI
378086761,KOI
378087065,KOI
378087071,KOI
378087106,KOI
378087161,KOI
378087276,KOI
378087295,KOI
378088143,KOI
378088178,KOI
378088180,KOI
378088698,KOI
378089068,KOI
378089263,KOI
378090151,KOI
378159598,TOI
378159769,KOI
378160035,KOI
378160351,KOI
378160377,KOI
378227267,TOI
378291076,TOI
378355116,TOI
378390325,TOI
378421253,CTOI
378613125,TOI
378651225,CTOI
378708888,TOI
378860702,TOI
378976682,TOI
379240073,TOI
379286801,TOI
379294386,CTOI
379376771,CTOI
379628805,CTOI
379629854,TOI
379717270,TOI
379723086,TOI
379824738,TOI
379929661,TOI
379931600,TOI
380079216,CTOI
380517859,TOI
380523151,CTOI
380528770,TOI
380589029,TOI
380619414,TOI
380671216,TOI
380717159,CTOI
380775661,TOI
380783252,TOI
380836882,TOI
380884709,TOI
380886534,TOI
380886535,TOI
380887434,TOI
380907135,TOI
381317676,CTOI
381360750,TOI
381360757,TOI
381448973,TOI
381468938,TOI
381477001,CTOI
381543300,CTOI
381544766,TOI
381553868,CTOI
381591826,TOI
381714186,TOI
381789320,TOI
381854774,CTOI
381856446,CTOI
381856447,TOI
381897917,TOI
381976956,TOI
381979901,TOI
381982417,TOI
381996371,TOI
382045742,TOI
382068562,TOI
382187347,TOI
382188882,TOI
382200986,TOI
382258844,TOI
382259755,TOI
382260153,CTOI
382302241,TOI
382331352,TOI
382360740,CTOI
382391899,TOI
382419744,TOI
382435735,CTOI
382437043,TOI
382463648,TOI
382474101,TOI
382513740,CTOI
382517745,CTOI
382521776,TOI
382602147,TOI
382625239,TOI
382626661,TOI
382688257,TOI
382975217,TOI
382980571,TOI
383214426,TOI
383216635,TOI
383299778,TOI
383313006,TOI
383358873,TOI
383364626,TOI
383390264,TOI
383410746,TOI
383482813,CTOI
383510040,CTOI
383531543,TOI
383531859,TOI
383645274,CTOI
383645563,TOI
383666033,TOI
383721338,TOI
383723559,TOI
383752517,KOI
383752521,KOI
383755895,CTOI
383806208,TOI
383828887,TOI
383829317,TOI
383949205,TOI
384016413,TOI
384034837,TOI
384045439,TOI
384051626,CTOI
384159646,TOI
384194460,CTOI
384244834,TOI
384299730,TOI
384386061,TOI
384386062,TOI
384469512,CTOI
384513078,TOI
384549882,TOI
384609312,CTOI
384709136,TOI
384744828,TOI
384747920,CTOI
384882500,CTOI
384883067,CTOI
384888319,TOI
384888824,CTOI
384984325,TOI
385104242,CTOI
385105624,TOI
385157401,TOI
385274980,CTOI
385307289,CTOI
385312460,TOI
385332171,TOI
385400633,TOI
385459345,TOI
385557214,CTOI
385624852,TOI
385636103,CTOI
385654601,TOI
385658469,TOI
385858569,TOI
385921743,CTOI
386066628,CTOI
386131764,TOI
386140797,CTOI
386161311,TOI
386197662,TOI
386259537,TOI
386297468,TOI
386435344,TOI
386456916,TOI
386484325,CTOI
386518121,CTOI
386620582,TOI
386621229,CTOI
386729525,CTOI
386772576,TOI
387079085,TOI
387193925,TOI
387259626,TOI
387260717,TOI
387275908,TOI
387294150,TOI
387295547,TOI
387318409,TOI
387318486,TOI
387329912,TOI
387330895,TOI
387342052,TOI
387346503,TOI
387377484,TOI
387401076,TOI
387409975,TOI
387413037,TOI
387414814,TOI
387416841,TOI
387423096,TOI
387513450,CTOI
387515920,TOI
387527174,TOI
387527558,TOI
387541380,CTOI
387544178,TOI
387603144,TOI
387610076,CTOI
387664866,TOI
387664868,TOI
387690507,TOI
387714289,CTOI
387791274,TOI
387834907,TOI
387844266,TOI
387933822,TOI
387974148,TOI
388014300,CTOI
388074615,CTOI
388076005,TOI
388076422,TOI
388076435,CTOI
388089437,TOI
388104525,TOI
388106759,TOI
388128308,CTOI
388130235,TOI
388130237,TOI
388134787,CTOI
388198242,TOI
388202128,TOI
388280249,TOI
388371132,TOI
388393034,TOI
388402265,CTOI
388431740,CTOI
388431742,CTOI
388504644,CTOI
388505345,TOI
388624270,TOI
388803989,CTOI
388804061,TOI
388811663,TOI
388816604,TOI
388850377,CTOI
388898854,TOI
388909695,TOI
388934707,TOI
389040826,TOI
389041242,CTOI
389070884,TOI
389078639,CTOI
389182138,TOI
389238529,TOI
389323171,CTOI
389352124,TOI
389371332,TOI
389421473,TOI
389471462,CTOI
389520593,CTOI
389525208,TOI
389662862,CTOI
389724536,CTOI
389753172,TOI
389777651,TOI
389854818,CTOI
389900760,TOI
389910188,TOI
389924075,TOI
389927567,CTOI
389968080,TOI
389999924,TOI
390021939,TOI
390045892,CTOI
390048041,TOI
390151888,TOI
390157607,TOI
390205892,KOI
390205911,KOI
390206925,KOI
390206991,KOI
390207656,KOI
390207998,TOI
390252502,CTOI
390410937,TOI
390444761,TOI
390651552,TOI
390723664,TOI
390874411,CTOI
390930138,CTOI
390988385,TOI
391510223,TOI
391539041,CTOI
391645374,TOI
391821647,TOI
391839433,CTOI
391900348,TOI
391903064,TOI
391904697,TOI
391925531,CTOI
391947345,CTOI
391949880,TOI
391958006,TOI
392022763,TOI
392027961,TOI
392064198,TOI
392112968,TOI
392319808,TOI
392365181,CTOI
392476080,TOI
392664256,CTOI
392674549,TOI
392681545,TOI
392715556,CTOI
392914193,TOI
392995938,TOI
393196631,TOI
393229954,CTOI
393251073,TOI
393298446,TOI
393340920,TOI
393414358,TOI
393495970,TOI
393546540,TOI
393565707,CTOI
393633044,TOI
393748848,CTOI
393785071,CTOI
393800976,CTOI
393818343,TOI
393831507,TOI
393853275,TOI
393898356,CTOI
393911494,TOI
393940766,TOI
393965778,TOI
394029948,TOI
394045794,CTOI
394050135,TOI
394126269,TOI
394137592,TOI
394172196,KOI
394172596,KOI
394172648,KOI
394172692,KOI
394172801,KOI
394173057,KOI
394173427,KOI
394174221,KOI
394174363,KOI
394174412,KOI
394174576,KOI
394175220,KOI
394175334,KOI
394175802,KOI
394176396,KOI
394176690,KOI
394176812,KOI
394177151,KOI
394177286,KOI
394177311,KOI
394177315,KOI
394177319,KOI
394177346,KOI
394177355,KOI
394177407,KOI
394177412,KOI
394178862,KOI
394178919,KOI
394179197,KOI
394179202,KOI
394179254,KOI
394179260,KOI
394179280,KOI
394179286,KOI
394179297,KOI
394179326,KOI
394179332,KOI
394179340,KOI
394179406,KOI
394179551,KOI
394179552,KOI
394223845,TOI
394230860,CTOI
394287035,TOI
394338713,TOI
394340183,CTOI
394340319,CTOI
394346647,TOI
394346745,TOI
394354824,CTOI
394357918,TOI
394443982,TOI
394492339,TOI
394509844,TOI
394546184,CTOI
394561119,TOI
394570569,TOI
394579699,CTOI
394585218,CTOI
394657039,TOI
394672497,TOI
394691478,TOI
394698182,TOI
394721720,TOI
394722182,TOI
394834663,CTOI
394900138,TOI
394918211,TOI
394924803,TOI
395142888,TOI
395143000,TOI
395171208,TOI
395214388,TOI
395385033,TOI
395393265,TOI
395514100,TOI
395519975,CTOI
395657794,CTOI
395773226,TOI
395790368,TOI
395926728,TOI
396113854,CTOI
396133015,TOI
396234347,TOI
396242561,CTOI
396246765,TOI
396290184,CTOI
396316939,TOI
396356111,TOI
396368313,TOI
396378209,TOI
396393272,CTOI
396556650,TOI
396562848,TOI
396601141,CTOI
396649769,TOI
396720998,TOI
396723723,TOI
396731435,TOI
396740648,TOI
396794358,TOI
396813816,TOI
396896334,TOI
396932137,TOI
396935099,TOI
396935226,CTOI
396950329,TOI
397043291,CTOI
397053253,TOI
397058826,TOI
397072045,CTOI
397231954,CTOI
397361541,CTOI
397362481,TOI
397423462,TOI
397483270,CTOI
397487633,CTOI
397522142,TOI
397653875,TOI
397678193,CTOI
397762695,CTOI
397763985,TOI
397924314,TOI
397986100,CTOI
398038296,TOI
398099429,TOI
398102996,CTOI
398304905,CTOI
398336504,CTOI
398371628,TOI
398382775,CTOI
398466662,TOI
398502253,TOI
398572544,TOI
398673587,CTOI
398725538,TOI
398733009,TOI
398736713,TOI
398895470,TOI
398912927,TOI
398943781,TOI
398945279,TOI
399058051,TOI
399074535,CTOI
399105267,CTOI
399144800,TOI
399195246,TOI
399346877,TOI
399402994,TOI
399444057,TOI
399571743,TOI
399613138,TOI
399642071,TOI
399689864,CTOI
399724238,TOI
399757537,TOI
399784500,CTOI
399793914,CTOI
399794045,KOI
399794186,KOI
399794329,KOI
399794420,TOI
399819457,KOI
399819774,KOI
399819857,KOI
399820838,KOI
399821482,KOI
399821647,KOI
399821807,KOI
399821831,KOI
399821899,KOI
399822065,KOI
399822158,KOI
399822422,KOI
399825046,KOI
399825113,KOI
399825382,KOI
399825449,KOI
399825512,KOI
399825554,KOI
399825584,KOI
399825798,KOI
399826020,KOI
399826239,KOI
399826407,KOI
399826741,KOI
399826842,KOI
399826900,KOI
399827109,KOI
399827171,KOI
399847887,TOI
399860218,KOI
399860317,KOI
399860321,KOI
399860388,KOI
399860444,TOI
399860466,KOI
399860871,KOI
399861356,KOI
399866283,KOI
399866371,KOI
399867044,KOI
399868187,TOI
399870368,TOI
399871011,TOI
399911496,KOI
399911517,KOI
399911554,KOI
399911821,KOI
399912169,KOI
399913391,KOI
399913523,KOI
399913539,CTOI
399913745,KOI
399913996,KOI
399914697,KOI
399915645,KOI
399918895,CTOI
399949628,KOI
399949796,KOI
399950936,KOI
399950981,KOI
399951196,KOI
399951198,KOI
399951202,KOI
399951909,KOI
399951991,KOI
399952134,KOI
399952147,KOI
399952224,KOI
399953501,KOI
399953534,KOI
399953542,KOI
399953576,KOI
399953616,KOI
399953734,KOI
399953998,KOI
399954001,KOI
399954349,TOI
399954374,KOI
399954418,KOI
399954605,KOI
399955760,KOI
399955825,KOI
399956098,KOI
399956873,TOI
399967279,TOI
400048856,CTOI
400049903,CTOI
400073524,TOI
400093502,TOI
400093775,TOI
400103802,TOI
400235555,TOI
400323948,TOI
400351578,CTOI
400381085,TOI
400395395,TOI
400430915,TOI
400432230,TOI
400466395,TOI
400476523,TOI
400491269,TOI
400503123,TOI
400515645,TOI
400595342,TOI
400683848,TOI
400712525,TOI
400762242,TOI
400786146,TOI
400899926,TOI
400947780,CTOI
400968492,TOI
400972123,TOI
401028336,TOI
401125028,TOI
401283491,TOI
401503097,CTOI
401509690,TOI
401604346,TOI
401617111,CTOI
401685092,CTOI
401704685,TOI
401849421,CTOI
401913803,CTOI
401952328,TOI
401980624,TOI
402026209,TOI
402027382,TOI
402053027,TOI
402065454,CTOI
402111634,CTOI
402149920,CTOI
402214152,CTOI
402219289,TOI
402319411,TOI
402391147,TOI
402740809,TOI
402828941,TOI
402848417,TOI
402851922,CTOI
402875988,CTOI
402898317,TOI
402992891,TOI
403135192,TOI
403136413,TOI
403136415,TOI
403139386,CTOI
403154475,CTOI
403224672,TOI
403256331,TOI
403287048,TOI
403288821,TOI
403308915,TOI
403340402,TOI
403347341,TOI
403368444,TOI
403405969,TOI
403507814,TOI
403693870,TOI
403693875,TOI
403836000,CTOI
403911354,TOI
404227343,TOI
404243877,TOI
404340025,TOI
404346622,CTOI
404421005,TOI
404456775,TOI
404467699,TOI
404488903,TOI
404505029,TOI
404506270,TOI
404516402,TOI
404518509,TOI
404610583,TOI
404713783,TOI
404715325,TOI
404789324,CTOI
404804908,CTOI
404898080,TOI
404927661,CTOI
405010127,TOI
405029311,CTOI
405122173,TOI
405230669,TOI
405253778,CTOI
405269313,TOI
405421924,CTOI
405425498,TOI
405428714,TOI
405452527,TOI
405454160,TOI
405484221,TOI
405485201,TOI
405504208,CTOI
405532603,TOI
405542683,TOI
405559035,TOI
405571798,TOI
405620289,TOI
405684844,KOI
405685521,KOI
405685798,KOI
405685900,KOI
405685914,KOI
405685992,KOI
405686888,KOI
405687343,CTOI
405687413,KOI
405687606,KOI
405688133,KOI
405688222,KOI
405688374,KOI
405688635,KOI
405688765,KOI
405688796,KOI
405688807,KOI
405689470,TOI
405700729,TOI
405717552,KOI
405717754,TOI
405717775,KOI
405718068,KOI
405718153,KOI
405718580,KOI
405719110,KOI
405719252,KOI
405719448,KOI
405719849,KOI
405763009,TOI
405788729,TOI
405794804,TOI
405837291,TOI
405862830,TOI
405897415,TOI
405904232,TOI
405932063,TOI
406106335,TOI
406115330,CTOI
406140233,TOI
406190563,TOI
406236094,TOI
406241337,CTOI
406276109,CTOI
406318573,TOI
406361982,TOI
406443564,TOI
406478079,CTOI
406495245,TOI
406526291,CTOI
406548952,TOI
406634633,TOI
406672232,TOI
406681360,CTOI
406684949,TOI
406717909,CTOI
406726743,TOI
406783172,TOI
406855039,TOI
406861922,TOI
406926040,TOI
406941612,TOI
406947868,KOI
406947881,KOI
406947884,KOI
406948103,KOI
406948151,KOI
406948346,KOI
406948587,KOI
406950324,KOI
406950348,KOI
406951266,KOI
406952228,KOI
406952317,KOI
406952542,KOI
406952712,KOI
406976746,TOI
406997799,KOI
406997913,KOI
406998023,KOI
406998264,KOI
406998358,KOI
406998607,KOI
406998693,KOI
406998744,KOI
406999438,KOI
406999863,KOI
407000096,KOI
407001101,KOI
407001378,KOI
407001544,KOI
407001589,KOI
407001624,KOI
407001733,KOI
407001787,KOI
407002020,KOI
407002201,KOI
407002588,KOI
407002656,KOI
407002658,KOI
407002705,KOI
407048527,CTOI
407059875,TOI
407114785,CTOI
407126408,TOI
407127579,TOI
407135911,TOI
407146536,TOI
407146538,TOI
407156755,TOI
407166076,TOI
407243316,TOI
407313319,TOI
407394748,TOI
407457771,CTOI
407495930,TOI
407517154,TOI
407584737,CTOI
407591297,TOI
407653728,TOI
407658979,TOI
407661994,CTOI
407663579,CTOI
407694390,TOI
407772585,TOI
407827885,TOI
407851964,CTOI
407905370,TOI
407922734,TOI
407958640,TOI
407966340,TOI
407993292,CTOI
407997410,TOI
407998915,CTOI
408038524,CTOI
408094424,TOI
408094816,CTOI
408114363,TOI
408137826,TOI
408159788,TOI
408189324,CTOI
408203470,TOI
408231638,TOI
408254149,CTOI
408261725,TOI
408310006,TOI
408317165,TOI
408358709,CTOI
408416746,TOI
408469564,TOI
408506314,TOI
408508003,TOI
408548144,TOI
408549705,TOI
408550830,CTOI
408609355,TOI
408618999,TOI
408636441,TOI
408643099,TOI
408656366,TOI
408678680,CTOI
408729765,TOI
408743161,TOI
408809625,TOI
408824640,TOI
408921284,CTOI
409009431,TOI
409055014,CTOI
409056122,CTOI
409141608,CTOI
409183335,TOI
409207712,TOI
409264172,TOI
409315469,TOI
409459226,TOI
409473377,CTOI
409520860,TOI
409594381,TOI
409612847,CTOI
409696823,CTOI
409697956,CTOI
409794137,TOI
409883914,CTOI
409891396,CTOI
409896170,TOI
409934330,TOI
410056850,CTOI
410094645,TOI
410119093,TOI
410126347,CTOI
410153553,TOI
410159011,TOI
410214986,TOI
410245915,TOI
410303247,TOI
410314178,TOI
410355638,CTOI
410358456,TOI
410372968,TOI
410450228,TOI
410477562,CTOI
410528770,TOI
410552165,TOI
410554986,TOI
410901394,TOI
411343008,TOI
411347315,TOI
411463659,TOI
411608801,TOI
411662605,CTOI
411697517,TOI
411731278,TOI
411781649,TOI
411796826,TOI
411839167,TOI
411885966,CTOI
411930845,TOI
411943564,TOI
411955845,TOI
412014494,TOI
412054152,TOI
412119944,CTOI
412200591,CTOI
412257781,TOI
412259468,TOI
412371819,TOI
412386707,CTOI
412485680,TOI
412521892,TOI
412635642,TOI
412666676,TOI
412828754,TOI
412887082,TOI
412961700,TOI
413162396,CTOI
413248763,TOI
413343957,TOI
413372087,TOI
413376180,TOI
413809436,CTOI
414019147,TOI
414870287,TOI
414922696,TOI
414929408,CTOI
415090780,CTOI
415143674,TOI
415276070,TOI
415377888,TOI
415399713,TOI
415443327,TOI
415461195,TOI
415705122,CTOI
415732733,TOI
415739607,TOI
415741431,TOI
415875608,TOI
415969574,TOI
415969908,TOI
415976665,TOI
416023266,CTOI
416195843,TOI
416195870,TOI
416265126,KOI
416265806,KOI
416266465,KOI
416266617,KOI
416266685,KOI
416266741,KOI
416266820,KOI
416267210,KOI
416267321,KOI
416267910,KOI
416279880,KOI
416279912,KOI
416279965,KOI
416280004,KOI
416280178,KOI
416280904,KOI
416280988,KOI
416281238,KOI
416281317,KOI
416281664,KOI
416281813,KOI
416281986,KOI
416281989,KOI
416282121,KOI
416282268,KOI
416282321,KOI
416282324,KOI
416282481,KOI
416283848,KOI
416284206,KOI
416368336,TOI
416455230,CTOI
416486384,TOI
416526794,KOI
416526896,KOI
416526903,KOI
416526998,KOI
416527165,KOI
416527532,KOI
416527568,KOI
416528056,KOI
416528397,KOI
416528820,KOI
416529246,KOI
416534875,TOI
416539317,TOI
416542079,TOI
416624606,TOI
416634924,KOI
416635004,KOI
416739490,TOI
416987878,TOI
417047499,TOI
417058223,CTOI
417110491,CTOI
417120779,CTOI
417129824,TOI
417136990,CTOI
417514666,TOI
417564823,TOI
417571629,CTOI
417644279,CTOI
417646390,TOI
417655232,KOI
417655304,KOI
417655328,KOI
417655814,KOI
417655835,KOI
417657148,KOI
417657151,KOI
417657237,KOI
417658032,KOI
417658279,KOI
417658314,KOI
417658366,KOI
417658769,KOI
417659064,KOI
417659078,KOI
417659127,KOI
417659212,KOI
417659456,KOI
417659513,KOI
417659575,KOI
417659903,KOI
417659956,KOI
417659970,KOI
417660218,KOI
417660221,KOI
417660580,KOI
417676091,TOI
417676622,TOI
417676802,KOI
417676838,KOI
417676990,KOI
417678021,KOI
417678051,KOI
417678052,KOI
417678056,KOI
417678058,KOI
417678066,KOI
417678070,KOI
417678080,KOI
417678088,KOI
417678090,KOI
417678115,KOI
417678531,KOI
417678860,KOI
417679188,KOI
417679189,KOI
417679274,KOI
417679385,KOI
417679445,KOI
417705690,TOI
417734868,CTOI
417829948,TOI
417830114,CTOI
417844678,TOI
417931300,TOI
417931607,TOI
417942201,TOI
417948359,TOI
418012030,TOI
418036300,CTOI
418083937,CTOI
418133917,TOI
418184706,CTOI
418184767,TOI
418255064,TOI
418262301,TOI
418298773,TOI
418301643,TOI
418311783,CTOI
418343229,TOI
418373328,CTOI
418375357,TOI
418471116,TOI
418471796,TOI
418543326,TOI
418567812,TOI
418604868,TOI
418629890,TOI
418695901,CTOI
418761354,TOI
418866096,TOI
418959198,TOI
418971787,TOI
418981325,TOI
418987806,TOI
419029830,TOI
419091401,CTOI
419092044,TOI
419148828,TOI
419411415,TOI
419419534,TOI
419503191,TOI
419517627,CTOI
419523962,TOI
419524589,TOI
419738713,TOI
419744996,CTOI
419840740,TOI
419858461,TOI
419877797,TOI
419878733,TOI
419878932,TOI
419946164,TOI
419957314,TOI
419957393,TOI
420015743,CTOI
420016507,TOI
420018238,TOI
420031102,CTOI
420049884,TOI
420051632,TOI
420108587,TOI
420112217,TOI
420112587,TOI
420112589,TOI
420114036,TOI
420174131,TOI
420177051,TOI
420191136,TOI
420202798,TOI
420268415,TOI
420288086,TOI
420369105,TOI
420383981,TOI
420446142,TOI
420529106,TOI
420645189,TOI
420680343,TOI
420735478,CTOI
420779000,TOI
420803693,TOI
420814525,TOI
420829332,TOI
420888232,CTOI
420962989,TOI
421005422,TOI
421006834,TOI
421056636,TOI
421184129,CTOI
421308357,TOI
421330229,TOI
421331604,CTOI
421336001,TOI
421455387,TOI
421472503,CTOI
421628129,CTOI
421630760,CTOI
421894914,TOI
421951960,TOI
421973253,TOI
421990278,TOI
422031406,TOI
422037524,TOI
422043783,CTOI
422082582,CTOI
422159302,TOI
422217860,TOI
422223456,TOI
422270253,CTOI
422385684,TOI
422423972,TOI
422448310,CTOI
422457210,TOI
422484720,CTOI
422486295,TOI
422514153,TOI
422554579,TOI
422618449,TOI
422650433,CTOI
422650438,CTOI
422653398,TOI
422655579,TOI
422656370,TOI
422707559,TOI
422756130,TOI
422838133,TOI
422881018,TOI
422884521,TOI
422912527,TOI
422914082,TOI
422923265,TOI
423128096,TOI
423275733,TOI
423360793,TOI
423393242,TOI
423445163,TOI
423539160,CTOI
423666115,TOI
423670610,TOI
423672208,TOI
423785115,CTOI
423903016,TOI
423903685,TOI
424089318,CTOI
424090723,CTOI
424112727,TOI
424196109,TOI
424388628,TOI
424391516,TOI
424435940,TOI
424699834,TOI
424730711,CTOI
424733642,TOI
424747720,TOI
424805463,CTOI
424814776,KOI
424815093,KOI
424815179,KOI
424815371,KOI
424815643,KOI
424815791,KOI
424816272,KOI
424864367,KOI
424864368,KOI
424864509,KOI
424864674,KOI
424864752,KOI
424864919,KOI
424865084,KOI
424865156,TOI
424865573,KOI
424865638,KOI
424865827,KOI
424867045,KOI
424867194,KOI
424867402,KOI
424867419,KOI
424867423,KOI
424867477,KOI
424867723,KOI
425046696,CTOI
425163745,TOI
425206121,TOI
425220920,TOI
425316308,TOI
425508314,TOI
425561347,TOI
425585592,CTOI
425706173,TOI
425721385,TOI
425817867,TOI
425825270,CTOI
425934411,TOI
425937489,CTOI
425997655,TOI
426017070,TOI
426032475,TOI
426077080,TOI
426122272,TOI
426122503,TOI
426144112,TOI
426317111,CTOI
426319499,TOI
426448042,TOI
426471754,TOI
426756103,CTOI
426901646,TOI
426904354,TOI
426956677,TOI
427041513,TOI
427153307,TOI
427279997,TOI
427320001,TOI
427332229,TOI
427344083,CTOI
427348923,TOI
427352241,TOI
427377458,CTOI
427459423,CTOI
427508467,TOI
427578289,TOI
427654774,TOI
427685831,TOI
427715152,TOI
427730490,TOI
427740976,TOI
427761355,TOI
427765233,TOI
427855645,TOI
427866520,TOI
427943483,CTOI
428003305,TOI
428065977,TOI
428251130,TOI
428317266,TOI
428320381,CTOI
428531167,CTOI
428673146,TOI
428679607,TOI
428685938,TOI
428699140,TOI
428703516,TOI
428704854,CTOI
428767018,TOI
428787891,TOI
428812049,TOI
428866475,CTOI
428867906,TOI
428892437,TOI
428961332,CTOI
428962300,CTOI
428963229,TOI
428976250,CTOI
428988981,TOI
429036977,TOI
429218084,TOI
429219512,CTOI
429286485,CTOI
429295277,TOI
429302040,TOI
429304876,TOI
429358906,TOI
429414530,TOI
429417637,CTOI
429501231,TOI
429791387,TOI
430093142,TOI
430099722,TOI
430406538,TOI
430415564,TOI
430431091,TOI
430528566,TOI
430666395,TOI
430677414,TOI
430751891,TOI
430845815,TOI
430930679,TOI
430985807,CTOI
431033767,TOI
431114892,TOI
431148743,TOI
431156009,TOI
431206812,CTOI
431216437,TOI
431473352,CTOI
431484794,CTOI
431486590,CTOI
431514478,TOI
431585347,TOI
431605129,CTOI
431656151,CTOI
431660224,TOI
431693152,TOI
431701493,TOI
431767111,CTOI
431810418,TOI
431867372,CTOI
431899136,TOI
431899140,TOI
431945694,CTOI
431964149,CTOI
431971818,TOI
431981595,TOI
431999925,TOI
432008938,TOI
432012467,CTOI
432078760,TOI
432110782,CTOI
432114158,TOI
432132155,TOI
432224130,TOI
432280671,TOI
432422552,TOI
432467894,TOI
432549364,TOI
432564189,CTOI
432758245,TOI
432761635,TOI
432925586,CTOI
433144048,TOI
433546897,TOI
434086605,TOI
434100688,TOI
434105091,CTOI
434105094,TOI
434105231,TOI
434110695,TOI
434116397,TOI
434133200,CTOI
434171113,TOI
434171145,TOI
434186655,TOI
434208740,CTOI
434217306,CTOI
434226736,TOI
434234955,TOI
434260570,TOI
434270112,TOI
434307868,CTOI
434398831,CTOI
434428836,TOI
434452008,CTOI
434477274,TOI
434486077,TOI
434496663,TOI
434718964,TOI
434724235,CTOI
434806551,CTOI
434813314,TOI
434813876,CTOI
435167167,TOI
435259601,TOI
435336785,TOI
435339558,TOI
435339847,TOI
435673126,TOI
435680451,TOI
435719275,TOI
435740442,TOI
435851868,TOI
435861696,TOI
435868674,CTOI
435868942,CTOI
435871546,TOI
435878153,TOI
435904852,CTOI
435934762,TOI
436007113,TOI
436099179,TOI
436102447,TOI
436166416,TOI
436222251,TOI
436255371,CTOI
436314778,TOI
436478932,TOI
436508469,TOI
436575927,TOI
436637677,TOI
436652523,TOI
436663419,CTOI
436764867,TOI
436842712,CTOI
436843539,TOI
436873727,TOI
436875934,TOI
436875993,TOI
437011608,TOI
437054764,TOI
437088276,CTOI
437144507,TOI
437156845,TOI
437215469,TOI
437234869,CTOI
437242640,TOI
437248515,TOI
437253811,TOI
437259571,TOI
437261733,TOI
437293313,CTOI
437329044,TOI
437333618,TOI
437560683,TOI
437704321,TOI
437736517,TOI
437740083,TOI
437749809,CTOI
437756191,TOI
437774844,TOI
437786834,TOI
437856897,TOI
437893926,TOI
437935628,CTOI
437936844,CTOI
437984134,TOI
438052638,CTOI
438057373,TOI
438073782,TOI
438122862,CTOI
438149332,TOI
438170612,TOI
438225366,CTOI
438260486,TOI
438278301,TOI
438295981,TOI
438329568,TOI
438368981,TOI
438376091,TOI
438412198,TOI
438490744,TOI
438519486,TOI
438524691,CTOI
438591493,CTOI
438629686,TOI
438727861,CTOI
438777551,TOI
439366537,CTOI
439366538,TOI
439381274,TOI
439406850,CTOI
439444938,TOI
439456714,TOI
439468243,CTOI
439491923,CTOI
439512298,TOI
439598736,TOI
439610306,TOI
439618305,TOI
439842788,TOI
439867639,TOI
439873430,TOI
439902212,CTOI
439926641,TOI
439939258,TOI
439942982,TOI
439943973,TOI
439945564,CTOI
440001383,TOI
440100539,TOI
440113053,TOI
440150441,TOI
440186528,TOI
440324561,TOI
440562226,TOI
440624788,TOI
440636649,TOI
440675630,CTOI
440775339,TOI
440777904,TOI
440801822,TOI
440849210,TOI
440872576,TOI
440887364,TOI
440937096,TOI
440957227,CTOI
441012828,CTOI
441017467,CTOI
441056242,CTOI
441056702,CTOI
441075486,TOI
441076258,TOI
441119027,CTOI
441122551,CTOI
441131943,CTOI
441135051,TOI
441155146,TOI
441158994,TOI
441159680,TOI
441199415,CTOI
441234277,TOI
441297232,CTOI
441334829,TOI
441397924,CTOI
441417261,CTOI
441420236,TOI
441422220,CTOI
441422527,CTOI
441424343,CTOI
441444256,CTOI
441444262,TOI
441453629,TOI
441462736,TOI
441469541,CTOI
441546821,TOI
441572821,TOI
441580526,TOI
441587756,TOI
441589581,TOI
441590110,TOI
441600335,TOI
441614965,TOI
441622545,CTOI
441642457,TOI
441658213,TOI
441697509,TOI
441705792,CTOI
441710478,CTOI
441730540,TOI
441732151,TOI
441736986,TOI
441738827,TOI
441739020,TOI
441739871,TOI
441763252,TOI
441765914,TOI
441797394,TOI
441797803,TOI
441798995,TOI
441804533,TOI
441808796,CTOI
441813878,CTOI
441936163,TOI
442050698,TOI
442893494,CTOI
443042089,TOI
443115574,TOI
443127052,TOI
443199889,TOI
443213925,TOI
443341002,TOI
443534757,TOI
443556801,TOI
443582629,TOI
443607377,TOI
443616612,TOI
443618156,CTOI
443658196,TOI
443666343,TOI
443823169,TOI
443961200,TOI
443994883,CTOI
444013020,TOI
444041825,CTOI
444159424,TOI
444209952,TOI
444222135,CTOI
444290896,TOI
444335503,CTOI
444394183,TOI
444413256,TOI
444415148,TOI
444523623,TOI
444558604,TOI
444724127,TOI
444753130,TOI
444842193,TOI
444898583,CTOI
444977814,TOI
445077088,CTOI
445137888,TOI
445144327,TOI
445145355,TOI
445254275,TOI
445260697,CTOI
445276138,TOI
445370101,TOI
445392860,TOI
445407434,TOI
445456888,TOI
445496795,TOI
445522339,TOI
445582110,TOI
445586472,TOI
445665867,CTOI
445717008,CTOI
445724774,CTOI
445751830,TOI
445779478,CTOI
445795465,TOI
445805961,TOI
445807396,TOI
445822015,TOI
445837596,TOI
445859771,TOI
445880578,CTOI
445903569,TOI
445946478,TOI
445990611,TOI
446044800,CTOI
446135868,TOI
446157122,TOI
446158352,TOI
446166017,TOI
446370039,TOI
446463666,TOI
446524637,TOI
446549905,TOI
446549906,TOI
446616059,TOI
446684383,TOI
446918603,TOI
447054140,TOI
447061717,TOI
447088034,TOI
447192619,TOI
447206604,TOI
447283466,TOI
447585233,TOI
447593267,TOI
447891218,TOI
447923555,CTOI
447976172,TOI
448098793,TOI
448358913,TOI
448435566,TOI
448471716,CTOI
448536355,TOI
448589187,TOI
448688668,TOI
448744179,TOI
448775221,TOI
448820344,TOI
448923766,TOI
449050247,TOI
449050248,TOI
449107129,TOI
449197624,TOI
449197831,TOI
449257028,TOI
449486364,CTOI
449491381,TOI
449549170,TOI
449793302,CTOI
449925672,CTOI
449951606,TOI
450012972,TOI
450087539,CTOI
450210844,CTOI
450300489,CTOI
450308271,TOI
450308346,TOI
450327768,TOI
450337675,TOI
450610413,CTOI
450649506,TOI
451084885,TOI
451134562,CTOI
451254008,TOI
451507506,CTOI
451538240,TOI
451566438,TOI
451596415,CTOI
451599528,TOI
451606970,TOI
451645081,TOI
452006073,TOI
452049244,TOI
452281203,TOI
452375478,TOI
452464529,TOI
452483795,TOI
452508760,TOI
452523977,CTOI
452576848,TOI
452658846,TOI
452708089,CTOI
452727513,TOI
452741216,TOI
452741963,CTOI
452743735,TOI
452783043,CTOI
452803785,TOI
452808876,TOI
452810326,TOI
452810327,TOI
452864692,TOI
452866790,TOI
452867348,TOI
452903647,TOI
452920657,TOI
452938965,TOI
452954163,CTOI
452964680,TOI
452972453,TOI
452999088,CTOI
453009027,TOI
453029782,CTOI
453054952,CTOI
453060368,TOI
453064665,TOI
453097786,CTOI
453100296,TOI
453100658,CTOI
453105377,TOI
453123591,CTOI
453163412,CTOI
453209605,TOI
453211454,TOI
453230066,TOI
453260209,TOI
453289469,TOI
453348525,TOI
453387619,TOI
453396346,TOI
453410966,TOI
453444539,CTOI
453452264,TOI
453455638,CTOI
453464017,TOI
453668803,TOI
453677947,TOI
453789494,TOI
453892431,CTOI
453942180,TOI
454038613,TOI
454069765,TOI
454142943,CTOI
454224694,TOI
454248975,TOI
454361389,TOI
454828937,TOI
454876465,TOI
454918388,TOI
455006978,CTOI
455030519,TOI
455033897,TOI
455036659,TOI
455096220,TOI
455135327,TOI
455144819,CTOI
455153906,TOI
455201271,CTOI
455238504,CTOI
455272393,TOI
455492735,CTOI
455727012,TOI
455733237,TOI
455737331,TOI
455784423,TOI
455791689,TOI
455854202,CTOI
455947620,TOI
455962313,TOI
456042145,TOI
456171328,TOI
456220610,CTOI
456239821,CTOI
456260074,TOI
456261187,CTOI
456301013,CTOI
456302722,CTOI
456305193,TOI
456306892,TOI
456311356,CTOI
456334493,CTOI
456335739,TOI
456367532,TOI
456401439,TOI
456482025,TOI
456560485,TOI
456574511,TOI
456769317,CTOI
456783397,TOI
456844391,TOI
456862677,TOI
456909420,CTOI
456910600,TOI
456945304,TOI
456962262,TOI
456971986,TOI
457018819,TOI
457039843,TOI
457104362,TOI
457110913,TOI
457134361,CTOI
457138169,TOI
457202957,TOI
457268255,TOI
457272901,TOI
457337619,TOI
457351794,CTOI
457446242,TOI
457649900,TOI
457743020,TOI
457789844,TOI
457882891,CTOI
457939414,TOI
458027465,TOI
458199018,TOI
458300989,TOI
458331312,TOI
458342769,TOI
458382304,CTOI
458419328,TOI
458419988,CTOI
458424950,TOI
458447637,CTOI
458451774,CTOI
458457997,CTOI
458458156,TOI
458478250,TOI
458481611,TOI
458484583,CTOI
458484614,CTOI
458589703,TOI
458641144,TOI
458645327,CTOI
458647366,CTOI
458647887,TOI
458653596,CTOI
458686504,TOI
458686847,TOI
458686969,TOI
458856474,TOI
458857720,TOI
458876004,TOI
458890024,TOI
458914949,TOI
458987621,TOI
458989211,CTOI
458995583,TOI
459008759,CTOI
459102737,TOI
459157691,TOI
459189798,TOI
459210578,CTOI
459211741,CTOI
459215281,TOI
459218138,CTOI
459220237,CTOI
459223420,CTOI
459323923,TOI
459604398,TOI
459728249,TOI
459730973,TOI
459735346,TOI
459755750,TOI
459762279,TOI
459801869,CTOI
459836041,TOI
459837008,TOI
459850897,TOI
459892063,CTOI
459903429,TOI
459913687,TOI
459942762,TOI
459947163,TOI
459952217,TOI
459969957,TOI
459970307,TOI
459978312,TOI
459982699,TOI
459997997,TOI
460016903,CTOI
460024410,CTOI
460140752,TOI
460205581,TOI
460316238,TOI
460396820,TOI
460686828,TOI
460950389,TOI
460984940,TOI
461080504,TOI
461136782,TOI
461156158,CTOI
461157517,CTOI
461201151,CTOI
461239485,TOI
461271719,TOI
461387302,TOI
461491274,TOI
461538935,TOI
461591646,TOI
461634737,CTOI
461635621,TOI
461651566,CTOI
461653423,CTOI
461662295,TOI
461676679,CTOI
461867584,TOI
461968320,TOI
462004618,CTOI
462072242,TOI
462135459,TOI
462162948,TOI
462162963,TOI
462206806,TOI
462372373,TOI
462507821,TOI
462516465,CTOI
462553953,TOI
462615350,TOI
462648313,CTOI
462715015,TOI
462808933,TOI
463011281,TOI
463070290,TOI
463103749,TOI
463203560,TOI
463279737,CTOI
463343283,TOI
463365347,TOI
463402815,TOI
463469906,TOI
463508231,TOI
463590116,TOI
463681005,TOI
463754499,TOI
463781038,TOI
463868678,TOI
463903016,CTOI
464067218,TOI
464280516,TOI
464296022,TOI
464300749,TOI
464326872,TOI
464328419,TOI
464388115,TOI
464445045,TOI
464481762,TOI
464542805,TOI
464544047,TOI
464593883,TOI
464646604,TOI
464658144,TOI
464711858,TOI
464802921,CTOI
465176038,TOI
465275307,TOI
465540915,TOI
465933345,TOI
466113537,TOI
466167563,TOI
466206508,TOI
466222485,TOI
466318137,TOI
466382581,TOI
466390120,TOI
466682238,TOI
466693177,CTOI
466840711,TOI
466890210,TOI
466928064,TOI
466930780,CTOI
466966249,TOI
467006627,TOI
467113954,CTOI
467153319,TOI
467158766,TOI
467179528,TOI
467211520,TOI
467260886,CTOI
467265105,TOI
467281353,TOI
467331291,TOI
467461269,CTOI
467484304,TOI
467522800,CTOI
467580267,TOI
467602105,CTOI
467602108,TOI
467615239,TOI
467649533,TOI
467651916,TOI
467666275,TOI
467684543,TOI
467690903,TOI
467783290,TOI
467785319,CTOI
467931774,TOI
467955232,TOI
467971286,TOI
468055102,TOI
468148930,TOI
468178519,TOI
468329664,TOI
468350765,TOI
468396217,TOI
468401583,CTOI
468433454,TOI
468472950,TOI
468501184,TOI
468574941,TOI
468692991,TOI
468765355,TOI
468777766,TOI
468828873,TOI
468832904,TOI
468845640,TOI
468880077,TOI
468888472,CTOI
468889418,TOI
468910725,CTOI
468911753,TOI
468950016,CTOI
468963200,CTOI
468977648,TOI
468979441,TOI
468981993,TOI
468983280,TOI
468987719,TOI
468997317,TOI
469008497,TOI
469184909,TOI
469212332,TOI
469333534,TOI
469436001,TOI
469523613,TOI
469523619,TOI
469702377,TOI
469775147,CTOI
469782185,TOI
469791892,TOI
469810663,TOI
469811655,TOI
469813927,TOI
469821652,TOI
469912324,CTOI
469967533,TOI
469974264,CTOI
470109742,CTOI
470127886,TOI
470156846,TOI
470159478,TOI
470169396,TOI
470171739,TOI
470247230,CTOI
470315428,TOI
470381900,TOI
470450936,TOI
470523998,CTOI
470653603,TOI
470678283,TOI
470709084,TOI
470724594,TOI
470749725,TOI
470783598,TOI
470822809,TOI
470852531,TOI
470867827,CTOI
470898625,TOI
470911286,TOI
470968693,CTOI
470974162,TOI
470981906,CTOI
470987100,TOI
470990157,TOI
514412372,CTOI
514556007,CTOI
516107904,CTOI
516459496,CTOI
520100825,CTOI
602870459,CTOI
604863428,TOI
610976842,TOI
612192146,CTOI
620780629,TOI
627323667,TOI
628103717,TOI
645455722,CTOI
645713782,CTOI
647636934,TOI
648958344,TOI
649892545,CTOI
666567477,TOI
668459662,CTOI
675057531,CTOI
684936227,TOI
686072378,TOI
701926762,TOI
703490821,CTOI
704012376,TOI
705060898,CTOI
734505586,CTOI
738065944,CTOI
742648307,TOI
748919024,CTOI
801354155,TOI
802227190,TOI
802647157,CTOI
802854855,CTOI
814205011,CTOI
836308178,CTOI
841226526,TOI
841226527,TOI
841384851,CTOI
853388144,CTOI
859480036,CTOI
860207014,TOI
900106078,CTOI
900240532,TOI
900715901,TOI
901674675,CTOI
915110182,TOI
923331512,CTOI
941340744,TOI
950525831,TOI
952046774,TOI
1001477809,TOI
1030389830,CTOI
1036769612,CTOI
1100766816,TOI
1101855081,TOI
1101909431,TOI
1234810324,TOI
1271152446,TOI
1400212743,TOI
1400770435,TOI
1405997635,TOI
1551345499,CTOI
1551345500,TOI
1712954983,TOI
1715469662,TOI
1715817253,KOI
1716467085,TOI
1716890050,KOI
1717079066,CTOI
1717302150,KOI
1717732429,TOI
1718040493,CTOI
1718077157,CTOI
1718087846,CTOI
1718201850,TOI
1813844121,TOI
1870990135,TOI
1876768495,KOI
1877071362,KOI
1877097945,KOI
1877321960,KOI
1877440464,KOI
1880006508,KOI
1880463868,KOI
1880977427,KOI
1881298619,TOI
1881914138,KOI
1881950573,KOI
1882078505,KOI
1882082904,KOI
1882469979,KOI
1882477064,KOI
1882514508,KOI
1882611411,KOI
1882699153,KOI
1882707780,KOI
1882717156,KOI
1882909457,KOI
1882995283,KOI
1883222022,KOI
1884091865,TOI
1922426635,CTOI
1961935435,CTOI
1965256662,TOI
1976308113,TOI
1979500576,TOI
1980725947,TOI
1989628303,TOI
1990842033,TOI
2010186093,TOI
2015243161,CTOI
2016376984,TOI
2025895835,CTOI
2040889915,CTOI
2041563029,TOI
2050290974,CTOI
