,#Gc,logAge,[M/H],m_ini,logL,logTe,logg,m-M0,Av,m2/m1,mbol,TESS,J,H,Ks,Mact
0,1,6.77,-0.27,0.18333,-2.016,3.543,4.835,11.2,0.035,0.0,21.009,20.622,19.224,18.668,18.435,0.183
1,1,7.09,-0.11,0.69937,-0.847,3.656,4.699,10.3,0.032,0.0,17.187,16.627,15.695,15.076,14.983,0.699
2,1,7.11,-0.29,0.10172,-1.947,3.504,4.353,8.9,0.023,0.0,18.538,18.262,16.657,16.112,15.865,0.102
3,1,7.15,-0.11,0.06204,-2.339,3.459,4.351,8.7,0.022,0.0,19.317,19.211,17.304,16.781,16.512,0.062
4,1,7.27,0.31,0.2905,-1.953,3.549,4.997,11.7,0.037,0.0,21.352,20.964,19.56,19.005,18.775,0.29
5,1,7.27,0.41,0.09368,-2.063,3.474,4.317,10.9,0.034,0.0,20.829,20.673,18.854,18.34,18.072,0.094
6,1,7.33,-0.03,2.62195,1.69,4.049,4.308,10.9,0.034,0.0,11.444,11.987,12.057,12.113,12.124,2.622
7,1,7.33,0.19,0.93536,-0.337,3.716,4.555,10.5,0.033,0.0,16.113,15.504,14.8,14.374,14.312,0.935
8,1,7.47,-0.03,0.35283,-1.76,3.571,4.977,11.5,0.036,0.0,20.671,20.216,18.912,18.344,18.158,0.353
9,1,7.49,0.45,1.02683,-0.137,3.742,4.501,10.7,0.034,0.0,15.812,15.199,14.59,14.248,14.195,1.027
10,1,7.53,0.11,0.2341,-2.123,3.542,5.045,9.0,0.024,0.0,19.078,18.699,17.264,16.718,16.487,0.234
11,1,7.63,0.21,0.53092,-1.33,3.596,4.824,10.3,0.032,0.0,18.395,17.925,16.696,16.043,15.906,0.531
12,1,7.67,-0.03,0.64951,-1.001,3.636,4.742,12.2,0.037,0.0,19.474,18.939,17.926,17.265,17.159,0.65
13,1,7.73,-0.25,0.93537,-0.22,3.748,4.569,11.4,0.036,0.0,16.719,16.159,15.56,15.205,15.158,0.935
14,1,7.73,-0.03,0.31098,-1.868,3.564,5.001,10.4,0.032,0.0,19.841,19.403,18.073,17.509,17.308,0.311
15,1,7.73,0.17,0.86624,-0.491,3.695,4.592,9.7,0.028,0.0,15.699,15.091,14.312,13.823,13.751,0.866
16,1,7.75,-0.15,0.7726,-0.645,3.686,4.659,10.1,0.031,0.0,16.482,15.894,15.079,14.551,14.476,0.773
17,1,7.77,-0.01,0.13472,-2.122,3.498,4.629,7.8,0.017,0.0,17.875,17.623,15.955,15.439,15.188,0.135
18,1,7.77,0.09,0.40708,-1.624,3.575,4.917,9.6,0.028,0.0,18.431,17.977,16.657,16.084,15.909,0.407
19,1,7.79,-0.25,1.14739,0.197,3.804,4.462,11.4,0.036,0.0,15.678,15.22,14.78,14.546,14.518,1.147
20,1,7.83,-0.17,0.23614,-2.074,3.558,5.063,10.6,0.033,0.0,20.554,20.125,18.789,18.231,18.016,0.236
21,1,7.83,-0.03,0.30366,-1.887,3.563,5.005,10.0,0.03,0.0,19.488,19.053,17.717,17.155,16.951,0.304
22,1,7.85,0.37,0.22502,-2.167,3.536,5.046,10.9,0.034,0.0,21.087,20.731,19.259,18.718,18.485,0.225
23,1,7.95,0.41,0.77811,-0.715,3.663,4.643,8.5,0.021,0.0,15.056,14.465,13.559,12.98,12.89,0.778
24,1,7.97,-0.23,0.35595,-1.718,3.583,4.985,11.2,0.035,0.0,20.265,19.768,18.555,17.977,17.806,0.356
25,1,7.97,-0.01,0.08424,-2.692,3.465,4.861,8.1,0.018,0.0,19.6,19.473,17.596,17.083,16.811,0.084
26,1,7.97,0.15,0.32227,-1.858,3.558,4.981,11.8,0.037,0.0,21.215,20.807,19.432,18.869,18.656,0.322
27,1,7.97,0.33,1.53369,0.707,3.845,4.244,14.8,0.038,0.0,17.803,17.392,17.085,16.957,16.931,1.534
28,1,7.99,0.13,0.54415,-1.29,3.601,4.816,12.5,0.038,0.0,20.496,20.01,18.827,18.164,18.034,0.544
29,1,8.01,0.03,0.69903,-0.886,3.647,4.701,12.0,0.037,0.0,18.985,18.438,17.464,16.819,16.721,0.699
30,1,8.01,0.11,0.40128,-1.64,3.573,4.92,11.7,0.037,0.0,20.571,20.129,18.797,18.223,18.044,0.401
31,1,8.05,0.43,0.40631,-1.636,3.571,4.913,11.7,0.037,0.0,20.56,20.156,18.765,18.176,17.998,0.406
32,1,8.07,-0.01,0.50777,-1.369,3.598,4.852,11.5,0.036,0.0,19.692,19.191,18.023,17.38,17.244,0.508
33,1,8.07,0.13,0.79873,-0.647,3.673,4.627,8.3,0.02,0.0,14.688,14.091,13.232,12.674,12.592,0.799
34,1,8.09,-0.09,0.66715,-0.937,3.645,4.726,10.2,0.031,0.0,17.313,16.764,15.79,15.146,15.046,0.667
35,1,8.17,0.07,2.67347,1.754,4.026,4.161,10.3,0.032,0.0,10.685,11.089,11.136,11.186,11.191,2.673
36,1,8.19,0.31,0.25769,-2.053,3.542,5.017,9.6,0.028,0.0,19.501,19.124,17.689,17.141,16.911,0.258
37,1,8.21,-0.23,4.38172,4.165,3.553,0.071,10.7,0.034,0.0,5.057,4.988,3.294,2.358,2.145,4.382
38,1,8.21,-0.15,0.1591,-2.316,3.518,4.972,10.7,0.034,0.0,21.26,20.952,19.401,18.863,18.622,0.159
39,1,8.23,0.21,0.31524,-1.882,3.554,4.981,9.0,0.024,0.0,18.474,18.067,16.684,16.124,15.905,0.315
40,1,8.23,0.21,0.22257,-2.176,3.535,5.048,9.8,0.029,0.0,20.009,19.651,18.178,17.638,17.405,0.223
41,1,8.25,-0.05,0.10988,-2.581,3.485,4.945,9.1,0.025,0.0,20.322,20.122,18.375,17.855,17.596,0.11
42,1,8.25,0.09,0.47016,-1.469,3.587,4.873,11.1,0.035,0.0,19.542,19.073,17.815,17.204,17.05,0.47
43,1,8.25,0.37,0.37867,-1.709,3.566,4.935,10.0,0.03,0.0,19.042,18.63,17.251,16.673,16.482,0.379
44,1,8.27,-0.09,0.60369,-1.105,3.626,4.775,11.6,0.036,0.0,19.132,18.606,17.56,16.889,16.774,0.604
45,1,8.27,0.09,0.26491,-2.017,3.549,5.022,8.1,0.018,0.0,17.912,17.51,16.115,15.562,15.334,0.265
46,1,8.27,0.11,0.1885,-2.273,3.527,5.039,10.2,0.031,0.0,20.654,20.32,18.801,18.268,18.033,0.189
47,1,8.27,0.17,0.09015,-2.756,3.458,4.925,9.1,0.025,0.0,20.759,20.665,18.736,18.223,17.946,0.09
48,1,8.27,0.19,1.49455,0.665,3.838,4.244,9.1,0.025,0.0,12.207,11.782,11.454,11.308,11.283,1.495
49,1,8.27,0.57,0.36002,-1.759,3.563,4.95,10.0,0.03,0.0,19.168,18.766,17.373,16.795,16.598,0.36
50,1,8.29,-0.17,0.16526,-2.305,3.523,4.999,10.2,0.031,0.0,20.733,20.404,18.887,18.346,18.108,0.165
51,1,8.29,-0.05,0.24136,-2.074,3.552,5.05,11.0,0.035,0.0,20.955,20.552,19.172,18.616,18.391,0.241
52,1,8.31,0.15,0.12363,-2.522,3.483,4.931,9.6,0.028,0.0,20.675,20.484,18.72,18.205,17.943,0.124
53,1,8.33,-0.07,0.24311,-2.064,3.554,5.049,9.9,0.03,0.0,19.83,19.417,18.05,17.493,17.271,0.243
54,1,8.33,0.15,2.32619,1.504,3.975,4.147,9.9,0.03,0.0,10.911,11.023,11.005,11.036,11.028,2.326
55,1,8.35,-0.27,1.11009,0.162,3.8,4.468,15.0,0.038,0.0,19.366,18.901,18.45,18.207,18.178,1.11
56,1,8.35,-0.11,0.49058,-1.391,3.6,4.866,12.9,0.038,0.0,21.147,20.636,19.491,18.854,18.717,0.491
57,1,8.35,0.07,1.35829,0.505,3.822,4.299,11.8,0.037,0.0,15.308,14.863,14.482,14.297,14.27,1.358
58,1,8.35,0.09,0.18892,-2.273,3.528,5.045,10.8,0.034,0.0,21.253,20.918,19.404,18.869,18.635,0.189
59,1,8.35,0.29,0.63624,-1.072,3.623,4.753,8.3,0.02,0.0,15.751,15.233,14.14,13.463,13.349,0.636
60,1,8.35,0.37,0.83793,-0.564,3.683,4.604,9.8,0.029,0.0,15.98,15.37,14.547,14.031,13.951,0.838
61,1,8.37,-0.13,0.36026,-1.722,3.578,4.974,9.1,0.025,0.0,18.175,17.689,16.436,15.865,15.69,0.36
62,1,8.37,-0.01,1.48821,0.706,3.856,4.275,10.8,0.034,0.0,13.806,13.456,13.166,13.045,13.023,1.488
63,1,8.37,0.01,3.19545,2.178,4.038,3.861,11.9,0.037,0.0,11.224,11.7,11.76,11.811,11.82,3.195
64,1,8.37,0.39,0.85714,-0.517,3.69,4.594,11.5,0.036,0.0,17.562,16.952,16.152,15.658,15.581,0.857
65,1,8.39,-0.31,1.1554,0.274,3.817,4.442,11.6,0.036,0.0,15.685,15.265,14.86,14.652,14.626,1.155
66,1,8.39,0.13,0.46251,-1.49,3.584,4.875,9.7,0.028,0.0,18.196,17.733,16.451,15.848,15.69,0.463
67,1,8.39,0.15,0.18162,-2.298,3.52,5.021,9.5,0.027,0.0,20.015,19.7,18.145,17.617,17.379,0.182
68,1,8.39,0.23,0.70133,-0.907,3.64,4.698,11.6,0.036,0.0,18.637,18.098,17.087,16.436,16.333,0.701
69,1,8.41,-0.11,0.45715,-1.473,3.593,4.89,11.4,0.036,0.0,19.851,19.351,18.167,17.552,17.403,0.457
70,1,8.41,-0.01,0.10995,-2.617,3.481,4.967,9.1,0.025,0.0,20.411,20.225,18.452,17.937,17.674,0.11
71,1,8.41,0.07,0.79016,-0.653,3.674,4.632,10.5,0.033,0.0,16.902,16.315,15.456,14.897,14.815,0.79
72,1,8.43,0.05,0.21243,-2.196,3.54,5.068,9.5,0.027,0.0,19.76,19.386,17.942,17.397,17.167,0.212
73,1,8.43,0.17,0.62522,-1.094,3.621,4.76,12.3,0.037,0.0,19.804,19.295,18.201,17.523,17.407,0.625
74,1,8.43,0.21,1.57654,0.773,3.852,4.217,10.9,0.034,0.0,13.738,13.355,13.063,12.943,12.919,1.577
75,1,8.43,0.45,0.8977,-0.417,3.704,4.571,8.9,0.023,0.0,14.713,14.083,13.343,12.899,12.829,0.898
76,1,8.45,-0.11,0.37011,-1.697,3.578,4.963,12.0,0.037,0.0,21.014,20.537,19.277,18.703,18.528,0.37
77,1,8.45,-0.05,0.38864,-1.656,3.578,4.941,12.1,0.037,0.0,21.009,20.54,19.263,18.688,18.514,0.389
78,1,8.45,-0.01,2.3684,1.591,3.989,4.124,9.1,0.025,0.0,9.892,10.09,10.09,10.127,10.122,2.368
79,1,8.45,0.07,0.14362,-2.423,3.497,4.952,8.9,0.023,0.0,19.726,19.484,17.804,17.288,17.035,0.144
80,1,8.45,0.07,0.23996,-2.096,3.545,5.042,10.2,0.031,0.0,20.21,19.826,18.406,17.856,17.626,0.24
81,1,8.45,0.19,0.58898,-1.189,3.611,4.787,11.5,0.036,0.0,19.242,18.749,17.602,16.928,16.806,0.589
82,1,8.45,0.47,0.89569,-0.422,3.703,4.572,11.9,0.037,0.0,17.725,17.102,16.355,15.908,15.837,0.896
83,1,8.47,-0.01,1.08355,0.04,3.769,4.457,15.1,0.038,0.0,19.77,19.227,18.693,18.392,18.353,1.084
84,1,8.47,0.19,0.3497,-1.786,3.561,4.959,11.7,0.037,0.0,20.935,20.522,19.153,18.585,18.381,0.35
85,1,8.49,-0.29,1.14402,0.246,3.812,4.445,12.3,0.037,0.0,16.455,16.02,15.602,15.383,15.357,1.144
86,1,8.49,-0.23,0.18789,-2.241,3.543,5.073,10.8,0.034,0.0,21.174,20.785,19.386,18.832,18.6,0.188
87,1,8.49,-0.15,0.25503,-2.009,3.561,5.044,8.8,0.023,0.0,18.593,18.15,16.828,16.269,16.061,0.255
88,1,8.49,0.01,0.09291,-2.795,3.462,4.994,8.7,0.022,0.0,20.459,20.347,18.446,17.933,17.659,0.093
89,1,8.49,0.07,0.85653,-0.489,3.698,4.598,12.2,0.037,0.0,18.192,17.593,16.823,16.34,16.27,0.857
90,1,8.49,0.09,0.44676,-1.525,3.582,4.888,11.9,0.037,0.0,20.482,20.023,18.737,18.142,17.979,0.447
91,1,8.49,0.19,0.52986,-1.331,3.596,4.824,12.1,0.037,0.0,20.197,19.728,18.501,17.849,17.712,0.53
92,1,8.49,0.23,0.23854,-2.117,3.538,5.033,8.0,0.018,0.0,18.063,17.69,16.237,15.695,15.464,0.239
93,1,8.49,0.25,0.49499,-1.417,3.588,4.849,10.9,0.034,0.0,19.213,18.762,17.477,16.85,16.701,0.495
94,1,8.49,0.33,0.27106,-2.011,3.545,5.009,10.9,0.034,0.0,20.699,20.319,18.895,18.344,18.114,0.271
95,1,8.51,-0.07,0.4492,-1.499,3.589,4.893,11.2,0.035,0.0,19.717,19.226,18.014,17.408,17.254,0.449
96,1,8.51,-0.05,0.30622,-1.876,3.564,5.004,11.4,0.036,0.0,20.861,20.423,19.096,18.532,18.332,0.306
97,1,8.51,0.01,0.30191,-1.896,3.56,5.002,11.4,0.036,0.0,20.911,20.489,19.136,18.573,18.365,0.302
98,1,8.51,0.13,0.14204,-2.449,3.493,4.958,9.5,0.027,0.0,20.393,20.167,18.462,17.946,17.691,0.142
99,1,8.51,0.21,0.86623,-0.492,3.693,4.587,13.7,0.038,0.0,19.7,19.097,18.31,17.818,17.744,0.866
100,1,8.53,-0.19,0.59577,-1.099,3.63,4.777,13.4,0.038,0.0,20.919,20.387,19.359,18.698,18.585,0.596
101,1,8.53,-0.11,0.28937,-1.914,3.565,5.019,11.1,0.035,0.0,20.654,20.21,18.895,18.332,18.132,0.289
102,1,8.53,-0.01,0.17209,-2.324,3.52,5.023,9.6,0.028,0.0,20.181,19.866,18.312,17.782,17.544,0.172
103,1,8.53,0.17,0.24331,-2.096,3.541,5.03,10.3,0.032,0.0,20.311,19.94,18.495,17.949,17.718,0.243
104,1,8.55,-0.31,0.51969,-1.272,3.618,4.844,11.0,0.035,0.0,18.95,18.417,17.358,16.714,16.587,0.52
105,1,8.55,-0.13,0.15172,-2.386,3.51,4.99,9.3,0.026,0.0,20.035,19.747,18.154,17.621,17.376,0.152
106,1,8.55,0.15,0.16877,-2.35,3.51,5.003,10.6,0.033,0.0,21.245,20.965,19.355,18.832,18.587,0.169
107,1,8.55,0.23,0.14381,-2.452,3.491,4.958,8.1,0.018,0.0,18.999,18.775,17.061,16.546,16.29,0.144
108,1,8.55,0.31,1.36644,0.496,3.814,4.281,12.1,0.037,0.0,15.63,15.144,14.751,14.562,14.532,1.366
109,1,8.55,0.33,0.30071,-1.921,3.551,4.989,9.8,0.029,0.0,19.373,18.975,17.581,17.024,16.798,0.301
110,1,8.55,0.53,1.3486,0.469,3.811,4.289,10.6,0.033,0.0,14.197,13.683,13.289,13.103,13.072,1.349
111,1,8.57,-0.33,0.74882,-0.638,3.692,4.664,10.0,0.03,0.0,16.366,15.78,14.989,14.481,14.408,0.749
112,1,8.57,-0.27,1.1474,0.247,3.811,4.439,12.3,0.037,0.0,16.453,16.013,15.591,15.37,15.343,1.147
113,1,8.57,-0.23,0.33094,-1.783,3.579,5.002,10.7,0.034,0.0,19.926,19.435,18.205,17.634,17.457,0.331
114,1,8.57,-0.09,0.46742,-1.451,3.594,4.882,9.7,0.028,0.0,18.097,17.591,16.413,15.794,15.648,0.467
115,1,8.57,-0.09,0.35674,-1.738,3.575,4.975,10.5,0.033,0.0,19.616,19.143,17.866,17.299,17.119,0.357
116,1,8.57,-0.01,0.84939,-0.492,3.702,4.613,10.7,0.034,0.0,16.7,16.102,15.347,14.872,14.805,0.849
117,1,8.57,0.05,0.18842,-2.28,3.529,5.055,9.6,0.028,0.0,20.071,19.728,18.223,17.688,17.455,0.188
118,1,8.57,0.07,0.31921,-1.857,3.561,4.988,11.3,0.036,0.0,20.714,20.294,18.936,18.372,18.165,0.319
119,1,8.57,0.39,0.93127,-0.338,3.715,4.551,13.2,0.038,0.0,18.814,18.197,17.491,17.073,17.008,0.931
120,1,8.57,0.51,0.44622,-1.535,3.578,4.882,12.0,0.037,0.0,20.607,20.205,18.814,18.204,18.043,0.446
121,1,8.59,0.03,0.16138,-2.372,3.51,5.004,10.2,0.031,0.0,20.901,20.621,19.01,18.486,18.242,0.161
122,1,8.59,0.11,0.18973,-2.283,3.527,5.054,10.4,0.032,0.0,20.877,20.542,19.026,18.492,18.257,0.19
123,1,8.59,0.15,0.29502,-1.933,3.552,4.996,9.7,0.028,0.0,19.301,18.9,17.511,16.954,16.73,0.295
124,1,8.59,0.17,0.62278,-1.101,3.62,4.761,9.7,0.028,0.0,17.223,16.71,15.614,14.937,14.821,0.623
125,1,8.59,0.17,0.27742,-1.988,3.548,5.007,11.4,0.036,0.0,21.141,20.755,19.345,18.791,18.562,0.277
126,1,8.59,0.23,0.73904,-0.809,3.652,4.669,12.3,0.037,0.0,19.092,18.533,17.574,16.949,16.853,0.739
127,1,8.59,0.39,0.45565,-1.512,3.58,4.875,11.1,0.035,0.0,19.649,19.23,17.87,17.262,17.102,0.456
128,1,8.61,-0.13,0.27505,-1.953,3.563,5.03,10.3,0.032,0.0,19.952,19.508,18.191,17.63,17.426,0.275
129,1,8.61,-0.11,0.58044,-1.158,3.621,4.791,12.3,0.037,0.0,19.965,19.442,18.378,17.711,17.592,0.58
130,1,8.61,-0.07,0.92576,-0.288,3.731,4.564,13.9,0.038,0.0,19.389,18.805,18.151,17.757,17.702,0.926
131,1,8.61,0.05,0.66078,-0.985,3.634,4.727,11.7,0.037,0.0,18.933,18.402,17.377,16.712,16.605,0.661
132,1,8.61,0.05,2.06763,1.343,3.941,4.119,13.0,0.038,0.0,14.412,14.365,14.282,14.288,14.272,2.068
133,1,8.61,0.21,0.21151,-2.215,3.533,5.056,10.6,0.033,0.0,20.908,20.559,19.073,18.534,18.301,0.212
134,1,8.61,0.31,0.89323,-0.424,3.703,4.571,10.3,0.032,0.0,16.13,15.514,14.765,14.309,14.24,0.893
135,1,8.63,-0.21,0.17289,-2.313,3.53,5.054,9.5,0.027,0.0,20.052,19.697,18.226,17.679,17.444,0.173
136,1,8.63,-0.07,1.87148,1.189,3.933,4.198,11.4,0.036,0.0,13.197,13.119,13.017,13.014,12.997,1.871
137,1,8.63,0.33,0.10988,-2.704,3.469,5.003,9.1,0.025,0.0,20.63,20.492,18.637,18.124,17.853,0.11
138,1,8.63,0.51,0.68346,-0.951,3.635,4.711,9.3,0.026,0.0,16.446,15.912,14.862,14.207,14.1,0.683
139,1,8.65,-0.25,0.37867,-1.648,3.587,4.96,9.8,0.029,0.0,18.69,18.181,16.994,16.408,16.244,0.379
140,1,8.65,-0.25,0.40749,-1.568,3.592,4.93,11.2,0.035,0.0,19.891,19.38,18.211,17.613,17.456,0.407
141,1,8.65,-0.17,0.58805,-1.124,3.627,4.784,11.6,0.036,0.0,19.179,18.65,17.61,16.945,16.829,0.588
142,1,8.65,-0.05,0.40604,-1.608,3.581,4.924,9.1,0.025,0.0,17.891,17.409,16.15,15.57,15.401,0.406
143,1,8.65,0.01,0.32455,-1.837,3.564,4.99,10.7,0.034,0.0,20.063,19.629,18.292,17.727,17.527,0.325
144,1,8.65,0.09,0.28986,-1.941,3.554,5.004,9.3,0.026,0.0,18.922,18.513,17.134,16.575,16.356,0.29
145,1,8.65,0.11,0.54123,-1.294,3.602,4.818,11.1,0.035,0.0,19.105,18.615,17.438,16.776,16.647,0.541
146,1,8.65,0.19,0.72554,-0.842,3.648,4.679,12.8,0.038,0.0,19.676,19.124,18.149,17.512,17.415,0.726
147,1,8.65,0.27,0.19896,-2.261,3.53,5.063,10.8,0.034,0.0,21.222,20.881,19.379,18.843,18.609,0.199
148,1,8.65,0.29,0.2371,-2.122,3.538,5.034,11.0,0.035,0.0,21.075,20.714,19.254,18.71,18.478,0.237
149,1,8.65,0.41,0.65844,-1.014,3.629,4.732,11.8,0.037,0.0,19.105,18.591,17.509,16.837,16.726,0.658
150,1,8.65,0.47,0.26491,-2.03,3.544,5.013,5.6,0.007,0.0,15.445,15.051,13.63,13.083,12.854,0.265
151,1,8.67,-0.19,1.72271,1.075,3.925,4.246,9.5,0.027,0.0,11.583,11.472,11.355,11.345,11.327,1.723
152,1,8.67,-0.09,0.97187,-0.176,3.746,4.532,10.6,0.033,0.0,15.81,15.237,14.632,14.275,14.227,0.972
153,1,8.67,-0.03,0.64252,-1.017,3.634,4.745,11.8,0.037,0.0,19.112,18.579,17.559,16.895,16.788,0.643
154,1,8.67,0.05,0.28049,-1.964,3.554,5.014,10.7,0.034,0.0,20.38,19.974,18.595,18.036,17.816,0.28
155,1,8.67,0.07,0.17518,-2.339,3.518,5.039,9.6,0.028,0.0,20.218,19.909,18.345,17.817,17.578,0.175
156,1,8.67,0.19,0.18666,-2.307,3.521,5.046,10.0,0.03,0.0,20.537,20.219,18.671,18.141,17.904,0.187
157,1,8.67,0.45,0.71463,-0.87,3.644,4.685,10.8,0.034,0.0,17.746,17.196,16.193,15.557,15.456,0.715
158,1,8.69,-0.11,0.63575,-1.012,3.637,4.748,11.5,0.036,0.0,18.801,18.264,17.258,16.603,16.496,0.636
159,1,8.69,0.05,1.02385,-0.094,3.753,4.5,12.3,0.037,0.0,17.306,16.734,16.152,15.815,15.769,1.024
160,1,8.69,0.11,0.83569,-0.546,3.689,4.606,12.4,0.037,0.0,18.535,17.94,17.133,16.621,16.546,0.836
161,1,8.69,0.17,0.80034,-0.646,3.672,4.624,11.2,0.035,0.0,17.586,16.999,16.13,15.569,15.485,0.8
162,1,8.69,0.19,1.82921,1.084,3.892,4.129,10.8,0.034,0.0,12.86,12.601,12.413,12.363,12.342,1.829
163,1,8.71,-0.35,0.25563,-1.973,3.573,5.056,10.7,0.034,0.0,20.403,19.916,18.675,18.116,17.926,0.256
164,1,8.71,-0.35,1.12403,0.247,3.816,4.451,11.6,0.036,0.0,15.754,15.332,14.922,14.708,14.682,1.124
165,1,8.71,-0.29,2.20838,1.625,3.975,4.003,11.7,0.037,0.0,12.408,12.548,12.521,12.549,12.539,2.208
166,1,8.71,-0.27,0.21652,-2.13,3.559,5.086,9.5,0.027,0.0,19.594,19.151,17.838,17.28,17.068,0.217
167,1,8.71,-0.11,1.52383,0.81,3.876,4.261,11.4,0.036,0.0,14.144,13.861,13.622,13.536,13.516,1.524
168,1,8.71,-0.05,0.13186,-2.568,3.492,5.04,8.2,0.019,0.0,19.39,19.16,17.458,16.936,16.683,0.132
169,1,8.71,-0.01,0.27623,-1.97,3.557,5.022,11.2,0.035,0.0,20.894,20.481,19.114,18.555,18.339,0.276
170,1,8.71,0.05,1.54431,0.788,3.859,4.219,11.6,0.036,0.0,14.4,14.053,13.772,13.659,13.636,1.544
171,1,8.71,0.13,0.20685,-2.225,3.535,5.065,10.6,0.033,0.0,20.932,20.576,19.103,18.562,18.329,0.207
172,1,8.71,0.31,1.27639,0.366,3.798,4.318,10.6,0.033,0.0,14.455,13.932,13.496,13.275,13.242,1.276
173,1,8.71,0.33,1.55998,0.771,3.846,4.191,10.4,0.032,0.0,13.243,12.83,12.528,12.403,12.378,1.56
174,1,8.71,0.37,0.43567,-1.561,3.576,4.889,11.1,0.035,0.0,19.771,19.356,17.98,17.385,17.219,0.436
175,1,8.73,-0.23,0.83237,-0.447,3.717,4.619,10.5,0.033,0.0,16.389,15.801,15.098,14.663,14.603,0.832
176,1,8.73,-0.17,0.34952,-1.745,3.579,4.987,12.3,0.037,0.0,21.432,20.949,19.704,19.132,18.955,0.35
177,1,8.73,-0.15,1.63156,0.964,3.902,4.241,10.6,0.033,0.0,12.96,12.761,12.589,12.547,12.528,1.632
178,1,8.73,-0.13,0.18222,-2.295,3.533,5.072,8.3,0.02,0.0,18.809,18.444,16.982,16.438,16.205,0.182
179,1,8.73,-0.09,0.94943,-0.222,3.74,4.545,8.2,0.019,0.0,13.524,12.937,12.319,11.949,11.9,0.949
180,1,8.73,-0.09,0.10392,-2.791,3.472,5.079,8.6,0.021,0.0,20.346,20.189,18.367,17.841,17.58,0.104
181,1,8.73,0.21,0.7929,-0.667,3.669,4.625,9.5,0.027,0.0,15.937,15.349,14.466,13.895,13.81,0.793
182,1,8.73,0.25,0.82698,-0.583,3.68,4.605,12.5,0.038,0.0,18.727,18.13,17.292,16.76,16.679,0.827
183,1,8.75,-0.27,1.35445,0.631,3.858,4.318,12.7,0.038,0.0,15.892,15.572,15.28,15.156,15.135,1.354
184,1,8.75,-0.19,0.72986,-0.736,3.673,4.676,12.3,0.037,0.0,18.909,18.334,17.47,16.903,16.82,0.73
185,1,8.75,-0.03,0.18025,-2.32,3.526,5.065,6.4,0.01,0.0,16.97,16.622,15.113,14.581,14.347,0.18
186,1,8.75,0.01,0.68589,-0.913,3.643,4.704,7.8,0.017,0.0,14.852,14.297,13.315,12.664,12.566,0.686
187,1,8.75,0.01,1.93156,1.247,3.92,4.102,12.1,0.037,0.0,13.753,13.616,13.489,13.473,13.454,1.932
188,1,8.75,0.11,0.12698,-2.633,3.481,5.045,8.6,0.021,0.0,19.952,19.764,17.99,17.474,17.212,0.127
189,1,8.75,0.15,0.76159,-0.741,3.661,4.652,11.3,0.036,0.0,17.922,17.351,16.435,15.837,15.747,0.762
190,1,8.75,0.19,0.25795,-2.05,3.543,5.017,10.9,0.034,0.0,20.794,20.421,18.985,18.436,18.205,0.258
191,1,8.75,0.19,0.26366,-2.032,3.544,5.014,11.4,0.036,0.0,21.251,20.875,19.445,18.895,18.664,0.264
192,1,8.75,0.23,0.14398,-2.517,3.489,5.015,10.1,0.031,0.0,21.163,20.953,19.223,18.706,18.448,0.144
193,1,8.75,0.27,2.48464,1.729,3.887,3.596,10.2,0.031,0.0,10.647,10.362,10.171,10.122,10.098,2.485
194,1,8.75,0.39,0.55039,-1.279,3.6,4.806,12.8,0.038,0.0,20.768,20.316,19.074,18.392,18.264,0.55
195,1,8.75,0.51,0.46673,-1.484,3.583,4.867,11.2,0.035,0.0,19.68,19.27,17.901,17.278,17.124,0.467
196,1,8.77,-0.17,0.64342,-0.974,3.643,4.739,10.9,0.034,0.0,18.106,17.561,16.581,15.936,15.834,0.643
197,1,8.77,-0.11,1.10749,0.12,3.784,4.443,10.3,0.032,0.0,14.769,14.254,13.763,13.492,13.457,1.107
198,1,8.77,0.17,0.18778,-2.309,3.523,5.057,8.3,0.02,0.0,18.843,18.513,16.977,16.448,16.212,0.188
199,1,8.77,0.19,0.34235,-1.805,3.56,4.963,12.1,0.037,0.0,21.384,20.973,19.601,19.034,18.827,0.342
200,1,8.77,0.27,1.28315,0.381,3.8,4.311,12.4,0.037,0.0,16.218,15.704,15.268,15.048,15.016,1.283
201,1,8.79,-0.27,1.2983,0.544,3.847,4.342,12.4,0.037,0.0,15.811,15.461,15.139,14.992,14.971,1.298
202,1,8.79,-0.05,0.69903,-0.861,3.652,4.697,12.7,0.038,0.0,19.623,19.07,18.119,17.486,17.392,0.699
203,1,8.79,-0.03,0.32928,-1.82,3.567,4.99,9.6,0.028,0.0,18.92,18.471,17.154,16.589,16.395,0.329
204,1,8.79,0.09,0.13714,-2.576,3.488,5.05,9.8,0.029,0.0,21.01,20.801,19.068,18.55,18.293,0.137
205,1,8.79,0.15,0.56758,-1.233,3.607,4.798,11.1,0.035,0.0,18.953,18.462,17.301,16.632,16.506,0.568
206,1,8.79,0.43,2.37896,1.647,3.882,3.641,11.4,0.036,0.0,12.052,11.74,11.541,11.488,11.463,2.379
207,1,8.81,-0.31,1.7034,1.122,3.931,4.217,11.4,0.036,0.0,13.365,13.292,13.182,13.175,13.158,1.703
208,1,8.81,-0.17,0.483,-1.396,3.602,4.872,10.4,0.032,0.0,18.66,18.14,17.011,16.378,16.241,0.483
209,1,8.81,-0.07,1.78565,1.129,3.909,4.142,9.9,0.03,0.0,11.847,11.668,11.516,11.485,11.467,1.786
210,1,8.81,-0.03,0.48773,-1.412,3.595,4.866,12.5,0.038,0.0,20.8,20.304,19.119,18.49,18.348,0.488
211,1,8.81,0.19,0.1892,-2.308,3.523,5.06,10.4,0.032,0.0,20.941,20.619,19.079,18.548,18.312,0.189
212,1,8.81,0.23,0.29723,-1.931,3.551,4.991,10.5,0.033,0.0,20.097,19.703,18.306,17.75,17.522,0.297
213,1,8.81,0.23,0.40092,-1.647,3.57,4.914,11.3,0.036,0.0,20.188,19.764,18.404,17.826,17.643,0.401
214,1,8.81,0.25,0.80595,-0.633,3.673,4.616,10.8,0.034,0.0,17.152,16.559,15.694,15.139,15.054,0.806
215,1,8.81,0.27,0.21724,-2.194,3.534,5.051,10.5,0.033,0.0,20.755,20.402,18.923,18.382,18.15,0.217
216,1,8.81,0.27,0.37097,-1.728,3.565,4.94,12.3,0.037,0.0,21.39,20.977,19.605,19.032,18.836,0.371
217,1,8.81,0.41,0.38079,-1.701,3.566,4.932,12.0,0.037,0.0,21.023,20.619,19.232,18.651,18.461,0.381
218,1,8.83,-0.25,0.49945,-1.338,3.61,4.86,12.2,0.037,0.0,20.316,19.791,18.697,18.06,17.927,0.499
219,1,8.83,-0.17,0.38257,-1.65,3.583,4.951,10.6,0.033,0.0,19.496,19.003,17.781,17.198,17.03,0.383
220,1,8.83,-0.17,0.30879,-1.848,3.572,5.009,11.7,0.037,0.0,21.091,20.622,19.347,18.783,18.594,0.309
221,1,8.83,-0.11,0.23479,-2.087,3.554,5.059,11.4,0.036,0.0,21.389,20.976,19.614,19.057,18.835,0.235
222,1,8.83,-0.07,0.38153,-1.671,3.578,4.948,11.0,0.035,0.0,19.948,19.474,18.203,17.629,17.455,0.382
223,1,8.83,-0.05,0.74056,-0.753,3.667,4.674,12.6,0.038,0.0,19.252,18.681,17.791,17.204,17.118,0.741
224,1,8.83,-0.03,0.25204,-2.038,3.553,5.037,10.9,0.034,0.0,20.764,20.359,18.981,18.425,18.202,0.252
225,1,8.83,0.07,2.41287,1.723,3.686,2.786,11.6,0.036,0.0,12.063,11.469,10.647,10.143,10.059,2.413
226,1,8.83,0.07,0.57525,-1.205,3.611,4.794,12.5,0.038,0.0,20.281,19.778,18.652,17.983,17.86,0.575
227,1,8.83,0.11,0.36221,-1.744,3.567,4.954,8.8,0.023,0.0,17.93,17.492,16.151,15.583,15.39,0.362
228,1,8.83,0.35,2.36836,1.648,3.855,3.531,15.2,0.038,0.0,15.85,15.459,15.187,15.089,15.06,2.368
229,1,8.83,0.37,1.14499,0.129,3.773,4.404,15.2,0.038,0.0,19.646,19.075,18.561,18.288,18.247,1.145
230,1,8.83,0.41,1.91228,1.196,3.887,4.016,12.6,0.038,0.0,14.38,14.087,13.894,13.842,13.819,1.912
231,1,8.85,-0.33,0.64577,-0.922,3.654,4.731,12.6,0.038,0.0,19.675,19.121,18.185,17.563,17.467,0.646
232,1,8.85,-0.27,0.33778,-1.758,3.582,4.999,10.6,0.033,0.0,19.764,19.263,18.056,17.481,17.308,0.338
233,1,8.85,-0.15,0.50107,-1.355,3.605,4.857,11.3,0.036,0.0,19.457,18.939,17.817,17.177,17.043,0.501
234,1,8.85,-0.11,0.41459,-1.576,3.585,4.919,9.9,0.03,0.0,18.609,18.117,16.893,16.302,16.14,0.415
235,1,8.85,-0.03,0.13415,-2.619,3.49,5.091,9.8,0.029,0.0,21.117,20.9,19.182,18.659,18.404,0.134
236,1,8.85,0.05,0.13895,-2.589,3.49,5.077,8.2,0.019,0.0,19.442,19.22,17.502,16.984,16.729,0.139
237,1,8.85,0.07,0.10898,-2.826,3.467,5.115,8.9,0.023,0.0,20.734,20.601,18.735,18.216,17.949,0.109
238,1,8.85,0.07,0.34488,-1.788,3.565,4.971,10.9,0.034,0.0,20.14,19.709,18.367,17.799,17.603,0.345
239,1,8.85,0.07,0.49155,-1.414,3.592,4.857,11.8,0.037,0.0,20.104,19.625,18.401,17.774,17.628,0.492
240,1,8.85,0.07,0.85888,-0.475,3.7,4.594,13.5,0.038,0.0,19.458,18.858,18.096,17.618,17.549,0.859
241,1,8.85,0.13,0.17103,-2.401,3.511,5.063,8.9,0.023,0.0,19.673,19.382,17.783,17.258,17.016,0.171
242,1,8.85,0.15,0.38841,-1.675,3.569,4.927,11.1,0.035,0.0,20.059,19.627,18.28,17.707,17.521,0.388
243,1,8.85,0.17,0.40192,-1.641,3.571,4.914,10.6,0.033,0.0,19.473,19.04,17.692,17.117,16.935,0.402
244,1,8.85,0.21,0.1665,-2.431,3.505,5.055,9.5,0.027,0.0,20.348,20.081,18.445,17.923,17.676,0.166
245,1,8.85,0.29,0.17283,-2.398,3.51,5.058,9.9,0.03,0.0,20.666,20.385,18.774,18.25,18.006,0.173
246,1,8.85,0.33,0.23784,-2.119,3.538,5.033,9.7,0.028,0.0,19.767,19.401,17.944,17.401,17.169,0.238
247,1,8.85,0.37,1.44476,0.631,3.826,4.217,13.5,0.038,0.0,16.693,16.228,15.87,15.708,15.679,1.445
248,1,8.87,-0.31,0.5933,-1.073,3.636,4.775,12.7,0.038,0.0,20.153,19.614,18.615,17.967,17.857,0.593
249,1,8.87,-0.25,0.30017,-1.856,3.575,5.018,10.4,0.032,0.0,19.811,19.323,18.078,17.515,17.332,0.3
250,1,8.87,-0.23,0.4596,-1.443,3.6,4.891,11.0,0.035,0.0,19.378,18.855,17.728,17.103,16.963,0.46
251,1,8.87,-0.19,0.37571,-1.666,3.584,4.959,10.8,0.034,0.0,19.736,19.241,18.023,17.441,17.273,0.376
252,1,8.87,-0.15,0.37085,-1.687,3.581,4.963,10.0,0.03,0.0,18.988,18.499,17.261,16.684,16.512,0.371
253,1,8.87,-0.11,0.40247,-1.605,3.583,4.927,10.8,0.034,0.0,19.583,19.097,17.861,17.275,17.109,0.402
254,1,8.87,-0.05,0.17168,-2.384,3.52,5.082,8.8,0.023,0.0,19.53,19.209,17.664,17.132,16.894,0.172
255,1,8.87,-0.05,0.35432,-1.751,3.573,4.975,11.1,0.035,0.0,20.247,19.786,18.491,17.924,17.74,0.354
256,1,8.87,0.05,2.52586,1.878,3.688,2.66,12.6,0.038,0.0,12.674,12.079,11.266,10.77,10.687,2.526
257,1,8.87,0.05,0.49885,-1.394,3.594,4.853,12.9,0.038,0.0,21.155,20.67,19.463,18.83,18.688,0.499
258,1,8.87,0.07,2.11537,1.453,3.889,3.813,7.2,0.013,0.0,8.336,8.065,7.879,7.829,7.807,2.115
259,1,8.87,0.07,0.22597,-2.147,3.542,5.054,8.7,0.022,0.0,18.836,18.455,17.023,16.477,16.246,0.226
260,1,8.87,0.09,0.30972,-1.883,3.558,4.99,8.5,0.021,0.0,17.978,17.556,16.192,15.632,15.42,0.31
261,1,8.87,0.11,0.4728,-1.462,3.587,4.868,12.1,0.037,0.0,20.526,20.061,18.797,18.185,18.031,0.473
262,1,8.87,0.11,0.43119,-1.563,3.579,4.897,12.2,0.037,0.0,20.878,20.428,19.118,18.532,18.363,0.431
263,1,8.87,0.15,0.79233,-0.659,3.672,4.628,12.1,0.037,0.0,18.517,17.934,17.06,16.495,16.411,0.792
264,1,8.87,0.17,0.30564,-1.903,3.554,4.987,11.0,0.035,0.0,20.528,20.129,18.741,18.182,17.96,0.306
265,1,8.87,0.21,0.25503,-2.059,3.542,5.017,8.4,0.02,0.0,18.318,17.938,16.502,15.956,15.725,0.255
266,1,8.87,0.23,1.31801,0.444,3.806,4.283,12.1,0.037,0.0,15.761,15.263,14.844,14.634,14.603,1.318
267,1,8.87,0.25,1.44144,0.629,3.825,4.216,11.9,0.037,0.0,15.099,14.643,14.28,14.111,14.083,1.441
268,1,8.87,0.31,0.43639,-1.558,3.577,4.888,11.6,0.036,0.0,20.264,19.842,18.478,17.887,17.719,0.436
269,1,8.87,0.31,0.91059,-0.377,3.709,4.558,12.5,0.038,0.0,18.213,17.6,16.873,16.435,16.368,0.911
270,1,8.87,0.37,2.56593,2.09,3.661,2.348,12.1,0.037,0.0,11.644,11.062,10.135,9.588,9.477,2.566
271,1,8.87,0.45,0.44677,-1.532,3.578,4.88,11.2,0.035,0.0,19.799,19.39,18.009,17.402,17.241,0.447
272,1,8.87,0.53,0.15234,-2.515,3.493,5.055,10.0,0.03,0.0,21.057,20.83,19.128,18.609,18.355,0.152
273,1,8.89,-0.31,0.54246,-1.207,3.624,4.82,13.3,0.038,0.0,21.088,20.556,19.515,18.861,18.739,0.542
274,1,8.89,-0.17,0.39451,-1.616,3.585,4.937,12.4,0.037,0.0,21.21,20.718,19.501,18.914,18.749,0.395
275,1,8.89,-0.13,0.99614,-0.098,3.757,4.51,10.7,0.034,0.0,15.715,15.159,14.589,14.258,14.215,0.996
276,1,8.89,-0.11,0.1818,-2.323,3.531,5.091,10.0,0.03,0.0,20.578,20.226,18.748,18.205,17.971,0.182
277,1,8.89,-0.07,0.36479,-1.718,3.575,4.965,12.1,0.037,0.0,21.165,20.697,19.414,18.846,18.667,0.365
278,1,8.89,-0.03,0.54686,-1.26,3.609,4.816,12.3,0.037,0.0,20.22,19.711,18.588,17.929,17.803,0.547
279,1,8.89,0.03,0.2766,-1.972,3.555,5.016,9.3,0.026,0.0,18.999,18.588,17.213,16.655,16.436,0.277
280,1,8.89,0.07,0.53856,-1.295,3.602,4.82,10.9,0.034,0.0,18.908,18.412,17.248,16.588,16.459,0.539
281,1,8.89,0.15,0.5466,-1.284,3.601,4.811,11.5,0.036,0.0,19.479,18.995,17.808,17.143,17.014,0.547
282,1,8.89,0.23,0.37979,-1.704,3.566,4.932,11.8,0.037,0.0,20.829,20.411,19.046,18.472,18.28,0.38
283,1,8.89,0.25,0.73842,-0.802,3.652,4.661,12.6,0.038,0.0,19.374,18.816,17.856,17.231,17.135,0.738
284,1,8.89,0.33,0.23506,-2.129,3.538,5.035,9.9,0.03,0.0,19.992,19.628,18.168,17.625,17.393,0.235
285,1,8.89,0.33,0.50229,-1.397,3.59,4.841,12.6,0.038,0.0,20.862,20.421,19.127,18.489,18.343,0.502
286,1,8.91,-0.45,0.86623,-0.28,3.748,4.593,10.0,0.03,0.0,15.471,14.918,14.315,13.957,13.91,0.866
287,1,8.91,-0.23,0.81522,-0.487,3.711,4.626,10.7,0.034,0.0,16.688,16.1,15.376,14.923,14.86,0.815
288,1,8.91,-0.11,0.29278,-1.902,3.566,5.015,11.5,0.036,0.0,21.026,20.58,19.268,18.704,18.505,0.293
289,1,8.91,-0.05,0.40301,-1.615,3.58,4.925,11.6,0.036,0.0,20.407,19.933,18.668,18.087,17.917,0.403
290,1,8.91,-0.03,0.77039,-0.68,3.676,4.656,9.5,0.027,0.0,15.97,15.382,14.533,13.977,13.897,0.77
291,1,8.91,-0.03,1.90946,1.279,3.897,3.972,11.1,0.035,0.0,12.672,12.447,12.267,12.222,12.202,1.909
292,1,8.91,0.07,0.57823,-1.197,3.612,4.791,11.0,0.035,0.0,18.761,18.256,17.134,16.464,16.342,0.578
293,1,8.91,0.09,0.3088,-1.885,3.558,4.991,11.5,0.036,0.0,20.983,20.572,19.202,18.64,18.427,0.309
294,1,8.91,0.27,0.97236,-0.232,3.729,4.52,11.7,0.037,0.0,17.049,16.441,15.784,15.4,15.343,0.972
295,1,8.91,0.31,0.33049,-1.838,3.557,4.97,10.3,0.032,0.0,19.665,19.26,17.877,17.312,17.099,0.33
296,1,8.93,-0.25,0.21651,-2.132,3.558,5.085,10.6,0.033,0.0,20.701,20.266,18.943,18.385,18.17,0.217
297,1,8.93,-0.23,0.22474,-2.105,3.559,5.076,11.4,0.036,0.0,21.432,20.998,19.674,19.115,18.902,0.225
298,1,8.93,-0.17,0.46572,-1.438,3.598,4.884,7.0,0.013,0.0,15.366,14.837,13.698,13.076,12.935,0.466
299,1,8.93,-0.07,0.37177,-1.698,3.576,4.958,11.2,0.035,0.0,20.215,19.744,18.467,17.896,17.719,0.372
300,1,8.93,-0.05,0.37935,-1.68,3.576,4.949,11.7,0.037,0.0,20.67,20.202,18.92,18.348,18.172,0.379
301,1,8.93,-0.01,2.14225,1.515,3.848,3.591,10.8,0.034,0.0,11.781,11.401,11.097,10.973,10.946,2.142
302,1,8.93,0.03,0.33449,-1.811,3.565,4.98,9.7,0.028,0.0,18.998,18.56,17.225,16.66,16.462,0.334
303,1,8.93,0.03,0.56794,-1.217,3.611,4.799,10.9,0.034,0.0,18.712,18.204,17.084,16.418,16.294,0.568
304,1,8.93,0.07,1.63045,0.924,3.863,4.125,13.1,0.038,0.0,15.56,15.223,14.956,14.854,14.83,1.63
305,1,8.93,0.17,0.48542,-1.437,3.587,4.856,11.5,0.036,0.0,19.861,19.404,18.129,17.511,17.359,0.485
306,1,8.93,0.19,0.37933,-1.704,3.566,4.933,11.7,0.037,0.0,20.729,20.308,18.948,18.376,18.183,0.379
307,1,8.93,0.23,2.1703,1.481,3.831,3.564,10.5,0.033,0.0,11.568,11.122,10.78,10.632,10.601,2.17
308,1,8.93,0.23,1.55895,0.797,3.84,4.14,11.5,0.036,0.0,14.277,13.861,13.538,13.398,13.372,1.559
309,1,8.93,0.25,0.60354,-1.151,3.614,4.771,11.7,0.037,0.0,19.347,18.855,17.712,17.034,16.914,0.604
310,1,8.93,0.33,0.46495,-1.487,3.582,4.867,12.4,0.037,0.0,20.887,20.459,19.121,18.51,18.352,0.465
311,1,8.93,0.37,0.97921,-0.214,3.731,4.515,12.0,0.037,0.0,17.305,16.693,16.045,15.672,15.615,0.979
312,1,8.95,-0.45,0.62799,-0.935,3.656,4.743,11.8,0.037,0.0,18.908,18.353,17.429,16.817,16.722,0.628
313,1,8.95,-0.35,0.48489,-1.355,3.612,4.873,11.4,0.036,0.0,19.557,19.024,17.95,17.318,17.185,0.485
314,1,8.95,-0.29,1.07895,0.147,3.798,4.461,10.5,0.033,0.0,14.903,14.432,13.976,13.728,13.699,1.079
315,1,8.95,-0.27,0.7302,-0.703,3.68,4.671,12.6,0.038,0.0,19.127,18.55,17.712,17.166,17.087,0.73
316,1,8.95,-0.19,1.62154,1.009,3.893,4.158,10.7,0.034,0.0,12.948,12.722,12.528,12.473,12.453,1.622
317,1,8.95,-0.19,2.02354,1.482,3.871,3.692,12.7,0.038,0.0,13.765,13.466,13.219,13.133,13.109,2.024
318,1,8.95,-0.15,0.55829,-1.202,3.618,4.806,11.5,0.036,0.0,19.275,18.752,17.68,17.02,16.897,0.558
319,1,8.95,-0.07,0.78586,-0.625,3.685,4.645,14.0,0.038,0.0,20.331,19.746,18.927,18.398,18.322,0.786
320,1,8.95,-0.03,0.47029,-1.453,3.592,4.877,10.0,0.03,0.0,18.403,17.908,16.705,16.089,15.94,0.47
321,1,8.95,0.03,0.67127,-0.951,3.638,4.715,11.0,0.035,0.0,18.148,17.611,16.603,15.944,15.84,0.671
322,1,8.95,0.05,0.29277,-1.925,3.557,5.003,11.6,0.036,0.0,21.183,20.773,19.402,18.841,18.626,0.293
323,1,8.95,0.09,1.71224,1.022,3.867,4.064,11.3,0.036,0.0,13.514,13.186,12.932,12.839,12.816,1.712
324,1,8.95,0.13,0.16822,-2.45,3.508,5.092,9.0,0.024,0.0,19.895,19.614,17.998,17.474,17.23,0.168
325,1,8.95,0.15,0.33094,-1.832,3.559,4.973,9.1,0.025,0.0,18.45,18.031,16.665,16.101,15.893,0.331
326,1,8.95,0.21,0.33224,-1.833,3.558,4.969,11.6,0.036,0.0,20.953,20.547,19.168,18.604,18.391,0.332
327,1,8.95,0.23,0.40676,-1.631,3.571,4.909,11.6,0.036,0.0,20.448,20.023,18.664,18.085,17.904,0.407
328,1,8.95,0.33,0.53315,-1.32,3.597,4.818,10.8,0.034,0.0,18.87,18.415,17.163,16.499,16.365,0.533
329,1,8.95,0.35,0.26923,-2.016,3.545,5.009,10.4,0.032,0.0,20.209,19.829,18.404,17.853,17.623,0.269
330,1,8.95,0.39,0.20913,-2.223,3.532,5.057,10.5,0.033,0.0,20.828,20.479,18.991,18.452,18.219,0.209
331,1,8.97,-0.43,0.33159,-1.739,3.592,5.012,10.7,0.034,0.0,19.817,19.288,18.151,17.57,17.407,0.332
332,1,8.97,-0.31,0.33301,-1.762,3.584,5.004,12.1,0.037,0.0,21.276,20.771,19.577,19.001,18.829,0.333
333,1,8.97,-0.29,0.31011,-1.824,3.579,5.015,12.0,0.037,0.0,21.329,20.835,19.614,19.045,18.866,0.31
334,1,8.97,-0.23,2.08151,1.58,3.704,2.937,12.4,0.037,0.0,13.22,12.632,11.879,11.415,11.346,2.082
335,1,8.97,-0.21,0.69991,-0.805,3.663,4.688,11.2,0.035,0.0,17.982,17.417,16.516,15.92,15.831,0.7
336,1,8.97,-0.21,0.80412,-0.523,3.705,4.631,11.9,0.037,0.0,17.977,17.389,16.642,16.173,16.106,0.804
337,1,8.97,-0.19,0.85058,-0.406,3.721,4.603,11.1,0.035,0.0,16.885,16.298,15.609,15.186,15.127,0.851
338,1,8.97,-0.17,0.3814,-1.653,3.583,4.952,12.2,0.037,0.0,21.102,20.612,19.388,18.805,18.637,0.381
339,1,8.97,-0.15,0.15316,-2.524,3.508,5.125,8.9,0.023,0.0,19.981,19.694,18.096,17.559,17.316,0.153
340,1,8.97,-0.15,0.20225,-2.203,3.549,5.089,10.3,0.032,0.0,20.576,20.174,18.796,18.241,18.011,0.202
341,1,8.97,-0.15,0.9565,-0.175,3.749,4.534,11.9,0.037,0.0,17.106,16.541,15.943,15.591,15.544,0.957
342,1,8.97,-0.09,0.26184,-1.998,3.559,5.035,8.3,0.02,0.0,18.064,17.63,16.29,15.732,15.52,0.262
343,1,8.97,-0.09,0.42537,-1.552,3.586,4.91,11.2,0.035,0.0,19.85,19.362,18.137,17.542,17.381,0.425
344,1,8.97,-0.09,0.39849,-1.619,3.582,4.929,11.7,0.037,0.0,20.517,20.037,18.787,18.205,18.036,0.398
345,1,8.97,-0.05,0.39633,-1.632,3.579,4.93,11.9,0.037,0.0,20.75,20.279,19.008,18.43,18.258,0.396
346,1,8.97,-0.01,0.4912,-1.407,3.595,4.862,12.3,0.037,0.0,20.587,20.093,18.903,18.273,18.131,0.491
347,1,8.97,0.01,0.28268,-1.95,3.557,5.013,10.9,0.034,0.0,20.545,20.133,18.765,18.205,17.99,0.283
348,1,8.97,0.01,0.62678,-1.064,3.627,4.752,11.6,0.036,0.0,19.029,18.506,17.455,16.777,16.665,0.627
349,1,8.97,0.03,0.18224,-2.355,3.524,5.095,9.1,0.025,0.0,19.757,19.426,17.897,17.365,17.131,0.182
350,1,8.97,0.05,0.24067,-2.089,3.547,5.041,11.1,0.035,0.0,21.092,20.707,19.293,18.741,18.511,0.241
351,1,8.97,0.05,0.44207,-1.53,3.583,4.891,11.5,0.036,0.0,20.095,19.629,18.355,17.761,17.598,0.442
352,1,8.97,0.05,1.57234,0.862,3.855,4.137,11.8,0.037,0.0,14.414,14.055,13.765,13.645,13.621,1.572
353,1,8.97,0.09,0.25987,-2.029,3.548,5.022,8.7,0.022,0.0,18.544,18.147,16.745,16.193,15.964,0.26
354,1,8.97,0.09,0.48823,-1.423,3.591,4.858,8.9,0.023,0.0,17.227,16.744,15.512,14.89,14.742,0.488
355,1,8.97,0.09,0.98286,-0.18,3.74,4.518,15.6,0.038,0.0,20.82,20.234,19.611,19.245,19.194,0.983
356,1,8.97,0.11,1.14429,0.161,3.779,4.397,10.9,0.034,0.0,15.267,14.726,14.226,13.953,13.916,1.144
357,1,8.97,0.15,1.01635,-0.119,3.745,4.492,15.5,0.038,0.0,20.568,19.981,19.377,19.027,18.978,1.016
358,1,8.97,0.17,0.25948,-2.041,3.544,5.017,11.5,0.036,0.0,21.374,20.997,19.568,19.018,18.788,0.259
359,1,8.97,0.21,0.24904,-2.078,3.541,5.02,11.2,0.035,0.0,21.164,20.797,19.349,18.802,18.571,0.249
360,1,8.97,0.21,0.43081,-1.571,3.576,4.891,11.5,0.036,0.0,20.197,19.764,18.415,17.832,17.661,0.431
361,1,8.97,0.23,0.20973,-2.221,3.533,5.057,10.5,0.033,0.0,20.822,20.473,18.986,18.447,18.214,0.21
362,1,8.97,0.23,0.22769,-2.155,3.536,5.042,11.1,0.035,0.0,21.258,20.902,19.432,18.89,18.657,0.228
363,1,8.97,0.27,0.311,-1.891,3.553,4.982,11.2,0.035,0.0,20.698,20.301,18.91,18.35,18.128,0.311
364,1,8.97,0.29,0.1582,-2.531,3.497,5.101,9.2,0.025,0.0,20.297,20.055,18.375,17.854,17.604,0.158
365,1,8.97,0.31,0.56431,-1.244,3.604,4.796,13.0,0.038,0.0,20.881,20.412,19.206,18.528,18.402,0.564
366,1,8.97,0.51,1.18428,0.218,3.781,4.365,12.0,0.037,0.0,16.225,15.657,15.174,14.926,14.887,1.184
367,1,8.99,-0.45,0.29502,-1.828,3.588,5.034,10.2,0.031,0.0,19.539,19.014,17.861,17.287,17.118,0.295
368,1,8.99,-0.37,1.29357,0.618,3.86,4.319,10.1,0.031,0.0,13.326,13.015,12.728,12.605,12.585,1.294
369,1,8.99,-0.37,0.37766,-1.628,3.594,4.965,11.0,0.035,0.0,19.841,19.316,18.176,17.585,17.427,0.378
370,1,8.99,-0.37,0.73905,-0.641,3.692,4.663,12.9,0.038,0.0,19.271,18.692,17.9,17.392,17.319,0.739
371,1,8.99,-0.31,0.1857,-2.286,3.545,5.117,10.9,0.034,0.0,21.384,20.987,19.607,19.05,18.819,0.186
372,1,8.99,-0.27,0.48052,-1.381,3.607,4.875,11.4,0.036,0.0,19.624,19.097,17.996,17.365,17.229,0.481
373,1,8.99,-0.13,0.67044,-0.91,3.649,4.716,12.6,0.038,0.0,19.644,19.095,18.135,17.496,17.399,0.67
374,1,8.99,-0.05,1.11662,0.143,3.783,4.419,7.1,0.013,0.0,11.511,10.978,10.491,10.222,10.188,1.117
375,1,8.99,-0.05,0.5963,-1.13,3.622,4.778,11.1,0.035,0.0,18.695,18.173,17.108,16.435,16.319,0.596
376,1,8.99,-0.05,0.27563,-1.963,3.559,5.024,11.2,0.035,0.0,20.878,20.456,19.105,18.545,18.333,0.276
377,1,8.99,-0.01,0.17132,-2.429,3.517,5.113,9.6,0.028,0.0,20.442,20.136,18.567,18.037,17.798,0.171
378,1,8.99,0.01,0.5535,-1.25,3.608,4.81,10.0,0.03,0.0,17.896,17.385,16.258,15.597,15.471,0.554
379,1,8.99,0.03,0.23409,-2.111,3.546,5.049,11.0,0.035,0.0,21.046,20.663,19.246,18.695,18.465,0.234
380,1,8.99,0.03,0.25313,-2.041,3.55,5.03,11.3,0.036,0.0,21.174,20.78,19.384,18.829,18.6,0.253
381,1,8.99,0.03,1.14969,0.194,3.785,4.392,11.5,0.036,0.0,15.784,15.265,14.78,14.517,14.482,1.15
382,1,8.99,0.05,0.25947,-2.025,3.55,5.025,11.5,0.036,0.0,21.333,20.939,19.543,18.988,18.76,0.259
383,1,8.99,0.05,0.51149,-1.361,3.597,4.843,12.1,0.037,0.0,20.273,19.783,18.594,17.95,17.813,0.511
384,1,8.99,0.07,0.87891,-0.42,3.708,4.581,9.4,0.027,0.0,15.219,14.613,13.884,13.431,13.366,0.879
385,1,8.99,0.09,1.29296,0.446,3.809,4.285,12.3,0.037,0.0,15.956,15.48,15.064,14.853,14.824,1.293
386,1,8.99,0.19,0.2559,-2.055,3.542,5.017,10.4,0.032,0.0,20.307,19.933,18.496,17.948,17.717,0.256
387,1,8.99,0.23,0.23984,-2.111,3.539,5.03,10.1,0.031,0.0,20.147,19.782,18.326,17.782,17.55,0.24
388,1,8.99,0.25,0.65181,-1.026,3.626,4.73,9.0,0.024,0.0,16.335,15.813,14.739,14.062,13.951,0.652
389,1,8.99,0.25,0.45437,-1.512,3.58,4.873,11.0,0.035,0.0,19.55,19.114,17.78,17.182,17.019,0.454
390,1,8.99,0.25,0.38099,-1.699,3.566,4.93,11.6,0.036,0.0,20.619,20.201,18.834,18.26,18.068,0.381
391,1,8.99,0.27,1.30126,0.431,3.803,4.279,13.7,0.038,0.0,17.392,16.885,16.458,16.244,16.212,1.301
392,1,8.99,0.29,0.23896,-2.114,3.539,5.031,10.2,0.031,0.0,20.255,19.89,18.434,17.89,17.658,0.239
393,1,8.99,0.29,1.17924,0.21,3.78,4.367,13.1,0.038,0.0,17.344,16.793,16.301,16.041,16.003,1.179
394,1,8.99,0.31,0.36677,-1.738,3.564,4.943,9.9,0.03,0.0,19.016,18.601,17.227,16.654,16.458,0.367
395,1,8.99,0.33,0.12136,-2.844,3.466,5.178,8.8,0.023,0.0,20.681,20.549,18.679,18.156,17.892,0.121
396,1,8.99,0.33,0.38639,-1.685,3.567,4.925,12.1,0.037,0.0,21.082,20.67,19.294,18.714,18.526,0.386
397,1,8.99,0.41,0.19629,-2.282,3.528,5.069,9.0,0.024,0.0,19.474,19.132,17.622,17.088,16.855,0.196
398,1,8.99,0.41,0.46913,-1.476,3.583,4.864,10.3,0.032,0.0,18.76,18.337,16.99,16.371,16.216,0.469
399,1,8.99,0.49,0.2644,-2.03,3.544,5.012,11.5,0.036,0.0,21.345,20.97,19.539,18.989,18.758,0.264
400,1,9.01,-0.17,0.29953,-1.871,3.57,5.013,11.5,0.036,0.0,20.948,20.484,19.202,18.638,18.447,0.3
401,1,9.01,-0.15,0.48276,-1.399,3.601,4.87,11.5,0.036,0.0,19.768,19.252,18.116,17.481,17.344,0.483
402,1,9.01,-0.11,0.2477,-2.038,3.557,5.045,11.1,0.035,0.0,20.965,20.544,19.195,18.636,18.42,0.248
403,1,9.01,-0.11,0.47135,-1.435,3.596,4.878,11.8,0.037,0.0,20.157,19.652,18.486,17.86,17.717,0.471
404,1,9.01,-0.09,0.46193,-1.462,3.593,4.884,11.2,0.035,0.0,19.625,19.125,17.939,17.322,17.174,0.462
405,1,9.01,-0.07,0.57991,-1.166,3.619,4.79,13.2,0.038,0.0,20.885,20.366,19.29,18.622,18.502,0.58
406,1,9.01,-0.05,0.11909,-2.847,3.475,5.206,8.3,0.02,0.0,20.188,20.017,18.211,17.683,17.426,0.119
407,1,9.01,-0.05,0.2227,-2.142,3.548,5.066,9.6,0.028,0.0,19.725,19.329,17.932,17.38,17.151,0.223
408,1,9.01,-0.05,1.42032,0.69,3.843,4.217,12.1,0.037,0.0,15.144,14.764,14.437,14.29,14.266,1.42
409,1,9.01,0.07,0.56585,-1.226,3.609,4.799,11.4,0.036,0.0,19.236,18.734,17.598,16.931,16.807,0.566
410,1,9.01,0.09,0.26467,-2.015,3.549,5.019,10.7,0.034,0.0,20.507,20.115,18.714,18.16,17.93,0.265
411,1,9.01,0.11,0.27252,-1.994,3.55,5.013,9.8,0.029,0.0,19.554,19.158,17.762,17.207,16.978,0.273
412,1,9.01,0.11,0.32585,-1.841,3.56,4.979,11.9,0.037,0.0,21.273,20.858,19.493,18.929,18.721,0.326
413,1,9.01,0.13,0.80982,-0.606,3.679,4.616,12.2,0.037,0.0,18.484,17.894,17.052,16.511,16.431,0.81
414,1,9.01,0.15,0.41258,-1.611,3.574,4.906,11.8,0.037,0.0,20.597,20.16,18.819,18.243,18.066,0.413
415,1,9.01,0.19,0.1764,-2.418,3.512,5.095,9.7,0.028,0.0,20.514,20.224,18.627,18.101,17.859,0.176
416,1,9.01,0.19,0.28544,-1.965,3.549,4.999,11.1,0.035,0.0,20.782,20.394,18.988,18.433,18.204,0.285
417,1,9.01,0.21,0.61591,-1.118,3.617,4.759,12.0,0.037,0.0,19.564,19.064,17.943,17.264,17.146,0.616
418,1,9.01,0.21,0.43436,-1.561,3.576,4.888,12.5,0.038,0.0,21.173,20.741,19.394,18.81,18.639,0.434
419,1,9.01,0.23,0.48491,-1.438,3.586,4.853,8.4,0.02,0.0,16.764,16.306,15.018,14.401,14.249,0.485
420,1,9.01,0.23,0.47293,-1.467,3.584,4.861,10.1,0.031,0.0,18.537,18.09,16.783,16.174,16.017,0.473
421,1,9.01,0.23,0.2962,-1.933,3.551,4.991,11.0,0.035,0.0,20.602,20.21,18.812,18.255,18.027,0.296
422,1,9.01,0.23,0.70535,-0.889,3.641,4.684,11.4,0.036,0.0,18.391,17.852,16.842,16.191,16.088,0.705
423,1,9.01,0.31,0.47574,-1.46,3.584,4.859,10.4,0.032,0.0,18.82,18.382,17.062,16.445,16.291,0.476
424,1,9.01,0.37,1.68543,0.973,3.846,4.02,9.3,0.026,0.0,11.638,11.215,10.916,10.795,10.769,1.685
425,1,9.01,0.39,0.25413,-2.061,3.542,5.017,8.8,0.023,0.0,18.723,18.345,16.907,16.361,16.131,0.254
426,1,9.03,-0.27,0.29135,-1.878,3.575,5.025,10.0,0.03,0.0,19.466,18.977,17.733,17.171,16.987,0.291
427,1,9.03,-0.25,0.37452,-1.658,3.587,4.963,9.9,0.03,0.0,18.816,18.308,17.118,16.533,16.368,0.375
428,1,9.03,-0.21,0.29698,-1.872,3.572,5.017,11.0,0.035,0.0,20.449,19.976,18.709,18.146,17.958,0.297
429,1,9.03,-0.21,1.37507,0.684,3.855,4.258,11.9,0.037,0.0,14.961,14.625,14.326,14.198,14.176,1.375
430,1,9.03,-0.15,0.3642,-1.705,3.58,4.969,11.5,0.036,0.0,20.533,20.049,18.805,18.229,18.056,0.364
431,1,9.03,-0.13,0.69582,-0.84,3.657,4.693,11.3,0.036,0.0,18.17,17.612,16.682,16.065,15.973,0.696
432,1,9.03,-0.13,0.52797,-1.286,3.61,4.832,13.0,0.038,0.0,20.984,20.467,19.361,18.711,18.582,0.528
433,1,9.03,-0.11,0.28302,-1.931,3.564,5.022,10.6,0.033,0.0,20.197,19.755,18.435,17.873,17.671,0.283
434,1,9.03,-0.09,0.37003,-1.699,3.577,4.96,12.2,0.037,0.0,21.217,20.744,19.475,18.902,18.726,0.37
435,1,9.03,-0.07,0.81639,-0.541,3.697,4.625,10.4,0.032,0.0,16.522,15.927,15.154,14.663,14.594,0.816
436,1,9.03,-0.07,0.5349,-1.281,3.608,4.826,11.7,0.037,0.0,19.672,19.16,18.041,17.387,17.258,0.535
437,1,9.03,0.07,1.55077,0.841,3.846,4.119,10.1,0.031,0.0,12.769,12.381,12.071,11.937,11.913,1.551
438,1,9.03,0.09,0.32093,-1.852,3.56,4.983,12.0,0.037,0.0,21.4,20.984,19.621,19.057,18.849,0.321
439,1,9.03,0.09,0.98133,-0.18,3.74,4.517,13.9,0.038,0.0,19.12,18.534,17.911,17.545,17.493,0.981
440,1,9.03,0.13,0.97304,-0.209,3.735,4.52,8.5,0.021,0.0,13.791,13.187,12.552,12.177,12.124,0.973
441,1,9.03,0.13,0.43288,-1.559,3.578,4.892,9.9,0.03,0.0,18.566,18.114,16.801,16.215,16.047,0.433
442,1,9.03,0.15,0.26451,-2.023,3.546,5.015,10.7,0.034,0.0,20.528,20.144,18.727,18.175,17.945,0.265
443,1,9.03,0.17,0.53667,-1.309,3.599,4.817,9.1,0.025,0.0,17.143,16.659,15.456,14.797,14.665,0.537
444,1,9.03,0.17,0.54891,-1.279,3.601,4.807,11.5,0.036,0.0,19.467,18.986,17.794,17.127,16.998,0.549
445,1,9.03,0.17,0.66737,-0.983,3.632,4.72,12.3,0.037,0.0,19.526,19.001,17.957,17.289,17.181,0.667
446,1,9.03,0.19,0.30269,-1.913,3.552,4.987,9.9,0.03,0.0,19.452,19.053,17.662,17.104,16.88,0.303
447,1,9.03,0.19,0.38966,-1.675,3.568,4.922,10.9,0.034,0.0,19.856,19.431,18.075,17.501,17.313,0.39
448,1,9.03,0.21,0.89792,-0.4,3.706,4.562,9.9,0.03,0.0,15.671,15.058,14.321,13.869,13.802,0.898
449,1,9.03,0.23,0.48165,-1.445,3.586,4.855,10.9,0.034,0.0,19.284,18.836,17.538,16.922,16.768,0.482
450,1,9.03,0.23,0.58804,-1.187,3.61,4.78,13.6,0.038,0.0,21.337,20.851,19.689,19.014,18.891,0.588
451,1,9.03,0.27,0.23294,-2.136,3.537,5.037,8.5,0.021,0.0,18.61,18.241,16.782,16.24,16.009,0.233
452,1,9.03,0.27,1.32286,0.47,3.806,4.258,9.3,0.026,0.0,12.895,12.386,11.971,11.765,11.734,1.323
453,1,9.03,0.35,0.40604,-1.632,3.571,4.908,10.3,0.032,0.0,19.15,18.735,17.357,16.773,16.594,0.406
454,1,9.03,0.37,0.4895,-1.426,3.587,4.849,11.5,0.036,0.0,19.836,19.404,18.086,17.455,17.306,0.489
455,1,9.03,0.39,0.83861,-0.547,3.685,4.596,13.2,0.038,0.0,19.337,18.731,17.912,17.404,17.324,0.839
456,1,9.03,0.41,0.32456,-1.854,3.556,4.973,11.9,0.037,0.0,21.304,20.907,19.515,18.949,18.735,0.325
457,1,9.03,0.49,1.10204,0.058,3.764,4.425,10.5,0.033,0.0,15.124,14.529,13.994,13.708,13.663,1.102
458,1,9.05,-0.35,0.36441,-1.67,3.591,4.979,11.1,0.035,0.0,20.045,19.526,18.37,17.784,17.622,0.364
459,1,9.05,-0.31,0.24686,-2.007,3.569,5.058,11.2,0.035,0.0,20.988,20.518,19.251,18.691,18.495,0.247
460,1,9.05,-0.25,0.28845,-1.89,3.573,5.026,10.3,0.032,0.0,19.796,19.315,18.059,17.497,17.31,0.288
461,1,9.05,-0.25,0.46709,-1.419,3.603,4.885,12.5,0.038,0.0,20.818,20.294,19.177,18.551,18.412,0.467
462,1,9.05,-0.23,1.45372,0.816,3.871,4.214,8.8,0.023,0.0,11.53,11.23,10.979,10.884,10.864,1.454
463,1,9.05,-0.21,0.8615,-0.367,3.727,4.593,11.4,0.036,0.0,17.087,16.504,15.835,15.427,15.371,0.862
464,1,9.05,-0.21,0.82473,-0.463,3.713,4.617,12.3,0.037,0.0,18.227,17.641,16.925,16.479,16.417,0.825
465,1,9.05,-0.21,0.63658,-0.978,3.644,4.741,12.5,0.038,0.0,19.715,19.171,18.194,17.55,17.448,0.637
466,1,9.05,-0.19,0.20462,-2.187,3.552,5.089,9.6,0.028,0.0,19.837,19.421,18.063,17.508,17.282,0.205
467,1,9.05,-0.19,0.51949,-1.295,3.611,4.84,11.3,0.036,0.0,19.307,18.785,17.691,17.045,16.915,0.519
468,1,9.05,-0.17,0.57955,-1.142,3.625,4.788,7.4,0.014,0.0,15.024,14.483,13.444,12.78,12.663,0.58
469,1,9.05,-0.17,0.45083,-1.475,3.595,4.894,11.1,0.035,0.0,19.556,19.047,17.883,17.268,17.12,0.451
470,1,9.05,-0.17,0.56552,-1.178,3.621,4.799,13.5,0.038,0.0,21.214,20.689,19.629,18.967,18.847,0.566
471,1,9.05,-0.15,0.9456,-0.195,3.746,4.539,5.5,0.007,0.0,10.758,10.172,9.575,9.22,9.173,0.946
472,1,9.05,-0.11,0.28301,-1.931,3.564,5.022,11.1,0.035,0.0,20.697,20.256,18.936,18.373,18.171,0.283
473,1,9.05,-0.11,0.40973,-1.586,3.585,4.921,12.1,0.037,0.0,20.836,20.35,19.119,18.529,18.365,0.41
474,1,9.05,-0.07,0.58,-1.165,3.619,4.79,9.5,0.027,0.0,17.183,16.657,15.585,14.918,14.799,0.58
475,1,9.05,-0.07,1.12719,0.171,3.787,4.411,11.4,0.036,0.0,15.742,15.233,14.749,14.484,14.45,1.127
476,1,9.05,-0.07,1.58714,0.941,3.863,4.096,15.9,0.038,0.0,18.317,17.992,17.721,17.616,17.593,1.587
477,1,9.05,-0.01,1.18129,0.273,3.795,4.363,9.4,0.027,0.0,13.488,12.984,12.528,12.285,12.254,1.181
478,1,9.05,0.01,0.3144,-1.86,3.563,4.992,11.5,0.036,0.0,20.92,20.492,19.147,18.583,18.38,0.314
479,1,9.05,0.01,1.59379,0.92,3.854,4.083,12.0,0.037,0.0,14.469,14.112,13.819,13.699,13.674,1.594
480,1,9.05,0.03,0.23759,-2.097,3.547,5.045,10.3,0.032,0.0,20.312,19.925,18.513,17.962,17.732,0.238
481,1,9.05,0.03,0.63883,-1.034,3.63,4.742,12.0,0.037,0.0,19.355,18.83,17.787,17.113,17.003,0.639
482,1,9.05,0.05,1.13035,0.156,3.78,4.403,10.4,0.032,0.0,14.779,14.246,13.749,13.476,13.44,1.13
483,1,9.05,0.05,0.26124,-2.019,3.551,5.024,11.0,0.035,0.0,20.818,20.423,19.029,18.473,18.246,0.261
484,1,9.05,0.09,1.05142,-0.021,3.759,4.464,12.4,0.037,0.0,17.223,16.658,16.096,15.776,15.733,1.051
485,1,9.05,0.11,0.19188,-2.299,3.528,5.08,10.8,0.034,0.0,21.319,20.981,19.472,18.937,18.703,0.192
486,1,9.05,0.11,0.49422,-1.409,3.591,4.852,11.3,0.036,0.0,19.593,19.12,17.882,17.255,17.109,0.494
487,1,9.05,0.11,0.50755,-1.376,3.594,4.842,12.3,0.037,0.0,20.51,20.034,18.813,18.175,18.033,0.508
488,1,9.05,0.11,0.62517,-1.082,3.623,4.754,14.0,0.038,0.0,21.474,20.961,19.882,19.202,19.088,0.625
489,1,9.05,0.15,0.47083,-1.47,3.585,4.867,8.9,0.023,0.0,17.344,16.879,15.6,14.993,14.837,0.471
490,1,9.05,0.15,0.35786,-1.758,3.564,4.953,11.1,0.035,0.0,20.264,19.842,18.485,17.916,17.718,0.358
491,1,9.05,0.15,0.51026,-1.373,3.593,4.838,11.6,0.036,0.0,19.802,19.332,18.097,17.459,17.317,0.51
492,1,9.05,0.19,0.15716,-2.55,3.496,5.115,8.9,0.023,0.0,20.045,19.803,18.121,17.6,17.349,0.157
493,1,9.05,0.19,0.23996,-2.109,3.539,5.03,11.3,0.036,0.0,21.343,20.98,19.525,18.979,18.748,0.24
494,1,9.05,0.19,0.7972,-0.65,3.672,4.622,11.5,0.036,0.0,17.894,17.308,16.435,15.872,15.787,0.797
495,1,9.05,0.21,0.66158,-0.996,3.629,4.718,11.3,0.036,0.0,18.561,18.041,16.979,16.305,16.195,0.662
496,1,9.05,0.23,0.43238,-1.566,3.576,4.889,12.4,0.037,0.0,21.085,20.655,19.302,18.718,18.547,0.432
497,1,9.05,0.31,1.20888,0.275,3.787,4.338,12.3,0.037,0.0,16.383,15.841,15.368,15.121,15.085,1.209
498,1,9.05,0.31,1.48309,0.715,3.826,4.146,12.4,0.037,0.0,15.383,14.924,14.566,14.403,14.374,1.483
499,1,9.05,0.33,0.84321,-0.535,3.687,4.593,13.4,0.038,0.0,19.507,18.902,18.09,17.584,17.506,0.843
500,1,9.05,0.35,0.14349,-2.661,3.484,5.139,9.7,0.028,0.0,21.123,20.927,19.17,18.648,18.391,0.143
501,1,9.05,0.37,0.32246,-1.859,3.556,4.975,10.8,0.034,0.0,20.218,19.819,18.429,17.865,17.649,0.322
502,1,9.05,0.41,1.35219,0.519,3.81,4.235,10.0,0.03,0.0,13.472,12.961,12.562,12.37,12.338,1.352
503,1,9.07,-0.43,0.16827,-2.388,3.536,5.141,10.6,0.033,0.0,21.341,20.963,19.551,18.991,18.757,0.168
504,1,9.07,-0.33,0.76978,-0.565,3.703,4.646,13.5,0.038,0.0,19.682,19.099,18.344,17.868,17.8,0.77
505,1,9.07,-0.19,0.85611,-0.386,3.723,4.596,11.1,0.035,0.0,16.835,16.249,15.569,15.153,15.095,0.856
506,1,9.07,-0.17,0.74276,-0.699,3.678,4.664,11.8,0.037,0.0,18.319,17.74,16.892,16.338,16.258,0.743
507,1,9.07,-0.17,0.46327,-1.443,3.598,4.885,13.1,0.038,0.0,21.478,20.966,19.816,19.192,19.049,0.463
508,1,9.07,-0.13,2.24907,-0.666,4.52,7.976,10.1,0.031,0.0,16.534,19.957,20.369,20.52,20.613,0.701
509,1,9.07,-0.13,0.61631,-1.055,3.633,4.759,10.3,0.032,0.0,17.707,17.171,16.152,15.491,15.382,0.616
510,1,9.07,-0.13,0.68931,-0.857,3.655,4.698,11.4,0.036,0.0,18.312,17.756,16.819,16.196,16.102,0.689
511,1,9.07,-0.09,0.21963,-2.147,3.55,5.071,10.0,0.03,0.0,20.137,19.735,18.352,17.798,17.568,0.22
512,1,9.07,-0.07,0.73969,-0.742,3.669,4.669,12.2,0.037,0.0,18.825,18.252,17.369,16.787,16.702,0.74
513,1,9.07,-0.03,0.47021,-1.452,3.592,4.876,9.1,0.025,0.0,17.501,17.003,15.801,15.186,15.038,0.47
514,1,9.07,-0.03,0.35063,-1.764,3.571,4.976,10.2,0.031,0.0,19.379,18.922,17.618,17.051,16.864,0.351
515,1,9.07,-0.03,0.47015,-1.453,3.592,4.876,11.5,0.036,0.0,19.901,19.41,18.205,17.588,17.439,0.47
516,1,9.07,-0.03,0.56312,-1.217,3.613,4.803,12.0,0.037,0.0,19.813,19.301,18.195,17.531,17.408,0.563
517,1,9.07,-0.03,0.55087,-1.248,3.61,4.811,12.9,0.038,0.0,20.79,20.28,19.162,18.501,18.376,0.551
518,1,9.07,-0.01,0.3918,-1.651,3.576,4.933,10.8,0.034,0.0,19.698,19.234,17.94,17.369,17.193,0.392
519,1,9.07,-0.01,0.75454,-0.723,3.669,4.663,11.5,0.036,0.0,18.078,17.503,16.623,16.044,15.96,0.755
520,1,9.07,-0.01,0.43741,-1.536,3.584,4.898,12.6,0.038,0.0,21.21,20.734,19.482,18.887,18.726,0.437
521,1,9.07,0.01,0.55767,-1.239,3.609,4.806,7.4,0.014,0.0,15.268,14.746,13.629,12.968,12.844,0.558
522,1,9.07,0.01,0.59737,-1.139,3.619,4.775,10.9,0.034,0.0,18.517,18.001,16.917,16.243,16.126,0.597
523,1,9.07,0.03,1.24956,0.399,3.806,4.304,10.4,0.032,0.0,14.172,13.69,13.265,13.046,13.016,1.25
524,1,9.07,0.03,0.447,-1.516,3.584,4.888,12.1,0.037,0.0,20.661,20.19,18.93,18.332,18.171,0.447
525,1,9.07,0.07,0.2284,-2.136,3.543,5.051,10.6,0.033,0.0,20.711,20.335,18.902,18.354,18.123,0.228
526,1,9.07,0.09,0.75942,-0.727,3.665,4.649,9.7,0.028,0.0,16.286,15.709,14.81,14.22,14.133,0.759
527,1,9.07,0.09,0.66105,-0.985,3.633,4.723,12.6,0.038,0.0,19.833,19.305,18.272,17.605,17.498,0.661
528,1,9.07,0.15,0.77354,-0.702,3.666,4.639,12.4,0.037,0.0,18.925,18.348,17.453,16.87,16.782,0.774
529,1,9.07,0.17,0.17504,-2.419,3.512,5.095,10.4,0.032,0.0,21.217,20.928,19.332,18.805,18.563,0.175
530,1,9.07,0.17,1.28288,0.419,3.801,4.279,10.7,0.034,0.0,14.422,13.918,13.486,13.265,13.233,1.283
531,1,9.07,0.17,0.21269,-2.206,3.535,5.056,10.9,0.034,0.0,21.186,20.833,19.355,18.815,18.582,0.213
532,1,9.07,0.19,0.37094,-1.725,3.565,4.939,11.0,0.035,0.0,20.084,19.663,18.302,17.731,17.535,0.371
533,1,9.07,0.29,1.16942,0.2,3.779,4.367,11.6,0.036,0.0,15.869,15.314,14.818,14.554,14.516,1.169
534,1,9.07,0.37,0.14881,-2.615,3.489,5.126,9.4,0.027,0.0,20.708,20.495,18.765,18.244,17.989,0.149
535,1,9.07,0.39,1.02385,-0.106,3.745,4.48,12.7,0.038,0.0,17.734,17.129,16.528,16.19,16.138,1.024
536,1,9.07,0.45,0.8357,-0.553,3.685,4.597,13.1,0.038,0.0,19.251,18.643,17.821,17.313,17.232,0.836
537,1,9.09,-0.39,1.89887,1.625,3.71,2.879,9.4,0.027,0.0,10.108,9.522,8.795,8.346,8.283,1.899
538,1,9.09,-0.37,0.64124,-0.919,3.655,4.731,10.7,0.034,0.0,17.767,17.21,16.281,15.665,15.57,0.641
539,1,9.09,-0.25,0.47664,-1.394,3.605,4.877,12.8,0.038,0.0,21.055,20.532,19.422,18.792,18.655,0.477
540,1,9.09,-0.23,0.33805,-1.762,3.58,4.996,11.7,0.037,0.0,20.876,20.384,19.158,18.585,18.41,0.338
541,1,9.09,-0.21,2.04803,1.826,3.693,2.642,11.4,0.036,0.0,11.605,11.016,10.225,9.733,9.657,2.048
542,1,9.09,-0.21,0.48867,-1.371,3.605,4.866,11.6,0.036,0.0,19.799,19.277,18.164,17.529,17.394,0.489
543,1,9.09,-0.15,0.61328,-1.058,3.633,4.761,12.3,0.037,0.0,19.714,19.18,18.161,17.502,17.392,0.613
544,1,9.09,-0.13,0.63697,-0.998,3.639,4.742,10.6,0.033,0.0,17.866,17.325,16.328,15.676,15.571,0.637
545,1,9.09,-0.13,0.82189,-0.5,3.705,4.618,11.3,0.036,0.0,17.32,16.729,15.983,15.515,15.448,0.822
546,1,9.09,-0.09,0.12853,-2.76,3.484,5.19,9.1,0.025,0.0,20.769,20.566,18.821,18.289,18.037,0.129
547,1,9.09,-0.09,0.41145,-1.585,3.584,4.919,11.4,0.036,0.0,20.133,19.65,18.412,17.823,17.658,0.411
548,1,9.09,-0.05,0.63439,-1.028,3.633,4.747,11.3,0.036,0.0,18.639,18.107,17.084,16.42,16.311,0.634
549,1,9.09,-0.03,0.25563,-2.026,3.554,5.034,7.6,0.016,0.0,17.434,17.015,15.647,15.092,14.872,0.256
550,1,9.09,-0.03,0.23969,-2.081,3.551,5.048,10.2,0.031,0.0,20.173,19.773,18.385,17.831,17.603,0.24
551,1,9.09,-0.01,0.2181,-2.166,3.545,5.067,10.1,0.031,0.0,20.284,19.901,18.48,17.931,17.701,0.218
552,1,9.09,-0.01,0.59753,-1.136,3.62,4.777,11.4,0.036,0.0,19.009,18.491,17.415,16.741,16.624,0.598
553,1,9.09,0.03,0.38911,-1.656,3.574,4.927,11.2,0.035,0.0,20.111,19.657,18.344,17.774,17.596,0.389
554,1,9.09,0.03,0.37362,-1.701,3.572,4.944,11.4,0.036,0.0,20.422,19.973,18.655,18.086,17.902,0.374
555,1,9.09,0.03,0.28474,-1.945,3.556,5.009,11.6,0.036,0.0,21.233,20.824,19.452,18.892,18.675,0.285
556,1,9.09,0.05,0.44069,-1.533,3.583,4.891,10.7,0.034,0.0,19.302,18.835,17.561,16.968,16.805,0.441
557,1,9.09,0.05,0.6627,-0.974,3.635,4.721,11.1,0.035,0.0,18.306,17.772,16.751,16.087,15.982,0.663
558,1,9.09,0.05,0.23593,-2.106,3.546,5.045,11.3,0.036,0.0,21.334,20.953,19.532,18.982,18.751,0.236
559,1,9.09,0.05,0.69748,-0.884,3.645,4.69,12.2,0.037,0.0,19.179,18.634,17.651,17.004,16.905,0.697
560,1,9.09,0.07,0.35232,-1.766,3.567,4.963,12.1,0.037,0.0,21.284,20.851,19.512,18.943,18.749,0.352
561,1,9.09,0.09,0.60285,-1.136,3.618,4.771,12.9,0.038,0.0,20.51,20.002,18.901,18.226,18.107,0.603
562,1,9.09,0.09,0.95442,-0.239,3.732,4.531,13.0,0.038,0.0,18.367,17.774,17.124,16.738,16.683,0.954
563,1,9.09,0.11,0.5418,-1.29,3.602,4.815,12.3,0.037,0.0,20.294,19.805,18.629,17.966,17.836,0.542
564,1,9.09,0.13,0.43764,-1.548,3.579,4.89,12.6,0.038,0.0,21.24,20.791,19.479,18.891,18.724,0.438
565,1,9.09,0.15,0.18017,-2.385,3.517,5.093,10.3,0.032,0.0,21.033,20.729,19.159,18.63,18.39,0.18
566,1,9.09,0.17,0.78514,-0.675,3.669,4.63,12.1,0.037,0.0,18.558,17.977,17.093,16.52,16.434,0.785
567,1,9.09,0.19,1.44924,0.675,3.822,4.156,11.7,0.037,0.0,14.781,14.323,13.947,13.769,13.741,1.449
568,1,9.09,0.21,0.67882,-0.953,3.634,4.703,11.7,0.037,0.0,18.853,18.326,17.284,16.618,16.511,0.679
569,1,9.09,0.23,0.28625,-1.963,3.548,4.997,11.0,0.035,0.0,20.677,20.289,18.882,18.328,18.098,0.286
570,1,9.09,0.25,1.11226,0.086,3.767,4.412,12.1,0.037,0.0,16.656,16.087,15.553,15.259,15.217,1.112
571,1,9.09,0.31,0.62259,-1.097,3.619,4.75,11.8,0.037,0.0,19.313,18.816,17.69,17.009,16.892,0.623
572,1,9.09,0.35,0.28943,-1.953,3.549,4.995,11.1,0.035,0.0,20.753,20.363,18.96,18.404,18.175,0.289
573,1,9.09,0.35,1.06245,-0.02,3.755,4.45,12.8,0.038,0.0,17.619,17.027,16.458,16.142,16.095,1.062
574,1,9.09,0.49,0.30688,-1.902,3.553,4.983,11.5,0.036,0.0,21.025,20.632,19.234,18.674,18.451,0.307
575,1,9.11,-0.31,0.46889,-1.403,3.607,4.884,10.3,0.032,0.0,18.576,18.044,16.949,16.323,16.186,0.469
576,1,9.11,-0.23,0.29485,-1.874,3.573,5.02,11.4,0.036,0.0,20.855,20.378,19.119,18.555,18.368,0.295
577,1,9.11,-0.23,0.53217,-1.251,3.617,4.828,11.5,0.036,0.0,19.397,18.87,17.799,17.149,17.023,0.532
578,1,9.11,-0.19,0.32664,-1.798,3.576,5.0,11.5,0.036,0.0,20.765,20.283,19.031,18.464,18.283,0.327
579,1,9.11,-0.17,0.38062,-1.654,3.583,4.952,10.3,0.032,0.0,19.205,18.712,17.489,16.907,16.739,0.381
580,1,9.11,-0.17,0.23472,-2.076,3.558,5.062,10.9,0.034,0.0,20.861,20.433,19.096,18.537,18.322,0.235
581,1,9.11,-0.15,0.34238,-1.764,3.576,4.988,10.4,0.032,0.0,19.581,19.1,17.842,17.274,17.095,0.342
582,1,9.11,-0.13,0.54493,-1.24,3.614,4.816,11.5,0.036,0.0,19.369,18.849,17.759,17.102,16.977,0.545
583,1,9.11,-0.11,0.32877,-1.806,3.572,4.994,11.9,0.037,0.0,21.185,20.722,19.436,18.869,18.682,0.329
584,1,9.11,-0.07,0.27842,-1.951,3.561,5.022,8.7,0.022,0.0,18.347,17.91,16.574,16.015,15.807,0.278
585,1,9.11,-0.07,0.75509,-0.7,3.674,4.66,12.6,0.038,0.0,19.119,18.54,17.68,17.117,17.035,0.755
586,1,9.11,-0.05,0.44664,-1.506,3.588,4.892,12.3,0.037,0.0,20.834,20.348,19.125,18.521,18.365,0.447
587,1,9.11,-0.01,0.17557,-2.403,3.52,5.111,9.4,0.027,0.0,20.177,19.858,18.309,17.778,17.541,0.176
588,1,9.11,-0.01,0.74842,-0.738,3.667,4.665,10.5,0.033,0.0,17.114,16.539,15.652,15.067,14.981,0.748
589,1,9.11,-0.01,0.27821,-1.962,3.557,5.019,11.4,0.036,0.0,21.074,20.661,19.295,18.736,18.521,0.278
590,1,9.11,-0.01,1.39352,0.656,3.831,4.195,12.6,0.038,0.0,15.731,15.315,14.956,14.787,14.761,1.394
591,1,9.11,0.03,0.23291,-2.114,3.546,5.049,10.3,0.032,0.0,20.355,19.97,18.554,18.003,17.773,0.233
592,1,9.11,0.03,0.51424,-1.351,3.598,4.841,11.4,0.036,0.0,19.548,19.053,17.877,17.229,17.095,0.514
593,1,9.11,0.05,0.30153,-1.898,3.558,4.995,10.0,0.03,0.0,19.514,19.096,17.733,17.171,16.96,0.302
594,1,9.11,0.05,0.24672,-2.065,3.548,5.033,11.2,0.035,0.0,21.132,20.745,19.337,18.784,18.554,0.247
595,1,9.11,0.07,0.3745,-1.702,3.57,4.941,11.1,0.035,0.0,20.126,19.684,18.355,17.784,17.598,0.375
596,1,9.11,0.09,0.36781,-1.723,3.568,4.947,11.1,0.035,0.0,20.179,19.743,18.405,17.835,17.645,0.368
597,1,9.11,0.09,0.41453,-1.598,3.576,4.905,12.2,0.037,0.0,20.966,20.517,19.198,18.621,18.448,0.415
598,1,9.11,0.09,0.93396,-0.285,3.726,4.543,12.7,0.038,0.0,18.183,17.585,16.915,16.513,16.455,0.934
599,1,9.11,0.11,0.23184,-2.128,3.542,5.044,10.4,0.032,0.0,20.491,20.118,18.678,18.131,17.9,0.232
600,1,9.11,0.11,0.88222,-0.413,3.708,4.573,11.5,0.036,0.0,17.304,16.702,15.966,15.513,15.447,0.882
601,1,9.11,0.15,0.4028,-1.634,3.572,4.911,11.5,0.036,0.0,20.354,19.919,18.575,18.0,17.82,0.403
602,1,9.11,0.17,0.49308,-1.417,3.589,4.849,11.1,0.035,0.0,19.411,18.95,17.685,17.062,16.912,0.493
603,1,9.11,0.17,1.2607,0.388,3.798,4.288,11.9,0.037,0.0,15.701,15.192,14.747,14.519,14.486,1.261
604,1,9.11,0.19,0.30975,-1.893,3.554,4.982,11.6,0.036,0.0,21.102,20.704,19.315,18.755,18.534,0.31
605,1,9.11,0.21,0.87872,-0.444,3.7,4.571,9.4,0.027,0.0,15.279,14.665,13.906,13.437,13.367,0.879
606,1,9.11,0.21,0.55435,-1.263,3.602,4.8,10.7,0.034,0.0,18.628,18.149,16.955,16.284,16.156,0.554
607,1,9.11,0.25,0.31407,-1.882,3.554,4.979,11.8,0.037,0.0,21.275,20.877,19.487,18.926,18.706,0.314
608,1,9.11,0.27,0.85084,-0.513,3.69,4.588,10.3,0.032,0.0,16.353,15.745,14.947,14.449,14.373,0.851
609,1,9.11,0.27,1.04868,-0.047,3.752,4.459,13.6,0.038,0.0,18.488,17.898,17.317,16.989,16.941,1.049
610,1,9.11,0.29,0.98214,-0.197,3.733,4.507,12.4,0.037,0.0,17.663,17.058,16.415,16.042,15.986,0.982
611,1,9.11,0.33,0.17541,-2.427,3.51,5.097,9.8,0.029,0.0,20.638,20.353,18.749,18.223,17.98,0.175
612,1,9.11,0.33,0.91542,-0.353,3.712,4.548,13.0,0.038,0.0,18.652,18.039,17.322,16.894,16.828,0.915
613,1,9.11,0.41,0.61535,-1.116,3.617,4.755,8.7,0.022,0.0,16.259,15.763,14.617,13.936,13.819,0.615
614,1,9.11,0.41,0.44131,-1.543,3.577,4.881,12.4,0.037,0.0,21.027,20.616,19.237,18.636,18.472,0.441
615,1,9.13,-0.39,0.24986,-1.98,3.574,5.06,10.8,0.034,0.0,20.521,20.026,18.799,18.241,18.053,0.25
616,1,9.13,-0.21,0.53342,-1.252,3.616,4.826,11.5,0.036,0.0,19.399,18.874,17.798,17.147,17.021,0.533
617,1,9.13,-0.19,0.23338,-2.078,3.559,5.064,9.2,0.025,0.0,19.164,18.727,17.4,16.842,16.629,0.233
618,1,9.13,-0.19,0.44613,-1.482,3.596,4.897,10.0,0.03,0.0,18.474,17.96,16.802,16.188,16.041,0.446
619,1,9.13,-0.15,1.01463,-0.034,3.766,4.488,10.1,0.031,0.0,14.954,14.411,13.867,13.556,13.516,1.015
620,1,9.13,-0.15,0.28048,-1.931,3.566,5.025,10.6,0.033,0.0,20.197,19.746,18.442,17.879,17.68,0.28
621,1,9.13,-0.13,0.59243,-1.118,3.626,4.777,12.2,0.037,0.0,19.764,19.238,18.192,17.522,17.407,0.592
622,1,9.13,-0.11,0.4615,-1.458,3.594,4.883,12.5,0.038,0.0,20.915,20.414,19.235,18.616,18.469,0.462
623,1,9.13,-0.09,0.34971,-1.756,3.574,4.98,10.4,0.032,0.0,19.559,19.088,17.808,17.241,17.06,0.35
624,1,9.13,-0.05,0.36377,-1.723,3.574,4.964,11.2,0.035,0.0,20.277,19.812,18.521,17.953,17.773,0.364
625,1,9.13,-0.05,0.73578,-0.757,3.666,4.671,11.7,0.037,0.0,18.362,17.792,16.897,16.307,16.221,0.736
626,1,9.13,-0.05,1.61925,0.998,3.848,3.987,13.1,0.038,0.0,15.375,15.006,14.695,14.563,14.537,1.619
627,1,9.13,-0.03,1.02807,-0.031,3.761,4.47,10.7,0.034,0.0,15.548,14.991,14.433,14.111,14.069,1.028
628,1,9.13,-0.01,0.57667,-1.187,3.615,4.792,11.4,0.036,0.0,19.138,18.624,17.527,16.858,16.737,0.577
629,1,9.13,-0.01,1.25409,0.427,3.809,4.292,11.9,0.037,0.0,15.602,15.136,14.718,14.504,14.475,1.254
630,1,9.13,-0.01,0.93796,-0.247,3.734,4.539,12.1,0.037,0.0,17.487,16.902,16.257,15.871,15.818,0.938
631,1,9.13,0.01,0.27077,-1.984,3.555,5.02,9.4,0.027,0.0,19.13,18.719,17.344,16.787,16.568,0.271
632,1,9.13,0.01,0.39883,-1.626,3.576,4.916,10.6,0.033,0.0,19.435,18.972,17.673,17.101,16.926,0.399
633,1,9.13,0.01,0.37386,-1.698,3.572,4.944,11.6,0.036,0.0,20.614,20.161,18.849,18.281,18.098,0.374
634,1,9.13,0.03,0.7752,-0.669,3.674,4.638,7.8,0.017,0.0,14.244,13.649,12.793,12.231,12.15,0.775
635,1,9.13,0.03,0.18086,-2.371,3.523,5.102,9.8,0.029,0.0,20.496,20.172,18.634,18.103,17.867,0.181
636,1,9.13,0.03,0.54524,-1.272,3.606,4.815,10.0,0.03,0.0,17.95,17.444,16.302,15.642,15.515,0.545
637,1,9.13,0.05,0.24456,-2.073,3.548,5.035,11.2,0.035,0.0,21.152,20.766,19.355,18.803,18.573,0.245
638,1,9.13,0.07,0.1809,-2.375,3.521,5.099,9.8,0.029,0.0,20.507,20.188,18.641,18.11,17.873,0.181
639,1,9.13,0.07,0.30647,-1.887,3.558,4.991,11.1,0.035,0.0,20.587,20.173,18.807,18.244,18.033,0.306
640,1,9.13,0.11,0.40378,-1.626,3.574,4.911,10.0,0.03,0.0,18.835,18.389,17.059,16.485,16.308,0.404
641,1,9.13,0.11,1.16103,0.215,3.783,4.367,11.8,0.037,0.0,16.032,15.502,15.014,14.75,14.714,1.161
642,1,9.13,0.13,0.64192,-1.04,3.627,4.739,11.8,0.037,0.0,19.17,18.651,17.588,16.91,16.798,0.642
643,1,9.13,0.17,0.53264,-1.318,3.598,4.82,13.2,0.038,0.0,21.266,20.791,19.578,18.921,18.787,0.533
644,1,9.13,0.25,0.40472,-1.634,3.571,4.908,7.7,0.016,0.0,16.555,16.12,14.763,14.187,14.006,0.405
645,1,9.13,0.29,1.09874,0.062,3.764,4.42,13.6,0.038,0.0,18.216,17.64,17.098,16.801,16.757,1.099
646,1,9.13,0.33,0.38479,-1.688,3.567,4.925,11.5,0.036,0.0,20.489,20.077,18.7,18.122,17.933,0.385
647,1,9.13,0.35,0.22428,-2.167,3.536,5.044,10.9,0.034,0.0,21.087,20.732,19.259,18.717,18.485,0.224
648,1,9.13,0.35,0.76844,-0.721,3.662,4.639,12.1,0.037,0.0,18.674,18.096,17.18,16.592,16.501,0.768
649,1,9.13,0.37,0.47733,-1.454,3.585,4.856,11.2,0.035,0.0,19.606,19.178,17.846,17.224,17.071,0.477
650,1,9.13,0.43,0.26103,-2.039,3.543,5.013,10.0,0.03,0.0,19.869,19.491,18.059,17.51,17.279,0.261
651,1,9.13,0.47,0.12249,-2.843,3.467,5.183,8.6,0.021,0.0,20.478,20.344,18.478,17.955,17.691,0.122
652,1,9.15,-0.47,0.36026,-1.649,3.6,4.989,12.5,0.038,0.0,21.392,20.85,19.753,19.162,19.009,0.36
653,1,9.15,-0.45,1.87856,3.559,3.572,0.388,11.6,0.036,0.0,7.473,7.209,5.797,4.893,4.704,1.879
654,1,9.15,-0.35,0.62252,-0.977,3.648,4.746,13.0,0.038,0.0,20.212,19.664,18.706,18.072,17.972,0.623
655,1,9.15,-0.35,1.48818,0.953,3.876,4.107,13.8,0.038,0.0,16.189,15.919,15.675,15.587,15.566,1.488
656,1,9.15,-0.27,0.27545,-1.925,3.572,5.036,11.8,0.037,0.0,21.383,20.907,19.648,19.086,18.896,0.275
657,1,9.15,-0.27,0.47692,-1.389,3.606,4.876,12.7,0.038,0.0,20.942,20.417,19.313,18.683,18.546,0.477
658,1,9.15,-0.21,0.32302,-1.803,3.577,5.003,9.5,0.027,0.0,18.778,18.288,17.045,16.479,16.299,0.323
659,1,9.15,-0.19,0.87698,-0.333,3.73,4.581,12.1,0.037,0.0,17.703,17.124,16.465,16.066,16.011,0.877
660,1,9.15,-0.17,0.48599,-1.385,3.603,4.867,11.5,0.036,0.0,19.734,19.216,18.088,17.453,17.317,0.486
661,1,9.15,-0.17,0.56746,-1.171,3.622,4.797,12.7,0.038,0.0,20.398,19.873,18.815,18.152,18.032,0.567
662,1,9.15,-0.15,0.39575,-1.614,3.584,4.933,6.7,0.011,0.0,15.505,14.999,13.784,13.2,13.036,0.396
663,1,9.15,-0.15,0.42039,-1.552,3.589,4.915,11.3,0.036,0.0,19.95,19.453,18.251,17.653,17.495,0.42
664,1,9.15,-0.15,0.76484,-0.643,3.685,4.651,12.0,0.037,0.0,18.379,17.796,16.975,16.445,16.368,0.765
665,1,9.15,-0.13,0.94397,-0.196,3.745,4.535,9.7,0.028,0.0,14.959,14.385,13.778,13.418,13.37,0.944
666,1,9.15,-0.13,0.29975,-1.876,3.568,5.009,10.4,0.032,0.0,19.861,19.404,18.107,17.544,17.349,0.3
667,1,9.15,-0.13,0.24787,-2.033,3.558,5.045,10.8,0.034,0.0,20.653,20.226,18.886,18.326,18.113,0.248
668,1,9.15,-0.07,0.97375,-0.142,3.749,4.512,12.3,0.037,0.0,17.425,16.857,16.261,15.912,15.865,0.974
669,1,9.15,-0.05,1.67699,1.078,3.838,3.882,11.4,0.036,0.0,13.476,13.078,12.741,12.59,12.563,1.677
670,1,9.15,-0.05,0.44111,-1.519,3.587,4.896,12.0,0.037,0.0,20.567,20.083,18.854,18.253,18.095,0.441
671,1,9.15,-0.05,0.52197,-1.318,3.604,4.836,12.5,0.038,0.0,20.565,20.057,18.919,18.268,18.137,0.522
672,1,9.15,-0.03,1.61861,0.994,3.841,3.965,10.4,0.032,0.0,12.685,12.293,11.967,11.823,11.797,1.619
673,1,9.15,-0.03,0.2526,-2.034,3.554,5.035,10.6,0.033,0.0,20.456,20.049,18.673,18.116,17.894,0.253
674,1,9.15,-0.03,1.67116,1.062,3.837,3.894,12.1,0.037,0.0,14.216,13.816,13.477,13.326,13.298,1.671
675,1,9.15,-0.03,0.45626,-1.485,3.589,4.884,12.2,0.037,0.0,20.683,20.198,18.976,18.368,18.214,0.456
676,1,9.15,-0.01,0.18898,-2.31,3.531,5.095,10.6,0.033,0.0,21.144,20.797,19.306,18.768,18.534,0.189
677,1,9.15,-0.01,0.25484,-2.031,3.553,5.033,11.5,0.036,0.0,21.348,20.946,19.563,19.006,18.782,0.255
678,1,9.15,-0.01,0.50931,-1.36,3.599,4.847,13.3,0.038,0.0,21.469,20.969,19.803,19.158,19.023,0.509
679,1,9.15,0.01,0.77021,-0.678,3.673,4.641,11.9,0.037,0.0,18.365,17.784,16.919,16.352,16.269,0.77
680,1,9.15,0.01,1.07577,0.062,3.772,4.44,12.1,0.037,0.0,16.715,16.173,15.647,15.352,15.314,1.076
681,1,9.15,0.01,0.55951,-1.233,3.61,4.804,12.7,0.038,0.0,20.553,20.046,18.923,18.259,18.134,0.56
682,1,9.15,0.03,1.20278,0.322,3.797,4.33,10.5,0.033,0.0,14.464,13.964,13.514,13.277,13.245,1.203
683,1,9.15,0.03,0.377,-1.691,3.572,4.94,11.4,0.036,0.0,20.396,19.946,18.629,18.06,17.877,0.377
684,1,9.15,0.03,0.48863,-1.415,3.593,4.86,11.8,0.037,0.0,20.107,19.622,18.411,17.785,17.64,0.489
685,1,9.15,0.05,0.37243,-1.706,3.571,4.944,11.0,0.035,0.0,20.034,19.589,18.265,17.695,17.51,0.372
686,1,9.15,0.05,1.43138,0.703,3.828,4.148,11.9,0.037,0.0,14.913,14.483,14.12,13.948,13.921,1.431
687,1,9.15,0.05,0.39971,-1.628,3.575,4.914,12.1,0.037,0.0,20.941,20.488,19.172,18.6,18.424,0.4
688,1,9.15,0.07,1.26981,0.437,3.806,4.274,11.7,0.037,0.0,15.376,14.895,14.47,14.253,14.223,1.27
689,1,9.15,0.09,0.50402,-1.382,3.594,4.845,10.4,0.032,0.0,18.626,18.143,16.928,16.292,16.151,0.504
690,1,9.15,0.09,0.62314,-1.082,3.623,4.754,12.8,0.038,0.0,20.276,19.761,18.685,18.006,17.891,0.623
691,1,9.15,0.11,0.64341,-1.033,3.628,4.737,11.3,0.036,0.0,18.651,18.13,17.073,16.398,16.287,0.643
692,1,9.15,0.13,0.3327,-1.823,3.561,4.972,10.5,0.033,0.0,19.828,19.411,18.047,17.482,17.276,0.333
693,1,9.15,0.13,0.28397,-1.96,3.551,5.003,11.0,0.035,0.0,20.67,20.275,18.881,18.324,18.098,0.284
694,1,9.15,0.13,0.76457,-0.718,3.665,4.644,12.5,0.038,0.0,19.065,18.492,17.59,17.001,16.913,0.765
695,1,9.15,0.15,0.38376,-1.685,3.569,4.928,12.3,0.037,0.0,21.283,20.854,19.505,18.932,18.744,0.384
696,1,9.15,0.15,0.50728,-1.379,3.593,4.84,12.8,0.038,0.0,21.018,20.55,19.311,18.675,18.531,0.507
697,1,9.15,0.17,0.59205,-1.173,3.612,4.779,12.6,0.038,0.0,20.303,19.807,18.669,17.994,17.873,0.592
698,1,9.15,0.19,0.99518,-0.162,3.738,4.497,10.1,0.031,0.0,15.274,14.675,14.05,13.685,13.632,0.995
699,1,9.15,0.25,0.95393,-0.26,3.725,4.523,11.2,0.035,0.0,16.62,16.01,15.339,14.943,14.883,0.954
700,1,9.15,0.25,0.64099,-1.048,3.624,4.733,11.8,0.037,0.0,19.19,18.681,17.588,16.907,16.793,0.641
701,1,9.15,0.27,1.36839,0.562,3.81,4.197,11.9,0.037,0.0,15.265,14.773,14.366,14.167,14.136,1.368
702,1,9.15,0.29,0.78758,-0.671,3.669,4.625,11.6,0.036,0.0,18.047,17.462,16.575,16.006,15.919,0.788
703,1,9.15,0.31,0.27786,-1.988,3.547,5.003,8.2,0.019,0.0,17.94,17.546,16.136,15.585,15.356,0.278
704,1,9.15,0.31,0.9284,-0.32,3.717,4.539,11.3,0.036,0.0,16.871,16.257,15.557,15.14,15.077,0.928
705,1,9.15,0.31,1.29505,0.445,3.801,4.254,11.6,0.036,0.0,15.258,14.741,14.31,14.095,14.062,1.295
706,1,9.15,0.33,0.86904,-0.465,3.697,4.576,12.7,0.038,0.0,18.633,18.021,17.248,16.773,16.7,0.869
707,1,9.15,0.35,0.30795,-1.898,3.553,4.982,11.7,0.037,0.0,21.216,20.822,19.427,18.867,18.644,0.308
708,1,9.15,0.45,0.62662,-1.084,3.62,4.744,12.1,0.037,0.0,19.58,19.089,17.95,17.267,17.151,0.627
709,1,9.17,-0.33,0.77143,-0.554,3.704,4.642,10.0,0.03,0.0,16.156,15.568,14.821,14.349,14.282,0.771
710,1,9.17,-0.33,0.98881,-0.008,3.779,4.505,12.5,0.038,0.0,17.291,16.788,16.277,15.99,15.955,0.989
711,1,9.17,-0.29,0.1759,-2.36,3.535,5.128,7.4,0.014,0.0,18.07,17.69,16.26,15.709,15.476,0.176
712,1,9.17,-0.29,1.28189,0.601,3.846,4.274,15.9,0.038,0.0,19.168,18.816,18.489,18.341,18.319,1.282
713,1,9.17,-0.27,0.40679,-1.563,3.593,4.928,9.5,0.027,0.0,18.178,17.659,16.501,15.902,15.748,0.407
714,1,9.17,-0.23,0.41328,-1.555,3.592,4.922,8.7,0.022,0.0,17.357,16.839,15.671,15.072,14.918,0.413
715,1,9.17,-0.21,0.83054,-0.439,3.717,4.609,12.0,0.037,0.0,17.868,17.283,16.578,16.142,16.081,0.831
716,1,9.17,-0.17,0.3531,-1.732,3.579,4.981,10.6,0.033,0.0,19.701,19.214,17.973,17.4,17.225,0.353
717,1,9.17,-0.17,0.58781,-1.119,3.627,4.78,11.9,0.037,0.0,19.466,18.938,17.899,17.233,17.118,0.588
718,1,9.17,-0.17,0.9097,-0.261,3.738,4.558,13.4,0.038,0.0,18.824,18.251,17.619,17.241,17.19,0.91
719,1,9.17,-0.15,0.31739,-1.828,3.572,5.002,9.1,0.025,0.0,18.439,17.964,16.691,16.127,15.94,0.317
720,1,9.17,-0.15,1.14043,0.241,3.799,4.396,12.0,0.037,0.0,16.168,15.691,15.24,15.0,14.969,1.14
721,1,9.17,-0.15,0.45624,-1.463,3.595,4.888,12.6,0.038,0.0,21.028,20.522,19.355,18.737,18.59,0.456
722,1,9.17,-0.13,0.08304,-3.469,3.389,5.33,6.8,0.012,0.0,20.243,20.556,18.092,17.512,17.235,0.083
723,1,9.17,-0.13,0.27321,-1.956,3.563,5.029,9.5,0.027,0.0,19.159,18.713,17.397,16.836,16.632,0.273
724,1,9.17,-0.11,0.22689,-2.115,3.552,5.065,11.0,0.035,0.0,21.058,20.651,19.281,18.725,18.5,0.227
725,1,9.17,-0.09,0.23273,-2.097,3.553,5.058,10.3,0.032,0.0,20.312,19.903,18.532,17.976,17.752,0.233
726,1,9.17,-0.09,1.18808,0.322,3.804,4.354,11.6,0.036,0.0,15.566,15.095,14.66,14.433,14.404,1.188
727,1,9.17,-0.07,1.51652,0.875,3.844,4.068,10.5,0.033,0.0,13.083,12.704,12.384,12.243,12.218,1.517
728,1,9.17,-0.05,0.35493,-1.747,3.573,4.972,10.3,0.032,0.0,19.438,18.975,17.681,17.114,16.93,0.355
729,1,9.17,-0.05,0.41844,-1.575,3.583,4.912,10.4,0.032,0.0,19.106,18.626,17.376,16.788,16.623,0.418
730,1,9.17,-0.05,0.52837,-1.301,3.606,4.83,12.1,0.037,0.0,20.122,19.613,18.481,17.829,17.699,0.528
731,1,9.17,-0.05,0.61576,-1.076,3.628,4.761,12.3,0.037,0.0,19.76,19.234,18.19,17.518,17.406,0.616
732,1,9.17,-0.05,0.76248,-0.683,3.676,4.653,14.0,0.038,0.0,20.476,19.895,19.042,18.483,18.403,0.762
733,1,9.17,-0.03,0.2147,-2.175,3.545,5.071,11.1,0.035,0.0,21.307,20.924,19.506,18.956,18.726,0.215
734,1,9.17,-0.01,0.91697,-0.295,3.728,4.554,15.7,0.038,0.0,21.206,20.617,19.953,19.552,19.496,0.917
735,1,9.17,0.01,0.66013,-0.973,3.636,4.721,11.5,0.036,0.0,18.702,18.168,17.153,16.49,16.385,0.66
736,1,9.17,0.01,0.73729,-0.766,3.661,4.662,12.8,0.038,0.0,19.486,18.922,18.006,17.401,17.312,0.737
737,1,9.17,0.03,0.35499,-1.753,3.569,4.962,11.3,0.036,0.0,20.453,20.01,18.684,18.116,17.926,0.355
738,1,9.17,0.03,1.03125,-0.04,3.759,4.475,13.2,0.038,0.0,18.07,17.509,16.947,16.624,16.581,1.031
739,1,9.17,0.05,0.23007,-2.127,3.544,5.05,10.8,0.034,0.0,20.887,20.508,19.082,18.532,18.302,0.23
740,1,9.17,0.05,0.33179,-1.817,3.564,4.977,11.1,0.035,0.0,20.413,19.984,18.639,18.073,17.873,0.332
741,1,9.17,0.07,0.41984,-1.583,3.578,4.902,11.1,0.035,0.0,19.828,19.372,18.068,17.487,17.317,0.42
742,1,9.17,0.07,0.44024,-1.535,3.582,4.89,11.7,0.037,0.0,20.308,19.847,18.563,17.971,17.807,0.44
743,1,9.17,0.09,0.67942,-0.935,3.639,4.706,12.1,0.037,0.0,19.208,18.672,17.661,17.003,16.899,0.679
744,1,9.17,0.11,0.4961,-1.403,3.592,4.85,9.4,0.027,0.0,17.679,17.199,15.967,15.339,15.194,0.496
745,1,9.17,0.11,0.25544,-2.044,3.547,5.022,9.7,0.028,0.0,19.58,19.192,17.778,17.227,16.997,0.255
746,1,9.17,0.11,1.13233,0.162,3.778,4.387,10.1,0.031,0.0,14.466,13.921,13.418,13.144,13.106,1.132
747,1,9.17,0.15,0.37642,-1.705,3.568,4.935,11.8,0.037,0.0,20.833,20.406,19.055,18.483,18.292,0.376
748,1,9.17,0.21,0.42346,-1.586,3.574,4.894,10.0,0.03,0.0,18.736,18.302,16.95,16.371,16.197,0.423
749,1,9.17,0.21,1.26129,0.39,3.796,4.277,12.3,0.037,0.0,16.095,15.578,15.129,14.897,14.863,1.261
750,1,9.17,0.21,1.96223,1.682,3.675,2.694,13.2,0.038,0.0,13.766,13.173,12.307,11.782,11.688,1.962
751,1,9.17,0.25,0.56547,-1.239,3.604,4.792,12.1,0.037,0.0,19.966,19.491,18.297,17.622,17.496,0.565
752,1,9.17,0.27,0.40439,-1.634,3.571,4.907,10.7,0.034,0.0,19.555,19.134,17.768,17.188,17.007,0.404
753,1,9.17,0.29,1.1957,0.266,3.784,4.333,12.1,0.037,0.0,16.204,15.66,15.18,14.928,14.891,1.196
754,1,9.17,0.29,0.56788,-1.233,3.605,4.79,12.5,0.038,0.0,20.352,19.88,18.681,18.004,17.878,0.568
755,1,9.17,0.29,0.83028,-0.561,3.684,4.598,12.6,0.038,0.0,18.773,18.173,17.347,16.827,16.747,0.83
756,1,9.17,0.31,0.56525,-1.239,3.604,4.792,9.5,0.027,0.0,17.368,16.893,15.69,15.013,14.888,0.565
757,1,9.17,0.37,0.25435,-2.059,3.542,5.016,11.4,0.036,0.0,21.319,20.949,19.507,18.959,18.728,0.254
758,1,9.17,0.39,0.27897,-1.984,3.547,5.002,9.7,0.028,0.0,19.431,19.043,17.63,17.078,16.848,0.279
759,1,9.17,0.47,0.32911,-1.84,3.557,4.97,9.0,0.024,0.0,18.37,17.966,16.576,16.01,15.798,0.329
760,1,9.19,-0.41,0.42483,-1.492,3.604,4.922,11.3,0.036,0.0,19.8,19.263,18.171,17.561,17.417,0.425
761,1,9.19,-0.25,0.32304,-1.796,3.579,5.005,10.5,0.033,0.0,19.76,19.266,18.04,17.47,17.292,0.323
762,1,9.19,-0.25,0.24473,-2.024,3.565,5.056,10.6,0.033,0.0,20.431,19.976,18.683,18.123,17.92,0.245
763,1,9.19,-0.21,0.48249,-1.386,3.604,4.87,9.7,0.028,0.0,17.935,17.408,16.294,15.661,15.525,0.482
764,1,9.19,-0.19,0.67591,-0.871,3.655,4.705,10.3,0.032,0.0,17.249,16.69,15.756,15.136,15.042,0.676
765,1,9.19,-0.19,0.19529,-2.237,3.547,5.098,10.9,0.034,0.0,21.262,20.865,19.479,18.925,18.694,0.195
766,1,9.19,-0.17,1.11896,0.205,3.796,4.411,12.2,0.037,0.0,16.457,15.975,15.515,15.267,15.236,1.119
767,1,9.19,-0.17,0.83543,-0.439,3.715,4.605,12.6,0.038,0.0,18.466,17.879,17.169,16.729,16.667,0.835
768,1,9.19,-0.13,0.25919,-1.997,3.561,5.038,10.5,0.033,0.0,20.263,19.829,18.499,17.939,17.73,0.259
769,1,9.19,-0.11,1.11182,0.163,3.787,4.415,13.1,0.038,0.0,17.462,16.958,16.474,16.209,16.175,1.112
770,1,9.19,-0.09,0.71434,-0.798,3.661,4.68,11.6,0.036,0.0,18.365,17.802,16.888,16.283,16.194,0.714
771,1,9.19,-0.07,0.28613,-1.927,3.562,5.016,11.5,0.036,0.0,21.088,20.656,19.321,18.759,18.554,0.286
772,1,9.19,-0.07,0.29609,-1.897,3.564,5.008,11.6,0.036,0.0,21.114,20.676,19.35,18.786,18.584,0.296
773,1,9.19,-0.05,0.99736,-0.09,3.755,4.491,11.9,0.037,0.0,16.895,16.332,15.753,15.417,15.372,0.997
774,1,9.19,-0.03,1.76036,1.201,3.806,3.651,9.9,0.03,0.0,11.668,11.186,10.763,10.55,10.517,1.76
775,1,9.19,-0.03,0.20173,-2.223,3.542,5.08,10.0,0.03,0.0,20.328,19.95,18.519,17.972,17.741,0.202
776,1,9.19,-0.03,1.4988,0.838,3.836,4.067,12.3,0.037,0.0,14.975,14.575,14.232,14.076,14.05,1.499
777,1,9.19,-0.01,1.2,0.332,3.799,4.328,11.3,0.036,0.0,15.239,14.75,14.304,14.07,14.039,1.2
778,1,9.19,0.05,1.86992,1.673,3.682,2.711,6.5,0.01,0.0,7.088,6.481,5.653,5.139,5.055,1.87
779,1,9.19,0.05,0.49066,-1.411,3.593,4.857,12.4,0.037,0.0,20.698,20.216,19.0,18.372,18.227,0.491
780,1,9.19,0.05,0.73183,-0.788,3.657,4.666,13.0,0.038,0.0,19.74,19.18,18.248,17.632,17.541,0.732
781,1,9.19,0.07,0.70932,-0.853,3.648,4.68,12.4,0.037,0.0,19.301,18.752,17.782,17.142,17.045,0.709
782,1,9.19,0.07,0.74585,-0.754,3.661,4.656,13.1,0.038,0.0,19.756,19.189,18.274,17.672,17.583,0.746
783,1,9.19,0.07,1.11889,0.146,3.778,4.398,15.6,0.038,0.0,20.005,19.468,18.962,18.684,18.647,1.119
784,1,9.19,0.09,0.52832,-1.32,3.6,4.826,12.2,0.037,0.0,20.271,19.782,18.599,17.942,17.81,0.528
785,1,9.19,0.13,0.42823,-1.57,3.577,4.895,10.1,0.031,0.0,18.794,18.344,17.025,16.443,16.273,0.428
786,1,9.19,0.13,0.53569,-1.306,3.6,4.818,12.6,0.038,0.0,20.635,20.151,18.961,18.298,18.167,0.536
787,1,9.19,0.15,0.29938,-1.916,3.553,4.989,10.2,0.031,0.0,19.759,19.357,17.97,17.412,17.19,0.299
788,1,9.19,0.15,0.24797,-2.073,3.543,5.024,10.9,0.034,0.0,20.853,20.479,19.044,18.496,18.265,0.248
789,1,9.19,0.15,0.84378,-0.515,3.692,4.592,12.5,0.038,0.0,18.557,17.958,17.164,16.663,16.589,0.844
790,1,9.19,0.17,0.2271,-2.153,3.538,5.043,11.2,0.035,0.0,21.352,20.992,19.529,18.986,18.754,0.227
791,1,9.19,0.19,0.34143,-1.805,3.56,4.962,11.1,0.035,0.0,20.384,19.972,18.6,18.034,17.827,0.341
792,1,9.19,0.21,0.11789,-2.883,3.463,5.191,9.0,0.024,0.0,20.978,20.861,18.968,18.444,18.179,0.118
793,1,9.19,0.21,0.44406,-1.535,3.578,4.878,11.0,0.035,0.0,19.606,19.169,17.833,17.243,17.076,0.444
794,1,9.19,0.23,0.73134,-0.816,3.65,4.664,11.0,0.035,0.0,17.811,17.254,16.288,15.656,15.56,0.731
795,1,9.19,0.23,1.54584,0.83,3.818,4.016,15.8,0.038,0.0,18.494,18.025,17.641,17.46,17.43,1.546
796,1,9.19,0.25,1.67286,0.993,3.809,3.852,13.4,0.038,0.0,15.688,15.195,14.788,14.592,14.559,1.673
797,1,9.19,0.27,0.70545,-0.884,3.641,4.682,13.1,0.038,0.0,20.081,19.541,18.531,17.881,17.779,0.705
798,1,9.19,0.31,1.00031,-0.148,3.74,4.491,8.2,0.019,0.0,13.339,12.725,12.11,11.757,11.705,1.0
799,1,9.21,-0.31,0.87363,-0.292,3.741,4.58,10.9,0.034,0.0,16.4,15.835,15.21,14.835,14.785,0.874
800,1,9.21,-0.31,0.53752,-1.216,3.623,4.821,11.6,0.036,0.0,19.411,18.878,17.834,17.182,17.059,0.538
801,1,9.21,-0.27,0.38092,-1.635,3.589,4.955,11.9,0.037,0.0,20.757,20.249,19.069,18.48,18.318,0.381
802,1,9.21,-0.27,0.35386,-1.713,3.585,4.985,12.4,0.037,0.0,21.453,20.95,19.753,19.173,19.004,0.354
803,1,9.21,-0.25,0.15532,-2.513,3.514,5.144,9.5,0.027,0.0,20.552,20.244,18.692,18.144,17.905,0.155
804,1,9.21,-0.23,0.30306,-1.85,3.574,5.013,11.5,0.036,0.0,20.895,20.414,19.161,18.597,18.413,0.303
805,1,9.21,-0.23,0.32643,-1.791,3.578,5.002,12.1,0.037,0.0,21.347,20.858,19.624,19.054,18.876,0.326
806,1,9.21,-0.21,0.34778,-1.74,3.581,4.988,10.7,0.034,0.0,19.82,19.327,18.101,17.526,17.352,0.348
807,1,9.21,-0.19,0.33127,-1.785,3.577,4.996,10.7,0.034,0.0,19.933,19.448,18.201,17.632,17.453,0.331
808,1,9.21,-0.13,0.61853,-1.046,3.633,4.755,9.2,0.025,0.0,16.585,16.044,15.03,14.371,14.263,0.619
809,1,9.21,-0.13,0.1448,-2.611,3.5,5.154,9.6,0.028,0.0,20.898,20.642,18.994,18.459,18.212,0.145
810,1,9.21,-0.13,0.59357,-1.113,3.626,4.775,11.1,0.035,0.0,18.653,18.125,17.081,16.412,16.297,0.594
811,1,9.21,-0.13,1.15386,0.269,3.801,4.379,12.2,0.037,0.0,16.297,15.822,15.376,15.14,15.11,1.154
812,1,9.21,-0.13,0.6618,-0.928,3.647,4.719,12.7,0.038,0.0,19.79,19.243,18.274,17.632,17.533,0.662
813,1,9.21,-0.11,0.49851,-1.366,3.602,4.856,11.8,0.037,0.0,19.984,19.472,18.334,17.693,17.559,0.499
814,1,9.21,-0.09,0.3496,-1.755,3.574,4.979,10.2,0.031,0.0,19.358,18.886,17.607,17.04,16.859,0.35
815,1,9.21,-0.09,0.52089,-1.311,3.606,4.836,10.5,0.033,0.0,18.548,18.032,16.909,16.26,16.13,0.521
816,1,9.21,-0.09,0.2554,-2.015,3.558,5.037,11.0,0.035,0.0,20.808,20.387,19.037,18.477,18.263,0.255
817,1,9.21,-0.07,0.45515,-1.48,3.591,4.886,12.0,0.037,0.0,20.47,19.978,18.773,18.162,18.01,0.455
818,1,9.21,-0.07,0.87962,-0.362,3.722,4.579,12.8,0.038,0.0,18.475,17.886,17.2,16.781,16.723,0.88
819,1,9.21,-0.03,0.76853,-0.669,3.677,4.648,10.8,0.034,0.0,17.244,16.659,15.81,15.256,15.176,0.769
820,1,9.21,-0.01,0.12581,-2.792,3.479,5.19,7.9,0.017,0.0,19.65,19.466,17.68,17.156,16.899,0.126
821,1,9.21,-0.01,0.16749,-2.458,3.513,5.119,9.4,0.027,0.0,20.316,20.019,18.433,17.905,17.664,0.167
822,1,9.21,-0.01,0.88405,-0.372,3.718,4.575,10.9,0.034,0.0,16.601,16.006,15.308,14.879,14.819,0.884
823,1,9.21,0.01,0.88814,-0.37,3.718,4.573,13.4,0.038,0.0,19.094,18.5,17.799,17.369,17.309,0.888
824,1,9.21,0.03,0.4842,-1.425,3.592,4.862,7.5,0.015,0.0,15.833,15.334,14.127,13.505,13.36,0.484
825,1,9.21,0.05,0.15679,-2.54,3.502,5.126,9.3,0.026,0.0,20.419,20.16,18.509,17.986,17.739,0.157
826,1,9.21,0.05,0.63546,-1.043,3.628,4.742,11.8,0.037,0.0,19.177,18.654,17.603,16.927,16.816,0.635
827,1,9.21,0.07,0.57304,-1.206,3.611,4.792,13.2,0.038,0.0,20.984,20.482,19.353,18.685,18.561,0.573
828,1,9.21,0.09,0.68476,-0.92,3.64,4.7,13.0,0.038,0.0,20.07,19.533,18.528,17.872,17.77,0.685
829,1,9.21,0.09,0.53386,-1.306,3.601,4.821,13.2,0.038,0.0,21.235,20.745,19.569,18.908,18.778,0.534
830,1,9.21,0.11,0.2528,-2.051,3.546,5.023,11.0,0.035,0.0,20.899,20.516,19.098,18.546,18.316,0.253
831,1,9.21,0.13,0.56739,-1.227,3.607,4.795,11.3,0.036,0.0,19.137,18.644,17.489,16.82,16.695,0.567
832,1,9.21,0.13,0.99445,-0.143,3.743,4.497,13.0,0.038,0.0,18.129,17.541,16.928,16.572,16.521,0.994
833,1,9.21,0.15,0.48242,-1.44,3.588,4.858,10.3,0.032,0.0,18.67,18.206,16.939,16.322,16.17,0.482
834,1,9.21,0.15,0.27069,-2.003,3.548,5.01,11.4,0.036,0.0,21.177,20.792,19.38,18.827,18.597,0.271
835,1,9.21,0.15,0.39103,-1.664,3.57,4.921,12.0,0.037,0.0,20.931,20.5,19.153,18.579,18.394,0.391
836,1,9.21,0.17,0.22351,-2.166,3.537,5.046,10.2,0.031,0.0,20.384,20.024,18.559,18.016,17.784,0.224
837,1,9.21,0.17,0.42229,-1.588,3.575,4.898,11.1,0.035,0.0,19.84,19.403,18.06,17.481,17.308,0.422
838,1,9.21,0.17,0.28265,-1.969,3.549,5.0,11.2,0.035,0.0,20.893,20.504,19.099,18.544,18.315,0.283
839,1,9.21,0.19,0.71271,-0.864,3.645,4.679,13.1,0.038,0.0,20.031,19.485,18.495,17.85,17.751,0.713
840,1,9.21,0.21,1.04623,-0.042,3.752,4.453,13.2,0.038,0.0,18.074,17.489,16.907,16.577,16.53,1.046
841,1,9.21,0.23,1.4145,0.645,3.812,4.136,11.6,0.036,0.0,14.756,14.271,13.869,13.673,13.642,1.415
842,1,9.21,0.23,0.34712,-1.79,3.561,4.957,11.8,0.037,0.0,21.046,20.636,19.262,18.694,18.489,0.347
843,1,9.21,0.29,0.6076,-1.135,3.614,4.759,10.1,0.031,0.0,17.708,17.215,16.068,15.389,15.27,0.608
844,1,9.21,0.35,0.1751,-2.429,3.51,5.097,10.2,0.031,0.0,21.043,20.76,19.153,18.627,18.384,0.175
845,1,9.21,0.37,0.16602,-2.493,3.503,5.108,9.6,0.028,0.0,20.601,20.34,18.694,18.171,17.924,0.166
846,1,9.21,0.43,0.47407,-1.461,3.584,4.857,12.1,0.037,0.0,20.523,20.104,18.756,18.131,17.978,0.474
847,1,9.21,0.45,0.39987,-1.645,3.57,4.91,12.3,0.037,0.0,21.182,20.78,19.385,18.797,18.617,0.4
848,1,9.23,-0.47,0.47122,-1.36,3.618,4.888,12.3,0.037,0.0,20.47,19.93,18.885,18.257,18.124,0.471
849,1,9.23,-0.45,0.29945,-1.811,3.589,5.027,12.0,0.037,0.0,21.297,20.774,19.624,19.048,18.88,0.299
850,1,9.23,-0.45,0.61407,-0.969,3.652,4.75,12.1,0.037,0.0,19.294,18.742,17.802,17.179,17.081,0.614
851,1,9.23,-0.43,0.21906,-2.086,3.571,5.093,11.3,0.036,0.0,21.284,20.799,19.561,19.003,18.808,0.219
852,1,9.23,-0.35,0.55926,-1.147,3.63,4.8,7.7,0.016,0.0,15.338,14.788,13.779,13.132,13.016,0.559
853,1,9.23,-0.31,0.36692,-1.668,3.589,4.973,12.0,0.037,0.0,20.94,20.428,19.257,18.671,18.507,0.367
854,1,9.23,-0.27,0.25294,-1.992,3.568,5.05,11.0,0.035,0.0,20.75,20.285,19.008,18.447,18.25,0.253
855,1,9.23,-0.25,0.78368,-0.546,3.702,4.633,13.2,0.038,0.0,19.336,18.749,17.993,17.516,17.448,0.784
856,1,9.23,-0.23,0.56683,-1.157,3.625,4.795,12.1,0.037,0.0,19.762,19.232,18.191,17.529,17.41,0.567
857,1,9.23,-0.21,0.32771,-1.791,3.577,4.999,11.2,0.035,0.0,20.447,19.96,18.719,18.15,17.971,0.328
858,1,9.23,-0.21,1.45279,0.858,3.85,4.087,13.8,0.038,0.0,16.424,16.073,15.761,15.627,15.603,1.453
859,1,9.23,-0.17,0.43418,-1.513,3.592,4.905,11.9,0.037,0.0,20.454,19.95,18.77,18.163,18.01,0.434
860,1,9.23,-0.15,0.56887,-1.171,3.621,4.795,11.5,0.036,0.0,19.198,18.673,17.611,16.947,16.827,0.569
861,1,9.23,-0.15,0.92076,-0.235,3.741,4.547,12.9,0.038,0.0,18.257,17.686,17.062,16.691,16.641,0.921
862,1,9.23,-0.15,0.54377,-1.236,3.615,4.815,13.4,0.038,0.0,21.26,20.74,19.654,18.998,18.873,0.544
863,1,9.23,-0.13,0.53311,-1.269,3.611,4.825,11.1,0.035,0.0,19.043,18.524,17.424,16.771,16.644,0.533
864,1,9.23,-0.13,0.26043,-1.993,3.561,5.036,11.6,0.036,0.0,21.353,20.92,19.59,19.029,18.821,0.26
865,1,9.23,-0.13,1.50923,0.907,3.84,4.014,12.5,0.038,0.0,15.002,14.618,14.282,14.131,14.105,1.509
866,1,9.23,-0.11,0.32616,-1.812,3.571,4.994,8.8,0.023,0.0,18.099,17.628,16.345,15.78,15.593,0.326
867,1,9.23,-0.11,0.75481,-0.678,3.678,4.653,11.4,0.036,0.0,17.865,17.283,16.439,15.888,15.808,0.755
868,1,9.23,-0.11,0.25484,-2.013,3.559,5.038,11.6,0.036,0.0,21.404,20.979,19.636,19.076,18.863,0.255
869,1,9.23,-0.11,0.31155,-1.849,3.569,5.002,12.0,0.037,0.0,21.392,20.938,19.639,19.074,18.881,0.312
870,1,9.23,-0.11,0.62458,-1.035,3.634,4.751,12.4,0.037,0.0,19.756,19.223,18.206,17.546,17.437,0.625
871,1,9.23,-0.09,0.20355,-2.206,3.546,5.083,11.1,0.035,0.0,21.385,20.997,19.593,19.041,18.81,0.204
872,1,9.23,-0.09,1.17736,0.31,3.802,4.354,12.0,0.037,0.0,15.995,15.52,15.079,14.848,14.818,1.177
873,1,9.23,-0.09,1.08899,0.12,3.781,4.424,13.1,0.038,0.0,17.569,17.051,16.55,16.273,16.237,1.089
874,1,9.23,-0.07,0.21232,-2.176,3.547,5.075,7.7,0.016,0.0,17.911,17.509,16.113,15.563,15.334,0.212
875,1,9.23,-0.07,0.43973,-1.518,3.588,4.897,10.8,0.034,0.0,19.364,18.875,17.655,17.053,16.897,0.44
876,1,9.23,-0.07,0.22105,-2.144,3.549,5.067,11.0,0.035,0.0,21.129,20.734,19.342,18.788,18.558,0.221
877,1,9.23,-0.07,0.42287,-1.559,3.585,4.909,11.2,0.035,0.0,19.868,19.385,18.148,17.555,17.393,0.423
878,1,9.23,-0.07,0.34791,-1.763,3.573,4.979,11.7,0.037,0.0,20.877,20.414,19.123,18.556,18.372,0.348
879,1,9.23,-0.07,0.83621,-0.468,3.707,4.601,13.9,0.038,0.0,19.841,19.249,18.509,18.046,17.98,0.836
880,1,9.23,-0.05,0.41599,-1.58,3.583,4.913,11.7,0.037,0.0,20.42,19.943,18.689,18.102,17.936,0.416
881,1,9.23,-0.05,1.23747,0.427,3.81,4.291,12.2,0.037,0.0,15.903,15.443,15.027,14.814,14.785,1.237
882,1,9.23,-0.03,0.65262,-0.982,3.637,4.73,10.2,0.031,0.0,17.424,16.884,15.878,15.219,15.115,0.653
883,1,9.23,-0.03,0.51544,-1.338,3.602,4.841,10.6,0.033,0.0,18.716,18.208,17.059,16.41,16.278,0.515
884,1,9.23,-0.03,0.44186,-1.52,3.586,4.894,11.6,0.036,0.0,20.169,19.688,18.45,17.851,17.692,0.442
885,1,9.23,-0.03,0.46481,-1.464,3.591,4.878,12.1,0.037,0.0,20.529,20.041,18.829,18.215,18.064,0.465
886,1,9.23,-0.03,1.43134,0.749,3.829,4.108,12.5,0.038,0.0,15.398,14.98,14.617,14.446,14.419,1.431
887,1,9.23,-0.01,0.27087,-1.983,3.556,5.023,11.2,0.035,0.0,20.927,20.516,19.146,18.587,18.369,0.271
888,1,9.23,-0.01,0.55796,-1.233,3.61,4.805,12.7,0.038,0.0,20.552,20.043,18.925,18.262,18.137,0.558
889,1,9.23,-0.01,0.92207,-0.277,3.731,4.547,12.9,0.038,0.0,18.361,17.774,17.118,16.722,16.667,0.922
890,1,9.23,0.01,0.1478,-2.601,3.496,5.139,7.9,0.017,0.0,19.173,18.928,17.247,16.725,16.475,0.148
891,1,9.23,0.01,0.21087,-2.194,3.542,5.07,10.8,0.034,0.0,21.054,20.681,19.243,18.696,18.466,0.211
892,1,9.23,0.03,0.50107,-1.384,3.596,4.85,11.1,0.035,0.0,19.329,18.838,17.644,17.008,16.868,0.501
893,1,9.23,0.07,1.13075,0.179,3.781,4.381,10.0,0.03,0.0,14.322,13.786,13.291,13.02,12.984,1.131
894,1,9.23,0.07,0.4146,-1.595,3.577,4.905,11.5,0.036,0.0,20.258,19.804,18.494,17.916,17.744,0.415
895,1,9.23,0.09,0.4351,-1.549,3.58,4.892,11.0,0.035,0.0,19.642,19.185,17.888,17.3,17.134,0.435
896,1,9.23,0.11,0.17664,-2.408,3.515,5.101,9.3,0.026,0.0,20.091,19.788,18.212,17.684,17.444,0.177
897,1,9.23,0.11,1.57597,0.907,3.815,3.935,9.4,0.027,0.0,11.902,11.429,11.036,10.846,10.815,1.576
898,1,9.23,0.11,0.63515,-1.052,3.626,4.743,10.4,0.032,0.0,17.801,17.28,16.215,15.536,15.424,0.635
899,1,9.23,0.13,0.36706,-1.728,3.567,4.944,9.3,0.026,0.0,18.391,17.956,16.611,16.042,15.849,0.367
900,1,9.23,0.13,0.17299,-2.436,3.511,5.104,10.4,0.032,0.0,21.26,20.974,19.374,18.847,18.605,0.173
901,1,9.23,0.13,0.68567,-0.924,3.639,4.699,12.2,0.037,0.0,19.28,18.744,17.731,17.074,16.971,0.686
902,1,9.23,0.15,0.13415,-2.737,3.479,5.163,8.6,0.021,0.0,20.212,20.031,18.242,17.721,17.462,0.134
903,1,9.23,0.15,0.86778,-0.453,3.7,4.577,11.8,0.037,0.0,17.703,17.099,16.338,15.865,15.795,0.868
904,1,9.23,0.15,0.61601,-1.108,3.619,4.759,12.5,0.038,0.0,20.04,19.533,18.431,17.754,17.637,0.616
905,1,9.23,0.17,0.50707,-1.381,3.592,4.838,10.5,0.033,0.0,18.722,18.254,17.008,16.373,16.229,0.507
906,1,9.23,0.17,0.22445,-2.162,3.537,5.045,11.1,0.035,0.0,21.275,20.917,19.451,18.908,18.676,0.224
907,1,9.23,0.17,0.40201,-1.637,3.571,4.91,11.2,0.035,0.0,20.062,19.631,18.282,17.707,17.525,0.402
908,1,9.23,0.17,0.43432,-1.559,3.577,4.89,11.7,0.037,0.0,20.367,19.927,18.595,18.01,17.841,0.434
909,1,9.23,0.17,1.40474,0.643,3.812,4.135,12.0,0.037,0.0,15.162,14.683,14.278,14.08,14.049,1.405
910,1,9.23,0.17,0.6834,-0.937,3.637,4.702,12.3,0.037,0.0,19.411,18.879,17.854,17.194,17.089,0.683
911,1,9.23,0.19,0.29738,-1.927,3.551,4.988,11.2,0.035,0.0,20.786,20.393,18.997,18.44,18.213,0.297
912,1,9.23,0.21,0.38301,-1.691,3.567,4.926,11.3,0.036,0.0,20.297,19.876,18.515,17.941,17.75,0.383
913,1,9.23,0.23,0.44116,-1.541,3.578,4.88,12.6,0.038,0.0,21.223,20.791,19.446,18.856,18.689,0.441
914,1,9.23,0.23,1.45268,0.706,3.812,4.087,13.7,0.038,0.0,16.705,16.22,15.818,15.622,15.591,1.453
915,1,9.23,0.25,0.85888,-0.484,3.694,4.579,10.0,0.03,0.0,15.98,15.37,14.589,14.103,14.03,0.859
916,1,9.23,0.27,0.57043,-1.226,3.605,4.787,9.1,0.025,0.0,16.934,16.451,15.264,14.589,14.464,0.57
917,1,9.23,0.33,0.37321,-1.718,3.565,4.935,11.4,0.036,0.0,20.465,20.055,18.677,18.101,17.907,0.373
918,1,9.23,0.33,0.32693,-1.846,3.557,4.971,11.8,0.037,0.0,21.184,20.784,19.396,18.831,18.617,0.327
919,1,9.23,0.45,0.51212,-1.368,3.592,4.83,13.2,0.038,0.0,21.39,20.96,19.655,18.999,18.859,0.512
920,1,9.25,-0.45,1.44477,0.956,3.862,4.034,9.3,0.026,0.0,11.681,11.371,11.09,10.976,10.954,1.445
921,1,9.25,-0.43,0.29328,-1.836,3.586,5.031,11.5,0.036,0.0,20.859,20.342,19.175,18.602,18.431,0.293
922,1,9.25,-0.43,1.22678,0.565,3.844,4.282,11.9,0.037,0.0,15.256,14.91,14.575,14.419,14.396,1.227
923,1,9.25,-0.39,0.97836,0.009,3.781,4.49,12.7,0.038,0.0,17.447,16.952,16.446,16.161,16.127,0.978
924,1,9.25,-0.35,1.65094,1.786,3.698,2.606,13.1,0.038,0.0,13.404,12.82,12.045,11.561,11.49,1.651
925,1,9.25,-0.31,0.41824,-1.527,3.597,4.921,12.1,0.037,0.0,20.688,20.165,19.031,18.424,18.275,0.418
926,1,9.25,-0.27,0.37056,-1.664,3.587,4.966,10.1,0.031,0.0,19.031,18.521,17.337,16.752,16.587,0.371
927,1,9.25,-0.27,0.28003,-1.91,3.573,5.032,11.7,0.037,0.0,21.246,20.767,19.512,18.95,18.762,0.28
928,1,9.25,-0.27,0.67283,-0.853,3.66,4.704,12.1,0.037,0.0,19.003,18.444,17.528,16.922,16.83,0.673
929,1,9.25,-0.15,0.45389,-1.468,3.595,4.889,13.0,0.038,0.0,21.44,20.935,19.765,19.148,19.001,0.454
930,1,9.25,-0.15,1.60726,1.056,3.812,3.783,13.2,0.038,0.0,15.331,14.88,14.469,14.264,14.233,1.607
931,1,9.25,-0.15,1.54792,0.978,3.83,3.914,13.9,0.038,0.0,16.226,15.817,15.453,15.282,15.255,1.548
932,1,9.25,-0.13,0.39753,-1.612,3.584,4.93,9.7,0.028,0.0,18.499,18.007,16.778,16.193,16.027,0.398
933,1,9.25,-0.13,1.39648,0.741,3.837,4.136,10.5,0.033,0.0,13.418,13.026,12.683,12.525,12.499,1.396
934,1,9.25,-0.13,0.22426,-2.121,3.553,5.068,10.8,0.034,0.0,20.873,20.462,19.098,18.542,18.318,0.224
935,1,9.25,-0.13,0.40392,-1.595,3.585,4.924,12.1,0.037,0.0,20.857,20.369,19.143,18.554,18.389,0.404
936,1,9.25,-0.13,0.42677,-1.539,3.589,4.908,12.6,0.038,0.0,21.216,20.722,19.517,18.917,18.759,0.427
937,1,9.25,-0.11,1.07172,0.092,3.779,4.437,11.8,0.037,0.0,16.341,15.819,15.311,15.029,14.992,1.072
938,1,9.25,-0.09,0.1968,-2.242,3.542,5.089,10.6,0.033,0.0,20.974,20.594,19.172,18.623,18.392,0.197
939,1,9.25,-0.09,0.37878,-1.672,3.579,4.949,11.4,0.036,0.0,20.35,19.874,18.611,18.036,17.862,0.379
940,1,9.25,-0.09,0.50619,-1.349,3.603,4.849,11.9,0.037,0.0,20.043,19.532,18.395,17.75,17.617,0.506
941,1,9.25,-0.09,0.76343,-0.659,3.68,4.647,12.6,0.038,0.0,19.018,18.436,17.598,17.053,16.974,0.763
942,1,9.25,-0.09,0.42859,-1.541,3.587,4.905,12.8,0.038,0.0,21.423,20.936,19.713,19.116,18.956,0.429
943,1,9.25,-0.05,1.03151,-0.005,3.764,4.46,9.9,0.03,0.0,14.682,14.129,13.583,13.27,13.23,1.032
944,1,9.25,-0.05,1.4417,0.778,3.83,4.084,11.3,0.036,0.0,14.126,13.709,13.348,13.178,13.151,1.442
945,1,9.25,-0.05,0.79018,-0.599,3.687,4.63,12.4,0.037,0.0,18.668,18.08,17.269,16.747,16.673,0.79
946,1,9.25,-0.05,0.58566,-1.153,3.62,4.783,13.5,0.038,0.0,21.152,20.633,19.557,18.887,18.768,0.586
947,1,9.25,-0.03,1.21358,0.377,3.804,4.307,13.0,0.038,0.0,16.826,16.35,15.917,15.692,15.662,1.214
948,1,9.25,-0.01,0.21735,-2.167,3.545,5.067,11.1,0.035,0.0,21.288,20.908,19.485,18.936,18.705,0.217
949,1,9.25,-0.01,0.42073,-1.575,3.581,4.908,11.3,0.036,0.0,20.008,19.536,18.269,17.683,17.516,0.421
950,1,9.25,-0.01,0.36522,-1.724,3.572,4.959,11.4,0.036,0.0,20.481,20.026,18.719,18.151,17.967,0.365
951,1,9.25,-0.01,1.40032,0.699,3.823,4.124,12.0,0.037,0.0,15.023,14.588,14.209,14.026,13.999,1.4
952,1,9.25,0.01,0.36139,-1.731,3.571,4.956,11.6,0.036,0.0,20.698,20.25,18.933,18.365,18.178,0.361
953,1,9.25,0.05,0.59544,-1.146,3.617,4.774,10.8,0.034,0.0,18.436,17.923,16.827,16.153,16.035,0.595
954,1,9.25,0.05,1.39345,0.668,3.818,4.132,11.1,0.035,0.0,14.199,13.746,13.355,13.164,13.136,1.393
955,1,9.25,0.05,0.29655,-1.91,3.558,4.996,11.2,0.035,0.0,20.744,20.332,18.964,18.402,18.189,0.297
956,1,9.25,0.05,0.38487,-1.669,3.573,4.93,11.5,0.036,0.0,20.443,19.995,18.674,18.104,17.923,0.385
957,1,9.25,0.05,0.89903,-0.349,3.719,4.563,12.8,0.038,0.0,18.442,17.845,17.15,16.726,16.666,0.899
958,1,9.25,0.07,1.07884,0.068,3.769,4.426,11.2,0.035,0.0,15.8,15.248,14.717,14.42,14.38,1.079
959,1,9.25,0.07,0.48892,-1.417,3.592,4.857,11.7,0.037,0.0,20.012,19.533,18.306,17.681,17.534,0.489
960,1,9.25,0.09,0.5038,-1.382,3.594,4.844,10.3,0.032,0.0,18.524,18.041,16.826,16.191,16.049,0.504
961,1,9.25,0.09,0.51152,-1.362,3.596,4.838,10.9,0.034,0.0,19.075,18.591,17.386,16.743,16.605,0.512
962,1,9.25,0.09,0.39407,-1.648,3.573,4.919,11.7,0.037,0.0,20.591,20.148,18.818,18.245,18.065,0.394
963,1,9.25,0.09,1.03079,-0.045,3.756,4.466,13.3,0.038,0.0,18.182,17.612,17.04,16.713,16.668,1.031
964,1,9.25,0.11,0.28426,-1.955,3.552,5.002,10.2,0.031,0.0,19.858,19.458,18.069,17.512,17.288,0.284
965,1,9.25,0.11,1.37355,0.617,3.812,4.153,11.2,0.035,0.0,14.427,13.954,13.55,13.349,13.319,1.374
966,1,9.25,0.11,1.54689,0.873,3.813,3.954,13.5,0.038,0.0,16.089,15.619,15.217,15.022,14.99,1.547
967,1,9.25,0.15,0.95975,-0.226,3.731,4.517,11.7,0.037,0.0,17.034,16.436,15.785,15.399,15.343,0.96
968,1,9.25,0.17,0.731,-0.81,3.652,4.665,12.2,0.037,0.0,18.996,18.439,17.482,16.853,16.758,0.731
969,1,9.25,0.19,0.55288,-1.269,3.602,4.802,10.6,0.033,0.0,18.541,18.06,16.868,16.199,16.07,0.553
970,1,9.25,0.23,0.23838,-2.115,3.539,5.03,11.0,0.035,0.0,21.056,20.694,19.236,18.691,18.459,0.238
971,1,9.25,0.23,1.51964,0.807,3.81,3.997,12.6,0.038,0.0,15.353,14.863,14.455,14.257,14.225,1.52
972,1,9.25,0.23,0.45995,-1.495,3.581,4.866,12.9,0.038,0.0,21.406,20.968,19.644,19.042,18.881,0.46
973,1,9.25,0.25,0.66862,-0.977,3.631,4.71,8.7,0.022,0.0,15.914,15.383,14.33,13.662,13.553,0.669
974,1,9.25,0.25,1.19802,0.285,3.785,4.317,12.5,0.038,0.0,16.557,16.017,15.538,15.285,15.249,1.198
975,1,9.25,0.31,0.30583,-1.903,3.553,4.983,9.6,0.028,0.0,19.128,18.728,17.337,16.778,16.555,0.306
976,1,9.25,0.35,0.30564,-1.904,3.552,4.983,11.5,0.036,0.0,21.03,20.635,19.24,18.681,18.457,0.306
977,1,9.25,0.37,0.58503,-1.19,3.609,4.776,10.4,0.032,0.0,18.145,17.67,16.48,15.799,15.676,0.585
978,1,9.25,0.39,0.25503,-2.057,3.542,5.015,8.5,0.021,0.0,18.412,18.032,16.596,16.049,15.819,0.255
979,1,9.25,0.41,0.56356,-1.242,3.604,4.792,12.3,0.037,0.0,20.175,19.718,18.49,17.807,17.681,0.564
980,1,9.25,0.43,1.44144,0.694,3.809,4.087,12.1,0.037,0.0,15.136,14.626,14.225,14.035,14.001,1.441
981,1,9.27,-0.49,0.84388,-0.296,3.747,4.593,12.6,0.038,0.0,18.11,17.563,16.954,16.591,16.543,0.844
982,1,9.27,-0.41,0.85651,-0.287,3.745,4.586,11.2,0.035,0.0,16.687,16.133,15.522,15.158,15.109,0.857
983,1,9.27,-0.39,0.44677,-1.443,3.607,4.904,11.0,0.035,0.0,19.377,18.841,17.754,17.137,16.996,0.447
984,1,9.27,-0.39,0.55753,-1.141,3.632,4.801,12.2,0.037,0.0,19.823,19.284,18.277,17.632,17.516,0.558
985,1,9.27,-0.35,0.49726,-1.318,3.615,4.859,13.0,0.038,0.0,21.065,20.533,19.467,18.83,18.699,0.497
986,1,9.27,-0.33,1.41365,0.869,3.847,4.054,10.7,0.034,0.0,13.297,12.946,12.626,12.484,12.461,1.414
987,1,9.27,-0.31,0.15234,-2.527,3.514,5.149,8.7,0.022,0.0,19.787,19.474,17.93,17.379,17.14,0.152
988,1,9.27,-0.31,0.38953,-1.602,3.592,4.946,11.2,0.035,0.0,19.975,19.458,18.301,17.707,17.549,0.39
989,1,9.27,-0.29,0.52985,-1.241,3.62,4.827,9.5,0.027,0.0,17.372,16.835,15.783,15.134,15.01,0.53
990,1,9.27,-0.29,1.22609,0.529,3.836,4.286,11.1,0.035,0.0,14.549,14.169,13.816,13.647,13.624,1.226
991,1,9.27,-0.29,0.38769,-1.611,3.591,4.947,12.5,0.038,0.0,21.297,20.785,19.618,19.025,18.866,0.388
992,1,9.27,-0.27,0.44713,-1.463,3.6,4.898,12.2,0.037,0.0,20.629,20.105,18.98,18.36,18.218,0.447
993,1,9.27,-0.27,0.85616,-0.344,3.732,4.589,13.2,0.038,0.0,18.83,18.257,17.603,17.208,17.153,0.856
994,1,9.27,-0.25,0.20763,-2.164,3.556,5.09,10.9,0.034,0.0,21.08,20.652,19.319,18.761,18.543,0.208
995,1,9.27,-0.25,0.48056,-1.382,3.606,4.871,12.3,0.037,0.0,20.524,20.0,18.893,18.261,18.125,0.481
996,1,9.27,-0.23,0.87245,-0.319,3.734,4.578,13.4,0.038,0.0,18.968,18.394,17.746,17.355,17.301,0.872
997,1,9.27,-0.19,0.99434,-0.051,3.765,4.494,8.2,0.019,0.0,13.096,12.548,12.006,11.693,11.654,0.994
998,1,9.27,-0.17,0.23242,-2.084,3.557,5.063,10.5,0.033,0.0,20.479,20.052,18.713,18.155,17.939,0.232
999,1,9.27,-0.17,1.25699,0.522,3.826,4.264,11.1,0.035,0.0,14.565,14.15,13.773,13.589,13.563,1.257
1000,1,9.27,-0.17,0.86055,-0.369,3.725,4.588,12.3,0.037,0.0,17.992,17.407,16.732,16.32,16.263,0.861
1001,1,9.27,-0.15,0.92634,-0.216,3.743,4.541,13.2,0.038,0.0,18.511,17.941,17.326,16.961,16.911,0.926
1002,1,9.27,-0.13,0.52742,-1.284,3.61,4.83,11.0,0.035,0.0,18.979,18.461,17.355,16.705,16.576,0.527
1003,1,9.27,-0.11,0.39998,-1.608,3.583,4.926,9.9,0.03,0.0,18.69,18.202,16.965,16.38,16.214,0.4
1004,1,9.27,-0.11,0.64745,-0.971,3.641,4.731,10.8,0.034,0.0,17.998,17.455,16.465,15.815,15.712,0.647
1005,1,9.27,-0.11,0.55659,-1.211,3.616,4.804,11.3,0.036,0.0,19.098,18.578,17.493,16.832,16.709,0.557
1006,1,9.27,-0.09,1.27353,0.518,3.819,4.247,13.4,0.038,0.0,16.876,16.439,16.046,15.85,15.822,1.274
1007,1,9.27,-0.07,0.38822,-1.649,3.579,4.938,7.2,0.013,0.0,16.091,15.603,14.344,13.77,13.599,0.388
1008,1,9.27,-0.07,0.34859,-1.76,3.573,4.978,11.7,0.037,0.0,20.871,20.408,19.118,18.551,18.367,0.349
1009,1,9.27,-0.07,1.1308,0.208,3.79,4.387,12.8,0.038,0.0,17.049,16.547,16.071,15.813,15.779,1.131
1010,1,9.27,-0.05,0.25753,-2.015,3.556,5.033,10.2,0.031,0.0,20.008,19.593,18.229,17.671,17.453,0.258
1011,1,9.27,-0.05,0.52634,-1.305,3.605,4.831,10.7,0.034,0.0,18.732,18.22,17.088,16.436,16.307,0.526
1012,1,9.27,-0.03,0.86153,-0.417,3.712,4.586,12.0,0.037,0.0,17.813,17.22,16.501,16.055,15.992,0.862
1013,1,9.27,-0.01,0.38347,-1.673,3.575,4.94,11.4,0.036,0.0,20.352,19.89,18.591,18.022,17.844,0.383
1014,1,9.27,-0.01,0.95422,-0.193,3.741,4.519,12.7,0.038,0.0,17.952,17.373,16.749,16.379,16.329,0.954
1015,1,9.27,0.01,0.20443,-2.218,3.541,5.074,10.0,0.03,0.0,20.315,19.942,18.499,17.954,17.723,0.204
1016,1,9.27,0.01,0.57381,-1.195,3.613,4.791,11.4,0.036,0.0,19.158,18.647,17.539,16.871,16.749,0.574
1017,1,9.27,0.01,0.59654,-1.138,3.619,4.773,11.8,0.037,0.0,19.414,18.899,17.814,17.14,17.022,0.597
1018,1,9.27,0.03,0.32412,-1.833,3.563,4.981,10.4,0.032,0.0,19.752,19.321,17.978,17.414,17.213,0.324
1019,1,9.27,0.03,0.67919,-0.923,3.641,4.703,11.1,0.035,0.0,18.177,17.637,16.64,15.984,15.883,0.679
1020,1,9.27,0.03,0.44779,-1.513,3.585,4.886,12.5,0.038,0.0,21.052,20.581,19.322,18.723,18.563,0.448
1021,1,9.27,0.05,0.28379,-1.948,3.555,5.006,11.6,0.036,0.0,21.24,20.835,19.457,18.897,18.679,0.284
1022,1,9.27,0.05,0.94656,-0.231,3.735,4.53,12.8,0.038,0.0,18.148,17.56,16.918,16.536,16.482,0.947
1023,1,9.27,0.07,0.18976,-2.312,3.528,5.087,8.0,0.018,0.0,18.551,18.203,16.699,16.166,15.932,0.19
1024,1,9.27,0.07,0.37427,-1.701,3.57,4.939,12.2,0.037,0.0,21.223,20.783,19.452,18.881,18.695,0.374
1025,1,9.27,0.09,0.31642,-1.861,3.559,4.982,10.3,0.032,0.0,19.722,19.304,17.94,17.377,17.168,0.316
1026,1,9.27,0.09,0.49083,-1.413,3.591,4.854,11.5,0.036,0.0,19.804,19.328,18.095,17.469,17.322,0.491
1027,1,9.27,0.09,0.54543,-1.276,3.604,4.811,12.2,0.037,0.0,20.16,19.667,18.502,17.839,17.71,0.545
1028,1,9.27,0.09,1.32067,0.543,3.808,4.195,13.1,0.038,0.0,16.513,16.035,15.618,15.407,15.377,1.321
1029,1,9.27,0.09,1.08121,0.071,3.769,4.421,14.0,0.038,0.0,18.591,18.039,17.505,17.207,17.167,1.081
1030,1,9.27,0.11,1.54079,0.868,3.809,3.941,9.6,0.028,0.0,12.2,11.714,11.305,11.102,11.071,1.541
1031,1,9.27,0.11,0.22224,-2.163,3.54,5.052,10.8,0.034,0.0,20.976,20.61,19.159,18.614,18.382,0.222
1032,1,9.27,0.11,0.41999,-1.586,3.577,4.901,12.2,0.037,0.0,20.936,20.489,19.168,18.588,18.416,0.42
1033,1,9.27,0.13,0.27978,-1.971,3.55,5.004,10.8,0.034,0.0,20.499,20.105,18.708,18.152,17.924,0.28
1034,1,9.27,0.13,0.68321,-0.929,3.638,4.7,13.8,0.038,0.0,20.893,20.358,19.342,18.684,18.58,0.683
1035,1,9.27,0.17,0.14978,-2.603,3.491,5.125,9.1,0.025,0.0,20.378,20.157,18.44,17.919,17.665,0.15
1036,1,9.27,0.17,0.74617,-0.769,3.657,4.653,12.1,0.037,0.0,18.791,18.227,17.292,16.68,16.588,0.746
1037,1,9.27,0.19,0.34577,-1.793,3.561,4.958,11.9,0.037,0.0,21.152,20.74,19.369,18.802,18.597,0.346
1038,1,9.27,0.21,1.56406,0.869,3.802,3.917,10.5,0.033,0.0,13.098,12.59,12.161,11.948,11.914,1.564
1039,1,9.27,0.21,0.58107,-1.199,3.608,4.779,12.1,0.037,0.0,19.868,19.383,18.215,17.54,17.416,0.581
1040,1,9.27,0.27,0.78079,-0.684,3.667,4.629,10.0,0.03,0.0,16.479,15.893,15.002,14.428,14.341,0.781
1041,1,9.27,0.31,0.54661,-1.283,3.6,4.804,11.4,0.036,0.0,19.377,18.915,17.687,17.011,16.882,0.547
1042,1,9.27,0.35,0.2423,-2.1,3.539,5.026,11.3,0.036,0.0,21.32,20.956,19.502,18.956,18.725,0.242
1043,1,9.27,0.39,0.3798,-1.699,3.566,4.928,11.4,0.036,0.0,20.418,20.011,18.627,18.047,17.857,0.38
1044,1,9.27,0.41,0.73844,-0.795,3.653,4.658,12.0,0.037,0.0,18.758,18.193,17.234,16.618,16.521,0.738
1045,1,9.27,0.43,0.22266,-2.172,3.535,5.045,10.7,0.034,0.0,20.899,20.544,19.07,18.529,18.296,0.223
1046,1,9.27,0.49,0.5023,-1.392,3.59,4.837,12.0,0.037,0.0,20.25,19.828,18.501,17.851,17.709,0.502
1047,1,9.29,-0.45,0.73346,-0.616,3.698,4.658,11.5,0.036,0.0,17.811,17.23,16.46,15.969,15.899,0.733
1048,1,9.29,-0.45,1.16317,0.449,3.833,4.332,11.8,0.037,0.0,15.447,15.077,14.71,14.531,14.508,1.163
1049,1,9.29,-0.33,0.18202,-2.309,3.542,5.123,10.3,0.032,0.0,20.844,20.45,19.061,18.505,18.273,0.182
1050,1,9.29,-0.31,0.6835,-0.808,3.666,4.692,11.6,0.036,0.0,18.391,17.825,16.935,16.348,16.26,0.683
1051,1,9.29,-0.31,0.82272,-0.41,3.725,4.609,12.5,0.038,0.0,18.295,17.716,17.039,16.626,16.568,0.823
1052,1,9.29,-0.31,0.95993,-0.075,3.769,4.517,13.1,0.038,0.0,18.058,17.535,16.995,16.685,16.646,0.96
1053,1,9.29,-0.29,0.86625,-0.309,3.737,4.581,6.7,0.011,0.0,12.243,11.659,11.032,10.653,10.602,0.866
1054,1,9.29,-0.29,0.99597,0.0,3.777,4.491,11.5,0.036,0.0,16.27,15.758,15.243,14.953,14.917,0.996
1055,1,9.29,-0.27,0.30519,-1.837,3.577,5.014,11.1,0.035,0.0,20.462,19.971,18.739,18.172,17.991,0.305
1056,1,9.29,-0.27,0.56031,-1.162,3.626,4.799,11.4,0.036,0.0,19.076,18.544,17.509,16.85,16.731,0.56
1057,1,9.29,-0.25,0.31993,-1.803,3.578,5.006,12.2,0.037,0.0,21.477,20.987,19.757,19.187,19.009,0.32
1058,1,9.29,-0.23,2.37763,-2.158,4.185,8.133,9.2,0.025,0.0,19.364,20.75,20.941,21.029,21.064,0.713
1059,1,9.29,-0.23,0.21373,-2.144,3.556,5.084,10.3,0.032,0.0,20.43,20.001,18.668,18.11,17.892,0.214
1060,1,9.29,-0.21,0.68451,-0.837,3.659,4.694,10.4,0.032,0.0,17.264,16.701,15.785,15.177,15.086,0.685
1061,1,9.29,-0.21,0.40384,-1.58,3.589,4.927,12.7,0.038,0.0,21.42,20.919,19.728,19.133,18.973,0.404
1062,1,9.29,-0.19,0.55864,-1.186,3.621,4.801,12.4,0.037,0.0,20.136,19.61,18.55,17.89,17.769,0.559
1063,1,9.29,-0.19,1.62298,2.213,3.643,1.956,13.2,0.038,0.0,12.438,11.914,10.913,10.258,10.147,1.623
1064,1,9.29,-0.17,0.91942,-0.224,3.743,4.544,11.5,0.036,0.0,16.829,16.26,15.644,15.279,15.229,0.919
1065,1,9.29,-0.17,0.44221,-1.493,3.594,4.898,12.2,0.037,0.0,20.702,20.196,19.024,18.412,18.263,0.442
1066,1,9.29,-0.17,0.74316,-0.685,3.679,4.656,12.8,0.038,0.0,19.281,18.702,17.86,17.311,17.231,0.743
1067,1,9.29,-0.15,0.47877,-1.405,3.6,4.87,12.4,0.037,0.0,20.683,20.169,19.029,18.396,18.258,0.479
1068,1,9.29,-0.13,0.87079,-0.356,3.725,4.581,8.4,0.02,0.0,14.061,13.463,12.794,12.385,12.329,0.871
1069,1,9.29,-0.13,0.34182,-1.768,3.575,4.986,11.1,0.035,0.0,20.289,19.813,18.545,17.978,17.797,0.342
1070,1,9.29,-0.13,0.69389,-0.837,3.657,4.689,12.2,0.037,0.0,19.063,18.505,17.575,16.957,16.865,0.694
1071,1,9.29,-0.11,0.67466,-0.896,3.649,4.706,7.5,0.015,0.0,14.51,13.946,12.995,12.359,12.263,0.675
1072,1,9.29,-0.11,0.29104,-1.905,3.565,5.014,11.7,0.037,0.0,21.231,20.787,19.473,18.91,18.71,0.291
1073,1,9.29,-0.09,0.56192,-1.202,3.616,4.8,11.9,0.037,0.0,19.676,19.157,18.07,17.408,17.285,0.562
1074,1,9.29,-0.07,0.16956,-2.435,3.518,5.121,9.5,0.027,0.0,20.359,20.045,18.492,17.958,17.719,0.17
1075,1,9.29,-0.07,0.37208,-1.694,3.577,4.955,11.0,0.035,0.0,20.005,19.534,18.257,17.686,17.509,0.372
1076,1,9.29,-0.07,1.3875,0.713,3.826,4.117,12.3,0.037,0.0,15.288,14.865,14.492,14.312,14.285,1.387
1077,1,9.29,-0.05,0.62467,-1.049,3.631,4.751,8.5,0.021,0.0,15.893,15.354,14.326,13.659,13.55,0.625
1078,1,9.29,-0.05,0.22486,-2.132,3.549,5.062,9.8,0.029,0.0,19.9,19.503,18.109,17.556,17.327,0.225
1079,1,9.29,-0.05,0.77718,-0.631,3.683,4.636,10.5,0.033,0.0,16.847,16.259,15.432,14.896,14.819,0.777
1080,1,9.29,-0.05,0.23754,-2.084,3.551,5.05,10.7,0.034,0.0,20.681,20.279,18.897,18.341,18.115,0.238
1081,1,9.29,-0.05,0.25049,-2.036,3.554,5.036,11.5,0.036,0.0,21.36,20.952,19.581,19.023,18.802,0.25
1082,1,9.29,-0.05,0.56843,-1.196,3.615,4.796,11.9,0.037,0.0,19.659,19.143,18.05,17.384,17.263,0.568
1083,1,9.29,-0.03,3.27153,-3.263,3.933,8.251,7.2,0.013,0.0,20.129,20.032,19.93,19.921,19.911,0.747
1084,1,9.29,-0.03,0.36718,-1.715,3.574,4.958,11.7,0.037,0.0,20.757,20.297,18.999,18.431,18.249,0.367
1085,1,9.29,-0.01,0.26746,-1.992,3.555,5.024,6.6,0.011,0.0,16.351,15.926,14.561,14.006,13.789,0.267
1086,1,9.29,0.01,0.39776,-1.628,3.576,4.916,10.6,0.033,0.0,19.439,18.977,17.678,17.106,16.931,0.398
1087,1,9.29,0.01,1.03816,-0.003,3.764,4.459,13.3,0.038,0.0,18.077,17.524,16.975,16.662,16.62,1.038
1088,1,9.29,0.05,0.37589,-1.694,3.571,4.938,11.2,0.035,0.0,20.205,19.759,18.436,17.866,17.682,0.376
1089,1,9.29,0.05,0.47472,-1.449,3.589,4.867,11.6,0.036,0.0,19.992,19.515,18.28,17.664,17.513,0.475
1090,1,9.29,0.05,0.868,-0.425,3.708,4.579,12.0,0.037,0.0,17.832,17.234,16.499,16.042,15.977,0.868
1091,1,9.29,0.05,0.86941,-0.421,3.708,4.578,12.2,0.037,0.0,18.023,17.425,16.692,16.237,16.172,0.869
1092,1,9.29,0.05,1.20046,0.342,3.795,4.303,13.9,0.038,0.0,17.815,17.314,16.858,16.618,16.585,1.2
1093,1,9.29,0.07,0.40601,-1.615,3.576,4.909,7.9,0.017,0.0,16.707,16.244,14.932,14.36,14.187,0.406
1094,1,9.29,0.07,0.15709,-2.54,3.501,5.124,9.4,0.027,0.0,20.519,20.262,18.608,18.085,17.837,0.157
1095,1,9.29,0.07,0.15057,-2.585,3.496,5.129,9.8,0.029,0.0,21.033,20.797,19.109,18.586,18.336,0.151
1096,1,9.29,0.07,0.5564,-1.246,3.607,4.803,11.3,0.036,0.0,19.184,18.685,17.539,16.874,16.748,0.556
1097,1,9.29,0.07,0.652,-1.0,3.632,4.726,12.6,0.038,0.0,19.871,19.344,18.307,17.637,17.529,0.652
1098,1,9.29,0.09,0.51044,-1.364,3.596,4.839,10.1,0.031,0.0,18.281,17.794,16.589,15.948,15.809,0.51
1099,1,9.29,0.09,0.26706,-2.004,3.55,5.015,11.6,0.036,0.0,21.381,20.989,19.59,19.035,18.805,0.267
1100,1,9.29,0.11,0.44358,-1.53,3.581,4.886,11.1,0.035,0.0,19.696,19.24,17.943,17.35,17.186,0.444
1101,1,9.29,0.11,0.53032,-1.316,3.599,4.822,11.4,0.036,0.0,19.46,18.973,17.785,17.126,16.994,0.53
1102,1,9.29,0.11,0.50257,-1.386,3.593,4.844,12.8,0.038,0.0,21.035,20.56,19.333,18.698,18.555,0.503
1103,1,9.29,0.11,1.90956,1.331,4.512,6.165,13.1,0.038,0.0,14.542,17.911,18.319,18.471,18.563,1.156
1104,1,9.29,0.11,1.0125,-0.087,3.75,4.477,13.8,0.038,0.0,18.786,18.207,17.618,17.278,17.231,1.013
1105,1,9.29,0.11,0.84268,-0.504,3.694,4.591,14.0,0.038,0.0,20.03,19.432,18.647,18.153,18.081,0.843
1106,1,9.29,0.13,0.62556,-1.079,3.623,4.75,10.2,0.031,0.0,17.667,17.151,16.069,15.39,15.276,0.626
1107,1,9.29,0.13,0.38743,-1.671,3.57,4.924,11.9,0.037,0.0,20.848,20.414,19.071,18.498,18.313,0.387
1108,1,9.29,0.13,0.37694,-1.7,3.568,4.934,12.4,0.037,0.0,21.42,20.99,19.644,19.072,18.883,0.377
1109,1,9.29,0.13,0.87371,-0.43,3.704,4.572,13.1,0.038,0.0,18.944,18.342,17.594,17.132,17.064,0.874
1110,1,9.29,0.15,1.96113,-0.405,4.199,6.499,10.0,0.03,0.0,15.783,17.234,17.441,17.535,17.574,0.818
1111,1,9.29,0.17,1.648,0.981,3.782,3.747,10.3,0.032,0.0,12.617,12.073,11.586,11.33,11.29,1.648
1112,1,9.29,0.17,0.47472,-1.46,3.585,4.861,12.2,0.037,0.0,20.619,20.166,18.879,18.267,18.112,0.475
1113,1,9.29,0.17,1.50512,0.803,3.805,3.978,12.9,0.038,0.0,15.662,15.167,14.744,14.533,14.5,1.505
1114,1,9.29,0.17,1.53578,0.844,3.802,3.934,13.2,0.038,0.0,15.86,15.358,14.927,14.711,14.678,1.536
1115,1,9.29,0.23,0.41395,-1.608,3.572,4.899,10.0,0.03,0.0,18.79,18.36,17.003,16.424,16.247,0.414
1116,1,9.29,0.23,0.22417,-2.166,3.536,5.043,10.9,0.034,0.0,21.085,20.73,19.257,18.715,18.483,0.224
1117,1,9.29,0.23,0.82822,-0.558,3.684,4.597,11.9,0.037,0.0,18.066,17.468,16.644,16.124,16.045,0.828
1118,1,9.29,0.23,0.39586,-1.654,3.569,4.912,12.0,0.037,0.0,20.906,20.484,19.122,18.545,18.359,0.396
1119,1,9.29,0.25,0.64407,-1.04,3.624,4.73,13.0,0.038,0.0,20.369,19.86,18.771,18.089,17.975,0.644
1120,1,9.29,0.29,1.16375,0.227,3.779,4.339,11.1,0.035,0.0,15.303,14.748,14.252,13.989,13.951,1.164
1121,1,9.29,0.37,0.60337,-1.144,3.613,4.762,11.0,0.035,0.0,18.631,18.148,16.983,16.301,16.181,0.603
1122,1,9.29,0.39,0.47491,-1.458,3.584,4.856,12.8,0.038,0.0,21.214,20.791,19.452,18.829,18.675,0.475
1123,1,9.29,0.41,0.16696,-2.486,3.504,5.106,9.8,0.029,0.0,20.784,20.521,18.879,18.356,18.109,0.167
1124,1,9.29,0.43,0.77831,-0.689,3.666,4.63,10.5,0.033,0.0,16.993,16.404,15.507,14.938,14.849,0.778
1125,1,9.29,0.47,1.29307,0.469,3.797,4.217,12.5,0.038,0.0,16.098,15.56,15.125,14.911,14.876,1.293
1126,1,9.31,-0.51,0.42097,-1.474,3.612,4.93,12.8,0.038,0.0,21.256,20.713,19.654,19.042,18.901,0.421
1127,1,9.31,-0.35,1.17275,0.48,3.835,4.312,12.2,0.037,0.0,15.77,15.396,15.037,14.865,14.841,1.173
1128,1,9.31,-0.31,0.52838,-1.239,3.62,4.828,11.9,0.037,0.0,19.768,19.237,18.185,17.536,17.411,0.528
1129,1,9.31,-0.31,1.38117,0.819,3.838,4.057,12.6,0.038,0.0,15.322,14.949,14.603,14.443,14.418,1.381
1130,1,9.31,-0.27,1.44162,0.897,3.831,3.972,10.9,0.034,0.0,13.428,13.033,12.671,12.5,12.474,1.442
1131,1,9.31,-0.27,0.28505,-1.895,3.574,5.028,11.7,0.037,0.0,21.207,20.725,19.474,18.912,18.725,0.285
1132,1,9.31,-0.27,1.02479,0.061,3.783,4.468,13.4,0.038,0.0,18.018,17.519,17.021,16.744,16.71,1.025
1133,1,9.31,-0.25,0.39149,-1.607,3.589,4.941,11.5,0.036,0.0,20.286,19.78,18.598,18.006,17.845,0.391
1134,1,9.31,-0.25,0.41857,-1.536,3.594,4.918,11.8,0.037,0.0,20.411,19.898,18.738,18.134,17.981,0.419
1135,1,9.31,-0.25,1.07625,0.173,3.796,4.427,13.4,0.038,0.0,17.738,17.263,16.801,16.551,16.52,1.076
1136,1,9.31,-0.25,1.00061,-0.01,3.773,4.488,13.8,0.038,0.0,18.596,18.075,17.549,17.252,17.214,1.001
1137,1,9.31,-0.23,0.21071,-2.155,3.556,5.086,11.2,0.035,0.0,21.358,20.933,19.596,19.038,18.818,0.211
1138,1,9.31,-0.23,0.432,-1.507,3.595,4.907,12.0,0.037,0.0,20.537,20.024,18.869,18.259,18.109,0.432
1139,1,9.31,-0.21,0.76196,-0.614,3.69,4.642,9.8,0.029,0.0,16.106,15.517,14.721,14.208,14.135,0.762
1140,1,9.31,-0.21,1.25147,0.541,3.829,4.254,10.9,0.034,0.0,14.317,13.912,13.542,13.363,13.338,1.251
1141,1,9.31,-0.19,0.35011,-1.736,3.58,4.984,8.7,0.022,0.0,17.81,17.313,16.084,15.511,15.337,0.35
1142,1,9.31,-0.19,0.14715,-2.583,3.504,5.151,10.0,0.03,0.0,21.228,20.956,19.34,18.798,18.555,0.147
1143,1,9.31,-0.19,0.30759,-1.844,3.573,5.008,11.1,0.035,0.0,20.481,20.007,18.74,18.176,17.989,0.308
1144,1,9.31,-0.19,0.24728,-2.024,3.562,5.048,11.4,0.036,0.0,21.229,20.789,19.473,18.912,18.705,0.247
1145,1,9.31,-0.19,0.77814,-0.575,3.695,4.632,12.4,0.037,0.0,18.608,18.021,17.241,16.744,16.673,0.778
1146,1,9.31,-0.17,0.23609,-2.069,3.558,5.059,10.4,0.032,0.0,20.343,19.913,18.579,18.02,17.806,0.236
1147,1,9.31,-0.15,0.4994,-1.353,3.605,4.854,13.0,0.038,0.0,21.154,20.638,19.514,18.873,18.739,0.499
1148,1,9.31,-0.13,0.28287,-1.925,3.565,5.021,9.9,0.03,0.0,19.483,19.034,17.724,17.162,16.962,0.283
1149,1,9.31,-0.13,0.4381,-1.51,3.591,4.899,12.7,0.038,0.0,21.244,20.747,19.553,18.946,18.792,0.438
1150,1,9.31,-0.13,1.06594,0.092,3.779,4.437,13.7,0.038,0.0,18.239,17.721,17.215,16.933,16.897,1.066
1151,1,9.31,-0.11,0.44589,-1.494,3.591,4.892,8.9,0.023,0.0,17.405,16.9,15.709,15.102,14.95,0.446
1152,1,9.31,-0.11,0.28664,-1.917,3.565,5.017,11.6,0.036,0.0,21.164,20.722,19.404,18.841,18.64,0.287
1153,1,9.31,-0.11,0.59134,-1.122,3.625,4.776,11.7,0.037,0.0,19.274,18.749,17.698,17.026,16.91,0.591
1154,1,9.31,-0.11,0.32264,-1.82,3.571,4.996,12.1,0.037,0.0,21.419,20.959,19.669,19.103,18.914,0.323
1155,1,9.31,-0.11,0.6069,-1.081,3.629,4.763,13.3,0.038,0.0,20.772,20.244,19.207,18.54,18.427,0.607
1156,1,9.31,-0.11,1.27214,0.534,3.82,4.235,14.1,0.038,0.0,17.535,17.102,16.712,16.518,16.491,1.272
1157,1,9.31,-0.09,1.61949,1.868,3.658,2.356,11.2,0.035,0.0,11.299,10.744,9.808,9.204,9.104,1.619
1158,1,9.31,-0.09,0.73313,-0.739,3.669,4.663,11.3,0.036,0.0,17.917,17.344,16.462,15.881,15.796,0.733
1159,1,9.31,-0.09,0.45894,-1.466,3.593,4.883,12.5,0.038,0.0,20.934,20.437,19.247,18.631,18.482,0.459
1160,1,9.31,-0.07,0.0999,-3.067,3.451,5.256,8.6,0.021,0.0,21.038,20.966,18.999,18.464,18.206,0.1
1161,1,9.31,-0.07,0.30732,-1.866,3.566,5.001,10.7,0.034,0.0,20.134,19.689,18.373,17.808,17.61,0.307
1162,1,9.31,-0.07,0.6073,-1.09,3.627,4.764,10.9,0.034,0.0,18.395,17.868,16.822,16.15,16.037,0.607
1163,1,9.31,-0.07,0.41472,-1.578,3.583,4.914,12.4,0.037,0.0,21.116,20.636,19.391,18.802,18.637,0.415
1164,1,9.31,-0.05,0.35405,-1.748,3.573,4.972,8.5,0.021,0.0,17.641,17.171,15.88,15.314,15.131,0.354
1165,1,9.31,-0.05,0.41663,-1.577,3.583,4.912,11.6,0.036,0.0,20.313,19.836,18.583,17.995,17.83,0.417
1166,1,9.31,-0.05,0.57034,-1.19,3.616,4.794,13.1,0.038,0.0,20.846,20.33,19.238,18.572,18.451,0.57
1167,1,9.31,-0.05,0.73141,-0.757,3.665,4.665,13.2,0.038,0.0,19.863,19.295,18.397,17.804,17.717,0.731
1168,1,9.31,-0.05,1.12413,0.204,3.787,4.381,13.4,0.038,0.0,17.661,17.153,16.672,16.41,16.376,1.124
1169,1,9.31,-0.05,0.61307,-1.08,3.627,4.76,13.5,0.038,0.0,20.969,20.445,19.399,18.725,18.612,0.613
1170,1,9.31,-0.05,0.99131,-0.088,3.755,4.486,13.9,0.038,0.0,18.889,18.327,17.748,17.412,17.367,0.991
1171,1,9.31,-0.03,0.41642,-1.581,3.582,4.911,11.7,0.037,0.0,20.423,19.95,18.687,18.102,17.935,0.416
1172,1,9.31,-0.03,0.58773,-1.151,3.619,4.781,11.8,0.037,0.0,19.448,18.93,17.851,17.179,17.061,0.588
1173,1,9.31,-0.03,0.39548,-1.635,3.578,4.928,11.9,0.037,0.0,20.757,20.289,19.008,18.432,18.259,0.395
1174,1,9.31,-0.03,0.98944,-0.097,3.753,4.487,12.1,0.037,0.0,17.111,16.545,15.961,15.621,15.575,0.989
1175,1,9.31,-0.03,0.52215,-1.319,3.603,4.834,13.1,0.038,0.0,21.168,20.663,19.519,18.867,18.736,0.522
1176,1,9.31,-0.03,0.74632,-0.722,3.669,4.656,13.9,0.038,0.0,20.475,19.902,19.02,18.441,18.356,0.746
1177,1,9.31,-0.01,0.797,-0.587,3.687,4.622,10.1,0.031,0.0,16.337,15.744,14.935,14.414,14.34,0.797
1178,1,9.31,-0.01,0.83477,-0.489,3.701,4.6,11.0,0.035,0.0,16.993,16.396,15.638,15.16,15.093,0.835
1179,1,9.31,-0.01,0.71363,-0.821,3.655,4.678,13.0,0.038,0.0,19.821,19.265,18.325,17.701,17.609,0.714
1180,1,9.31,0.01,0.30173,-1.888,3.56,4.993,10.2,0.031,0.0,19.69,19.265,17.913,17.351,17.144,0.302
1181,1,9.31,0.01,0.19558,-2.265,3.536,5.084,10.5,0.033,0.0,20.933,20.574,19.105,18.564,18.332,0.196
1182,1,9.31,0.01,0.94874,-0.212,3.739,4.528,14.3,0.038,0.0,19.599,19.018,18.389,18.015,17.963,0.949
1183,1,9.31,0.03,2.20202,-2.879,4.018,8.182,7.5,0.015,0.0,19.467,19.813,19.849,19.9,19.901,0.706
1184,1,9.31,0.03,0.51173,-1.355,3.598,4.84,10.4,0.032,0.0,18.558,18.061,16.883,16.238,16.102,0.512
1185,1,9.31,0.03,0.65783,-0.978,3.635,4.72,10.5,0.033,0.0,17.715,17.18,16.16,15.496,15.39,0.658
1186,1,9.31,0.03,1.37945,0.667,3.813,4.11,12.1,0.037,0.0,15.203,14.742,14.337,14.136,14.106,1.379
1187,1,9.31,0.03,1.14597,0.241,3.787,4.351,12.7,0.038,0.0,16.868,16.353,15.872,15.613,15.578,1.146
1188,1,9.31,0.03,0.48188,-1.429,3.592,4.863,13.0,0.038,0.0,21.344,20.861,19.642,19.02,18.873,0.482
1189,1,9.31,0.05,1.04801,0.014,3.764,4.446,10.8,0.034,0.0,15.535,14.977,14.43,14.119,14.077,1.048
1190,1,9.31,0.05,0.33388,-1.809,3.564,4.974,11.1,0.035,0.0,20.392,19.962,18.618,18.052,17.853,0.334
1191,1,9.31,0.05,0.83297,-0.513,3.695,4.597,11.4,0.036,0.0,17.453,16.856,16.074,15.578,15.507,0.833
1192,1,9.31,0.07,0.37935,-1.686,3.571,4.934,9.4,0.027,0.0,18.386,17.937,16.612,16.042,15.859,0.379
1193,1,9.31,0.07,0.63541,-1.043,3.627,4.74,11.7,0.037,0.0,19.078,18.557,17.501,16.824,16.713,0.635
1194,1,9.31,0.09,0.21796,-2.176,3.54,5.057,9.7,0.028,0.0,19.909,19.539,18.09,17.546,17.314,0.218
1195,1,9.31,0.09,0.28818,-1.94,3.554,5.0,10.4,0.032,0.0,20.019,19.615,18.233,17.674,17.453,0.288
1196,1,9.31,0.09,0.45335,-1.505,3.584,4.88,11.9,0.037,0.0,20.432,19.97,18.692,18.092,17.932,0.453
1197,1,9.31,0.11,1.08987,0.093,3.77,4.407,12.0,0.037,0.0,16.538,15.984,15.455,15.161,15.121,1.09
1198,1,9.31,0.11,1.43794,0.729,3.808,4.043,12.1,0.037,0.0,15.046,14.564,14.147,13.938,13.907,1.438
1199,1,9.31,0.13,0.21406,-2.195,3.537,5.057,9.7,0.028,0.0,19.957,19.594,18.131,17.589,17.357,0.214
1200,1,9.31,0.13,0.23143,-2.131,3.541,5.041,11.2,0.035,0.0,21.296,20.928,19.481,18.935,18.704,0.231
1201,1,9.31,0.13,1.08609,0.079,3.767,4.41,12.0,0.037,0.0,16.572,16.013,15.478,15.18,15.138,1.086
1202,1,9.31,0.15,0.24863,-2.07,3.543,5.022,11.4,0.036,0.0,21.344,20.97,19.536,18.987,18.756,0.249
1203,1,9.31,0.15,0.82199,-0.565,3.684,4.601,12.9,0.038,0.0,19.082,18.488,17.665,17.14,17.062,0.822
1204,1,9.31,0.15,0.72481,-0.82,3.651,4.667,13.1,0.038,0.0,19.919,19.364,18.403,17.771,17.675,0.725
1205,1,9.31,0.15,1.60839,0.938,3.783,3.784,13.3,0.038,0.0,15.724,15.188,14.701,14.445,14.405,1.608
1206,1,9.31,0.17,0.41449,-1.606,3.574,4.902,10.7,0.034,0.0,19.485,19.049,17.704,17.127,16.951,0.414
1207,1,9.31,0.17,0.65251,-1.014,3.628,4.727,12.7,0.038,0.0,20.005,19.486,18.425,17.749,17.639,0.653
1208,1,9.31,0.19,0.48301,-1.441,3.586,4.854,10.4,0.032,0.0,18.772,18.316,17.032,16.416,16.263,0.483
1209,1,9.31,0.19,0.7707,-0.704,3.664,4.633,11.0,0.035,0.0,17.53,16.953,16.051,15.464,15.376,0.771
1210,1,9.31,0.19,0.57754,-1.208,3.608,4.785,13.0,0.038,0.0,20.789,20.302,19.139,18.465,18.341,0.578
1211,1,9.31,0.21,0.97484,-0.194,3.733,4.5,11.4,0.036,0.0,16.655,16.054,15.41,15.034,14.978,0.975
1212,1,9.31,0.21,0.51806,-1.353,3.594,4.825,13.0,0.038,0.0,21.151,20.69,19.442,18.798,18.657,0.518
1213,1,9.31,0.23,0.2992,-1.921,3.551,4.986,11.2,0.035,0.0,20.773,20.379,18.983,18.426,18.199,0.299
1214,1,9.31,0.23,0.38572,-1.682,3.567,4.922,12.0,0.037,0.0,20.975,20.556,19.191,18.617,18.427,0.386
1215,1,9.31,0.23,0.4434,-1.534,3.578,4.876,12.1,0.037,0.0,20.704,20.272,18.93,18.338,18.172,0.443
1216,1,9.31,0.25,0.5261,-1.333,3.595,4.819,11.1,0.035,0.0,19.202,18.74,17.496,16.842,16.705,0.526
1217,1,9.31,0.27,0.71311,-0.86,3.644,4.674,11.6,0.036,0.0,18.521,17.975,16.979,16.336,16.236,0.713
1218,1,9.31,0.27,0.78988,-0.658,3.671,4.621,12.3,0.037,0.0,18.715,18.128,17.249,16.686,16.6,0.79
1219,1,9.31,0.27,1.00676,-0.118,3.743,4.476,12.8,0.038,0.0,17.866,17.269,16.658,16.308,16.256,1.007
1220,1,9.31,0.27,1.26054,0.416,3.793,4.242,13.7,0.038,0.0,17.43,16.904,16.45,16.217,16.183,1.261
1221,1,9.31,0.33,1.52586,0.824,3.797,3.931,11.2,0.035,0.0,13.909,13.381,12.941,12.723,12.687,1.526
1222,1,9.31,0.35,1.27141,0.436,3.795,4.232,13.5,0.038,0.0,17.181,16.65,16.202,15.976,15.941,1.271
1223,1,9.31,0.37,1.67579,2.056,3.631,2.075,12.5,0.038,0.0,12.13,11.615,10.543,9.891,9.754,1.676
1224,1,9.33,-0.51,1.45807,1.059,3.836,3.832,11.3,0.036,0.0,13.422,13.054,12.7,12.534,12.508,1.458
1225,1,9.33,-0.43,1.46193,1.021,3.823,3.821,12.3,0.037,0.0,14.519,14.116,13.727,13.537,13.509,1.462
1226,1,9.33,-0.39,0.63041,-0.935,3.654,4.734,11.9,0.037,0.0,19.007,18.454,17.519,16.899,16.802,0.63
1227,1,9.33,-0.37,0.32437,-1.771,3.586,5.01,12.3,0.037,0.0,21.497,20.985,19.809,19.233,19.063,0.324
1228,1,9.33,-0.31,0.52601,-1.245,3.62,4.83,10.2,0.031,0.0,18.084,17.549,16.497,15.85,15.725,0.526
1229,1,9.33,-0.31,0.81208,-0.435,3.721,4.613,11.0,0.035,0.0,16.857,16.275,15.587,15.164,15.105,0.812
1230,1,9.33,-0.29,0.40398,-1.565,3.593,4.929,9.3,0.026,0.0,17.982,17.459,16.307,15.709,15.555,0.404
1231,1,9.33,-0.29,0.21506,-2.129,3.56,5.086,10.6,0.033,0.0,20.691,20.247,18.94,18.381,18.17,0.215
1232,1,9.33,-0.29,0.32328,-1.787,3.581,5.006,11.4,0.036,0.0,20.638,20.139,18.929,18.357,18.181,0.323
1233,1,9.33,-0.27,0.24626,-2.014,3.566,5.054,9.1,0.025,0.0,18.904,18.438,17.158,16.598,16.399,0.246
1234,1,9.33,-0.27,1.15137,0.376,3.819,4.345,11.9,0.037,0.0,15.729,15.309,14.91,14.708,14.682,1.151
1235,1,9.33,-0.27,0.45426,-1.444,3.602,4.892,12.4,0.037,0.0,20.781,20.257,19.137,18.515,18.374,0.454
1236,1,9.33,-0.25,0.45987,-1.434,3.602,4.887,10.5,0.033,0.0,18.854,18.328,17.208,16.584,16.444,0.46
1237,1,9.33,-0.25,0.41176,-1.553,3.593,4.922,11.0,0.035,0.0,19.652,19.139,17.974,17.374,17.219,0.412
1238,1,9.33,-0.23,0.18961,-2.27,3.544,5.107,9.8,0.029,0.0,20.245,19.85,18.457,17.903,17.672,0.19
1239,1,9.33,-0.23,1.3664,0.762,3.832,4.085,10.4,0.032,0.0,13.266,12.868,12.509,12.338,12.312,1.366
1240,1,9.33,-0.23,0.42264,-1.53,3.594,4.914,11.5,0.036,0.0,20.094,19.583,18.419,17.814,17.661,0.423
1241,1,9.33,-0.21,0.18674,-2.293,3.54,5.11,9.8,0.029,0.0,20.304,19.92,18.505,17.953,17.721,0.187
1242,1,9.33,-0.21,0.40828,-1.569,3.59,4.923,10.4,0.032,0.0,19.091,18.585,17.4,16.804,16.646,0.408
1243,1,9.33,-0.21,0.33731,-1.765,3.579,4.993,10.9,0.034,0.0,20.083,19.593,18.359,17.787,17.611,0.337
1244,1,9.33,-0.21,0.44075,-1.489,3.596,4.9,12.3,0.037,0.0,20.792,20.28,19.124,18.51,18.362,0.441
1245,1,9.33,-0.19,0.72544,-0.725,3.674,4.664,9.9,0.03,0.0,16.483,15.903,15.043,14.478,14.396,0.725
1246,1,9.33,-0.19,0.35091,-1.734,3.58,4.983,10.9,0.034,0.0,20.004,19.515,18.281,17.707,17.532,0.351
1247,1,9.33,-0.19,0.7674,-0.604,3.691,4.638,11.6,0.036,0.0,17.88,17.294,16.498,15.988,15.914,0.767
1248,1,9.33,-0.19,0.53019,-1.261,3.614,4.826,12.4,0.037,0.0,20.323,19.801,18.716,18.065,17.938,0.53
1249,1,9.33,-0.19,0.40783,-1.573,3.589,4.923,12.6,0.038,0.0,21.303,20.804,19.608,19.012,18.853,0.408
1250,1,9.33,-0.19,0.80826,-0.493,3.708,4.615,13.5,0.038,0.0,19.503,18.915,18.178,17.717,17.652,0.808
1251,1,9.33,-0.17,0.44586,-1.483,3.594,4.894,12.5,0.038,0.0,20.978,20.471,19.303,18.689,18.54,0.446
1252,1,9.33,-0.15,0.25575,-2.003,3.561,5.039,11.2,0.035,0.0,20.977,20.541,19.216,18.655,18.447,0.256
1253,1,9.33,-0.15,0.26045,-1.989,3.562,5.037,11.5,0.036,0.0,21.242,20.804,19.482,18.921,18.714,0.26
1254,1,9.33,-0.15,1.55682,1.064,3.762,3.561,12.1,0.037,0.0,14.21,13.664,13.108,12.794,12.75,1.557
1255,1,9.33,-0.15,0.48175,-1.397,3.601,4.867,13.2,0.038,0.0,21.463,20.949,19.811,19.176,19.039,0.482
1256,1,9.33,-0.13,1.31975,0.637,3.825,4.168,10.6,0.033,0.0,13.778,13.355,12.98,12.796,12.77,1.32
1257,1,9.33,-0.13,0.29983,-1.874,3.568,5.008,10.8,0.034,0.0,20.256,19.8,18.503,17.939,17.744,0.3
1258,1,9.33,-0.13,0.50718,-1.337,3.605,4.847,11.9,0.037,0.0,20.011,19.496,18.373,17.729,17.596,0.507
1259,1,9.33,-0.13,0.54419,-1.238,3.614,4.813,12.6,0.038,0.0,20.464,19.945,18.854,18.197,18.072,0.544
1260,1,9.33,-0.11,0.29837,-1.882,3.567,5.008,10.6,0.033,0.0,20.075,19.625,18.318,17.754,17.558,0.298
1261,1,9.33,-0.09,0.33293,-1.796,3.571,4.988,11.4,0.036,0.0,20.661,20.2,18.909,18.342,18.155,0.333
1262,1,9.33,-0.09,0.52904,-1.287,3.608,4.827,12.4,0.037,0.0,20.388,19.875,18.757,18.105,17.976,0.529
1263,1,9.33,-0.09,1.4207,0.784,3.821,4.035,12.8,0.038,0.0,15.611,15.176,14.788,14.599,14.571,1.421
1264,1,9.33,-0.07,0.25196,-2.028,3.556,5.037,9.6,0.028,0.0,19.439,19.02,17.661,17.104,16.886,0.252
1265,1,9.33,-0.07,0.46195,-1.462,3.592,4.88,12.4,0.037,0.0,20.824,20.33,19.133,18.517,18.368,0.462
1266,1,9.33,-0.05,0.52823,-1.299,3.606,4.828,9.7,0.028,0.0,17.716,17.202,16.073,15.421,15.292,0.528
1267,1,9.33,-0.05,0.31047,-1.861,3.565,4.998,10.4,0.032,0.0,19.822,19.38,18.057,17.493,17.294,0.31
1268,1,9.33,-0.05,0.53038,-1.293,3.606,4.826,11.4,0.036,0.0,19.402,18.892,17.763,17.109,16.98,0.53
1269,1,9.33,-0.05,1.63228,1.718,3.679,2.595,11.5,0.036,0.0,11.975,11.39,10.543,10.012,9.926,1.632
1270,1,9.33,-0.05,0.38709,-1.654,3.578,4.937,12.3,0.037,0.0,21.206,20.737,19.46,18.885,18.711,0.387
1271,1,9.33,-0.05,0.79573,-0.574,3.69,4.621,12.6,0.038,0.0,18.806,18.217,17.417,16.905,16.832,0.796
1272,1,9.33,-0.05,0.58791,-1.145,3.62,4.78,12.9,0.038,0.0,20.533,20.014,18.941,18.269,18.151,0.588
1273,1,9.33,-0.01,0.23192,-2.112,3.548,5.053,11.1,0.035,0.0,21.15,20.761,19.355,18.802,18.573,0.232
1274,1,9.33,-0.01,0.2318,-2.112,3.548,5.053,11.2,0.035,0.0,21.251,20.863,19.456,18.903,18.674,0.232
1275,1,9.33,-0.01,0.44914,-1.504,3.587,4.887,12.1,0.037,0.0,20.63,20.151,18.911,18.309,18.152,0.449
1276,1,9.33,-0.01,0.58712,-1.157,3.618,4.781,12.5,0.038,0.0,20.163,19.648,18.561,17.889,17.771,0.587
1277,1,9.33,-0.01,0.70338,-0.848,3.651,4.684,13.3,0.038,0.0,20.191,19.639,18.684,18.047,17.953,0.703
1278,1,9.33,0.01,0.29944,-1.894,3.56,4.994,9.0,0.024,0.0,18.504,18.076,16.725,16.164,15.956,0.299
1279,1,9.33,0.01,0.16276,-2.493,3.508,5.122,10.0,0.03,0.0,21.003,20.724,19.109,18.583,18.339,0.163
1280,1,9.33,0.01,0.78586,-0.626,3.68,4.624,10.9,0.034,0.0,17.234,16.647,15.808,15.262,15.183,0.786
1281,1,9.33,0.01,1.11675,0.185,3.783,4.377,11.2,0.035,0.0,15.508,14.984,14.491,14.221,14.185,1.117
1282,1,9.33,0.01,1.2328,0.428,3.803,4.259,11.5,0.036,0.0,15.2,14.717,14.282,14.056,14.026,1.233
1283,1,9.33,0.03,0.45546,-1.494,3.586,4.881,9.1,0.025,0.0,17.604,17.122,15.876,15.274,15.118,0.455
1284,1,9.33,0.03,0.47138,-1.455,3.59,4.87,10.2,0.031,0.0,18.607,18.123,16.895,16.281,16.13,0.471
1285,1,9.33,0.03,0.44017,-1.53,3.583,4.891,11.4,0.036,0.0,19.995,19.525,18.259,17.664,17.502,0.44
1286,1,9.33,0.03,0.57404,-1.196,3.613,4.79,13.7,0.038,0.0,21.46,20.952,19.838,19.169,19.047,0.574
1287,1,9.33,0.05,0.47512,-1.447,3.59,4.867,12.6,0.038,0.0,20.989,20.512,19.277,18.66,18.509,0.475
1288,1,9.33,0.07,0.32839,-1.825,3.562,4.975,8.8,0.023,0.0,18.133,17.701,16.353,15.789,15.587,0.328
1289,1,9.33,0.07,0.85525,-0.459,3.702,4.582,11.4,0.036,0.0,17.316,16.716,15.96,15.488,15.42,0.855
1290,1,9.33,0.07,1.6174,1.084,3.69,3.268,11.6,0.036,0.0,13.66,13.066,12.261,11.762,11.683,1.617
1291,1,9.33,0.07,0.29043,-1.93,3.555,4.999,11.7,0.037,0.0,21.294,20.889,19.511,18.95,18.733,0.29
1292,1,9.33,0.09,0.19822,-2.255,3.534,5.073,10.2,0.031,0.0,20.607,20.253,18.775,18.235,18.003,0.198
1293,1,9.33,0.11,0.19186,-2.302,3.528,5.081,10.4,0.032,0.0,20.924,20.586,19.076,18.541,18.307,0.192
1294,1,9.33,0.11,1.16731,0.269,3.786,4.325,14.4,0.038,0.0,18.498,17.972,17.491,17.233,17.197,1.167
1295,1,9.33,0.13,0.29881,-1.913,3.554,4.989,11.1,0.035,0.0,20.651,20.249,18.865,18.305,18.085,0.299
1296,1,9.33,0.13,0.29077,-1.937,3.553,4.995,11.7,0.037,0.0,21.313,20.915,19.525,18.967,18.743,0.291
1297,1,9.33,0.15,0.39682,-1.647,3.571,4.914,11.5,0.036,0.0,20.388,19.955,18.609,18.035,17.852,0.397
1298,1,9.33,0.15,0.50228,-1.389,3.592,4.842,12.2,0.037,0.0,20.444,19.977,18.732,18.099,17.954,0.502
1299,1,9.33,0.15,0.70038,-0.885,3.642,4.684,12.4,0.037,0.0,19.383,18.843,17.843,17.193,17.092,0.7
1300,1,9.33,0.15,0.60295,-1.14,3.616,4.767,12.6,0.038,0.0,20.219,19.717,18.598,17.922,17.803,0.603
1301,1,9.33,0.17,0.31964,-1.861,3.556,4.975,10.1,0.031,0.0,19.523,19.114,17.736,17.174,16.96,0.32
1302,1,9.33,0.17,0.45535,-1.507,3.581,4.875,11.4,0.036,0.0,19.937,19.49,18.18,17.583,17.42,0.455
1303,1,9.33,0.17,1.1217,0.153,3.773,4.372,12.0,0.037,0.0,16.388,15.834,15.316,15.033,14.993,1.122
1304,1,9.33,0.17,0.50923,-1.374,3.593,4.835,12.6,0.038,0.0,20.805,20.339,19.095,18.457,18.314,0.509
1305,1,9.33,0.17,0.60385,-1.14,3.615,4.767,12.7,0.038,0.0,20.32,19.82,18.696,18.02,17.9,0.604
1306,1,9.33,0.19,1.31613,0.518,3.798,4.177,9.6,0.028,0.0,13.076,12.559,12.119,11.894,11.861,1.316
1307,1,9.33,0.21,0.67791,-0.951,3.634,4.701,12.3,0.037,0.0,19.448,18.921,17.88,17.214,17.107,0.678
1308,1,9.33,0.21,1.06309,0.015,3.758,4.426,12.9,0.038,0.0,17.634,17.056,16.492,16.175,16.129,1.063
1309,1,9.33,0.23,0.45322,-1.509,3.58,4.869,11.8,0.037,0.0,20.343,19.907,18.575,17.978,17.814,0.453
1310,1,9.33,0.23,0.90091,-0.373,3.709,4.55,12.5,0.038,0.0,18.203,17.595,16.868,16.426,16.359,0.901
1311,1,9.33,0.25,0.3234,-1.854,3.556,4.972,10.9,0.034,0.0,20.305,19.903,18.518,17.955,17.74,0.323
1312,1,9.33,0.27,0.52107,-1.345,3.594,4.823,12.9,0.038,0.0,21.032,20.577,19.321,18.669,18.531,0.521
1313,1,9.33,0.31,0.96175,-0.223,3.729,4.508,12.3,0.037,0.0,17.628,17.018,16.363,15.981,15.923,0.962
1314,1,9.33,0.37,0.62645,-1.084,3.62,4.743,12.3,0.037,0.0,19.78,19.285,18.156,17.474,17.357,0.626
1315,1,9.35,-0.37,0.39715,-1.568,3.597,4.938,12.8,0.038,0.0,21.49,20.963,19.835,19.235,19.083,0.397
1316,1,9.35,-0.35,0.2482,-1.993,3.571,5.057,10.9,0.034,0.0,20.651,20.169,18.922,18.363,18.17,0.248
1317,1,9.35,-0.35,0.35303,-1.7,3.589,4.989,11.3,0.036,0.0,20.321,19.804,18.641,18.058,17.894,0.353
1318,1,9.35,-0.33,0.84877,-0.329,3.737,4.589,12.5,0.038,0.0,18.093,17.526,16.887,16.503,16.45,0.849
1319,1,9.35,-0.31,0.21821,-2.113,3.562,5.084,11.1,0.035,0.0,21.153,20.703,19.406,18.847,18.639,0.218
1320,1,9.35,-0.31,1.34979,0.78,3.834,4.071,12.5,0.038,0.0,15.319,14.937,14.58,14.412,14.386,1.35
1321,1,9.35,-0.31,0.82976,-0.386,3.728,4.602,13.1,0.038,0.0,18.836,18.261,17.594,17.188,17.132,0.83
1322,1,9.35,-0.29,0.44923,-1.453,3.602,4.896,8.7,0.022,0.0,17.104,16.568,15.456,14.838,14.697,0.449
1323,1,9.35,-0.29,0.63352,-0.955,3.648,4.735,9.6,0.028,0.0,16.759,16.204,15.25,14.615,14.517,0.634
1324,1,9.35,-0.25,0.78201,-0.54,3.703,4.629,12.9,0.038,0.0,19.021,18.434,17.681,17.205,17.138,0.782
1325,1,9.35,-0.23,0.21269,-2.147,3.556,5.084,9.1,0.025,0.0,19.238,18.805,17.473,16.916,16.699,0.213
1326,1,9.35,-0.23,0.34465,-1.743,3.581,4.989,12.1,0.037,0.0,21.227,20.734,19.513,18.938,18.764,0.345
1327,1,9.35,-0.21,0.41963,-1.54,3.592,4.915,10.4,0.032,0.0,19.021,18.511,17.337,16.735,16.581,0.42
1328,1,9.35,-0.21,0.41526,-1.551,3.591,4.918,11.4,0.036,0.0,20.048,19.542,18.362,17.762,17.606,0.415
1329,1,9.35,-0.21,0.86451,-0.337,3.731,4.58,12.0,0.037,0.0,17.613,17.035,16.377,15.979,15.924,0.865
1330,1,9.35,-0.21,0.62829,-0.993,3.642,4.742,12.6,0.038,0.0,19.852,19.31,18.326,17.679,17.575,0.628
1331,1,9.35,-0.17,0.41769,-1.552,3.589,4.915,9.5,0.027,0.0,18.151,17.645,16.453,15.856,15.699,0.418
1332,1,9.35,-0.17,0.87196,-0.333,3.73,4.576,10.6,0.033,0.0,16.203,15.619,14.96,14.56,14.505,0.872
1333,1,9.35,-0.17,0.28032,-1.926,3.567,5.025,11.5,0.036,0.0,21.084,20.63,19.333,18.77,18.573,0.28
1334,1,9.35,-0.17,0.43927,-1.499,3.593,4.899,12.0,0.037,0.0,20.518,20.013,18.838,18.228,18.077,0.439
1335,1,9.35,-0.15,0.85057,-0.395,3.72,4.591,9.9,0.03,0.0,15.658,15.066,14.377,13.954,13.895,0.851
1336,1,9.35,-0.15,0.20492,-2.19,3.55,5.085,10.8,0.034,0.0,21.045,20.642,19.267,18.711,18.482,0.205
1337,1,9.35,-0.15,0.70648,-0.792,3.663,4.676,12.4,0.037,0.0,19.151,18.587,17.681,17.082,16.993,0.706
1338,1,9.35,-0.15,1.58329,1.74,3.684,2.578,12.5,0.038,0.0,12.921,12.337,11.507,10.987,10.905,1.583
1339,1,9.35,-0.13,1.10378,0.179,3.789,4.404,9.6,0.028,0.0,13.922,13.417,12.941,12.682,12.649,1.104
1340,1,9.35,-0.13,0.86319,-0.37,3.723,4.583,11.4,0.036,0.0,17.095,16.507,15.826,15.41,15.352,0.863
1341,1,9.35,-0.13,0.72317,-0.751,3.668,4.667,12.2,0.037,0.0,18.847,18.277,17.392,16.809,16.723,0.723
1342,1,9.35,-0.13,0.45439,-1.469,3.594,4.886,12.6,0.038,0.0,21.042,20.54,19.362,18.746,18.598,0.454
1343,1,9.35,-0.13,0.40765,-1.584,3.585,4.92,12.7,0.038,0.0,21.431,20.942,19.719,19.128,18.964,0.408
1344,1,9.35,-0.11,0.9565,-0.149,3.75,4.513,8.1,0.018,0.0,13.242,12.664,12.076,11.73,11.685,0.957
1345,1,9.35,-0.11,0.65554,-0.946,3.644,4.721,12.1,0.037,0.0,19.235,18.692,17.711,17.064,16.963,0.656
1346,1,9.35,-0.11,0.9981,-0.053,3.761,4.481,12.5,0.038,0.0,17.401,16.853,16.293,15.971,15.928,0.998
1347,1,9.35,-0.11,0.7808,-0.593,3.69,4.629,13.0,0.038,0.0,19.252,18.665,17.864,17.349,17.275,0.781
1348,1,9.35,-0.11,1.03669,0.033,3.771,4.451,13.2,0.038,0.0,17.887,17.353,16.824,16.525,16.486,1.037
1349,1,9.35,-0.09,0.25153,-2.025,3.557,5.038,9.6,0.028,0.0,19.434,19.01,17.659,17.101,16.885,0.252
1350,1,9.35,-0.09,0.65053,-0.966,3.641,4.726,9.8,0.029,0.0,16.984,16.439,15.449,14.798,14.696,0.651
1351,1,9.35,-0.09,1.55316,0.909,3.726,3.569,12.3,0.037,0.0,14.798,14.21,13.536,13.132,13.074,1.553
1352,1,9.35,-0.09,0.76795,-0.636,3.683,4.638,13.2,0.038,0.0,19.561,18.977,18.15,17.613,17.536,0.768
1353,1,9.35,-0.07,1.02753,0.006,3.766,4.455,9.5,0.027,0.0,14.255,13.705,13.165,12.856,12.816,1.028
1354,1,9.35,-0.07,0.51427,-1.33,3.604,4.84,10.4,0.032,0.0,18.496,17.983,16.848,16.2,16.069,0.514
1355,1,9.35,-0.05,0.21032,-2.186,3.545,5.074,9.5,0.027,0.0,19.736,19.346,17.935,17.385,17.155,0.21
1356,1,9.35,-0.05,0.65277,-0.971,3.639,4.726,10.5,0.033,0.0,17.699,17.158,16.158,15.502,15.398,0.653
1357,1,9.35,-0.05,0.29938,-1.889,3.563,5.003,11.3,0.036,0.0,20.793,20.358,19.027,18.463,18.261,0.299
1358,1,9.35,-0.05,0.66088,-0.95,3.641,4.719,12.7,0.038,0.0,19.844,19.304,18.311,17.658,17.556,0.661
1359,1,9.35,-0.03,0.37293,-1.698,3.574,4.951,11.3,0.036,0.0,20.314,19.852,18.556,17.988,17.808,0.373
1360,1,9.35,-0.03,0.45209,-1.492,3.588,4.885,11.6,0.036,0.0,20.101,19.617,18.39,17.785,17.629,0.452
1361,1,9.35,-0.01,0.74258,-0.736,3.666,4.657,12.2,0.037,0.0,18.81,18.239,17.347,16.758,16.672,0.743
1362,1,9.35,-0.01,0.57116,-1.197,3.614,4.793,12.3,0.037,0.0,20.063,19.551,18.447,17.78,17.658,0.571
1363,1,9.35,-0.01,0.5515,-1.247,3.609,4.807,13.1,0.038,0.0,20.987,20.479,19.355,18.693,18.568,0.551
1364,1,9.35,0.01,0.19905,-2.24,3.539,5.078,10.8,0.034,0.0,21.171,20.806,19.352,18.808,18.576,0.199
1365,1,9.35,0.01,0.54,-1.28,3.605,4.817,11.3,0.036,0.0,19.269,18.765,17.624,16.965,16.837,0.54
1366,1,9.35,0.01,0.81645,-0.544,3.691,4.604,12.1,0.037,0.0,18.23,17.638,16.841,16.331,16.258,0.816
1367,1,9.35,0.01,1.01583,-0.045,3.759,4.472,12.7,0.038,0.0,17.583,17.023,16.459,16.135,16.091,1.016
1368,1,9.35,0.03,0.41044,-1.599,3.578,4.907,10.7,0.034,0.0,19.467,19.006,17.71,17.132,16.96,0.41
1369,1,9.35,0.03,0.6134,-1.094,3.623,4.757,12.3,0.037,0.0,19.805,19.288,18.218,17.539,17.424,0.613
1370,1,9.35,0.03,0.9052,-0.319,3.724,4.555,12.6,0.038,0.0,18.168,17.574,16.895,16.484,16.426,0.905
1371,1,9.35,0.03,0.44443,-1.52,3.584,4.888,12.9,0.038,0.0,21.469,20.999,19.737,19.14,18.979,0.444
1372,1,9.35,0.05,0.17297,-2.427,3.515,5.109,10.4,0.032,0.0,21.236,20.938,19.358,18.83,18.59,0.173
1373,1,9.35,0.05,1.11509,0.175,3.78,4.375,12.4,0.037,0.0,16.733,16.201,15.7,15.425,15.388,1.115
1374,1,9.35,0.05,1.09898,0.137,3.776,4.392,14.4,0.038,0.0,18.827,18.288,17.777,17.495,17.457,1.099
1375,1,9.35,0.07,0.18719,-2.33,3.526,5.09,7.9,0.017,0.0,18.494,18.152,16.636,16.105,15.871,0.187
1376,1,9.35,0.07,0.25353,-2.042,3.548,5.023,9.3,0.026,0.0,19.174,18.78,17.376,16.824,16.595,0.254
1377,1,9.35,0.07,0.62679,-1.065,3.625,4.746,10.1,0.031,0.0,17.532,17.01,15.947,15.267,15.154,0.627
1378,1,9.35,0.07,0.55295,-1.253,3.606,4.804,11.3,0.036,0.0,19.203,18.704,17.555,16.891,16.764,0.553
1379,1,9.35,0.09,0.22444,-2.151,3.541,5.05,10.8,0.034,0.0,20.947,20.577,19.133,18.587,18.356,0.224
1380,1,9.35,0.09,0.42732,-1.566,3.579,4.896,11.9,0.037,0.0,20.585,20.132,18.827,18.242,18.073,0.427
1381,1,9.35,0.09,0.65121,-1.003,3.631,4.726,12.4,0.037,0.0,19.679,19.154,18.111,17.44,17.331,0.651
1382,1,9.35,0.11,0.36357,-1.734,3.567,4.947,9.6,0.028,0.0,18.705,18.27,16.927,16.358,16.166,0.364
1383,1,9.35,0.11,0.89578,-0.363,3.714,4.557,12.2,0.037,0.0,17.877,17.277,16.566,16.132,16.069,0.896
1384,1,9.35,0.11,0.38885,-1.664,3.571,4.923,12.4,0.037,0.0,21.33,20.893,19.555,18.983,18.8,0.389
1385,1,9.35,0.13,0.32041,-1.854,3.558,4.977,10.5,0.033,0.0,19.904,19.491,18.121,17.558,17.347,0.32
1386,1,9.35,0.13,1.30487,0.523,3.8,4.177,12.9,0.038,0.0,16.364,15.863,15.424,15.2,15.167,1.305
1387,1,9.35,0.15,0.32342,-1.848,3.558,4.974,10.3,0.032,0.0,19.69,19.278,17.905,17.342,17.131,0.323
1388,1,9.35,0.15,0.88668,-0.396,3.708,4.559,11.6,0.036,0.0,17.359,16.755,16.021,15.571,15.505,0.887
1389,1,9.35,0.15,1.51096,0.824,3.79,3.901,12.3,0.037,0.0,15.009,14.488,14.022,13.781,13.744,1.511
1390,1,9.35,0.15,1.6373,1.699,3.666,2.564,12.4,0.037,0.0,12.921,12.345,11.442,10.885,10.785,1.637
1391,1,9.35,0.17,0.27365,-1.995,3.547,5.005,11.1,0.035,0.0,20.857,20.472,19.059,18.506,18.276,0.274
1392,1,9.35,0.17,0.87583,-0.428,3.703,4.565,11.9,0.037,0.0,17.74,17.134,16.381,15.916,15.848,0.876
1393,1,9.35,0.19,0.59983,-1.153,3.614,4.769,9.5,0.027,0.0,17.152,16.65,15.518,14.842,14.722,0.6
1394,1,9.35,0.19,0.78399,-0.669,3.669,4.622,12.8,0.038,0.0,19.243,18.662,17.776,17.203,17.117,0.784
1395,1,9.35,0.23,0.39253,-1.662,3.569,4.914,11.3,0.036,0.0,20.225,19.804,18.441,17.865,17.678,0.393
1396,1,9.35,0.23,1.05004,-0.011,3.755,4.435,11.8,0.037,0.0,16.598,16.014,15.442,15.119,15.073,1.05
1397,1,9.35,0.23,0.43081,-1.564,3.576,4.885,12.6,0.038,0.0,21.281,20.852,19.498,18.914,18.743,0.431
1398,1,9.35,0.25,0.56663,-1.233,3.605,4.789,13.3,0.038,0.0,21.152,20.677,19.484,18.809,18.683,0.567
1399,1,9.35,0.27,0.32365,-1.853,3.556,4.971,11.6,0.036,0.0,21.003,20.602,19.216,18.653,18.437,0.324
1400,1,9.35,0.31,0.1582,-2.547,3.496,5.115,9.2,0.025,0.0,20.337,20.096,18.414,17.892,17.642,0.158
1401,1,9.35,0.39,1.16874,0.251,3.78,4.321,11.8,0.037,0.0,15.942,15.381,14.891,14.636,14.597,1.169
1402,1,9.37,-0.51,0.57279,-1.065,3.644,4.784,12.8,0.038,0.0,20.232,19.685,18.721,18.091,17.985,0.573
1403,1,9.37,-0.47,0.2974,-1.808,3.59,5.027,11.2,0.035,0.0,20.49,19.962,18.822,18.245,18.079,0.297
1404,1,9.37,-0.47,1.07955,0.284,3.814,4.392,12.7,0.038,0.0,16.761,16.348,15.931,15.712,15.686,1.08
1405,1,9.37,-0.43,0.56661,-1.103,3.637,4.791,9.5,0.027,0.0,17.029,16.479,15.494,14.856,14.745,0.567
1406,1,9.37,-0.37,0.11576,-2.843,3.486,5.235,8.8,0.023,0.0,20.678,20.457,18.754,18.193,17.955,0.116
1407,1,9.37,-0.33,0.6584,-0.871,3.66,4.711,12.5,0.038,0.0,19.447,18.889,17.973,17.367,17.275,0.658
1408,1,9.37,-0.33,0.90607,-0.184,3.756,4.548,12.9,0.038,0.0,18.129,17.585,17.006,16.667,16.623,0.906
1409,1,9.37,-0.31,0.4863,-1.353,3.611,4.866,7.8,0.017,0.0,15.952,15.409,14.332,13.701,13.568,0.486
1410,1,9.37,-0.31,0.2313,-2.063,3.565,5.072,11.5,0.036,0.0,21.428,20.969,19.686,19.127,18.924,0.231
1411,1,9.37,-0.31,0.49957,-1.318,3.613,4.854,13.4,0.038,0.0,21.465,20.936,19.86,19.222,19.091,0.5
1412,1,9.37,-0.27,0.09103,-3.24,3.432,5.313,7.8,0.017,0.0,20.671,20.697,18.587,18.043,17.785,0.091
1413,1,9.37,-0.27,0.67647,-0.837,3.661,4.697,10.6,0.033,0.0,17.463,16.9,15.992,15.391,15.3,0.676
1414,1,9.37,-0.27,0.56226,-1.155,3.627,4.796,11.1,0.035,0.0,18.758,18.225,17.192,16.534,16.415,0.562
1415,1,9.37,-0.27,0.24643,-2.013,3.566,5.054,11.2,0.035,0.0,21.002,20.542,19.258,18.698,18.497,0.246
1416,1,9.37,-0.25,0.39384,-1.599,3.59,4.937,9.2,0.025,0.0,17.967,17.453,16.277,15.685,15.525,0.394
1417,1,9.37,-0.25,0.23486,-2.06,3.563,5.065,10.1,0.031,0.0,20.02,19.57,18.267,17.708,17.501,0.235
1418,1,9.37,-0.25,0.40049,-1.58,3.591,4.929,11.3,0.036,0.0,20.02,19.511,18.335,17.739,17.581,0.4
1419,1,9.37,-0.23,0.41462,-1.549,3.592,4.919,12.2,0.037,0.0,20.842,20.333,19.162,18.56,18.405,0.415
1420,1,9.37,-0.21,0.69402,-0.807,3.663,4.683,10.2,0.031,0.0,16.987,16.42,15.517,14.919,14.83,0.694
1421,1,9.37,-0.21,0.3118,-1.829,3.575,5.006,11.7,0.037,0.0,21.043,20.563,19.308,18.743,18.56,0.312
1422,1,9.37,-0.21,0.35156,-1.728,3.581,4.983,12.2,0.037,0.0,21.289,20.798,19.573,18.997,18.824,0.352
1423,1,9.37,-0.21,0.53382,-1.246,3.616,4.822,12.3,0.037,0.0,20.185,19.66,18.585,17.933,17.807,0.534
1424,1,9.37,-0.21,1.13684,0.314,3.808,4.358,12.4,0.037,0.0,16.385,15.933,15.506,15.283,15.254,1.137
1425,1,9.37,-0.21,0.84916,-0.373,3.726,4.59,13.1,0.038,0.0,18.804,18.221,17.549,17.139,17.082,0.849
1426,1,9.37,-0.19,0.33642,-1.77,3.578,4.992,11.3,0.036,0.0,20.495,20.011,18.766,18.196,18.018,0.336
1427,1,9.37,-0.19,0.31427,-1.827,3.574,5.004,12.1,0.037,0.0,21.436,20.96,19.698,19.133,18.949,0.314
1428,1,9.37,-0.19,0.64219,-0.959,3.645,4.73,12.5,0.038,0.0,19.667,19.122,18.148,17.505,17.404,0.642
1429,1,9.37,-0.19,0.5224,-1.281,3.612,4.833,12.6,0.038,0.0,20.574,20.052,18.96,18.312,18.184,0.522
1430,1,9.37,-0.17,0.60451,-1.07,3.632,4.762,11.2,0.035,0.0,18.644,18.111,17.089,16.429,16.318,0.605
1431,1,9.37,-0.17,0.38988,-1.625,3.585,4.938,12.0,0.037,0.0,20.831,20.34,19.121,18.534,18.369,0.39
1432,1,9.37,-0.17,0.43672,-1.505,3.593,4.901,12.1,0.037,0.0,20.633,20.128,18.951,18.342,18.19,0.437
1433,1,9.37,-0.17,0.67416,-0.875,3.654,4.702,12.6,0.038,0.0,19.559,19.005,18.063,17.437,17.343,0.674
1434,1,9.37,-0.15,0.60085,-1.085,3.629,4.766,12.3,0.037,0.0,19.783,19.253,18.221,17.557,17.444,0.601
1435,1,9.37,-0.15,0.5344,-1.258,3.613,4.822,12.8,0.038,0.0,20.716,20.196,19.103,18.45,18.323,0.534
1436,1,9.37,-0.13,0.59624,-1.102,3.627,4.77,9.5,0.027,0.0,17.026,16.492,15.454,14.787,14.673,0.596
1437,1,9.37,-0.13,0.19966,-2.214,3.547,5.087,10.0,0.03,0.0,20.305,19.908,18.518,17.965,17.735,0.2
1438,1,9.37,-0.13,0.50007,-1.355,3.604,4.852,10.1,0.031,0.0,18.257,17.738,16.611,15.97,15.837,0.5
1439,1,9.37,-0.13,0.27686,-1.943,3.564,5.025,11.0,0.035,0.0,20.626,20.183,18.867,18.305,18.102,0.277
1440,1,9.37,-0.13,0.5293,-1.277,3.611,4.826,11.2,0.035,0.0,19.161,18.643,17.539,16.888,16.76,0.529
1441,1,9.37,-0.13,0.41499,-1.566,3.587,4.915,12.4,0.037,0.0,21.085,20.594,19.377,18.783,18.622,0.415
1442,1,9.37,-0.13,0.62888,-1.013,3.637,4.743,13.5,0.038,0.0,20.802,20.266,19.26,18.604,18.498,0.629
1443,1,9.37,-0.11,0.63729,-0.995,3.638,4.736,10.1,0.031,0.0,17.359,16.817,15.817,15.163,15.058,0.637
1444,1,9.37,-0.11,0.48376,-1.399,3.599,4.864,10.4,0.032,0.0,18.668,18.156,17.007,16.372,16.234,0.484
1445,1,9.37,-0.11,0.60817,-1.075,3.629,4.761,14.0,0.038,0.0,21.459,20.93,19.895,19.229,19.116,0.608
1446,1,9.37,-0.09,0.71177,-0.796,3.66,4.674,11.2,0.035,0.0,17.96,17.396,16.481,15.875,15.785,0.712
1447,1,9.37,-0.09,0.70172,-0.825,3.656,4.681,12.8,0.038,0.0,19.632,19.075,18.143,17.523,17.431,0.702
1448,1,9.37,-0.09,0.54379,-1.247,3.612,4.813,13.2,0.038,0.0,21.088,20.573,19.469,18.812,18.686,0.544
1449,1,9.37,-0.07,0.18561,-2.322,3.532,5.102,10.2,0.031,0.0,20.776,20.424,18.944,18.403,18.169,0.186
1450,1,9.37,-0.07,1.41324,0.772,3.81,4.002,11.1,0.035,0.0,13.94,13.478,13.062,12.852,12.822,1.413
1451,1,9.37,-0.07,0.94022,-0.197,3.742,4.524,11.3,0.036,0.0,16.563,15.987,15.37,15.003,14.953,0.94
1452,1,9.37,-0.07,0.46838,-1.445,3.594,4.875,12.1,0.037,0.0,20.483,19.986,18.797,18.177,18.03,0.468
1453,1,9.37,-0.07,0.65259,-0.965,3.64,4.725,13.5,0.038,0.0,20.683,20.144,19.148,18.494,18.391,0.653
1454,1,9.37,-0.07,1.11659,0.202,3.788,4.381,15.2,0.038,0.0,19.465,18.96,18.479,18.217,18.183,1.117
1455,1,9.37,-0.05,1.42935,0.786,3.806,3.978,8.2,0.019,0.0,11.004,10.521,10.101,9.886,9.856,1.429
1456,1,9.37,-0.05,0.30697,-1.869,3.565,4.999,10.5,0.033,0.0,19.943,19.503,18.178,17.614,17.414,0.307
1457,1,9.37,-0.05,0.63915,-1.008,3.635,4.737,10.7,0.034,0.0,17.989,17.453,16.438,15.775,15.669,0.639
1458,1,9.37,-0.05,0.96579,-0.14,3.748,4.502,11.5,0.036,0.0,16.619,16.048,15.45,15.099,15.052,0.966
1459,1,9.37,-0.05,0.76917,-0.645,3.68,4.636,12.1,0.037,0.0,18.481,17.898,17.06,16.516,16.437,0.769
1460,1,9.37,-0.05,1.18456,0.35,3.801,4.31,12.2,0.037,0.0,16.096,15.613,15.17,14.937,14.906,1.185
1461,1,9.37,-0.05,0.71855,-0.79,3.66,4.671,12.6,0.038,0.0,19.345,18.782,17.864,17.256,17.167,0.719
1462,1,9.37,-0.05,0.4526,-1.487,3.589,4.884,12.9,0.038,0.0,21.388,20.9,19.684,19.075,18.922,0.453
1463,1,9.37,-0.05,0.69158,-0.866,3.65,4.691,14.0,0.038,0.0,20.934,20.384,19.426,18.788,18.693,0.692
1464,1,9.37,-0.03,0.15306,-2.556,3.502,5.133,9.0,0.024,0.0,20.159,19.896,18.252,17.726,17.479,0.153
1465,1,9.37,-0.03,0.65838,-0.962,3.639,4.721,11.6,0.036,0.0,18.774,18.236,17.235,16.577,16.474,0.658
1466,1,9.37,-0.03,0.80538,-0.555,3.692,4.615,12.4,0.037,0.0,18.558,17.967,17.175,16.669,16.597,0.805
1467,1,9.37,-0.03,0.69707,-0.857,3.65,4.686,12.7,0.038,0.0,19.614,19.063,18.105,17.467,17.372,0.697
1468,1,9.37,-0.03,0.46104,-1.469,3.59,4.877,12.8,0.038,0.0,21.243,20.756,19.54,18.928,18.776,0.461
1469,1,9.37,-0.01,0.13837,-2.682,3.489,5.163,9.0,0.024,0.0,20.474,20.257,18.532,18.009,17.755,0.138
1470,1,9.37,-0.01,0.47105,-1.449,3.591,4.87,9.5,0.027,0.0,17.891,17.398,16.188,15.572,15.424,0.471
1471,1,9.37,-0.01,0.19041,-2.298,3.533,5.092,10.4,0.032,0.0,20.916,20.565,19.08,18.541,18.308,0.19
1472,1,9.37,-0.01,0.2495,-2.045,3.552,5.034,11.0,0.035,0.0,20.883,20.484,19.096,18.54,18.315,0.249
1473,1,9.37,-0.01,0.24255,-2.071,3.55,5.041,11.2,0.035,0.0,21.149,20.754,19.36,18.805,18.576,0.243
1474,1,9.37,-0.01,0.81362,-0.541,3.694,4.61,11.7,0.037,0.0,17.822,17.229,16.442,15.941,15.87,0.814
1475,1,9.37,-0.01,1.1705,0.323,3.795,4.309,12.4,0.037,0.0,16.362,15.865,15.406,15.162,15.13,1.17
1476,1,9.37,0.01,0.5033,-1.374,3.597,4.847,12.1,0.037,0.0,20.305,19.81,18.628,17.988,17.85,0.503
1477,1,9.37,0.03,0.42687,-1.56,3.581,4.898,10.4,0.032,0.0,19.071,18.603,17.324,16.738,16.572,0.427
1478,1,9.37,0.03,0.2223,-2.151,3.544,5.057,10.7,0.034,0.0,20.848,20.47,19.041,18.492,18.262,0.222
1479,1,9.37,0.03,0.78612,-0.628,3.679,4.621,11.4,0.036,0.0,17.739,17.153,16.309,15.76,15.681,0.786
1480,1,9.37,0.03,1.84594,0.412,4.365,6.399,12.2,0.037,0.0,15.94,18.468,18.785,18.909,18.977,0.927
1481,1,9.37,0.03,0.51149,-1.355,3.598,4.84,12.9,0.038,0.0,21.057,20.563,19.384,18.737,18.602,0.511
1482,1,9.37,0.05,0.8789,-0.389,3.713,4.567,10.1,0.031,0.0,15.842,15.241,14.525,14.083,14.021,0.879
1483,1,9.37,0.05,0.66705,-0.954,3.637,4.711,10.4,0.032,0.0,17.556,17.019,16.006,15.345,15.241,0.667
1484,1,9.37,0.07,0.17063,-2.445,3.512,5.11,10.4,0.032,0.0,21.282,20.993,19.398,18.871,18.629,0.171
1485,1,9.37,0.07,0.20763,-2.211,3.538,5.066,10.6,0.033,0.0,20.898,20.534,19.077,18.534,18.302,0.208
1486,1,9.37,0.07,0.81884,-0.55,3.688,4.6,11.6,0.036,0.0,17.746,17.152,16.345,15.829,15.754,0.819
1487,1,9.37,0.07,1.29299,0.527,3.802,4.178,11.8,0.037,0.0,15.252,14.762,14.328,14.106,14.074,1.293
1488,1,9.37,0.07,1.18441,0.326,3.791,4.297,12.7,0.038,0.0,16.656,16.145,15.677,15.429,15.395,1.184
1489,1,9.37,0.07,1.55524,1.062,3.807,3.741,13.1,0.038,0.0,15.216,14.734,14.313,14.105,14.072,1.555
1490,1,9.37,0.09,1.49028,0.819,3.79,3.899,10.9,0.034,0.0,13.621,13.103,12.636,12.392,12.356,1.49
1491,1,9.37,0.09,0.63035,-1.058,3.625,4.743,13.9,0.038,0.0,21.314,20.797,19.731,19.05,18.937,0.63
1492,1,9.37,0.13,0.60252,-1.137,3.616,4.766,10.1,0.031,0.0,17.712,17.204,16.093,15.417,15.299,0.603
1493,1,9.37,0.13,1.0087,-0.088,3.749,4.472,11.2,0.035,0.0,16.191,15.607,15.014,14.673,14.625,1.009
1494,1,9.37,0.13,0.52465,-1.331,3.598,4.825,12.4,0.037,0.0,20.497,20.017,18.812,18.159,18.024,0.525
1495,1,9.37,0.13,1.3265,0.562,3.799,4.142,12.8,0.038,0.0,16.165,15.662,15.221,14.996,14.963,1.327
1496,1,9.37,0.13,1.50835,0.828,3.785,3.876,13.7,0.038,0.0,16.4,15.871,15.39,15.137,15.099,1.508
1497,1,9.37,0.13,0.67609,-0.944,3.636,4.704,13.9,0.038,0.0,21.03,20.498,19.474,18.813,18.708,0.676
1498,1,9.37,0.15,0.40149,-1.634,3.572,4.909,11.0,0.035,0.0,19.856,19.42,18.077,17.502,17.321,0.401
1499,1,9.37,0.15,0.48522,-1.431,3.588,4.854,11.9,0.037,0.0,20.247,19.786,18.521,17.901,17.75,0.485
1500,1,9.37,0.17,0.36288,-1.742,3.565,4.944,12.1,0.037,0.0,21.226,20.806,19.446,18.876,18.678,0.363
1501,1,9.37,0.19,0.22424,-2.164,3.536,5.043,10.9,0.034,0.0,21.08,20.724,19.253,18.711,18.479,0.224
1502,1,9.37,0.21,0.59919,-1.153,3.612,4.764,13.7,0.038,0.0,21.353,20.862,19.715,19.038,18.917,0.599
1503,1,9.37,0.25,0.37656,-1.706,3.566,4.929,9.6,0.028,0.0,18.636,18.214,16.849,16.276,16.083,0.377
1504,1,9.37,0.31,0.55465,-1.262,3.602,4.797,9.1,0.025,0.0,17.024,16.551,15.338,14.661,14.535,0.555
1505,1,9.37,0.31,0.46991,-1.468,3.583,4.858,12.3,0.037,0.0,20.741,20.309,18.981,18.367,18.21,0.47
1506,1,9.37,0.37,1.2786,0.461,3.793,4.201,11.9,0.037,0.0,15.518,14.981,14.528,14.3,14.264,1.279
1507,1,9.39,-0.45,0.42684,-1.474,3.608,4.921,11.0,0.035,0.0,19.456,18.915,17.839,17.227,17.085,0.427
1508,1,9.39,-0.45,0.6642,-0.811,3.671,4.702,12.1,0.037,0.0,18.897,18.33,17.46,16.888,16.803,0.664
1509,1,9.39,-0.41,0.46208,-1.396,3.612,4.891,11.8,0.037,0.0,20.06,19.523,18.453,17.829,17.692,0.462
1510,1,9.39,-0.39,0.8847,-0.203,3.756,4.558,12.9,0.038,0.0,18.178,17.638,17.059,16.72,16.676,0.885
1511,1,9.39,-0.37,0.49737,-1.311,3.616,4.856,11.7,0.037,0.0,19.747,19.213,18.153,17.516,17.385,0.497
1512,1,9.39,-0.35,0.53245,-1.217,3.624,4.822,11.5,0.036,0.0,19.312,18.777,17.74,17.089,16.966,0.532
1513,1,9.39,-0.31,1.48631,2.355,3.637,1.748,13.9,0.038,0.0,12.782,12.276,11.245,10.561,10.447,1.486
1514,1,9.39,-0.29,0.18915,-2.263,3.547,5.111,10.7,0.034,0.0,21.128,20.725,19.354,18.797,18.566,0.189
1515,1,9.39,-0.29,0.74727,-0.62,3.692,4.646,12.0,0.037,0.0,18.321,17.738,16.946,16.437,16.364,0.747
1516,1,9.39,-0.29,0.36468,-1.676,3.588,4.973,12.4,0.037,0.0,21.36,20.852,19.671,19.086,18.921,0.365
1517,1,9.39,-0.29,1.01071,0.055,3.783,4.467,13.0,0.038,0.0,17.632,17.134,16.636,16.358,16.324,1.011
1518,1,9.39,-0.25,0.19875,-2.201,3.553,5.096,11.1,0.035,0.0,21.371,20.952,19.607,19.05,18.826,0.199
1519,1,9.39,-0.25,1.40713,0.853,3.808,3.911,11.6,0.036,0.0,14.238,13.786,13.359,13.141,13.11,1.407
1520,1,9.39,-0.25,0.47632,-1.39,3.605,4.873,12.2,0.037,0.0,20.445,19.921,18.812,18.181,18.044,0.476
1521,1,9.39,-0.23,0.27027,-1.945,3.569,5.035,8.9,0.023,0.0,18.532,18.061,16.785,16.224,16.03,0.27
1522,1,9.39,-0.23,0.68613,-0.822,3.662,4.689,10.6,0.033,0.0,17.424,16.859,15.952,15.352,15.262,0.686
1523,1,9.39,-0.23,0.91935,-0.192,3.75,4.538,12.2,0.037,0.0,17.451,16.892,16.295,15.944,15.897,0.919
1524,1,9.39,-0.23,1.12476,0.304,3.808,4.362,13.7,0.038,0.0,17.71,17.26,16.832,16.607,16.579,1.125
1525,1,9.39,-0.21,0.32757,-1.789,3.577,4.998,9.5,0.027,0.0,18.742,18.251,17.012,16.444,16.265,0.328
1526,1,9.39,-0.21,0.18604,-2.298,3.54,5.11,10.7,0.034,0.0,21.215,20.836,19.416,18.864,18.632,0.186
1527,1,9.39,-0.21,0.64351,-0.948,3.647,4.727,11.5,0.036,0.0,18.641,18.093,17.127,16.488,16.388,0.644
1528,1,9.39,-0.21,0.35104,-1.729,3.581,4.983,12.2,0.037,0.0,21.292,20.801,19.576,19.0,18.827,0.351
1529,1,9.39,-0.19,0.66035,-0.907,3.651,4.713,13.1,0.038,0.0,20.137,19.587,18.634,18.001,17.904,0.66
1530,1,9.39,-0.17,0.14526,-2.602,3.502,5.155,9.7,0.028,0.0,20.975,20.711,19.08,18.54,18.295,0.145
1531,1,9.39,-0.17,0.28559,-1.909,3.568,5.02,11.6,0.036,0.0,21.143,20.686,19.394,18.83,18.635,0.286
1532,1,9.39,-0.17,1.31521,0.663,3.82,4.122,13.1,0.038,0.0,16.213,15.786,15.395,15.201,15.174,1.315
1533,1,9.39,-0.15,0.57871,-1.142,3.624,4.784,11.1,0.035,0.0,18.724,18.198,17.146,16.479,16.361,0.579
1534,1,9.39,-0.15,0.31163,-1.84,3.571,5.003,11.8,0.037,0.0,21.17,20.704,19.424,18.858,18.67,0.312
1535,1,9.39,-0.15,0.51335,-1.314,3.608,4.84,12.3,0.037,0.0,20.356,19.838,18.727,18.081,17.95,0.513
1536,1,9.39,-0.15,0.97306,-0.093,3.758,4.497,12.9,0.038,0.0,17.901,17.351,16.781,16.451,16.407,0.973
1537,1,9.39,-0.15,1.55733,1.914,3.672,2.349,13.3,0.038,0.0,13.285,12.711,11.832,11.276,11.186,1.557
1538,1,9.39,-0.15,1.36629,0.74,3.815,4.038,14.1,0.038,0.0,17.02,16.577,16.171,15.967,15.938,1.366
1539,1,9.39,-0.13,0.42126,-1.55,3.588,4.91,10.9,0.034,0.0,19.545,19.05,17.841,17.244,17.085,0.421
1540,1,9.39,-0.13,0.67391,-0.888,3.651,4.703,12.0,0.037,0.0,18.989,18.438,17.485,16.85,16.754,0.674
1541,1,9.39,-0.13,1.1038,0.188,3.789,4.396,12.6,0.038,0.0,16.9,16.402,15.924,15.664,15.631,1.104
1542,1,9.39,-0.11,0.26915,-1.969,3.561,5.028,10.2,0.031,0.0,19.892,19.456,18.126,17.566,17.358,0.269
1543,1,9.39,-0.11,0.52664,-1.288,3.609,4.828,13.5,0.038,0.0,21.489,20.974,19.861,19.21,19.081,0.527
1544,1,9.39,-0.09,0.46625,-1.446,3.594,4.876,10.4,0.032,0.0,18.785,18.282,17.103,16.482,16.337,0.466
1545,1,9.39,-0.09,0.60482,-1.089,3.627,4.764,11.6,0.036,0.0,19.093,18.567,17.523,16.852,16.739,0.605
1546,1,9.39,-0.09,0.30157,-1.876,3.566,5.004,11.8,0.037,0.0,21.26,20.815,19.501,18.937,18.739,0.302
1547,1,9.39,-0.09,0.54521,-1.243,3.612,4.811,12.3,0.037,0.0,20.178,19.662,18.559,17.901,17.776,0.545
1548,1,9.39,-0.07,0.21805,-2.153,3.548,5.069,10.4,0.032,0.0,20.553,20.158,18.764,18.211,17.981,0.218
1549,1,9.39,-0.07,0.26644,-1.984,3.559,5.027,11.0,0.035,0.0,20.729,20.307,18.957,18.397,18.185,0.266
1550,1,9.39,-0.07,0.73873,-0.723,3.67,4.656,11.3,0.036,0.0,17.878,17.303,16.426,15.848,15.764,0.739
1551,1,9.39,-0.07,0.42515,-1.551,3.585,4.905,11.5,0.036,0.0,20.148,19.664,18.43,17.836,17.674,0.425
1552,1,9.39,-0.07,0.51332,-1.332,3.603,4.84,12.1,0.037,0.0,20.2,19.691,18.553,17.905,17.773,0.513
1553,1,9.39,-0.07,0.47839,-1.42,3.596,4.867,12.3,0.037,0.0,20.62,20.119,18.943,18.315,18.173,0.478
1554,1,9.39,-0.05,0.14669,-2.604,3.498,5.145,9.9,0.03,0.0,21.179,20.934,19.264,18.737,18.488,0.147
1555,1,9.39,-0.05,0.66415,-0.939,3.642,4.714,10.4,0.032,0.0,17.518,16.973,15.986,15.335,15.234,0.664
1556,1,9.39,-0.05,0.3469,-1.767,3.572,4.977,11.3,0.036,0.0,20.486,20.029,18.729,18.162,17.976,0.347
1557,1,9.39,-0.05,0.28495,-1.932,3.561,5.014,11.6,0.036,0.0,21.2,20.773,19.43,18.868,18.66,0.285
1558,1,9.39,-0.05,0.57863,-1.167,3.618,4.786,11.8,0.037,0.0,19.488,18.97,17.888,17.219,17.099,0.579
1559,1,9.39,-0.05,0.61356,-1.076,3.627,4.758,12.5,0.038,0.0,19.96,19.435,18.39,17.717,17.604,0.614
1560,1,9.39,-0.03,0.19179,-2.285,3.535,5.091,9.8,0.029,0.0,20.283,19.924,18.455,17.913,17.681,0.192
1561,1,9.39,-0.03,0.24849,-2.045,3.553,5.036,11.1,0.035,0.0,20.983,20.58,19.2,18.643,18.42,0.248
1562,1,9.39,-0.03,0.42262,-1.565,3.583,4.906,11.7,0.037,0.0,20.382,19.907,18.65,18.061,17.897,0.423
1563,1,9.39,-0.03,0.5096,-1.35,3.6,4.843,12.1,0.037,0.0,20.246,19.742,18.587,17.939,17.806,0.51
1564,1,9.39,-0.03,0.38322,-1.668,3.576,4.94,12.4,0.037,0.0,21.34,20.876,19.586,19.014,18.838,0.383
1565,1,9.39,-0.03,1.08752,0.147,3.78,4.391,12.9,0.038,0.0,17.302,16.777,16.274,15.995,15.959,1.088
1566,1,9.39,-0.01,0.21934,-2.159,3.545,5.064,10.4,0.032,0.0,20.566,20.183,18.763,18.214,17.984,0.219
1567,1,9.39,-0.01,0.66343,-0.953,3.639,4.716,12.0,0.037,0.0,19.153,18.615,17.614,16.956,16.853,0.663
1568,1,9.39,-0.01,0.82478,-0.511,3.698,4.603,12.3,0.037,0.0,18.348,17.753,16.982,16.494,16.425,0.825
1569,1,9.39,-0.01,0.61286,-1.089,3.625,4.76,12.6,0.038,0.0,20.092,19.571,18.513,17.834,17.72,0.613
1570,1,9.39,-0.01,1.18326,0.351,3.796,4.292,13.3,0.038,0.0,17.192,16.698,16.244,16.004,15.971,1.183
1571,1,9.39,-0.01,1.14054,0.27,3.79,4.331,14.0,0.038,0.0,18.096,17.589,17.115,16.86,16.827,1.141
1572,1,9.39,-0.01,0.64847,-0.993,3.635,4.729,14.1,0.038,0.0,21.353,20.821,19.802,19.138,19.032,0.648
1573,1,9.39,0.01,0.85409,-0.441,3.706,4.58,11.7,0.037,0.0,17.573,16.977,16.235,15.771,15.705,0.854
1574,1,9.39,0.01,0.53495,-1.292,3.604,4.821,12.7,0.038,0.0,20.7,20.197,19.051,18.393,18.264,0.535
1575,1,9.39,0.01,1.02351,-0.019,3.762,4.46,12.9,0.038,0.0,17.718,17.162,16.605,16.287,16.244,1.024
1576,1,9.39,0.01,0.71482,-0.816,3.654,4.669,13.0,0.038,0.0,19.811,19.256,18.311,17.682,17.589,0.715
1577,1,9.39,0.01,1.46352,0.812,3.791,3.904,13.8,0.038,0.0,16.54,16.034,15.567,15.321,15.285,1.464
1578,1,9.39,0.03,0.15894,-2.522,3.504,5.124,10.1,0.031,0.0,21.175,20.909,19.272,18.747,18.501,0.159
1579,1,9.39,0.03,0.18153,-2.364,3.523,5.1,10.3,0.032,0.0,20.981,20.656,19.121,18.589,18.353,0.182
1580,1,9.39,0.03,1.04295,0.022,3.765,4.44,10.5,0.033,0.0,15.214,14.658,14.114,13.806,13.765,1.043
1581,1,9.39,0.03,0.62803,-1.054,3.627,4.744,12.3,0.037,0.0,19.705,19.184,18.13,17.452,17.34,0.628
1582,1,9.39,0.03,0.43771,-1.535,3.583,4.892,12.7,0.038,0.0,21.307,20.839,19.57,18.977,18.814,0.438
1583,1,9.39,0.03,0.57704,-1.187,3.613,4.786,13.7,0.038,0.0,21.437,20.929,19.818,19.148,19.027,0.577
1584,1,9.39,0.05,0.32135,-1.84,3.562,4.979,10.3,0.032,0.0,19.67,19.243,17.893,17.329,17.125,0.321
1585,1,9.39,0.05,0.9288,-0.26,3.731,4.535,11.0,0.035,0.0,16.421,15.828,15.173,14.781,14.726,0.929
1586,1,9.39,0.05,0.33348,-1.808,3.564,4.972,11.5,0.036,0.0,20.79,20.36,19.016,18.45,18.251,0.333
1587,1,9.39,0.05,1.41853,0.735,3.797,3.989,12.5,0.038,0.0,15.434,14.934,14.484,14.251,14.217,1.419
1588,1,9.39,0.07,0.18127,-2.371,3.521,5.098,7.1,0.013,0.0,17.797,17.467,15.926,15.398,15.162,0.181
1589,1,9.39,0.07,1.50954,0.852,3.78,3.832,11.3,0.036,0.0,13.94,13.406,12.909,12.642,12.603,1.51
1590,1,9.39,0.09,0.2161,-2.182,3.539,5.057,10.7,0.034,0.0,20.924,20.558,19.106,18.561,18.329,0.216
1591,1,9.39,0.09,0.43491,-1.548,3.58,4.891,11.0,0.035,0.0,19.639,19.182,17.885,17.297,17.13,0.435
1592,1,9.39,0.09,0.48316,-1.43,3.59,4.858,12.3,0.037,0.0,20.646,20.174,18.932,18.311,18.161,0.483
1593,1,9.39,0.09,0.64425,-1.02,3.629,4.73,12.9,0.038,0.0,20.221,19.699,18.648,17.974,17.864,0.644
1594,1,9.39,0.11,0.22691,-2.144,3.541,5.046,10.6,0.033,0.0,20.729,20.36,18.914,18.368,18.137,0.227
1595,1,9.39,0.11,0.29907,-1.908,3.555,4.989,11.1,0.035,0.0,20.639,20.235,18.854,18.294,18.076,0.299
1596,1,9.39,0.11,1.43686,0.74,3.792,3.97,11.4,0.036,0.0,14.32,13.805,13.343,13.102,13.067,1.437
1597,1,9.39,0.11,0.7181,-0.826,3.65,4.668,11.9,0.037,0.0,18.734,18.18,17.219,16.584,16.489,0.718
1598,1,9.39,0.11,0.58391,-1.18,3.612,4.78,12.6,0.038,0.0,20.32,19.819,18.69,18.018,17.896,0.584
1599,1,9.39,0.13,0.34229,-1.794,3.563,4.962,9.8,0.029,0.0,19.054,18.63,17.273,16.707,16.505,0.342
1600,1,9.39,0.13,0.87484,-0.417,3.705,4.565,10.7,0.034,0.0,16.513,15.908,15.166,14.708,14.641,0.875
1601,1,9.39,0.13,0.24292,-2.087,3.543,5.028,11.0,0.035,0.0,20.987,20.613,19.178,18.629,18.399,0.243
1602,1,9.39,0.13,1.02895,-0.036,3.754,4.45,11.4,0.036,0.0,16.261,15.684,15.109,14.78,14.735,1.029
1603,1,9.39,0.13,0.62538,-1.076,3.623,4.747,12.2,0.037,0.0,19.66,19.148,18.064,17.385,17.27,0.625
1604,1,9.39,0.13,0.77437,-0.68,3.669,4.628,12.6,0.038,0.0,19.069,18.49,17.606,17.03,16.944,0.774
1605,1,9.39,0.13,0.42151,-1.584,3.576,4.898,12.7,0.038,0.0,21.429,20.986,19.658,19.078,18.906,0.422
1606,1,9.39,0.15,0.13814,-2.702,3.482,5.154,9.4,0.027,0.0,20.924,20.735,18.965,18.443,18.185,0.138
1607,1,9.39,0.15,0.2449,-2.082,3.542,5.025,10.9,0.034,0.0,20.876,20.503,19.065,18.517,18.286,0.245
1608,1,9.39,0.15,0.74675,-0.756,3.659,4.647,14.1,0.038,0.0,20.76,20.195,19.266,18.659,18.567,0.747
1609,1,9.39,0.17,0.52941,-1.322,3.597,4.819,11.8,0.037,0.0,19.876,19.402,18.186,17.531,17.396,0.529
1610,1,9.39,0.17,0.59739,-1.155,3.614,4.77,12.6,0.038,0.0,20.257,19.76,18.627,17.952,17.831,0.597
1611,1,9.39,0.17,0.61719,-1.104,3.619,4.754,13.0,0.038,0.0,20.529,20.024,18.918,18.239,18.122,0.617
1612,1,9.39,0.17,0.87356,-0.43,3.702,4.564,13.7,0.038,0.0,19.545,18.941,18.186,17.719,17.65,0.874
1613,1,9.39,0.19,0.37499,-1.711,3.566,4.932,11.5,0.036,0.0,20.548,20.127,18.766,18.194,18.001,0.375
1614,1,9.39,0.19,0.99522,-0.132,3.741,4.478,11.6,0.036,0.0,16.7,16.106,15.488,15.13,15.079,0.995
1615,1,9.39,0.21,0.39394,-1.657,3.569,4.912,11.1,0.035,0.0,20.013,19.589,18.229,17.654,17.468,0.394
1616,1,9.39,0.21,0.44129,-1.538,3.578,4.877,11.8,0.037,0.0,20.414,19.979,18.639,18.051,17.883,0.441
1617,1,9.39,0.21,0.70968,-0.866,3.643,4.674,12.0,0.037,0.0,18.934,18.391,17.394,16.747,16.647,0.71
1618,1,9.39,0.21,0.58607,-1.185,3.609,4.773,12.7,0.038,0.0,20.432,19.945,18.784,18.108,17.984,0.586
1619,1,9.39,0.25,0.87095,-0.444,3.699,4.566,12.3,0.037,0.0,18.181,17.572,16.808,16.338,16.267,0.871
1620,1,9.39,0.25,0.40367,-1.631,3.571,4.903,12.5,0.038,0.0,21.348,20.927,19.562,18.983,18.801,0.404
1621,1,9.39,0.27,0.77151,-0.699,3.665,4.631,13.1,0.038,0.0,19.618,19.04,18.137,17.556,17.467,0.772
1622,1,9.39,0.29,0.43456,-1.554,3.576,4.882,12.5,0.038,0.0,21.156,20.733,19.371,18.781,18.612,0.435
1623,1,9.39,0.31,1.6291,-1.14,4.408,7.935,10.0,0.03,0.0,17.619,20.357,20.712,20.848,20.927,0.605
1624,1,9.39,0.31,0.44121,-1.538,3.578,4.877,11.7,0.037,0.0,20.315,19.892,18.532,17.937,17.771,0.441
1625,1,9.39,0.31,1.07186,0.046,3.76,4.409,11.8,0.037,0.0,16.454,15.871,15.318,15.014,14.969,1.072
1626,1,9.39,0.35,0.25377,-2.059,3.542,5.014,8.6,0.021,0.0,18.517,18.138,16.701,16.155,15.924,0.254
1627,1,9.39,0.37,0.70137,-0.888,3.64,4.68,11.7,0.037,0.0,18.69,18.151,17.132,16.484,16.38,0.701
1628,1,9.39,0.37,0.43709,-1.548,3.577,4.88,12.3,0.037,0.0,20.94,20.526,19.151,18.554,18.388,0.437
1629,1,9.39,0.41,0.54053,-1.296,3.599,4.808,11.4,0.036,0.0,19.41,18.962,17.705,17.027,16.897,0.541
1630,1,9.39,0.43,0.60539,-1.137,3.614,4.759,10.8,0.034,0.0,18.412,17.932,16.762,16.078,15.959,0.605
1631,1,9.41,-0.55,0.71023,-0.638,3.698,4.666,8.7,0.022,0.0,15.065,14.479,13.714,13.226,13.156,0.71
1632,1,9.41,-0.45,0.48212,-1.332,3.619,4.874,11.7,0.037,0.0,19.801,19.262,18.217,17.585,17.454,0.482
1633,1,9.41,-0.43,0.38835,-1.577,3.6,4.952,10.7,0.034,0.0,19.413,18.872,17.771,17.172,17.023,0.388
1634,1,9.41,-0.43,0.66769,-0.807,3.671,4.699,14.2,0.038,0.0,20.986,20.42,19.548,18.975,18.89,0.668
1635,1,9.41,-0.41,0.42354,-1.492,3.604,4.92,11.7,0.037,0.0,20.2,19.664,18.571,17.96,17.817,0.424
1636,1,9.41,-0.41,0.455,-1.414,3.61,4.896,11.8,0.037,0.0,20.106,19.569,18.494,17.873,17.735,0.455
1637,1,9.41,-0.39,0.29697,-1.835,3.583,5.024,10.9,0.034,0.0,20.256,19.746,18.561,17.99,17.816,0.297
1638,1,9.41,-0.37,0.37529,-1.631,3.594,4.964,11.1,0.035,0.0,19.947,19.423,18.282,17.691,17.533,0.375
1639,1,9.41,-0.33,0.69409,-0.764,3.672,4.678,13.2,0.038,0.0,19.881,19.311,18.443,17.872,17.788,0.694
1640,1,9.41,-0.31,0.30507,-1.829,3.58,5.015,11.4,0.036,0.0,20.741,20.244,19.029,18.46,18.282,0.305
1641,1,9.41,-0.29,0.27596,-1.917,3.573,5.034,11.2,0.035,0.0,20.763,20.28,19.031,18.47,18.282,0.276
1642,1,9.41,-0.29,0.65092,-0.903,3.654,4.718,13.1,0.038,0.0,20.126,19.573,18.637,18.016,17.921,0.651
1643,1,9.41,-0.27,0.4608,-1.426,3.603,4.885,12.6,0.038,0.0,20.935,20.41,19.295,18.67,18.531,0.461
1644,1,9.41,-0.25,0.87243,-0.296,3.737,4.57,11.5,0.036,0.0,17.01,16.439,15.804,15.422,15.37,0.872
1645,1,9.41,-0.25,0.51439,-1.289,3.614,4.839,12.1,0.037,0.0,20.092,19.566,18.486,17.841,17.712,0.514
1646,1,9.41,-0.25,0.4388,-1.485,3.598,4.901,13.0,0.038,0.0,21.482,20.964,19.823,19.208,19.062,0.439
1647,1,9.41,-0.23,0.47016,-1.409,3.603,4.877,10.9,0.034,0.0,19.193,18.67,17.55,16.921,16.783,0.47
1648,1,9.41,-0.23,0.80845,-0.472,3.712,4.613,11.0,0.035,0.0,16.95,16.363,15.643,15.195,15.132,0.808
1649,1,9.41,-0.23,0.23472,-2.063,3.561,5.063,11.3,0.036,0.0,21.228,20.786,19.474,18.914,18.705,0.235
1650,1,9.41,-0.23,0.32014,-1.804,3.577,5.003,11.7,0.037,0.0,20.98,20.493,19.254,18.686,18.506,0.32
1651,1,9.41,-0.23,0.40921,-1.561,3.591,4.922,12.1,0.037,0.0,20.773,20.266,19.09,18.491,18.334,0.409
1652,1,9.41,-0.23,0.44957,-1.462,3.598,4.892,12.3,0.037,0.0,20.725,20.207,19.068,18.448,18.304,0.45
1653,1,9.41,-0.21,0.21947,-2.124,3.557,5.076,10.5,0.033,0.0,20.581,20.153,18.817,18.259,18.042,0.219
1654,1,9.41,-0.21,1.36607,0.773,3.81,3.988,11.9,0.037,0.0,14.738,14.289,13.87,13.656,13.626,1.366
1655,1,9.41,-0.21,1.02144,0.037,3.776,4.462,13.1,0.038,0.0,17.778,17.26,16.743,16.453,16.416,1.021
1656,1,9.41,-0.21,0.64843,-0.934,3.648,4.722,13.4,0.038,0.0,20.504,19.956,18.995,18.357,18.259,0.648
1657,1,9.41,-0.19,0.31461,-1.825,3.574,5.003,10.7,0.034,0.0,20.033,19.554,18.293,17.729,17.545,0.315
1658,1,9.41,-0.19,0.21464,-2.146,3.554,5.079,11.1,0.035,0.0,21.235,20.816,19.467,18.91,18.688,0.215
1659,1,9.41,-0.19,0.89058,-0.274,3.738,4.558,11.3,0.036,0.0,16.754,16.181,15.547,15.167,15.115,0.891
1660,1,9.41,-0.19,0.28069,-1.92,3.568,5.025,11.6,0.036,0.0,21.17,20.711,19.423,18.86,18.665,0.281
1661,1,9.41,-0.19,0.61235,-1.041,3.635,4.754,12.0,0.037,0.0,19.373,18.836,17.829,17.174,17.065,0.612
1662,1,9.41,-0.19,0.83114,-0.426,3.717,4.599,13.3,0.038,0.0,19.135,18.549,17.847,17.414,17.353,0.831
1663,1,9.41,-0.17,0.35106,-1.735,3.579,4.981,10.5,0.033,0.0,19.608,19.122,17.88,17.307,17.131,0.351
1664,1,9.41,-0.17,0.51219,-1.313,3.609,4.841,11.1,0.035,0.0,19.151,18.631,17.525,16.88,16.75,0.512
1665,1,9.41,-0.17,0.85994,-0.357,3.727,4.582,11.2,0.035,0.0,16.862,16.277,15.607,15.2,15.143,0.86
1666,1,9.41,-0.17,0.28158,-1.921,3.567,5.023,11.4,0.036,0.0,20.972,20.518,19.222,18.659,18.462,0.282
1667,1,9.41,-0.17,1.00046,-0.021,3.768,4.475,11.5,0.036,0.0,16.322,15.786,15.245,14.936,14.896,1.0
1668,1,9.41,-0.17,0.47667,-1.404,3.601,4.87,11.6,0.036,0.0,19.881,19.364,18.23,17.597,17.459,0.477
1669,1,9.41,-0.15,0.45062,-1.473,3.594,4.889,10.0,0.03,0.0,18.454,17.944,16.774,16.16,16.012,0.451
1670,1,9.41,-0.13,1.39078,0.772,3.804,3.972,9.5,0.027,0.0,12.339,11.864,11.433,11.211,11.18,1.391
1671,1,9.41,-0.13,0.35835,-1.721,3.578,4.971,10.2,0.031,0.0,19.273,18.791,17.535,16.964,16.788,0.358
1672,1,9.41,-0.13,0.6714,-0.894,3.65,4.705,13.0,0.038,0.0,20.004,19.454,18.498,17.86,17.764,0.671
1673,1,9.41,-0.11,0.16699,-2.447,3.518,5.125,10.1,0.031,0.0,20.988,20.676,19.126,18.588,18.35,0.167
1674,1,9.41,-0.09,0.39664,-1.619,3.581,4.927,11.6,0.036,0.0,20.417,19.938,18.687,18.105,17.936,0.397
1675,1,9.41,-0.09,0.44238,-1.505,3.59,4.893,12.1,0.037,0.0,20.632,20.14,18.932,18.326,18.171,0.442
1676,1,9.41,-0.07,0.45169,-1.485,3.59,4.885,10.8,0.034,0.0,19.283,18.79,17.583,16.974,16.821,0.452
1677,1,9.41,-0.07,1.00209,-0.041,3.761,4.469,11.7,0.037,0.0,16.573,16.021,15.46,15.137,15.095,1.002
1678,1,9.41,-0.07,0.41161,-1.584,3.583,4.915,12.3,0.037,0.0,21.031,20.552,19.304,18.716,18.551,0.412
1679,1,9.41,-0.05,0.57218,-1.183,3.616,4.79,10.7,0.034,0.0,18.428,17.909,16.821,16.155,16.034,0.572
1680,1,9.41,-0.05,0.67041,-0.921,3.644,4.708,12.2,0.037,0.0,19.273,18.729,17.748,17.099,17.0,0.67
1681,1,9.41,-0.05,0.44094,-1.516,3.587,4.893,12.3,0.037,0.0,20.859,20.375,19.147,18.545,18.388,0.441
1682,1,9.41,-0.05,0.70819,-0.817,3.656,4.676,12.4,0.037,0.0,19.213,18.655,17.721,17.101,17.009,0.708
1683,1,9.41,-0.05,0.69679,-0.85,3.652,4.684,12.6,0.038,0.0,19.494,18.942,17.991,17.357,17.263,0.697
1684,1,9.41,-0.05,0.66274,-0.942,3.642,4.715,13.1,0.038,0.0,20.225,19.684,18.694,18.042,17.94,0.663
1685,1,9.41,-0.05,0.65064,-0.975,3.638,4.726,13.6,0.038,0.0,20.807,20.27,19.267,18.609,18.505,0.651
1686,1,9.41,-0.03,0.4933,-1.391,3.597,4.855,9.8,0.029,0.0,18.048,17.544,16.371,15.736,15.597,0.493
1687,1,9.41,-0.03,0.40604,-1.605,3.58,4.917,10.5,0.033,0.0,19.283,18.811,17.539,16.959,16.79,0.406
1688,1,9.41,-0.03,0.21119,-2.186,3.544,5.072,11.1,0.035,0.0,21.334,20.953,19.532,18.982,18.752,0.211
1689,1,9.41,-0.03,0.32093,-1.836,3.566,4.99,11.6,0.036,0.0,20.961,20.521,19.196,18.631,18.433,0.321
1690,1,9.41,-0.03,0.49585,-1.385,3.597,4.854,11.7,0.037,0.0,19.932,19.433,18.26,17.623,17.484,0.496
1691,1,9.41,-0.03,1.1784,0.341,3.797,4.302,12.2,0.037,0.0,16.117,15.626,15.172,14.933,14.901,1.178
1692,1,9.41,-0.03,0.57232,-1.188,3.615,4.791,12.4,0.037,0.0,20.139,19.625,18.53,17.862,17.741,0.572
1693,1,9.41,-0.01,1.18349,0.357,3.796,4.284,11.0,0.035,0.0,14.877,14.38,13.925,13.685,13.653,1.183
1694,1,9.41,-0.01,0.31918,-1.844,3.564,4.99,11.3,0.036,0.0,20.681,20.246,18.911,18.347,18.147,0.319
1695,1,9.41,-0.01,0.3969,-1.633,3.577,4.924,12.1,0.037,0.0,20.952,20.488,19.197,18.623,18.449,0.397
1696,1,9.41,-0.01,0.48669,-1.411,3.594,4.859,12.3,0.037,0.0,20.596,20.104,18.91,18.281,18.138,0.487
1697,1,9.41,-0.01,1.05247,0.072,3.77,4.415,12.7,0.038,0.0,17.289,16.747,16.217,15.918,15.879,1.052
1698,1,9.41,-0.01,0.56535,-1.21,3.612,4.796,13.2,0.038,0.0,20.996,20.485,19.376,18.71,18.587,0.565
1699,1,9.41,-0.01,0.52324,-1.319,3.602,4.831,13.3,0.038,0.0,21.367,20.864,19.714,19.061,18.93,0.523
1700,1,9.41,0.01,0.45366,-1.495,3.587,4.882,11.1,0.035,0.0,19.607,19.128,17.886,17.282,17.126,0.454
1701,1,9.41,0.01,0.90997,-0.295,3.728,4.549,11.9,0.037,0.0,17.408,16.816,16.151,15.749,15.693,0.91
1702,1,9.41,0.01,0.55188,-1.248,3.608,4.806,12.0,0.037,0.0,19.89,19.384,18.254,17.591,17.465,0.552
1703,1,9.41,0.01,0.90256,-0.314,3.725,4.555,12.2,0.037,0.0,17.755,17.162,16.488,16.08,16.023,0.903
1704,1,9.41,0.01,0.70326,-0.849,3.649,4.677,12.8,0.038,0.0,19.692,19.142,18.179,17.538,17.442,0.703
1705,1,9.41,0.01,1.41003,0.738,3.795,3.974,13.2,0.038,0.0,16.125,15.625,15.168,14.928,14.894,1.41
1706,1,9.41,0.03,0.37867,-1.682,3.573,4.934,7.6,0.016,0.0,16.575,16.111,14.801,14.234,14.054,0.379
1707,1,9.41,0.03,0.67831,-0.919,3.641,4.699,10.3,0.032,0.0,17.366,16.823,15.828,15.174,15.073,0.678
1708,1,9.41,0.03,0.32646,-1.823,3.564,4.977,10.5,0.033,0.0,19.828,19.396,18.054,17.49,17.289,0.326
1709,1,9.41,0.03,0.48879,-1.411,3.593,4.857,11.5,0.036,0.0,19.797,19.311,18.102,17.474,17.33,0.489
1710,1,9.41,0.03,0.51262,-1.351,3.598,4.838,11.7,0.037,0.0,19.848,19.353,18.175,17.528,17.393,0.513
1711,1,9.41,0.03,0.59861,-1.131,3.619,4.768,12.2,0.037,0.0,19.799,19.285,18.197,17.522,17.405,0.599
1712,1,9.41,0.03,1.85142,-0.346,4.33,7.037,12.7,0.038,0.0,18.334,20.645,20.938,21.054,21.114,0.972
1713,1,9.41,0.03,0.56649,-1.213,3.611,4.794,13.7,0.038,0.0,21.502,20.997,19.875,19.208,19.084,0.566
1714,1,9.41,0.05,0.22579,-2.14,3.543,5.051,11.1,0.035,0.0,21.22,20.843,19.412,18.864,18.633,0.226
1715,1,9.41,0.05,0.88737,-0.363,3.716,4.561,12.5,0.038,0.0,18.178,17.581,16.877,16.445,16.384,0.887
1716,1,9.41,0.07,0.35389,-1.755,3.567,4.956,8.4,0.02,0.0,17.558,17.113,15.78,15.214,15.022,0.354
1717,1,9.41,0.07,0.29131,-1.925,3.556,4.996,10.9,0.034,0.0,20.483,20.075,18.699,18.139,17.922,0.291
1718,1,9.41,0.07,0.34107,-1.79,3.565,4.966,11.9,0.037,0.0,21.144,20.715,19.37,18.803,18.605,0.341
1719,1,9.41,0.07,0.47829,-1.44,3.59,4.862,12.5,0.038,0.0,20.871,20.397,19.157,18.539,18.388,0.478
1720,1,9.41,0.07,0.59712,-1.141,3.617,4.769,12.9,0.038,0.0,20.522,20.014,18.912,18.237,18.119,0.597
1721,1,9.41,0.07,0.85999,-0.439,3.704,4.574,13.5,0.038,0.0,19.367,18.768,18.02,17.554,17.487,0.86
1722,1,9.41,0.07,1.02778,-0.02,3.759,4.451,13.6,0.038,0.0,18.42,17.855,17.291,16.969,16.925,1.028
1723,1,9.41,0.09,0.37152,-1.709,3.569,4.939,11.0,0.035,0.0,20.042,19.604,18.268,17.697,17.509,0.372
1724,1,9.41,0.09,0.35039,-1.767,3.566,4.958,11.2,0.035,0.0,20.387,19.958,18.612,18.044,17.849,0.35
1725,1,9.41,0.09,0.44528,-1.523,3.582,4.884,11.6,0.036,0.0,20.177,19.718,18.431,17.836,17.673,0.445
1726,1,9.41,0.09,0.63686,-1.039,3.627,4.736,12.0,0.037,0.0,19.367,18.847,17.788,17.111,16.999,0.637
1727,1,9.41,0.09,1.52798,0.972,3.689,3.354,13.7,0.038,0.0,16.04,15.446,14.64,14.14,14.061,1.528
1728,1,9.41,0.11,0.32559,-1.836,3.56,4.974,11.5,0.036,0.0,20.859,20.444,19.08,18.515,18.308,0.326
1729,1,9.41,0.11,0.45236,-1.508,3.583,4.879,11.8,0.037,0.0,20.339,19.882,18.595,17.996,17.835,0.452
1730,1,9.41,0.11,0.55231,-1.258,3.605,4.802,13.4,0.038,0.0,21.315,20.824,19.659,18.993,18.865,0.552
1731,1,9.41,0.11,0.65994,-0.981,3.633,4.716,14.0,0.038,0.0,21.222,20.696,19.658,18.99,18.883,0.66
1732,1,9.41,0.13,1.16421,0.278,3.784,4.307,12.1,0.037,0.0,16.176,15.645,15.158,14.897,14.861,1.164
1733,1,9.41,0.15,0.35315,-1.766,3.564,4.953,11.7,0.037,0.0,20.885,20.465,19.106,18.537,18.338,0.353
1734,1,9.41,0.15,0.72496,-0.813,3.651,4.662,12.3,0.037,0.0,19.103,18.547,17.588,16.956,16.861,0.725
1735,1,9.41,0.15,1.26612,0.463,3.793,4.194,13.0,0.038,0.0,16.611,16.095,15.636,15.396,15.362,1.266
1736,1,9.41,0.15,0.65822,-0.992,3.631,4.718,13.2,0.038,0.0,20.45,19.927,18.878,18.206,18.098,0.658
1737,1,9.41,0.17,0.25857,-2.04,3.544,5.013,10.9,0.034,0.0,20.77,20.393,18.964,18.414,18.183,0.259
1738,1,9.41,0.17,1.82519,2.747,4.438,4.218,13.0,0.038,0.0,10.902,13.813,14.183,14.323,14.405,0.677
1739,1,9.41,0.19,0.37395,-1.714,3.566,4.933,11.8,0.037,0.0,20.854,20.434,19.073,18.501,18.307,0.374
1740,1,9.41,0.19,0.52856,-1.326,3.596,4.818,13.2,0.038,0.0,21.285,20.816,19.59,18.936,18.8,0.529
1741,1,9.41,0.21,0.42654,-1.574,3.575,4.887,12.1,0.037,0.0,20.805,20.374,19.02,18.44,18.267,0.427
1742,1,9.41,0.21,0.41058,-1.613,3.572,4.898,12.2,0.037,0.0,21.003,20.577,19.22,18.642,18.462,0.411
1743,1,9.41,0.23,0.20309,-2.242,3.531,5.059,10.7,0.034,0.0,21.075,20.73,19.235,18.698,18.464,0.203
1744,1,9.41,0.23,0.24001,-2.107,3.539,5.026,11.0,0.035,0.0,21.037,20.673,19.217,18.672,18.44,0.24
1745,1,9.41,0.25,0.22797,-2.151,3.536,5.038,11.2,0.035,0.0,21.347,20.99,19.521,18.979,18.746,0.228
1746,1,9.41,0.25,0.623,-1.091,3.619,4.744,12.1,0.037,0.0,19.597,19.097,17.979,17.298,17.181,0.623
1747,1,9.41,0.25,0.77495,-0.689,3.666,4.628,13.2,0.038,0.0,19.693,19.114,18.217,17.638,17.55,0.775
1748,1,9.41,0.33,0.26119,-2.036,3.543,5.01,11.3,0.036,0.0,21.16,20.786,19.352,18.802,18.572,0.261
1749,1,9.41,0.39,0.43133,-1.562,3.576,4.884,12.0,0.037,0.0,20.675,20.265,18.88,18.286,18.119,0.431
1750,1,9.41,0.39,1.20017,0.326,3.784,4.273,13.1,0.038,0.0,17.054,16.5,16.021,15.774,15.736,1.2
1751,1,9.41,0.43,0.41074,-1.613,3.572,4.898,12.4,0.037,0.0,21.202,20.799,19.405,18.815,18.639,0.411
1752,1,9.43,-0.49,0.24996,-1.946,3.583,5.061,9.8,0.029,0.0,19.436,18.914,17.746,17.18,17.004,0.25
1753,1,9.43,-0.45,0.33583,-1.714,3.595,5.003,11.2,0.035,0.0,20.255,19.721,18.599,18.015,17.855,0.336
1754,1,9.43,-0.37,0.27026,-1.92,3.577,5.043,11.3,0.036,0.0,20.87,20.373,19.154,18.592,18.408,0.27
1755,1,9.43,-0.31,0.57955,-1.098,3.633,4.778,8.6,0.021,0.0,16.114,15.567,14.564,13.915,13.804,0.58
1756,1,9.43,-0.31,0.39497,-1.584,3.593,4.937,12.1,0.037,0.0,20.829,20.312,19.158,18.562,18.406,0.395
1757,1,9.43,-0.31,0.85645,-0.309,3.738,4.579,12.5,0.038,0.0,18.042,17.477,16.843,16.463,16.411,0.856
1758,1,9.43,-0.29,0.19624,-2.212,3.553,5.102,10.8,0.034,0.0,21.099,20.677,19.338,18.78,18.556,0.196
1759,1,9.43,-0.29,0.80818,-0.446,3.719,4.612,12.6,0.038,0.0,18.484,17.903,17.205,16.773,16.713,0.808
1760,1,9.43,-0.29,0.44202,-1.469,3.6,4.9,12.7,0.038,0.0,21.144,20.618,19.497,18.879,18.736,0.442
1761,1,9.43,-0.27,0.76957,-0.563,3.7,4.634,11.9,0.037,0.0,18.078,17.491,16.728,16.245,16.176,0.77
1762,1,9.43,-0.27,0.35214,-1.715,3.585,4.985,12.1,0.037,0.0,21.158,20.656,19.458,18.878,18.709,0.352
1763,1,9.43,-0.27,0.73793,-0.653,3.686,4.651,12.4,0.037,0.0,18.802,18.222,17.408,16.881,16.805,0.738
1764,1,9.43,-0.27,0.9496,-0.098,3.763,4.512,12.6,0.038,0.0,17.616,17.08,16.523,16.202,16.16,0.95
1765,1,9.43,-0.25,0.40973,-1.556,3.592,4.922,10.9,0.034,0.0,19.56,19.048,17.881,17.281,17.126,0.41
1766,1,9.43,-0.25,0.27887,-1.915,3.571,5.03,11.2,0.035,0.0,20.757,20.284,19.02,18.457,18.267,0.279
1767,1,9.43,-0.25,0.59668,-1.068,3.634,4.765,11.9,0.037,0.0,19.34,18.804,17.795,17.142,17.031,0.597
1768,1,9.43,-0.25,0.64151,-0.941,3.649,4.727,12.2,0.037,0.0,19.321,18.772,17.815,17.179,17.08,0.642
1769,1,9.43,-0.25,0.40116,-1.577,3.591,4.928,12.3,0.037,0.0,21.013,20.505,19.33,18.733,18.575,0.401
1770,1,9.43,-0.23,0.49394,-1.348,3.608,4.857,13.0,0.038,0.0,21.139,20.617,19.514,18.876,18.743,0.494
1771,1,9.43,-0.23,0.4735,-1.4,3.604,4.874,13.1,0.038,0.0,21.37,20.849,19.731,19.101,18.963,0.474
1772,1,9.43,-0.23,1.27342,0.628,3.823,4.152,13.4,0.038,0.0,16.6,16.183,15.797,15.606,15.58,1.273
1773,1,9.43,-0.21,0.85923,-0.341,3.73,4.58,11.2,0.035,0.0,16.823,16.243,15.585,15.186,15.131,0.859
1774,1,9.43,-0.21,0.48282,-1.38,3.604,4.866,11.8,0.037,0.0,20.021,19.5,18.383,17.749,17.613,0.483
1775,1,9.43,-0.21,1.43787,0.838,3.718,3.575,12.0,0.037,0.0,14.676,14.093,13.389,12.96,12.899,1.438
1776,1,9.43,-0.21,0.88793,-0.271,3.739,4.558,13.2,0.038,0.0,18.646,18.076,17.445,17.068,17.016,0.888
1777,1,9.43,-0.21,0.62776,-0.991,3.642,4.74,13.4,0.038,0.0,20.648,20.106,19.121,18.475,18.371,0.628
1778,1,9.43,-0.19,0.32907,-1.788,3.576,4.995,10.2,0.031,0.0,19.44,18.954,17.706,17.138,16.958,0.329
1779,1,9.43,-0.19,0.80072,-0.507,3.705,4.616,10.3,0.032,0.0,16.339,15.747,15.004,14.537,14.471,0.801
1780,1,9.43,-0.19,0.31321,-1.828,3.574,5.004,10.4,0.032,0.0,19.741,19.262,18.001,17.436,17.252,0.313
1781,1,9.43,-0.19,0.2035,-2.188,3.552,5.088,10.7,0.034,0.0,20.94,20.528,19.168,18.611,18.385,0.204
1782,1,9.43,-0.17,0.21095,-2.163,3.552,5.081,8.1,0.018,0.0,18.277,17.856,16.5,15.945,15.721,0.211
1783,1,9.43,-0.17,0.19227,-2.259,3.543,5.099,10.2,0.031,0.0,20.618,20.231,18.824,18.272,18.041,0.192
1784,1,9.43,-0.17,0.53252,-1.257,3.614,4.822,10.6,0.033,0.0,18.513,17.989,16.902,16.25,16.123,0.533
1785,1,9.43,-0.17,1.37824,0.776,3.801,3.951,11.0,0.035,0.0,13.83,13.355,12.911,12.679,12.648,1.378
1786,1,9.43,-0.17,1.17262,0.399,3.811,4.298,12.5,0.038,0.0,16.272,15.824,15.406,15.19,15.162,1.173
1787,1,9.43,-0.17,0.47258,-1.414,3.6,4.873,12.9,0.038,0.0,21.205,20.69,19.552,18.92,18.782,0.473
1788,1,9.43,-0.15,0.24414,-2.041,3.559,5.048,10.8,0.034,0.0,20.672,20.243,18.907,18.348,18.135,0.244
1789,1,9.43,-0.15,0.37205,-1.678,3.581,4.957,11.4,0.036,0.0,20.365,19.88,18.641,18.063,17.891,0.372
1790,1,9.43,-0.15,0.39625,-1.609,3.585,4.929,11.6,0.036,0.0,20.392,19.902,18.679,18.091,17.926,0.396
1791,1,9.43,-0.15,0.40778,-1.579,3.587,4.92,12.4,0.037,0.0,21.117,20.625,19.411,18.818,18.656,0.408
1792,1,9.43,-0.15,0.61793,-1.036,3.635,4.75,12.5,0.038,0.0,19.859,19.324,18.312,17.654,17.546,0.618
1793,1,9.43,-0.15,1.11856,0.248,3.796,4.37,13.4,0.038,0.0,17.549,17.067,16.608,16.363,16.331,1.119
1794,1,9.43,-0.13,0.30456,-1.861,3.569,5.004,10.5,0.033,0.0,19.922,19.463,18.169,17.605,17.412,0.305
1795,1,9.43,-0.13,0.73771,-0.702,3.675,4.652,12.8,0.038,0.0,19.324,18.747,17.888,17.325,17.243,0.738
1796,1,9.43,-0.11,0.78707,-0.574,3.693,4.624,11.1,0.035,0.0,17.305,16.715,15.924,15.419,15.346,0.787
1797,1,9.43,-0.11,0.38183,-1.657,3.58,4.944,11.5,0.036,0.0,20.413,19.933,18.681,18.103,17.931,0.382
1798,1,9.43,-0.11,0.90739,-0.257,3.737,4.545,13.7,0.038,0.0,19.113,18.536,17.898,17.516,17.464,0.907
1799,1,9.43,-0.09,0.15182,-2.557,3.504,5.137,7.0,0.013,0.0,18.162,17.884,16.26,15.73,15.485,0.152
1800,1,9.43,-0.09,0.86106,-0.383,3.72,4.58,11.1,0.035,0.0,16.828,16.237,15.544,15.118,15.058,0.861
1801,1,9.43,-0.09,0.70532,-0.811,3.658,4.675,13.1,0.038,0.0,19.897,19.338,18.413,17.798,17.707,0.705
1802,1,9.43,-0.09,1.1656,0.339,3.801,4.315,13.9,0.038,0.0,17.822,17.344,16.901,16.667,16.637,1.166
1803,1,9.43,-0.07,0.65024,-0.969,3.64,4.725,10.1,0.031,0.0,17.293,16.75,15.754,15.1,14.997,0.65
1804,1,9.43,-0.07,0.64789,-0.976,3.639,4.727,11.7,0.037,0.0,18.909,18.371,17.37,16.714,16.61,0.648
1805,1,9.43,-0.07,1.11064,0.206,3.787,4.373,11.8,0.037,0.0,16.056,15.548,15.066,14.804,14.77,1.111
1806,1,9.43,-0.07,0.42889,-1.541,3.586,4.902,12.0,0.037,0.0,20.624,20.139,18.908,18.312,18.151,0.429
1807,1,9.43,-0.07,0.42994,-1.539,3.586,4.901,12.6,0.038,0.0,21.217,20.733,19.503,18.905,18.746,0.43
1808,1,9.43,-0.07,1.19338,0.392,3.803,4.281,12.8,0.038,0.0,16.591,16.115,15.678,15.449,15.419,1.193
1809,1,9.43,-0.07,0.95371,-0.154,3.747,4.507,13.2,0.038,0.0,18.356,17.786,17.184,16.829,16.782,0.954
1810,1,9.43,-0.05,0.25085,-2.033,3.555,5.035,9.9,0.03,0.0,19.753,19.34,17.972,17.415,17.195,0.251
1811,1,9.43,-0.05,0.33312,-1.801,3.569,4.985,10.2,0.031,0.0,19.473,19.019,17.712,17.147,16.956,0.333
1812,1,9.43,-0.05,0.2178,-2.157,3.547,5.067,10.3,0.032,0.0,20.463,20.072,18.668,18.117,17.887,0.218
1813,1,9.43,-0.05,0.67332,-0.912,3.645,4.705,10.6,0.033,0.0,17.651,17.104,16.127,15.48,15.382,0.673
1814,1,9.43,-0.05,0.27546,-1.96,3.559,5.02,10.8,0.034,0.0,20.469,20.046,18.696,18.135,17.924,0.275
1815,1,9.43,-0.05,0.4063,-1.601,3.581,4.917,11.0,0.035,0.0,19.772,19.296,18.035,17.452,17.284,0.406
1816,1,9.43,-0.05,0.26764,-1.983,3.558,5.025,11.3,0.036,0.0,21.028,20.61,19.253,18.693,18.479,0.268
1817,1,9.43,-0.05,1.16639,0.323,3.797,4.315,13.5,0.038,0.0,17.462,16.972,16.518,16.277,16.245,1.166
1818,1,9.43,-0.03,0.43483,-1.534,3.585,4.897,9.9,0.03,0.0,18.505,18.022,16.78,16.185,16.025,0.435
1819,1,9.43,-0.03,0.57656,-1.176,3.616,4.787,11.0,0.035,0.0,18.711,18.194,17.104,16.436,16.315,0.577
1820,1,9.43,-0.03,0.3001,-1.889,3.562,5.0,11.3,0.036,0.0,20.794,20.363,19.024,18.461,18.256,0.3
1821,1,9.43,-0.03,1.03596,0.038,3.768,4.432,11.6,0.036,0.0,16.276,15.73,15.191,14.886,14.846,1.036
1822,1,9.43,-0.03,1.11719,0.226,3.787,4.353,11.8,0.037,0.0,16.006,15.494,15.011,14.749,14.714,1.117
1823,1,9.43,-0.03,0.31372,-1.854,3.565,4.994,11.9,0.037,0.0,21.306,20.87,19.54,18.975,18.776,0.314
1824,1,9.43,-0.03,0.60668,-1.099,3.624,4.763,12.0,0.037,0.0,19.517,18.995,17.937,17.259,17.145,0.607
1825,1,9.43,-0.03,0.36468,-1.72,3.573,4.959,12.2,0.037,0.0,21.269,20.811,19.511,18.943,18.761,0.365
1826,1,9.43,-0.03,0.66465,-0.942,3.641,4.713,13.1,0.038,0.0,20.225,19.686,18.691,18.037,17.935,0.665
1827,1,9.43,-0.03,0.84728,-0.443,3.708,4.589,13.3,0.038,0.0,19.176,18.583,17.85,17.392,17.328,0.847
1828,1,9.43,-0.01,0.3438,-1.781,3.569,4.976,9.1,0.025,0.0,18.322,17.868,16.554,15.989,15.798,0.344
1829,1,9.43,-0.01,0.13879,-2.678,3.489,5.162,9.5,0.027,0.0,20.964,20.748,19.025,18.501,18.247,0.139
1830,1,9.43,-0.01,0.64562,-0.999,3.634,4.73,10.2,0.031,0.0,17.468,16.933,15.914,15.248,15.142,0.646
1831,1,9.43,-0.01,0.29852,-1.898,3.561,5.0,10.3,0.032,0.0,19.814,19.387,18.039,17.477,17.27,0.299
1832,1,9.43,-0.01,0.36227,-1.73,3.572,4.96,11.8,0.037,0.0,20.895,20.442,19.133,18.565,18.38,0.362
1833,1,9.43,-0.01,0.64204,-1.009,3.633,4.734,12.2,0.037,0.0,19.492,18.962,17.937,17.269,17.162,0.642
1834,1,9.43,-0.01,0.61505,-1.081,3.626,4.757,12.9,0.038,0.0,20.374,19.852,18.797,18.118,18.005,0.615
1835,1,9.43,0.01,1.26951,0.521,3.801,4.17,11.9,0.037,0.0,15.367,14.879,14.439,14.21,14.179,1.27
1836,1,9.43,0.01,0.70269,-0.849,3.649,4.676,14.1,0.038,0.0,20.993,20.444,19.48,18.838,18.743,0.703
1837,1,9.43,0.03,0.79721,-0.595,3.682,4.61,10.6,0.033,0.0,16.856,16.267,15.438,14.902,14.824,0.797
1838,1,9.43,0.03,0.43923,-1.531,3.583,4.89,11.7,0.037,0.0,20.297,19.828,18.56,17.966,17.804,0.439
1839,1,9.43,0.03,0.43816,-1.533,3.583,4.891,12.6,0.038,0.0,21.203,20.735,19.466,18.873,18.71,0.438
1840,1,9.43,0.03,0.93254,-0.24,3.734,4.53,13.8,0.038,0.0,19.17,18.583,17.939,17.554,17.5,0.933
1841,1,9.43,0.05,0.19029,-2.305,3.53,5.087,10.5,0.033,0.0,21.032,20.691,19.189,18.652,18.419,0.19
1842,1,9.43,0.05,0.32212,-1.837,3.562,4.978,11.7,0.037,0.0,21.062,20.638,19.286,18.722,18.518,0.322
1843,1,9.43,0.05,0.46191,-1.478,3.587,4.875,12.6,0.038,0.0,21.066,20.594,19.343,18.735,18.58,0.462
1844,1,9.43,0.05,0.48675,-1.417,3.592,4.857,12.9,0.038,0.0,21.213,20.732,19.512,18.886,18.74,0.487
1845,1,9.43,0.07,0.246,-2.066,3.547,5.028,10.4,0.032,0.0,20.335,19.949,18.535,17.983,17.754,0.246
1846,1,9.43,0.07,0.4964,-1.395,3.593,4.849,11.1,0.035,0.0,19.358,18.876,17.66,17.028,16.885,0.496
1847,1,9.43,0.07,0.59762,-1.139,3.617,4.768,12.5,0.038,0.0,20.117,19.609,18.508,17.833,17.714,0.598
1848,1,9.43,0.07,0.93374,-0.247,3.731,4.527,12.7,0.038,0.0,18.088,17.496,16.843,16.454,16.399,0.934
1849,1,9.43,0.09,0.68527,-0.908,3.641,4.691,11.0,0.035,0.0,18.04,17.5,16.499,15.845,15.743,0.685
1850,1,9.43,0.09,0.51718,-1.345,3.597,4.831,12.3,0.037,0.0,20.431,19.947,18.749,18.1,17.964,0.517
1851,1,9.43,0.11,0.2496,-2.058,3.545,5.021,9.6,0.028,0.0,19.516,19.13,17.711,17.161,16.931,0.25
1852,1,9.43,0.11,0.79437,-0.62,3.677,4.611,11.0,0.035,0.0,17.321,16.732,15.881,15.33,15.249,0.794
1853,1,9.43,0.11,0.48434,-1.429,3.589,4.856,11.3,0.036,0.0,19.642,19.172,17.923,17.302,17.153,0.484
1854,1,9.43,0.11,0.75909,-0.715,3.665,4.637,11.6,0.036,0.0,18.157,17.584,16.682,16.092,16.004,0.759
1855,1,9.43,0.11,0.74614,-0.749,3.66,4.646,12.6,0.038,0.0,19.243,18.677,17.756,17.151,17.061,0.746
1856,1,9.43,0.11,0.66926,-0.954,3.636,4.706,13.7,0.038,0.0,20.856,20.325,19.299,18.636,18.53,0.669
1857,1,9.43,0.13,0.32507,-1.839,3.559,4.972,11.0,0.035,0.0,20.368,19.955,18.586,18.022,17.813,0.325
1858,1,9.43,0.13,0.3878,-1.668,3.57,4.922,11.6,0.036,0.0,20.54,20.106,18.764,18.191,18.006,0.388
1859,1,9.43,0.13,0.44989,-1.515,3.582,4.879,12.4,0.037,0.0,20.959,20.506,19.207,18.611,18.448,0.45
1860,1,9.43,0.15,0.28531,-1.955,3.551,4.997,10.4,0.032,0.0,20.057,19.662,18.266,17.71,17.482,0.285
1861,1,9.43,0.15,0.52245,-1.337,3.596,4.825,11.2,0.035,0.0,19.312,18.836,17.62,16.97,16.833,0.522
1862,1,9.43,0.17,0.988,-0.138,3.741,4.48,10.3,0.032,0.0,15.414,14.819,14.202,13.843,13.791,0.988
1863,1,9.43,0.17,0.37626,-1.705,3.567,4.931,10.9,0.034,0.0,19.932,19.506,18.151,17.579,17.387,0.376
1864,1,9.43,0.19,0.53897,-1.299,3.599,4.81,13.0,0.038,0.0,21.019,20.545,19.334,18.671,18.539,0.539
1865,1,9.43,0.19,1.36626,0.612,3.786,4.052,13.6,0.038,0.0,16.84,16.307,15.83,15.58,15.543,1.366
1866,1,9.43,0.21,1.26976,0.458,3.788,4.183,12.4,0.037,0.0,16.025,15.495,15.024,14.778,14.742,1.27
1867,1,9.43,0.21,0.57239,-1.217,3.606,4.783,13.0,0.038,0.0,20.813,20.331,19.154,18.48,18.354,0.572
1868,1,9.43,0.23,0.62734,-1.079,3.62,4.741,11.8,0.037,0.0,19.267,18.764,17.655,16.974,16.858,0.627
1869,1,9.43,0.23,0.38349,-1.685,3.567,4.921,12.1,0.037,0.0,21.084,20.665,19.3,18.725,18.535,0.383
1870,1,9.43,0.25,0.60329,-1.141,3.613,4.76,10.8,0.034,0.0,18.423,17.931,16.785,16.107,15.986,0.603
1871,1,9.43,0.27,0.48753,-1.425,3.587,4.846,13.1,0.038,0.0,21.433,20.991,19.691,19.067,18.916,0.488
1872,1,9.43,0.29,0.90831,-0.345,3.713,4.54,13.5,0.038,0.0,19.131,18.52,17.806,17.378,17.313,0.908
1873,1,9.43,0.39,1.21307,0.357,3.785,4.251,12.9,0.038,0.0,16.778,16.226,15.75,15.506,15.468,1.213
1874,1,9.43,0.43,0.97533,-0.175,3.735,4.489,8.2,0.019,0.0,13.408,12.782,12.155,11.797,11.741,0.975
1875,1,9.45,-0.49,0.27607,-1.865,3.588,5.043,12.0,0.037,0.0,21.432,20.908,19.76,19.187,19.017,0.276
1876,1,9.45,-0.47,1.16978,0.534,3.835,4.258,13.4,0.038,0.0,16.834,16.47,16.109,15.935,15.911,1.17
1877,1,9.45,-0.43,0.28361,-1.861,3.584,5.035,8.7,0.022,0.0,18.123,17.599,16.43,15.861,15.688,0.284
1878,1,9.45,-0.41,0.34085,-1.715,3.592,4.999,12.1,0.037,0.0,21.157,20.631,19.49,18.907,18.745,0.341
1879,1,9.45,-0.41,0.56468,-1.111,3.636,4.79,13.5,0.038,0.0,21.048,20.507,19.512,18.87,18.757,0.565
1880,1,9.45,-0.41,0.53995,-1.18,3.63,4.814,13.7,0.038,0.0,21.419,20.881,19.866,19.22,19.102,0.54
1881,1,9.45,-0.39,0.46097,-1.402,3.61,4.889,11.2,0.035,0.0,19.476,18.94,17.862,17.239,17.102,0.461
1882,1,9.45,-0.39,0.41956,-1.506,3.602,4.921,12.3,0.037,0.0,20.835,20.301,19.199,18.589,18.444,0.42
1883,1,9.45,-0.37,0.5958,-1.038,3.641,4.762,12.2,0.037,0.0,19.566,19.023,18.042,17.402,17.295,0.596
1884,1,9.45,-0.37,0.85611,-0.277,3.745,4.575,13.1,0.038,0.0,18.563,18.008,17.396,17.032,16.983,0.856
1885,1,9.45,-0.35,0.59997,-1.033,3.641,4.758,11.1,0.035,0.0,18.452,17.907,16.926,16.285,16.179,0.6
1886,1,9.45,-0.35,0.3844,-1.607,3.594,4.951,11.3,0.036,0.0,20.088,19.565,18.422,17.828,17.671,0.384
1887,1,9.45,-0.35,0.59591,-1.043,3.64,4.762,11.7,0.037,0.0,19.078,18.536,17.551,16.909,16.801,0.596
1888,1,9.45,-0.35,0.58034,-1.085,3.636,4.776,12.0,0.037,0.0,19.482,18.942,17.944,17.298,17.187,0.58
1889,1,9.45,-0.35,1.10739,0.386,3.821,4.327,12.4,0.037,0.0,16.206,15.797,15.401,15.201,15.175,1.107
1890,1,9.45,-0.33,0.43999,-1.467,3.602,4.903,10.4,0.032,0.0,18.837,18.305,17.196,16.58,16.438,0.44
1891,1,9.45,-0.31,1.07157,0.248,3.806,4.389,11.4,0.036,0.0,15.55,15.101,14.665,14.433,14.405,1.072
1892,1,9.45,-0.31,0.92671,-0.13,3.761,4.526,12.6,0.038,0.0,17.695,17.159,16.596,16.269,16.227,0.927
1893,1,9.45,-0.31,0.61629,-0.995,3.644,4.746,13.3,0.038,0.0,20.558,20.013,19.041,18.402,18.299,0.616
1894,1,9.45,-0.31,1.35741,0.866,3.81,3.892,13.5,0.038,0.0,16.104,15.664,15.242,15.026,14.996,1.357
1895,1,9.45,-0.29,0.20101,-2.18,3.557,5.096,10.9,0.034,0.0,21.121,20.688,19.365,18.807,18.589,0.201
1896,1,9.45,-0.29,0.43875,-1.477,3.6,4.902,12.6,0.038,0.0,21.063,20.538,19.414,18.797,18.653,0.439
1897,1,9.45,-0.29,0.45245,-1.443,3.602,4.892,12.9,0.038,0.0,21.277,20.752,19.637,19.015,18.874,0.452
1898,1,9.45,-0.27,0.38848,-1.609,3.59,4.943,11.3,0.036,0.0,20.094,19.584,18.409,17.817,17.657,0.388
1899,1,9.45,-0.27,0.39655,-1.586,3.591,4.933,12.3,0.037,0.0,21.035,20.525,19.355,18.759,18.601,0.397
1900,1,9.45,-0.25,0.71322,-0.731,3.674,4.665,10.7,0.034,0.0,17.298,16.721,15.862,15.297,15.215,0.713
1901,1,9.45,-0.25,0.29844,-1.856,3.575,5.015,11.9,0.037,0.0,21.31,20.826,19.578,19.014,18.831,0.298
1902,1,9.45,-0.23,0.47968,-1.384,3.605,4.868,12.9,0.038,0.0,21.13,20.608,19.494,18.862,18.725,0.48
1903,1,9.45,-0.23,0.75715,-0.612,3.691,4.64,13.4,0.038,0.0,19.701,19.117,18.321,17.809,17.736,0.757
1904,1,9.45,-0.21,0.55087,-1.197,3.62,4.804,12.1,0.037,0.0,19.863,19.336,18.276,17.618,17.496,0.551
1905,1,9.45,-0.21,1.44274,1.485,3.679,2.775,12.5,0.038,0.0,13.558,12.982,12.135,11.596,11.513,1.443
1906,1,9.45,-0.21,0.97501,-0.058,3.765,4.491,12.7,0.038,0.0,17.616,17.079,16.529,16.212,16.172,0.975
1907,1,9.45,-0.21,0.49903,-1.338,3.608,4.852,12.9,0.038,0.0,21.016,20.495,19.39,18.75,18.617,0.499
1908,1,9.45,-0.21,0.90347,-0.229,3.744,4.545,13.0,0.038,0.0,18.342,17.777,17.163,16.798,16.749,0.903
1909,1,9.45,-0.19,0.17807,-2.357,3.531,5.118,9.1,0.025,0.0,19.763,19.402,17.94,17.393,17.159,0.178
1910,1,9.45,-0.19,0.75456,-0.634,3.687,4.642,10.1,0.031,0.0,16.454,15.867,15.056,14.531,14.456,0.755
1911,1,9.45,-0.19,1.14609,0.359,3.809,4.319,12.1,0.037,0.0,15.972,15.52,15.095,14.874,14.846,1.146
1912,1,9.45,-0.19,0.71859,-0.736,3.672,4.663,12.3,0.037,0.0,18.91,18.337,17.466,16.894,16.81,0.719
1913,1,9.45,-0.19,1.44553,1.407,3.682,2.863,12.4,0.037,0.0,13.651,13.073,12.236,11.704,11.623,1.446
1914,1,9.45,-0.19,0.36633,-1.687,3.582,4.965,12.5,0.038,0.0,21.488,20.998,19.773,19.194,19.023,0.366
1915,1,9.45,-0.19,0.68327,-0.839,3.658,4.69,13.4,0.038,0.0,20.268,19.71,18.786,18.174,18.082,0.683
1916,1,9.45,-0.17,0.5853,-1.118,3.627,4.776,10.2,0.031,0.0,17.764,17.232,16.194,15.529,15.414,0.585
1917,1,9.45,-0.17,0.47873,-1.398,3.601,4.868,12.5,0.038,0.0,20.765,20.249,19.116,18.482,18.345,0.479
1918,1,9.45,-0.17,0.74166,-0.676,3.68,4.649,12.9,0.038,0.0,19.36,18.781,17.941,17.393,17.314,0.742
1919,1,9.45,-0.17,0.59276,-1.098,3.629,4.77,13.6,0.038,0.0,21.116,20.587,19.553,18.889,18.775,0.593
1920,1,9.45,-0.17,0.82703,-0.441,3.714,4.6,14.4,0.038,0.0,20.274,19.687,18.973,18.531,18.469,0.827
1921,1,9.45,-0.15,0.67327,-0.88,3.652,4.701,9.3,0.026,0.0,16.27,15.71,14.767,14.137,14.043,0.673
1922,1,9.45,-0.15,0.46783,-1.429,3.598,4.876,11.5,0.036,0.0,19.844,19.332,18.181,17.553,17.412,0.468
1923,1,9.45,-0.15,0.52078,-1.293,3.61,4.832,12.2,0.037,0.0,20.202,19.684,18.579,17.93,17.801,0.521
1924,1,9.45,-0.15,1.44944,1.229,3.688,3.067,13.8,0.038,0.0,15.498,14.915,14.101,13.588,13.51,1.449
1925,1,9.45,-0.13,0.18913,-2.288,3.538,5.101,10.8,0.034,0.0,21.289,20.919,19.48,18.932,18.699,0.189
1926,1,9.45,-0.13,0.36649,-1.697,3.579,4.962,11.6,0.036,0.0,20.613,20.133,18.88,18.306,18.131,0.366
1927,1,9.45,-0.13,0.88749,-0.297,3.732,4.559,11.9,0.037,0.0,17.413,16.833,16.182,15.789,15.735,0.887
1928,1,9.45,-0.13,0.63746,-0.986,3.64,4.733,12.3,0.037,0.0,19.535,18.995,18.0,17.348,17.244,0.637
1929,1,9.45,-0.13,0.64796,-0.957,3.643,4.724,12.6,0.038,0.0,19.762,19.219,18.236,17.588,17.487,0.648
1930,1,9.45,-0.13,1.1855,0.409,3.808,4.28,12.9,0.038,0.0,16.647,16.188,15.763,15.542,15.513,1.185
1931,1,9.45,-0.13,1.35597,0.725,3.799,3.985,13.1,0.038,0.0,16.057,15.575,15.125,14.888,14.856,1.356
1932,1,9.45,-0.11,0.23524,-2.081,3.554,5.054,8.0,0.018,0.0,17.972,17.548,16.193,15.637,15.418,0.235
1933,1,9.45,-0.11,0.38663,-1.643,3.581,4.938,9.5,0.027,0.0,18.378,17.891,16.646,16.067,15.897,0.387
1934,1,9.45,-0.11,0.26379,-1.984,3.56,5.031,9.9,0.03,0.0,19.63,19.196,17.862,17.302,17.093,0.264
1935,1,9.45,-0.11,0.29477,-1.891,3.566,5.009,10.9,0.034,0.0,20.398,19.95,18.64,18.077,17.878,0.295
1936,1,9.45,-0.11,1.06821,0.123,3.781,4.412,11.6,0.036,0.0,16.062,15.545,15.043,14.765,14.729,1.068
1937,1,9.45,-0.11,1.17165,0.369,3.804,4.299,12.2,0.037,0.0,16.047,15.577,15.141,14.913,14.883,1.172
1938,1,9.45,-0.11,0.41034,-1.579,3.585,4.916,12.5,0.038,0.0,21.219,20.733,19.503,18.912,18.748,0.41
1939,1,9.45,-0.09,0.28229,-1.932,3.563,5.017,5.3,0.006,0.0,14.9,14.446,13.127,12.568,12.365,0.282
1940,1,9.45,-0.09,0.79058,-0.571,3.692,4.622,10.4,0.032,0.0,16.596,16.004,15.214,14.707,14.635,0.791
1941,1,9.45,-0.07,1.50131,1.744,3.677,2.525,11.5,0.036,0.0,11.911,11.328,10.472,9.935,9.847,1.501
1942,1,9.45,-0.07,0.59203,-1.126,3.623,4.773,11.8,0.037,0.0,19.385,18.863,17.801,17.129,17.012,0.592
1943,1,9.45,-0.07,0.89733,-0.293,3.731,4.553,12.1,0.037,0.0,17.604,17.019,16.362,15.966,15.912,0.897
1944,1,9.45,-0.07,0.69453,-0.847,3.653,4.684,12.2,0.037,0.0,19.088,18.534,17.587,16.957,16.863,0.695
1945,1,9.45,-0.07,0.8175,-0.505,3.701,4.606,12.7,0.038,0.0,18.734,18.14,17.38,16.901,16.833,0.818
1946,1,9.45,-0.07,0.73461,-0.73,3.669,4.655,13.2,0.038,0.0,19.795,19.223,18.339,17.758,17.673,0.735
1947,1,9.45,-0.05,0.65084,-0.973,3.638,4.724,11.1,0.035,0.0,18.301,17.763,16.76,16.103,15.999,0.651
1948,1,9.45,-0.05,0.38822,-1.649,3.578,4.934,11.7,0.037,0.0,20.593,20.123,18.847,18.272,18.098,0.388
1949,1,9.45,-0.05,0.5012,-1.367,3.6,4.849,11.8,0.037,0.0,19.987,19.482,18.325,17.682,17.547,0.501
1950,1,9.45,-0.05,0.4143,-1.581,3.582,4.912,12.1,0.037,0.0,20.822,20.345,19.091,18.504,18.337,0.414
1951,1,9.45,-0.05,0.85818,-0.404,3.715,4.581,12.8,0.038,0.0,18.581,17.989,17.278,16.838,16.776,0.858
1952,1,9.45,-0.03,1.05467,0.088,3.773,4.41,10.7,0.034,0.0,15.25,14.71,14.188,13.895,13.857,1.055
1953,1,9.45,-0.03,0.30046,-1.888,3.562,5.0,11.4,0.036,0.0,20.891,20.46,19.121,18.558,18.353,0.3
1954,1,9.45,-0.03,0.35945,-1.734,3.572,4.964,12.3,0.037,0.0,21.406,20.949,19.647,19.079,18.895,0.359
1955,1,9.45,-0.03,0.41984,-1.571,3.582,4.907,12.4,0.037,0.0,21.097,20.622,19.363,18.775,18.61,0.42
1956,1,9.45,-0.03,1.02112,0.007,3.764,4.442,13.5,0.038,0.0,18.253,17.703,17.153,16.839,16.798,1.021
1957,1,9.45,-0.01,0.48467,-1.414,3.594,4.86,8.7,0.022,0.0,17.005,16.503,15.313,14.687,14.544,0.485
1958,1,9.45,-0.01,0.9197,-0.256,3.733,4.536,12.1,0.037,0.0,17.511,16.925,16.277,15.887,15.833,0.92
1959,1,9.45,-0.01,0.64482,-1.001,3.634,4.73,12.3,0.037,0.0,19.572,19.04,18.018,17.352,17.245,0.645
1960,1,9.45,-0.01,0.50292,-1.371,3.598,4.847,12.6,0.038,0.0,20.797,20.299,19.126,18.484,18.347,0.503
1961,1,9.45,-0.01,0.79921,-0.575,3.689,4.616,12.9,0.038,0.0,19.108,18.519,17.712,17.194,17.12,0.799
1962,1,9.45,0.01,0.43218,-1.545,3.583,4.895,8.9,0.023,0.0,17.532,17.052,15.791,15.202,15.039,0.432
1963,1,9.45,0.01,0.5844,-1.164,3.616,4.779,10.7,0.034,0.0,18.379,17.865,16.769,16.098,15.978,0.584
1964,1,9.45,0.01,0.30375,-1.879,3.561,4.989,11.4,0.036,0.0,20.867,20.444,19.092,18.529,18.322,0.304
1965,1,9.45,0.01,0.36534,-1.715,3.571,4.947,11.6,0.036,0.0,20.659,20.209,18.893,18.325,18.14,0.365
1966,1,9.45,0.01,0.9307,-0.237,3.735,4.53,11.7,0.037,0.0,17.062,16.477,15.836,15.453,15.4,0.931
1967,1,9.45,0.01,0.54888,-1.255,3.607,4.807,12.1,0.037,0.0,20.006,19.501,18.368,17.706,17.58,0.549
1968,1,9.45,0.01,0.46113,-1.476,3.588,4.876,12.3,0.037,0.0,20.76,20.28,19.045,18.437,18.283,0.461
1969,1,9.45,0.01,1.11384,0.212,3.783,4.351,12.7,0.038,0.0,16.941,16.419,15.926,15.657,15.622,1.114
1970,1,9.45,0.01,0.80998,-0.554,3.689,4.601,13.0,0.038,0.0,19.155,18.565,17.758,17.241,17.166,0.81
1971,1,9.45,0.03,0.34558,-1.772,3.567,4.963,11.9,0.037,0.0,21.099,20.661,19.33,18.763,18.569,0.346
1972,1,9.45,0.05,0.36438,-1.723,3.57,4.947,12.3,0.037,0.0,21.377,20.936,19.607,19.038,18.85,0.364
1973,1,9.45,0.05,0.54414,-1.271,3.605,4.81,12.8,0.038,0.0,20.748,20.249,19.098,18.436,18.308,0.544
1974,1,9.45,0.05,1.12822,0.235,3.783,4.334,13.3,0.038,0.0,17.482,16.957,16.466,16.199,16.163,1.128
1975,1,9.45,0.07,0.19282,-2.289,3.531,5.082,10.8,0.034,0.0,21.293,20.949,19.453,18.916,18.682,0.193
1976,1,9.45,0.07,0.59798,-1.137,3.617,4.767,12.2,0.037,0.0,19.814,19.304,18.204,17.529,17.411,0.598
1977,1,9.45,0.07,0.41589,-1.59,3.577,4.902,12.7,0.038,0.0,21.444,20.991,19.682,19.103,18.931,0.416
1978,1,9.45,0.07,0.94424,-0.218,3.735,4.517,14.4,0.038,0.0,19.714,19.126,18.485,18.105,18.051,0.944
1979,1,9.45,0.09,0.45003,-1.511,3.583,4.881,12.0,0.037,0.0,20.548,20.087,18.806,18.208,18.046,0.45
1980,1,9.45,0.09,0.42087,-1.58,3.578,4.899,12.1,0.037,0.0,20.82,20.369,19.057,18.476,18.305,0.421
1981,1,9.45,0.09,0.80055,-0.598,3.68,4.605,12.3,0.037,0.0,18.565,17.977,17.137,16.596,16.517,0.801
1982,1,9.45,0.09,0.52217,-1.331,3.598,4.827,12.6,0.038,0.0,20.698,20.212,19.022,18.368,18.234,0.522
1983,1,9.45,0.09,0.96846,-0.162,3.741,4.497,12.8,0.038,0.0,17.975,17.389,16.77,16.406,16.355,0.968
1984,1,9.45,0.11,0.85206,-0.466,3.699,4.575,12.9,0.038,0.0,18.835,18.234,17.466,16.986,16.916,0.852
1985,1,9.45,0.13,0.71907,-0.825,3.65,4.665,10.7,0.034,0.0,17.533,16.977,16.014,15.379,15.283,0.719
1986,1,9.45,0.13,0.40479,-1.623,3.573,4.907,11.9,0.037,0.0,20.727,20.289,18.95,18.376,18.197,0.405
1987,1,9.45,0.13,1.30966,0.549,3.79,4.112,12.1,0.037,0.0,15.496,14.977,14.509,14.264,14.228,1.31
1988,1,9.45,0.13,0.73702,-0.777,3.656,4.652,12.2,0.037,0.0,18.913,18.352,17.413,16.796,16.703,0.737
1989,1,9.45,0.13,1.227,0.41,3.79,4.222,13.7,0.038,0.0,17.444,16.925,16.456,16.209,16.173,1.227
1990,1,9.45,0.15,0.9508,-0.221,3.731,4.508,10.2,0.031,0.0,15.523,14.922,14.272,13.887,13.832,0.951
1991,1,9.45,0.15,0.83093,-0.531,3.688,4.586,13.6,0.038,0.0,19.697,19.101,18.291,17.778,17.702,0.831
1992,1,9.45,0.17,0.93551,-0.265,3.725,4.519,11.1,0.035,0.0,16.532,15.927,15.255,14.854,14.796,0.936
1993,1,9.45,0.17,0.61946,-1.095,3.62,4.749,12.0,0.037,0.0,19.507,19.001,17.898,17.219,17.102,0.619
1994,1,9.45,0.17,0.51906,-1.347,3.595,4.826,12.3,0.037,0.0,20.437,19.968,18.738,18.091,17.952,0.519
1995,1,9.45,0.17,1.05817,0.036,3.76,4.412,12.5,0.038,0.0,17.179,16.608,16.049,15.736,15.692,1.058
1996,1,9.45,0.17,1.043,0.0,3.756,4.427,12.7,0.038,0.0,17.47,16.893,16.323,16.001,15.955,1.043
1997,1,9.45,0.19,0.32116,-1.858,3.556,4.972,11.8,0.037,0.0,21.214,20.811,19.428,18.866,18.65,0.321
1998,1,9.45,0.19,0.39443,-1.657,3.569,4.914,12.0,0.037,0.0,20.912,20.487,19.13,18.556,18.37,0.394
1999,1,9.45,0.23,0.28325,-1.968,3.548,4.996,11.6,0.036,0.0,21.289,20.904,19.494,18.94,18.71,0.283
2000,1,9.45,0.25,0.50851,-1.374,3.592,4.831,13.2,0.038,0.0,21.405,20.952,19.684,19.044,18.9,0.509
2001,1,9.45,0.27,0.3325,-1.827,3.558,4.965,11.1,0.035,0.0,20.439,20.034,18.652,18.087,17.875,0.332
2002,1,9.45,0.27,1.20594,0.348,3.784,4.252,12.1,0.037,0.0,16.0,15.456,14.973,14.719,14.681,1.206
2003,1,9.45,0.27,0.98652,-0.144,3.739,4.478,12.4,0.037,0.0,17.531,16.931,16.307,15.947,15.894,0.987
2004,1,9.45,0.31,0.60388,-1.139,3.614,4.759,12.6,0.038,0.0,20.218,19.732,18.577,17.896,17.776,0.604
2005,1,9.45,0.31,0.59025,-1.173,3.61,4.769,13.0,0.038,0.0,20.702,20.223,19.05,18.37,18.248,0.59
2006,1,9.45,0.31,1.11568,0.162,3.771,4.353,14.1,0.038,0.0,18.466,17.898,17.376,17.096,17.054,1.116
2007,1,9.45,0.37,0.97953,-0.161,3.737,4.484,13.2,0.038,0.0,18.373,17.765,17.135,16.776,16.721,0.98
2008,1,9.47,-0.57,0.79559,-0.377,3.736,4.607,12.7,0.038,0.0,18.411,17.857,17.215,16.828,16.774,0.796
2009,1,9.47,-0.51,0.51431,-1.228,3.63,4.843,12.6,0.038,0.0,20.439,19.896,18.89,18.253,18.133,0.514
2010,1,9.47,-0.47,0.58492,-1.038,3.645,4.769,12.5,0.038,0.0,19.865,19.318,18.355,17.723,17.619,0.585
2011,1,9.47,-0.45,0.22562,-2.052,3.574,5.085,11.3,0.036,0.0,21.199,20.701,19.482,18.925,18.736,0.226
2012,1,9.47,-0.45,0.72223,-0.632,3.695,4.656,13.3,0.038,0.0,19.651,19.073,18.292,17.792,17.72,0.722
2013,1,9.47,-0.43,0.25173,-1.958,3.578,5.057,11.4,0.036,0.0,21.065,20.561,19.358,18.796,18.614,0.252
2014,1,9.47,-0.43,0.30755,-1.791,3.589,5.018,11.5,0.036,0.0,20.749,20.227,19.073,18.496,18.328,0.308
2015,1,9.47,-0.43,0.76012,-0.527,3.711,4.634,11.7,0.037,0.0,17.787,17.209,16.483,16.028,15.964,0.76
2016,1,9.47,-0.41,0.15366,-2.503,3.52,5.153,10.3,0.032,0.0,21.328,20.999,19.498,18.938,18.7,0.154
2017,1,9.47,-0.41,0.44453,-1.44,3.608,4.904,12.3,0.037,0.0,20.669,20.133,19.052,18.434,18.294,0.445
2018,1,9.47,-0.39,0.484,-1.34,3.615,4.868,12.7,0.038,0.0,20.821,20.286,19.223,18.591,18.459,0.484
2019,1,9.47,-0.37,0.21733,-2.105,3.565,5.088,10.5,0.033,0.0,20.532,20.066,18.795,18.236,18.033,0.217
2020,1,9.47,-0.37,0.61329,-0.986,3.647,4.746,14.0,0.038,0.0,21.236,20.689,19.728,19.093,18.992,0.613
2021,1,9.47,-0.35,0.82188,-0.376,3.731,4.6,12.8,0.038,0.0,18.511,17.94,17.283,16.885,16.83,0.822
2022,1,9.47,-0.33,0.20662,-2.152,3.561,5.094,10.3,0.032,0.0,20.45,20.002,18.703,18.144,17.933,0.207
2023,1,9.47,-0.33,0.5183,-1.258,3.619,4.834,11.7,0.037,0.0,19.616,19.084,18.03,17.384,17.258,0.518
2024,1,9.47,-0.33,0.82509,-0.377,3.73,4.598,12.2,0.037,0.0,17.912,17.339,16.679,16.279,16.224,0.825
2025,1,9.47,-0.31,0.56669,-1.13,3.63,4.788,8.9,0.023,0.0,16.494,15.95,14.935,14.284,14.17,0.567
2026,1,9.47,-0.31,0.61201,-1.007,3.643,4.749,10.7,0.034,0.0,17.987,17.44,16.465,15.824,15.72,0.612
2027,1,9.47,-0.31,0.51162,-1.282,3.616,4.841,11.9,0.037,0.0,19.874,19.344,18.279,17.635,17.507,0.512
2028,1,9.47,-0.31,1.09724,0.33,3.813,4.346,13.0,0.038,0.0,16.945,16.514,16.098,15.882,15.854,1.097
2029,1,9.47,-0.29,0.46538,-1.409,3.605,4.881,11.6,0.036,0.0,19.892,19.365,18.26,17.633,17.495,0.465
2030,1,9.47,-0.29,0.57092,-1.123,3.63,4.785,12.5,0.038,0.0,20.078,19.543,18.522,17.868,17.753,0.571
2031,1,9.47,-0.29,0.48148,-1.367,3.609,4.867,13.0,0.038,0.0,21.187,20.66,19.566,18.933,18.798,0.481
2032,1,9.47,-0.25,0.32366,-1.791,3.579,5.001,11.2,0.035,0.0,20.447,19.955,18.728,18.158,17.98,0.324
2033,1,9.47,-0.25,0.92692,-0.153,3.755,4.525,12.2,0.037,0.0,17.353,16.803,16.223,15.884,15.84,0.927
2034,1,9.47,-0.25,0.50176,-1.322,3.611,4.849,13.0,0.038,0.0,21.075,20.55,19.459,18.819,18.688,0.502
2035,1,9.47,-0.23,0.908,-0.206,3.748,4.539,10.6,0.033,0.0,15.885,15.322,14.721,14.366,14.318,0.908
2036,1,9.47,-0.23,0.40785,-1.563,3.591,4.922,11.1,0.035,0.0,19.779,19.271,18.094,17.495,17.339,0.408
2037,1,9.47,-0.23,0.67959,-0.835,3.66,4.691,11.6,0.036,0.0,18.457,17.896,16.982,16.376,16.285,0.68
2038,1,9.47,-0.23,0.36637,-1.68,3.585,4.966,12.4,0.037,0.0,21.37,20.872,19.666,19.083,18.915,0.366
2039,1,9.47,-0.23,1.43053,2.223,3.638,1.871,13.2,0.038,0.0,12.413,11.902,10.878,10.202,10.088,1.431
2040,1,9.47,-0.23,1.33842,0.754,3.799,3.953,13.5,0.038,0.0,16.385,15.913,15.461,15.223,15.191,1.338
2041,1,9.47,-0.21,0.28789,-1.894,3.571,5.02,10.5,0.033,0.0,20.005,19.535,18.262,17.7,17.509,0.288
2042,1,9.47,-0.21,0.57532,-1.132,3.627,4.782,12.9,0.038,0.0,20.499,19.97,18.932,18.269,18.152,0.575
2043,1,9.47,-0.19,0.81346,-0.469,3.711,4.607,11.8,0.037,0.0,17.742,17.155,16.43,15.979,15.915,0.813
2044,1,9.47,-0.17,1.23951,0.546,3.815,4.191,11.1,0.035,0.0,14.504,14.063,13.657,13.452,13.424,1.24
2045,1,9.47,-0.17,0.24221,-2.044,3.56,5.051,11.5,0.036,0.0,21.38,20.949,19.619,19.059,18.847,0.242
2046,1,9.47,-0.17,0.63863,-0.97,3.643,4.73,11.6,0.036,0.0,18.795,18.252,17.27,16.623,16.521,0.639
2047,1,9.47,-0.17,0.59256,-1.098,3.629,4.769,12.2,0.037,0.0,19.715,19.185,18.151,17.488,17.373,0.593
2048,1,9.47,-0.15,0.78294,-0.569,3.695,4.625,11.3,0.036,0.0,17.492,16.903,16.12,15.621,15.55,0.783
2049,1,9.47,-0.15,1.0393,0.073,3.777,4.436,11.4,0.036,0.0,15.989,15.466,14.954,14.667,14.63,1.039
2050,1,9.47,-0.15,1.16698,0.387,3.807,4.293,12.6,0.038,0.0,16.404,15.945,15.516,15.294,15.264,1.167
2051,1,9.47,-0.15,1.09346,0.194,3.79,4.389,12.9,0.038,0.0,17.184,16.689,16.213,15.954,15.921,1.093
2052,1,9.47,-0.15,0.5157,-1.306,3.609,4.836,13.1,0.038,0.0,21.135,20.617,19.508,18.861,18.73,0.516
2053,1,9.47,-0.15,0.60414,-1.073,3.631,4.76,13.3,0.038,0.0,20.751,20.221,19.193,18.53,18.418,0.604
2054,1,9.47,-0.15,1.24509,0.547,3.813,4.183,13.4,0.038,0.0,16.801,16.355,15.944,15.734,15.705,1.245
2055,1,9.47,-0.15,1.21283,0.484,3.813,4.237,14.4,0.038,0.0,17.96,17.515,17.105,16.895,16.867,1.213
2056,1,9.47,-0.13,0.53551,-1.257,3.612,4.818,10.1,0.031,0.0,18.013,17.491,16.395,15.741,15.615,0.536
2057,1,9.47,-0.13,0.28307,-1.922,3.565,5.019,10.2,0.031,0.0,19.776,19.327,18.018,17.455,17.255,0.283
2058,1,9.47,-0.13,0.32741,-1.802,3.573,4.992,10.9,0.034,0.0,20.174,19.705,18.427,17.861,17.676,0.327
2059,1,9.47,-0.13,1.11684,0.244,3.794,4.364,11.3,0.036,0.0,15.459,14.969,14.505,14.255,14.223,1.117
2060,1,9.47,-0.13,0.26154,-1.987,3.561,5.033,11.5,0.036,0.0,21.237,20.804,19.475,18.914,18.705,0.262
2061,1,9.47,-0.13,1.01301,0.009,3.769,4.456,12.3,0.037,0.0,17.046,16.51,15.973,15.668,15.629,1.013
2062,1,9.47,-0.13,0.46439,-1.441,3.596,4.877,12.4,0.037,0.0,20.772,20.266,19.101,18.478,18.334,0.464
2063,1,9.47,-0.13,0.65414,-0.939,3.645,4.718,13.1,0.038,0.0,20.216,19.672,18.696,18.051,17.951,0.654
2064,1,9.47,-0.13,1.15633,0.352,3.803,4.308,14.5,0.038,0.0,18.389,17.92,17.482,17.253,17.223,1.156
2065,1,9.47,-0.11,0.18757,-2.302,3.536,5.101,10.7,0.034,0.0,21.224,20.861,19.406,18.86,18.628,0.188
2066,1,9.47,-0.11,0.81072,-0.508,3.702,4.609,11.2,0.035,0.0,17.239,16.646,15.891,15.415,15.347,0.811
2067,1,9.47,-0.11,0.90075,-0.267,3.735,4.547,13.7,0.038,0.0,19.139,18.56,17.919,17.533,17.481,0.901
2068,1,9.47,-0.09,0.55415,-1.217,3.614,4.802,10.0,0.03,0.0,17.813,17.291,16.2,15.54,15.416,0.554
2069,1,9.47,-0.09,0.42413,-1.549,3.586,4.906,11.6,0.036,0.0,20.242,19.755,18.529,17.933,17.773,0.424
2070,1,9.47,-0.09,0.49111,-1.382,3.6,4.856,11.8,0.037,0.0,20.026,19.517,18.367,17.728,17.591,0.491
2071,1,9.47,-0.09,0.59401,-1.115,3.624,4.77,12.0,0.037,0.0,19.557,19.034,17.98,17.307,17.191,0.594
2072,1,9.47,-0.09,0.51145,-1.33,3.604,4.84,12.1,0.037,0.0,20.196,19.685,18.552,17.905,17.773,0.511
2073,1,9.47,-0.09,0.76515,-0.638,3.682,4.636,12.5,0.038,0.0,18.866,18.283,17.453,16.915,16.837,0.765
2074,1,9.47,-0.09,0.48445,-1.399,3.598,4.861,12.6,0.038,0.0,20.867,20.361,19.202,18.567,18.428,0.484
2075,1,9.47,-0.09,0.77693,-0.607,3.687,4.629,13.0,0.038,0.0,19.286,18.701,17.888,17.365,17.289,0.777
2076,1,9.47,-0.07,0.50819,-1.344,3.602,4.843,9.7,0.028,0.0,17.829,17.315,16.175,15.53,15.397,0.508
2077,1,9.47,-0.07,0.48594,-1.399,3.598,4.86,10.7,0.034,0.0,18.967,18.462,17.297,16.663,16.524,0.486
2078,1,9.47,-0.07,0.56342,-1.197,3.616,4.794,11.1,0.035,0.0,18.863,18.346,17.255,16.591,16.469,0.563
2079,1,9.47,-0.07,1.30942,0.627,3.799,4.07,11.2,0.035,0.0,14.402,13.916,13.468,13.234,13.202,1.309
2080,1,9.47,-0.07,0.23872,-2.074,3.553,5.048,11.3,0.036,0.0,21.256,20.85,19.476,18.919,18.696,0.239
2081,1,9.47,-0.07,0.78515,-0.591,3.689,4.624,12.2,0.037,0.0,18.448,17.861,17.054,16.535,16.461,0.785
2082,1,9.47,-0.07,0.48822,-1.393,3.598,4.858,12.3,0.037,0.0,20.554,20.05,18.887,18.251,18.112,0.488
2083,1,9.47,-0.07,0.48439,-1.403,3.597,4.861,13.0,0.038,0.0,21.277,20.774,19.606,18.973,18.833,0.484
2084,1,9.47,-0.07,1.20646,0.434,3.804,4.247,13.1,0.038,0.0,16.785,16.312,15.877,15.651,15.621,1.206
2085,1,9.47,-0.05,0.41157,-1.587,3.582,4.913,11.0,0.035,0.0,19.737,19.26,18.004,17.418,17.252,0.412
2086,1,9.47,-0.05,0.67882,-0.895,3.647,4.698,11.2,0.035,0.0,18.208,17.66,16.69,16.045,15.948,0.679
2087,1,9.47,-0.05,0.45645,-1.476,3.59,4.88,11.9,0.037,0.0,20.359,19.87,18.658,18.047,17.895,0.456
2088,1,9.47,-0.05,0.63075,-1.026,3.633,4.741,13.6,0.038,0.0,20.936,20.406,19.38,18.713,18.605,0.631
2089,1,9.47,-0.05,0.74249,-0.713,3.67,4.649,14.0,0.038,0.0,20.552,19.977,19.1,18.524,18.44,0.742
2090,1,9.47,-0.05,0.90171,-0.286,3.731,4.548,14.1,0.038,0.0,19.586,19.001,18.344,17.949,17.894,0.902
2091,1,9.47,-0.03,0.18853,-2.307,3.532,5.095,10.4,0.032,0.0,20.938,20.588,19.104,18.564,18.331,0.189
2092,1,9.47,-0.03,0.23459,-2.097,3.55,5.05,11.3,0.036,0.0,21.312,20.918,19.523,18.969,18.74,0.235
2093,1,9.47,-0.03,0.31615,-1.848,3.565,4.992,11.4,0.036,0.0,20.789,20.351,19.023,18.458,18.259,0.316
2094,1,9.47,-0.03,0.52134,-1.318,3.603,4.831,11.9,0.037,0.0,19.965,19.459,18.314,17.662,17.531,0.521
2095,1,9.47,-0.03,0.47126,-1.441,3.592,4.868,12.8,0.038,0.0,21.173,20.682,19.48,18.859,18.712,0.471
2096,1,9.47,-0.03,0.8481,-0.436,3.709,4.586,13.0,0.038,0.0,18.859,18.266,17.535,17.081,17.017,0.848
2097,1,9.47,-0.03,0.91348,-0.263,3.733,4.539,13.7,0.038,0.0,19.127,18.542,17.893,17.503,17.449,0.913
2098,1,9.47,-0.01,0.24298,-2.068,3.55,5.04,11.4,0.036,0.0,21.341,20.947,19.553,18.997,18.769,0.243
2099,1,9.47,-0.01,0.26648,-1.993,3.555,5.023,11.6,0.036,0.0,21.352,20.945,19.57,19.012,18.793,0.266
2100,1,9.47,-0.01,0.42331,-1.564,3.582,4.903,11.7,0.037,0.0,20.381,19.909,18.644,18.056,17.891,0.423
2101,1,9.47,-0.01,0.51505,-1.339,3.601,4.837,11.9,0.037,0.0,20.017,19.514,18.357,17.707,17.574,0.515
2102,1,9.47,-0.01,0.40962,-1.599,3.579,4.913,12.2,0.037,0.0,20.967,20.499,19.22,18.64,18.47,0.41
2103,1,9.47,0.01,0.75621,-0.7,3.669,4.637,8.4,0.02,0.0,14.921,14.336,13.457,12.878,12.794,0.756
2104,1,9.47,0.01,0.52035,-1.328,3.601,4.832,10.0,0.03,0.0,18.09,17.584,16.428,15.775,15.644,0.52
2105,1,9.47,0.01,0.70575,-0.839,3.65,4.673,11.3,0.036,0.0,18.168,17.616,16.657,16.019,15.924,0.706
2106,1,9.47,0.01,1.43509,0.783,3.731,3.683,13.4,0.038,0.0,16.211,15.623,14.97,14.583,14.527,1.435
2107,1,9.47,0.03,0.19469,-2.272,3.534,5.082,10.6,0.033,0.0,21.049,20.695,19.218,18.677,18.445,0.195
2108,1,9.47,0.03,1.49278,1.717,3.671,2.524,11.8,0.037,0.0,12.277,11.699,10.816,10.263,10.169,1.493
2109,1,9.47,0.03,0.33048,-1.811,3.565,4.972,11.9,0.037,0.0,21.197,20.766,19.425,18.859,18.66,0.33
2110,1,9.47,0.03,0.53543,-1.291,3.604,4.818,12.0,0.037,0.0,19.997,19.497,18.345,17.686,17.557,0.535
2111,1,9.47,0.03,0.99182,-0.086,3.753,4.478,12.1,0.037,0.0,17.084,16.513,15.931,15.593,15.548,0.992
2112,1,9.47,0.03,1.23439,0.463,3.796,4.195,12.2,0.037,0.0,15.813,15.313,14.857,14.618,14.585,1.234
2113,1,9.47,0.03,0.57205,-1.197,3.612,4.788,13.1,0.038,0.0,20.863,20.356,19.24,18.571,18.449,0.572
2114,1,9.47,0.03,0.9763,-0.124,3.748,4.491,13.5,0.038,0.0,18.58,18.004,17.407,17.058,17.011,0.976
2115,1,9.47,0.05,0.56399,-1.22,3.61,4.794,12.3,0.037,0.0,20.12,19.617,18.486,17.82,17.695,0.564
2116,1,9.47,0.07,1.23101,0.443,3.793,4.202,12.0,0.037,0.0,15.663,15.154,14.691,14.448,14.414,1.231
2117,1,9.47,0.07,0.3596,-1.738,3.568,4.95,12.1,0.037,0.0,21.214,20.779,19.442,18.873,18.682,0.36
2118,1,9.47,0.07,0.88496,-0.367,3.715,4.557,14.1,0.038,0.0,19.789,19.191,18.48,18.045,17.983,0.885
2119,1,9.47,0.09,0.33684,-1.802,3.563,4.966,9.9,0.03,0.0,19.174,18.746,17.395,16.83,16.629,0.337
2120,1,9.47,0.09,0.45699,-1.494,3.585,4.876,10.7,0.034,0.0,19.204,18.739,17.467,16.864,16.706,0.457
2121,1,9.47,0.09,0.57662,-1.193,3.611,4.783,11.2,0.035,0.0,18.953,18.451,17.321,16.651,16.528,0.577
2122,1,9.47,0.09,0.28044,-1.96,3.553,5.002,11.5,0.036,0.0,21.17,20.772,19.382,18.824,18.601,0.28
2123,1,9.47,0.09,0.90121,-0.33,3.72,4.547,12.1,0.037,0.0,17.695,17.096,16.403,15.983,15.923,0.901
2124,1,9.47,0.09,0.9189,-0.284,3.726,4.534,12.4,0.037,0.0,17.88,17.282,16.611,16.208,16.15,0.919
2125,1,9.47,0.09,0.98102,-0.127,3.745,4.484,13.2,0.038,0.0,18.288,17.706,17.1,16.747,16.698,0.981
2126,1,9.47,0.11,0.19516,-2.277,3.531,5.075,10.4,0.032,0.0,20.863,20.518,19.022,18.485,18.251,0.195
2127,1,9.47,0.11,0.75487,-0.725,3.663,4.638,11.2,0.035,0.0,17.781,17.21,16.302,15.707,15.618,0.755
2128,1,9.47,0.11,0.40485,-1.62,3.574,4.907,11.5,0.036,0.0,20.32,19.877,18.545,17.971,17.794,0.405
2129,1,9.47,0.11,0.29851,-1.908,3.555,4.987,11.6,0.036,0.0,21.139,20.735,19.354,18.794,18.576,0.299
2130,1,9.47,0.11,1.43743,0.876,3.772,3.752,11.7,0.037,0.0,14.279,13.727,13.205,12.922,12.88,1.437
2131,1,9.47,0.11,0.35808,-1.747,3.566,4.949,12.0,0.037,0.0,21.137,20.709,19.361,18.791,18.597,0.358
2132,1,9.47,0.11,0.56014,-1.237,3.607,4.795,12.7,0.038,0.0,20.562,20.068,18.913,18.245,18.119,0.56
2133,1,9.47,0.11,0.65313,-0.994,3.631,4.718,13.5,0.038,0.0,20.754,20.23,19.186,18.515,18.406,0.653
2134,1,9.47,0.11,0.63525,-1.042,3.626,4.734,14.1,0.038,0.0,21.475,20.958,19.893,19.213,19.101,0.635
2135,1,9.47,0.13,1.2145,0.392,3.788,4.228,12.7,0.038,0.0,16.489,15.966,15.491,15.24,15.205,1.215
2136,1,9.47,0.15,0.63348,-1.053,3.624,4.736,11.6,0.036,0.0,19.002,18.489,17.411,16.729,16.616,0.633
2137,1,9.47,0.17,0.11942,-2.867,3.466,5.19,9.1,0.025,0.0,21.036,20.909,19.033,18.509,18.246,0.119
2138,1,9.47,0.17,1.51403,1.726,3.663,2.49,10.9,0.034,0.0,11.356,10.782,9.865,9.298,9.195,1.514
2139,1,9.47,0.17,0.9331,-0.268,3.724,4.519,11.3,0.036,0.0,16.74,16.135,15.461,15.059,15.0,0.933
2140,1,9.47,0.17,1.45,0.853,3.756,3.716,11.9,0.037,0.0,14.536,13.958,13.389,13.074,13.026,1.45
2141,1,9.47,0.17,0.70892,-0.859,3.644,4.672,12.1,0.037,0.0,19.019,18.474,17.484,16.838,16.738,0.709
2142,1,9.47,0.17,0.74747,-0.757,3.657,4.644,13.2,0.038,0.0,19.862,19.297,18.364,17.753,17.661,0.747
2143,1,9.47,0.19,0.48485,-1.434,3.587,4.851,12.2,0.037,0.0,20.554,20.101,18.818,18.2,18.047,0.485
2144,1,9.47,0.21,0.58218,-1.192,3.608,4.775,11.7,0.037,0.0,19.45,18.964,17.799,17.124,17.0,0.582
2145,1,9.47,0.29,1.37959,0.63,3.776,3.997,11.6,0.036,0.0,14.795,14.234,13.729,13.463,13.422,1.38
2146,1,9.47,0.31,0.45152,-1.511,3.58,4.869,12.3,0.037,0.0,20.849,20.423,19.074,18.472,18.31,0.452
2147,1,9.47,0.33,0.87514,-0.425,3.701,4.557,10.5,0.033,0.0,16.333,15.716,14.961,14.501,14.431,0.875
2148,1,9.47,0.37,0.507,-1.377,3.591,4.832,11.9,0.037,0.0,20.113,19.675,18.38,17.734,17.591,0.507
2149,1,9.49,-0.57,0.36726,-1.589,3.61,4.977,9.1,0.025,0.0,17.843,17.288,16.232,15.633,15.488,0.367
2150,1,9.49,-0.53,0.45507,-1.383,3.619,4.902,10.8,0.034,0.0,19.028,18.482,17.447,16.823,16.69,0.455
2151,1,9.49,-0.53,0.42943,-1.446,3.615,4.922,11.1,0.035,0.0,19.485,18.94,17.891,17.276,17.138,0.429
2152,1,9.49,-0.47,0.71937,-0.632,3.696,4.657,12.1,0.037,0.0,18.45,17.872,17.094,16.596,16.525,0.719
2153,1,9.49,-0.43,0.2419,-1.994,3.576,5.066,10.7,0.034,0.0,20.455,19.953,18.741,18.182,17.997,0.242
2154,1,9.49,-0.43,0.25474,-1.948,3.579,5.054,11.3,0.036,0.0,20.941,20.435,19.236,18.673,18.491,0.255
2155,1,9.49,-0.43,0.31416,-1.774,3.59,5.014,11.6,0.036,0.0,20.806,20.282,19.133,18.555,18.388,0.314
2156,1,9.49,-0.39,0.31985,-1.774,3.587,5.011,10.4,0.032,0.0,19.604,19.086,17.92,17.344,17.175,0.32
2157,1,9.49,-0.37,0.36858,-1.649,3.593,4.971,11.6,0.036,0.0,20.493,19.97,18.825,18.236,18.077,0.369
2158,1,9.49,-0.37,0.72221,-0.66,3.688,4.657,12.3,0.037,0.0,18.72,18.142,17.336,16.816,16.74,0.722
2159,1,9.49,-0.35,0.26943,-1.925,3.575,5.041,11.1,0.035,0.0,20.683,20.189,18.96,18.4,18.215,0.269
2160,1,9.49,-0.35,1.3725,2.193,3.646,1.913,12.3,0.037,0.0,11.588,11.061,10.074,9.42,9.315,1.372
2161,1,9.49,-0.35,1.29382,0.754,3.805,3.964,13.8,0.038,0.0,16.686,16.238,15.802,15.573,15.543,1.294
2162,1,9.49,-0.33,0.86468,-0.27,3.744,4.567,9.8,0.029,0.0,15.244,14.68,14.068,13.703,13.654,0.865
2163,1,9.49,-0.33,0.43873,-1.469,3.602,4.903,12.1,0.037,0.0,20.543,20.013,18.903,18.286,18.143,0.439
2164,1,9.49,-0.33,0.38132,-1.619,3.592,4.953,12.3,0.037,0.0,21.117,20.599,19.445,18.853,18.694,0.381
2165,1,9.49,-0.31,0.58443,-1.083,3.635,4.772,8.5,0.021,0.0,15.976,15.428,14.429,13.782,13.672,0.584
2166,1,9.49,-0.31,0.23538,-2.046,3.566,5.066,11.3,0.036,0.0,21.185,20.723,19.445,18.885,18.684,0.235
2167,1,9.49,-0.31,0.55431,-1.162,3.627,4.799,13.8,0.038,0.0,21.476,20.943,19.913,19.258,19.139,0.554
2168,1,9.49,-0.29,0.63788,-0.935,3.651,4.726,10.1,0.031,0.0,17.207,16.652,15.705,15.073,14.976,0.638
2169,1,9.49,-0.29,0.42543,-1.509,3.597,4.911,11.8,0.037,0.0,20.342,19.82,18.685,18.074,17.927,0.425
2170,1,9.49,-0.29,0.32421,-1.782,3.581,5.003,12.0,0.037,0.0,21.226,20.727,19.518,18.945,18.77,0.324
2171,1,9.49,-0.29,1.15282,0.449,3.82,4.275,12.8,0.038,0.0,16.447,16.03,15.632,15.432,15.405,1.153
2172,1,9.49,-0.27,0.62532,-0.978,3.645,4.737,10.8,0.034,0.0,18.014,17.466,16.497,15.857,15.756,0.625
2173,1,9.49,-0.27,0.309,-1.824,3.578,5.01,11.7,0.037,0.0,21.03,20.539,19.31,18.742,18.562,0.309
2174,1,9.49,-0.27,0.43412,-1.491,3.598,4.904,12.2,0.037,0.0,20.698,20.177,19.041,18.427,18.281,0.434
2175,1,9.49,-0.27,1.15612,0.443,3.818,4.276,12.8,0.038,0.0,16.463,16.04,15.638,15.435,15.408,1.156
2176,1,9.49,-0.27,0.50063,-1.32,3.612,4.85,13.0,0.038,0.0,21.071,20.544,19.458,18.819,18.687,0.501
2177,1,9.49,-0.27,1.14205,0.415,3.816,4.291,14.1,0.038,0.0,17.834,17.406,16.999,16.791,16.764,1.142
2178,1,9.49,-0.25,0.48142,-1.374,3.606,4.866,10.1,0.031,0.0,18.306,17.777,16.674,16.042,15.906,0.481
2179,1,9.49,-0.25,0.34029,-1.748,3.582,4.991,11.8,0.037,0.0,20.941,20.445,19.23,18.655,18.481,0.34
2180,1,9.49,-0.25,1.11618,0.343,3.81,4.328,12.2,0.037,0.0,16.113,15.669,15.245,15.024,14.996,1.116
2181,1,9.49,-0.25,0.75537,-0.608,3.692,4.64,12.4,0.037,0.0,18.69,18.107,17.315,16.808,16.735,0.755
2182,1,9.49,-0.25,0.46798,-1.409,3.603,4.877,12.6,0.038,0.0,20.892,20.369,19.254,18.625,18.487,0.468
2183,1,9.49,-0.25,0.75149,-0.619,3.691,4.642,13.3,0.038,0.0,19.618,19.036,18.237,17.725,17.651,0.751
2184,1,9.49,-0.25,0.9743,-0.037,3.769,4.486,13.8,0.038,0.0,18.663,18.136,17.597,17.29,17.251,0.974
2185,1,9.49,-0.23,0.33385,-1.768,3.58,4.994,9.5,0.027,0.0,18.69,18.193,16.968,16.397,16.221,0.334
2186,1,9.49,-0.23,0.58605,-1.099,3.631,4.773,9.8,0.029,0.0,17.317,16.779,15.758,15.101,14.988,0.586
2187,1,9.49,-0.23,0.27487,-1.929,3.569,5.03,10.8,0.034,0.0,20.394,19.926,18.651,18.089,17.895,0.275
2188,1,9.49,-0.23,0.28153,-1.909,3.571,5.026,11.6,0.036,0.0,21.143,20.674,19.403,18.841,18.649,0.282
2189,1,9.49,-0.23,0.48057,-1.38,3.605,4.867,11.8,0.037,0.0,20.021,19.499,18.386,17.753,17.617,0.481
2190,1,9.49,-0.23,0.4729,-1.4,3.603,4.873,12.1,0.037,0.0,20.37,19.849,18.731,18.1,17.962,0.473
2191,1,9.49,-0.23,0.86016,-0.324,3.733,4.574,12.4,0.037,0.0,17.98,17.405,16.755,16.362,16.308,0.86
2192,1,9.49,-0.23,0.70122,-0.772,3.667,4.671,13.6,0.038,0.0,20.299,19.732,18.845,18.26,18.173,0.701
2193,1,9.49,-0.21,0.1854,-2.301,3.539,5.11,10.6,0.033,0.0,21.124,20.746,19.323,18.772,18.539,0.185
2194,1,9.49,-0.21,0.59356,-1.084,3.631,4.766,10.9,0.034,0.0,18.379,17.845,16.824,16.166,16.053,0.594
2195,1,9.49,-0.21,0.2795,-1.919,3.569,5.026,11.0,0.035,0.0,20.567,20.103,18.823,18.26,18.066,0.279
2196,1,9.49,-0.21,0.3296,-1.782,3.578,4.995,11.3,0.036,0.0,20.525,20.039,18.798,18.229,18.05,0.33
2197,1,9.49,-0.21,0.41141,-1.558,3.591,4.918,11.8,0.037,0.0,20.465,19.96,18.777,18.178,18.021,0.411
2198,1,9.49,-0.21,0.60912,-1.041,3.636,4.754,12.4,0.037,0.0,19.774,19.237,18.231,17.578,17.469,0.609
2199,1,9.49,-0.21,0.65593,-0.907,3.651,4.712,13.0,0.038,0.0,20.038,19.487,18.537,17.904,17.808,0.656
2200,1,9.49,-0.21,0.53863,-1.229,3.617,4.815,13.3,0.038,0.0,21.143,20.618,19.548,18.893,18.769,0.539
2201,1,9.49,-0.21,1.10782,0.284,3.802,4.353,14.5,0.038,0.0,18.559,18.094,17.651,17.416,17.386,1.108
2202,1,9.49,-0.19,0.3975,-1.597,3.587,4.928,12.1,0.037,0.0,20.862,20.365,19.161,18.57,18.407,0.398
2203,1,9.49,-0.19,0.41568,-1.551,3.59,4.915,12.4,0.037,0.0,21.047,20.546,19.357,18.758,18.601,0.416
2204,1,9.49,-0.19,0.45537,-1.452,3.598,4.885,12.6,0.038,0.0,21.001,20.488,19.339,18.717,18.573,0.455
2205,1,9.49,-0.19,0.77459,-0.576,3.695,4.629,12.7,0.038,0.0,18.91,18.324,17.541,17.043,16.971,0.775
2206,1,9.49,-0.19,0.63922,-0.961,3.644,4.728,13.1,0.038,0.0,20.273,19.728,18.753,18.109,18.008,0.639
2207,1,9.49,-0.17,0.35135,-1.733,3.579,4.979,9.6,0.028,0.0,18.703,18.213,16.973,16.4,16.225,0.351
2208,1,9.49,-0.17,0.16025,-2.487,3.515,5.134,9.8,0.029,0.0,20.787,20.481,18.922,18.381,18.141,0.16
2209,1,9.49,-0.17,0.36348,-1.698,3.581,4.966,10.9,0.034,0.0,19.916,19.427,18.193,17.616,17.443,0.363
2210,1,9.49,-0.17,1.07316,0.159,3.787,4.404,12.1,0.037,0.0,16.472,15.973,15.488,15.222,15.188,1.073
2211,1,9.49,-0.17,0.75744,-0.631,3.686,4.639,12.2,0.037,0.0,18.548,17.965,17.15,16.623,16.548,0.757
2212,1,9.49,-0.17,0.60756,-1.057,3.633,4.756,13.7,0.038,0.0,21.112,20.579,19.56,18.901,18.791,0.608
2213,1,9.49,-0.15,0.53908,-1.242,3.614,4.815,12.6,0.038,0.0,20.476,19.956,18.867,18.212,18.086,0.539
2214,1,9.49,-0.15,0.96494,-0.093,3.758,4.492,12.9,0.038,0.0,17.902,17.35,16.78,16.449,16.405,0.965
2215,1,9.49,-0.15,0.94086,-0.151,3.751,4.512,13.5,0.038,0.0,18.648,18.086,17.494,17.147,17.101,0.941
2216,1,9.49,-0.15,1.05495,0.112,3.781,4.42,15.2,0.038,0.0,19.691,19.178,18.676,18.397,18.362,1.055
2217,1,9.49,-0.13,0.20154,-2.204,3.548,5.084,9.3,0.026,0.0,19.581,19.179,17.794,17.241,17.011,0.202
2218,1,9.49,-0.13,0.13689,-2.681,3.493,5.173,9.7,0.028,0.0,21.171,20.938,19.251,18.715,18.466,0.137
2219,1,9.49,-0.13,0.37046,-1.685,3.58,4.957,10.3,0.032,0.0,19.283,18.799,17.55,16.975,16.802,0.37
2220,1,9.49,-0.13,0.21994,-2.135,3.552,5.07,11.0,0.035,0.0,21.107,20.699,19.331,18.775,18.549,0.22
2221,1,9.49,-0.13,0.46631,-1.435,3.597,4.875,12.0,0.037,0.0,20.358,19.851,18.689,18.064,17.92,0.466
2222,1,9.49,-0.13,0.37644,-1.668,3.581,4.95,12.1,0.037,0.0,21.04,20.558,19.312,18.734,18.562,0.376
2223,1,9.49,-0.13,0.75199,-0.66,3.681,4.643,13.2,0.038,0.0,19.621,19.04,18.203,17.659,17.58,0.752
2224,1,9.49,-0.11,0.39187,-1.627,3.582,4.932,9.1,0.025,0.0,17.938,17.449,16.208,15.627,15.459,0.392
2225,1,9.49,-0.11,0.2025,-2.204,3.547,5.082,10.4,0.032,0.0,20.68,20.286,18.891,18.338,18.108,0.203
2226,1,9.49,-0.11,0.47444,-1.419,3.597,4.868,10.9,0.034,0.0,19.216,18.708,17.548,16.919,16.778,0.474
2227,1,9.49,-0.11,0.55521,-1.209,3.616,4.801,11.5,0.036,0.0,19.293,18.773,17.687,17.026,16.903,0.555
2228,1,9.49,-0.11,0.93219,-0.185,3.745,4.519,12.3,0.037,0.0,17.532,16.962,16.353,15.993,15.944,0.932
2229,1,9.49,-0.11,0.61924,-1.04,3.633,4.748,12.6,0.038,0.0,19.971,19.439,18.418,17.755,17.646,0.619
2230,1,9.49,-0.11,0.88879,-0.295,3.732,4.555,12.7,0.038,0.0,18.207,17.626,16.973,16.58,16.525,0.889
2231,1,9.49,-0.11,0.51686,-1.311,3.607,4.835,12.8,0.038,0.0,20.848,20.334,19.213,18.564,18.434,0.517
2232,1,9.49,-0.11,1.16432,0.364,3.802,4.294,13.1,0.038,0.0,16.959,16.485,16.044,15.812,15.782,1.164
2233,1,9.49,-0.11,1.29175,0.619,3.8,4.077,13.1,0.038,0.0,16.323,15.844,15.399,15.166,15.134,1.292
2234,1,9.49,-0.11,0.76347,-0.635,3.684,4.636,13.3,0.038,0.0,19.658,19.075,18.25,17.715,17.638,0.763
2235,1,9.49,-0.11,0.61041,-1.065,3.63,4.756,13.5,0.038,0.0,20.932,20.403,19.372,18.706,18.594,0.61
2236,1,9.49,-0.11,0.60186,-1.089,3.628,4.763,13.7,0.038,0.0,21.192,20.665,19.624,18.955,18.841,0.602
2237,1,9.49,-0.11,1.35323,0.731,3.789,3.941,14.3,0.038,0.0,17.242,16.741,16.265,16.009,15.974,1.353
2238,1,9.49,-0.09,0.25665,-2.008,3.558,5.033,9.6,0.028,0.0,19.39,18.964,17.617,17.058,16.845,0.257
2239,1,9.49,-0.09,0.8951,-0.286,3.732,4.551,10.0,0.03,0.0,15.485,14.898,14.249,13.857,13.804,0.895
2240,1,9.49,-0.09,0.66062,-0.932,3.644,4.712,10.9,0.034,0.0,17.999,17.453,16.475,15.828,15.727,0.661
2241,1,9.49,-0.09,0.48223,-1.403,3.598,4.862,11.3,0.036,0.0,19.578,19.072,17.911,17.278,17.139,0.482
2242,1,9.49,-0.09,0.68186,-0.873,3.651,4.693,11.9,0.037,0.0,18.852,18.301,17.346,16.71,16.614,0.682
2243,1,9.49,-0.09,1.19821,0.431,3.805,4.249,13.5,0.038,0.0,17.192,16.722,16.288,16.063,16.033,1.198
2244,1,9.49,-0.07,0.29552,-1.895,3.564,5.005,10.1,0.031,0.0,19.608,19.167,17.842,17.28,17.078,0.296
2245,1,9.49,-0.07,0.37925,-1.67,3.578,4.944,10.2,0.031,0.0,19.146,18.671,17.4,16.827,16.652,0.379
2246,1,9.49,-0.07,0.31102,-1.853,3.567,4.997,11.6,0.036,0.0,21.004,20.559,19.244,18.679,18.482,0.311
2247,1,9.49,-0.07,0.5197,-1.313,3.605,4.832,11.8,0.037,0.0,19.851,19.341,18.209,17.559,17.428,0.52
2248,1,9.49,-0.07,0.8542,-0.401,3.716,4.58,12.0,0.037,0.0,17.773,17.182,16.475,16.038,15.977,0.854
2249,1,9.49,-0.07,0.3637,-1.715,3.575,4.961,12.2,0.037,0.0,21.257,20.789,19.505,18.937,18.758,0.364
2250,1,9.49,-0.07,0.49407,-1.379,3.599,4.853,13.2,0.038,0.0,21.417,20.911,19.755,19.115,18.978,0.494
2251,1,9.49,-0.07,0.81918,-0.497,3.702,4.603,13.8,0.038,0.0,19.812,19.219,18.463,17.987,17.919,0.819
2252,1,9.49,-0.07,0.72145,-0.765,3.663,4.661,14.1,0.038,0.0,20.784,20.218,19.313,18.716,18.628,0.721
2253,1,9.49,-0.05,0.59607,-1.119,3.623,4.769,12.0,0.037,0.0,19.568,19.047,17.983,17.309,17.193,0.596
2254,1,9.49,-0.05,0.76395,-0.654,3.679,4.636,12.1,0.037,0.0,18.506,17.923,17.079,16.529,16.45,0.764
2255,1,9.49,-0.05,0.49453,-1.382,3.598,4.853,12.2,0.037,0.0,20.424,19.922,18.757,18.118,17.981,0.495
2256,1,9.49,-0.05,0.5439,-1.253,3.61,4.811,12.7,0.038,0.0,20.604,20.093,18.976,18.317,18.191,0.544
2257,1,9.49,-0.05,0.61544,-1.067,3.628,4.753,12.9,0.038,0.0,20.338,19.813,18.77,18.097,17.985,0.615
2258,1,9.49,-0.05,0.60936,-1.084,3.626,4.758,13.0,0.038,0.0,20.48,19.956,18.907,18.232,18.118,0.609
2259,1,9.49,-0.05,0.63791,-1.006,3.635,4.734,13.1,0.038,0.0,20.385,19.852,18.834,18.171,18.064,0.638
2260,1,9.49,-0.05,0.76921,-0.64,3.681,4.633,13.2,0.038,0.0,19.57,18.986,18.15,17.607,17.528,0.769
2261,1,9.49,-0.05,0.91422,-0.25,3.735,4.535,13.9,0.038,0.0,19.296,18.714,18.072,17.687,17.634,0.914
2262,1,9.49,-0.03,0.52241,-1.315,3.603,4.83,10.6,0.033,0.0,18.656,18.148,17.006,16.354,16.223,0.522
2263,1,9.49,-0.03,0.35344,-1.751,3.572,4.969,11.0,0.035,0.0,20.146,19.69,18.386,17.819,17.633,0.353
2264,1,9.49,-0.03,0.99996,-0.036,3.759,4.456,11.7,0.037,0.0,16.559,16.001,15.437,15.111,15.068,1.0
2265,1,9.49,-0.03,0.47114,-1.441,3.592,4.868,11.8,0.037,0.0,20.173,19.682,18.48,17.86,17.712,0.471
2266,1,9.49,-0.03,0.35413,-1.749,3.572,4.968,11.9,0.037,0.0,21.041,20.586,19.282,18.715,18.529,0.354
2267,1,9.49,-0.03,1.13907,0.296,3.791,4.309,12.4,0.037,0.0,16.429,15.926,15.456,15.204,15.17,1.139
2268,1,9.49,-0.03,0.86174,-0.395,3.715,4.575,12.5,0.038,0.0,18.258,17.666,16.956,16.518,16.456,0.862
2269,1,9.49,-0.03,1.31047,0.614,3.792,4.055,13.0,0.038,0.0,16.235,15.733,15.266,15.018,14.983,1.31
2270,1,9.49,-0.03,0.98215,-0.081,3.754,4.473,14.8,0.038,0.0,19.772,19.208,18.627,18.29,18.245,0.982
2271,1,9.49,-0.01,0.21136,-2.187,3.543,5.069,10.3,0.032,0.0,20.538,20.159,18.731,18.183,17.952,0.211
2272,1,9.49,-0.01,0.40312,-1.614,3.578,4.917,12.1,0.037,0.0,20.906,20.441,19.155,18.578,18.406,0.403
2273,1,9.49,-0.01,1.1791,0.376,3.794,4.256,12.7,0.038,0.0,16.53,16.031,15.57,15.325,15.292,1.179
2274,1,9.49,-0.01,0.47834,-1.427,3.593,4.862,13.0,0.038,0.0,21.339,20.849,19.646,19.022,18.876,0.478
2275,1,9.49,0.01,0.17541,-2.404,3.519,5.108,9.6,0.028,0.0,20.38,20.066,18.509,17.98,17.742,0.175
2276,1,9.49,0.01,0.55127,-1.247,3.608,4.805,11.3,0.036,0.0,19.188,18.682,17.552,16.889,16.763,0.551
2277,1,9.49,0.01,0.7478,-0.722,3.666,4.643,11.9,0.037,0.0,18.474,17.904,17.008,16.417,16.331,0.748
2278,1,9.49,0.01,1.30871,0.594,3.79,4.066,12.1,0.037,0.0,15.384,14.875,14.403,14.152,14.117,1.309
2279,1,9.49,0.01,0.91544,-0.27,3.731,4.539,12.2,0.037,0.0,17.644,17.056,16.4,16.006,15.951,0.915
2280,1,9.49,0.01,0.49947,-1.381,3.596,4.848,12.8,0.038,0.0,21.023,20.53,19.343,18.706,18.566,0.499
2281,1,9.49,0.01,0.69145,-0.876,3.646,4.684,13.5,0.038,0.0,20.46,19.915,18.938,18.291,18.193,0.691
2282,1,9.49,0.03,0.92308,-0.255,3.732,4.532,10.8,0.034,0.0,16.208,15.617,14.966,14.576,14.522,0.923
2283,1,9.49,0.03,0.35491,-1.745,3.569,4.955,11.3,0.036,0.0,20.433,19.99,18.664,18.096,17.906,0.355
2284,1,9.49,0.03,0.39957,-1.623,3.576,4.912,11.9,0.037,0.0,20.727,20.271,18.963,18.391,18.216,0.4
2285,1,9.49,0.03,0.56325,-1.219,3.61,4.795,12.8,0.038,0.0,20.617,20.112,18.987,18.321,18.197,0.563
2286,1,9.49,0.03,0.62906,-1.045,3.628,4.739,13.3,0.038,0.0,20.683,20.161,19.11,18.433,18.321,0.629
2287,1,9.49,0.03,0.86213,-0.415,3.709,4.57,13.8,0.038,0.0,19.608,19.012,18.28,17.825,17.76,0.862
2288,1,9.49,0.05,0.57841,-1.183,3.613,4.782,11.9,0.037,0.0,19.627,19.121,18.005,17.335,17.213,0.578
2289,1,9.49,0.05,0.87254,-0.392,3.712,4.564,12.4,0.037,0.0,18.151,17.554,16.832,16.387,16.323,0.873
2290,1,9.49,0.05,0.9976,-0.072,3.753,4.469,13.2,0.038,0.0,18.15,17.579,16.999,16.663,16.618,0.998
2291,1,9.49,0.07,0.7849,-0.633,3.676,4.615,10.4,0.032,0.0,16.753,16.165,15.311,14.755,14.674,0.785
2292,1,9.49,0.07,1.37042,0.665,3.778,3.967,11.7,0.037,0.0,14.807,14.269,13.764,13.49,13.451,1.37
2293,1,9.49,0.07,0.72722,-0.79,3.655,4.658,12.7,0.038,0.0,19.446,18.887,17.947,17.326,17.234,0.727
2294,1,9.49,0.07,0.72259,-0.803,3.654,4.661,12.8,0.038,0.0,19.577,19.021,18.074,17.448,17.355,0.723
2295,1,9.49,0.07,0.53421,-1.298,3.602,4.817,13.3,0.038,0.0,21.314,20.821,19.653,18.993,18.863,0.534
2296,1,9.49,0.09,0.26169,-2.017,3.549,5.014,9.6,0.028,0.0,19.412,19.018,17.616,17.063,16.834,0.262
2297,1,9.49,0.09,0.35066,-1.764,3.566,4.956,11.8,0.037,0.0,20.98,20.551,19.205,18.637,18.441,0.351
2298,1,9.49,0.09,1.41772,0.806,3.746,3.714,12.7,0.038,0.0,15.454,14.871,14.268,13.924,13.873,1.418
2299,1,9.49,0.09,0.72024,-0.813,3.652,4.663,13.7,0.038,0.0,20.503,19.948,18.994,18.363,18.268,0.72
2300,1,9.49,0.11,0.1253,-2.809,3.473,5.183,8.0,0.018,0.0,19.792,19.63,17.807,17.285,17.024,0.125
2301,1,9.49,0.11,1.25006,0.466,3.788,4.168,11.2,0.035,0.0,14.804,14.282,13.809,13.558,13.522,1.25
2302,1,9.49,0.11,0.32172,-1.844,3.56,4.974,11.6,0.036,0.0,20.98,20.566,19.2,18.636,18.427,0.322
2303,1,9.49,0.11,0.77147,-0.678,3.669,4.625,12.1,0.037,0.0,18.566,17.988,17.103,16.527,16.441,0.771
2304,1,9.49,0.13,0.31486,-1.865,3.557,4.977,11.1,0.035,0.0,20.534,20.125,18.75,18.188,17.974,0.315
2305,1,9.49,0.13,0.31909,-1.854,3.558,4.975,11.8,0.037,0.0,21.205,20.795,19.423,18.859,18.648,0.319
2306,1,9.49,0.13,0.52603,-1.324,3.598,4.821,12.6,0.038,0.0,20.681,20.201,18.999,18.344,18.209,0.526
2307,1,9.49,0.13,1.23789,0.439,3.787,4.187,12.8,0.038,0.0,16.472,15.948,15.471,15.219,15.183,1.238
2308,1,9.49,0.13,1.15101,0.274,3.781,4.296,13.2,0.038,0.0,17.285,16.75,16.255,15.989,15.952,1.151
2309,1,9.49,0.15,0.43174,-1.56,3.578,4.89,11.6,0.036,0.0,20.27,19.826,18.501,17.916,17.747,0.432
2310,1,9.49,0.15,0.89843,-0.35,3.714,4.545,12.6,0.038,0.0,18.245,17.642,16.931,16.499,16.435,0.898
2311,1,9.49,0.15,1.14586,0.256,3.779,4.303,13.4,0.038,0.0,17.529,16.988,16.488,16.218,16.18,1.146
2312,1,9.49,0.17,0.549,-1.271,3.602,4.801,13.2,0.038,0.0,21.147,20.666,19.476,18.808,18.679,0.549
2313,1,9.49,0.19,0.43801,-1.549,3.577,4.884,10.8,0.034,0.0,19.442,19.003,17.668,17.081,16.913,0.438
2314,1,9.49,0.19,0.77102,-0.697,3.664,4.625,12.1,0.037,0.0,18.612,18.038,17.133,16.545,16.457,0.771
2315,1,9.49,0.19,0.99643,-0.11,3.743,4.465,13.8,0.038,0.0,18.846,18.254,17.642,17.289,17.238,0.996
2316,1,9.49,0.21,0.27296,-1.999,3.546,5.002,10.5,0.033,0.0,20.267,19.884,18.464,17.912,17.682,0.273
2317,1,9.49,0.21,0.59147,-1.169,3.611,4.768,11.9,0.037,0.0,19.592,19.103,17.949,17.272,17.15,0.591
2318,1,9.49,0.21,0.70153,-0.883,3.641,4.677,13.0,0.038,0.0,19.977,19.438,18.43,17.778,17.676,0.702
2319,1,9.49,0.29,1.36936,0.616,3.773,3.995,13.5,0.038,0.0,16.73,16.165,15.65,15.376,15.334,1.369
2320,1,9.49,0.33,0.43395,-1.554,3.576,4.881,11.4,0.036,0.0,20.055,19.636,18.266,17.674,17.506,0.434
2321,1,9.49,0.35,0.54911,-1.272,3.601,4.799,13.4,0.038,0.0,21.351,20.894,19.661,18.982,18.853,0.549
2322,1,9.51,-0.53,1.01464,0.18,3.803,4.424,10.9,0.034,0.0,15.221,14.784,14.337,14.094,14.066,1.015
2323,1,9.51,-0.51,0.22561,-2.034,3.579,5.088,11.4,0.036,0.0,21.254,20.743,19.556,18.995,18.812,0.226
2324,1,9.51,-0.51,0.64705,-0.837,3.67,4.714,13.7,0.038,0.0,20.564,19.999,19.126,18.552,18.466,0.647
2325,1,9.51,-0.47,0.5393,-1.164,3.633,4.814,13.8,0.038,0.0,21.48,20.939,19.94,19.3,19.184,0.539
2326,1,9.51,-0.43,0.44894,-1.423,3.61,4.901,11.1,0.035,0.0,19.427,18.889,17.817,17.198,17.06,0.449
2327,1,9.51,-0.43,0.73576,-0.595,3.7,4.647,12.3,0.037,0.0,18.558,17.977,17.214,16.73,16.661,0.736
2328,1,9.51,-0.41,0.75926,-0.532,3.709,4.634,11.5,0.036,0.0,17.6,17.02,16.289,15.831,15.766,0.759
2329,1,9.51,-0.39,0.58925,-1.048,3.641,4.765,10.6,0.033,0.0,17.989,17.443,16.465,15.826,15.719,0.589
2330,1,9.51,-0.39,0.57087,-1.097,3.636,4.783,11.0,0.035,0.0,18.513,17.971,16.977,16.334,16.222,0.571
2331,1,9.51,-0.39,1.2541,0.827,3.828,3.969,12.0,0.037,0.0,14.703,14.312,13.938,13.757,13.731,1.254
2332,1,9.51,-0.37,0.27078,-1.917,3.577,5.041,10.5,0.033,0.0,20.063,19.564,18.346,17.784,17.601,0.271
2333,1,9.51,-0.37,0.64423,-0.889,3.658,4.716,12.3,0.037,0.0,19.293,18.736,17.817,17.209,17.116,0.644
2334,1,9.51,-0.37,0.98628,0.09,3.791,4.451,13.0,0.038,0.0,17.546,17.07,16.59,16.325,16.293,0.986
2335,1,9.51,-0.35,0.59578,-1.041,3.64,4.76,12.1,0.037,0.0,19.473,18.93,17.946,17.304,17.196,0.596
2336,1,9.51,-0.35,1.04406,0.235,3.805,4.388,13.3,0.038,0.0,17.483,17.037,16.598,16.364,16.336,1.044
2337,1,9.51,-0.33,0.41902,-1.517,3.598,4.917,10.5,0.033,0.0,19.063,18.533,17.41,16.801,16.654,0.419
2338,1,9.51,-0.33,0.37107,-1.648,3.591,4.965,11.2,0.035,0.0,20.091,19.574,18.414,17.825,17.665,0.371
2339,1,9.51,-0.31,0.26673,-1.94,3.573,5.04,11.4,0.036,0.0,21.019,20.537,19.289,18.728,18.539,0.267
2340,1,9.51,-0.31,0.30923,-1.816,3.58,5.012,12.1,0.037,0.0,21.411,20.913,19.701,19.131,18.953,0.309
2341,1,9.51,-0.31,0.43123,-1.491,3.6,4.907,13.0,0.038,0.0,21.496,20.97,19.848,19.234,19.089,0.431
2342,1,9.51,-0.31,0.80331,-0.442,3.72,4.61,14.7,0.038,0.0,20.575,19.995,19.301,18.873,18.813,0.803
2343,1,9.51,-0.29,0.24663,-2.006,3.568,5.053,11.3,0.036,0.0,21.086,20.621,19.346,18.786,18.587,0.247
2344,1,9.51,-0.29,0.64515,-0.911,3.653,4.718,13.0,0.038,0.0,20.048,19.496,18.556,17.931,17.836,0.645
2345,1,9.51,-0.27,0.1978,-2.203,3.554,5.098,11.1,0.035,0.0,21.376,20.955,19.614,19.057,18.833,0.198
2346,1,9.51,-0.25,0.18468,-2.3,3.541,5.113,10.3,0.032,0.0,20.821,20.436,19.027,18.474,18.242,0.185
2347,1,9.51,-0.25,0.95125,-0.087,3.763,4.501,10.8,0.034,0.0,15.786,15.248,14.692,14.372,14.331,0.951
2348,1,9.51,-0.25,0.21235,-2.143,3.557,5.084,10.9,0.034,0.0,21.028,20.596,19.269,18.711,18.494,0.212
2349,1,9.51,-0.25,0.50986,-1.298,3.613,4.841,12.3,0.037,0.0,20.316,19.79,18.707,18.063,17.934,0.51
2350,1,9.51,-0.25,1.03274,0.115,3.787,4.429,13.4,0.038,0.0,17.883,17.389,16.9,16.631,16.597,1.033
2351,1,9.51,-0.25,0.71298,-0.729,3.674,4.663,14.5,0.038,0.0,21.094,20.52,19.659,19.095,19.012,0.713
2352,1,9.51,-0.23,0.24816,-2.011,3.564,5.047,10.2,0.031,0.0,19.997,19.543,18.246,17.686,17.483,0.248
2353,1,9.51,-0.23,1.18671,0.487,3.817,4.24,12.0,0.037,0.0,15.552,15.123,14.722,14.518,14.491,1.187
2354,1,9.51,-0.23,0.72791,-0.693,3.679,4.655,12.1,0.037,0.0,18.603,18.026,17.183,16.634,16.554,0.728
2355,1,9.51,-0.23,0.51782,-1.281,3.614,4.834,12.4,0.037,0.0,20.372,19.848,18.765,18.118,17.99,0.518
2356,1,9.51,-0.23,0.47765,-1.387,3.604,4.868,13.2,0.038,0.0,21.438,20.917,19.802,19.17,19.033,0.478
2357,1,9.51,-0.21,0.21016,-2.158,3.555,5.083,10.7,0.034,0.0,20.865,20.444,19.099,18.542,18.32,0.21
2358,1,9.51,-0.21,0.59309,-1.085,3.631,4.767,11.5,0.036,0.0,18.982,18.448,17.427,16.768,16.656,0.593
2359,1,9.51,-0.21,0.35657,-1.711,3.582,4.975,12.2,0.037,0.0,21.247,20.755,19.533,18.956,18.784,0.357
2360,1,9.51,-0.21,0.47367,-1.401,3.603,4.871,12.4,0.037,0.0,20.674,20.154,19.03,18.399,18.261,0.474
2361,1,9.51,-0.21,0.44135,-1.483,3.596,4.896,12.6,0.038,0.0,21.078,20.566,19.411,18.796,18.649,0.441
2362,1,9.51,-0.19,0.18626,-2.298,3.539,5.108,8.9,0.023,0.0,19.415,19.033,17.61,17.06,16.828,0.186
2363,1,9.51,-0.19,0.24973,-2.012,3.563,5.043,10.3,0.032,0.0,20.099,19.654,18.342,17.782,17.576,0.25
2364,1,9.51,-0.19,1.15481,0.396,3.809,4.285,11.7,0.037,0.0,15.48,15.028,14.603,14.383,14.354,1.155
2365,1,9.51,-0.19,0.32776,-1.79,3.576,4.995,12.2,0.037,0.0,21.445,20.963,19.712,19.144,18.963,0.328
2366,1,9.51,-0.19,0.51272,-1.304,3.61,4.838,12.4,0.037,0.0,20.43,19.909,18.809,18.164,18.034,0.513
2367,1,9.51,-0.19,1.33721,0.862,3.79,3.808,12.4,0.037,0.0,15.015,14.521,14.045,13.79,13.755,1.337
2368,1,9.51,-0.19,0.69774,-0.794,3.663,4.674,13.5,0.038,0.0,20.254,19.691,18.787,18.189,18.1,0.698
2369,1,9.51,-0.19,1.00117,0.008,3.771,4.462,14.9,0.038,0.0,19.65,19.123,18.591,18.29,18.252,1.001
2370,1,9.51,-0.17,0.34154,-1.758,3.577,4.985,10.5,0.033,0.0,19.665,19.181,17.932,17.362,17.184,0.342
2371,1,9.51,-0.17,0.42069,-1.542,3.59,4.91,11.0,0.035,0.0,19.624,19.123,17.931,17.331,17.174,0.421
2372,1,9.51,-0.17,0.85663,-0.352,3.727,4.577,13.2,0.038,0.0,18.85,18.268,17.599,17.192,17.136,0.857
2373,1,9.51,-0.15,0.25439,-2.004,3.561,5.038,11.2,0.035,0.0,20.981,20.545,19.219,18.659,18.45,0.254
2374,1,9.51,-0.15,0.47663,-1.405,3.6,4.867,12.1,0.037,0.0,20.383,19.869,18.728,18.094,17.956,0.477
2375,1,9.51,-0.15,0.43549,-1.509,3.592,4.899,12.8,0.038,0.0,21.342,20.842,19.655,19.047,18.894,0.435
2376,1,9.51,-0.15,1.06099,0.13,3.783,4.41,14.2,0.038,0.0,18.644,18.135,17.638,17.363,17.328,1.061
2377,1,9.51,-0.13,0.51876,-1.301,3.608,4.833,10.8,0.034,0.0,18.822,18.304,17.193,16.544,16.414,0.519
2378,1,9.51,-0.13,0.39638,-1.61,3.584,4.927,11.1,0.035,0.0,19.896,19.409,18.177,17.591,17.425,0.396
2379,1,9.51,-0.13,0.23975,-2.06,3.557,5.05,11.3,0.036,0.0,21.219,20.798,19.45,18.891,18.674,0.24
2380,1,9.51,-0.13,0.27121,-1.957,3.563,5.026,11.5,0.036,0.0,21.163,20.724,19.403,18.841,18.636,0.271
2381,1,9.51,-0.13,0.39334,-1.619,3.583,4.931,12.6,0.038,0.0,21.418,20.933,19.698,19.113,18.946,0.393
2382,1,9.51,-0.11,0.14771,-2.587,3.501,5.145,8.6,0.021,0.0,19.838,19.573,17.934,17.401,17.156,0.148
2383,1,9.51,-0.11,1.22947,0.511,3.805,4.184,10.8,0.034,0.0,14.293,13.824,13.393,13.17,13.14,1.229
2384,1,9.51,-0.11,0.43211,-1.525,3.589,4.9,11.0,0.035,0.0,19.581,19.087,17.879,17.278,17.121,0.432
2385,1,9.51,-0.11,0.32063,-1.822,3.571,4.994,11.8,0.037,0.0,21.124,20.665,19.373,18.807,18.618,0.321
2386,1,9.51,-0.11,0.32963,-1.799,3.572,4.989,12.0,0.037,0.0,21.267,20.803,19.517,18.951,18.764,0.33
2387,1,9.51,-0.11,0.47493,-1.417,3.598,4.867,12.1,0.037,0.0,20.411,19.905,18.744,18.114,17.973,0.475
2388,1,9.51,-0.11,1.11994,0.255,3.793,4.35,12.2,0.037,0.0,16.334,15.841,15.374,15.122,15.09,1.12
2389,1,9.51,-0.11,0.66017,-0.925,3.646,4.711,12.8,0.038,0.0,19.883,19.338,18.364,17.719,17.619,0.66
2390,1,9.51,-0.09,0.42416,-1.548,3.586,4.905,10.6,0.033,0.0,19.24,18.75,17.526,16.93,16.77,0.424
2391,1,9.51,-0.09,0.36672,-1.702,3.577,4.958,11.7,0.037,0.0,20.726,20.253,18.981,18.41,18.233,0.367
2392,1,9.51,-0.09,0.99555,-0.031,3.762,4.461,11.8,0.037,0.0,16.646,16.097,15.541,15.222,15.18,0.996
2393,1,9.51,-0.09,0.615,-1.057,3.63,4.752,11.9,0.037,0.0,19.312,18.782,17.751,17.084,16.973,0.615
2394,1,9.51,-0.09,0.40287,-1.6,3.583,4.919,12.4,0.037,0.0,21.171,20.691,19.444,18.859,18.692,0.403
2395,1,9.51,-0.09,0.61554,-1.055,3.631,4.751,13.9,0.038,0.0,21.308,20.779,19.748,19.081,18.97,0.616
2396,1,9.51,-0.07,0.12445,-2.797,3.48,5.197,9.3,0.026,0.0,21.062,20.876,19.103,18.572,18.318,0.124
2397,1,9.51,-0.07,0.3755,-1.681,3.577,4.948,11.7,0.037,0.0,20.672,20.201,18.925,18.353,18.177,0.375
2398,1,9.51,-0.07,0.41227,-1.581,3.583,4.913,11.8,0.037,0.0,20.522,20.042,18.795,18.207,18.042,0.412
2399,1,9.51,-0.07,0.47432,-1.425,3.595,4.866,13.0,0.038,0.0,21.333,20.834,19.654,19.028,18.884,0.474
2400,1,9.51,-0.05,0.2539,-2.023,3.555,5.032,10.5,0.033,0.0,20.327,19.915,18.548,17.99,17.771,0.254
2401,1,9.51,-0.05,0.6587,-0.948,3.641,4.714,10.6,0.033,0.0,17.74,17.198,16.205,15.552,15.45,0.659
2402,1,9.51,-0.05,0.29814,-1.89,3.563,5.002,11.4,0.036,0.0,20.896,20.462,19.129,18.566,18.363,0.298
2403,1,9.51,-0.05,0.76093,-0.661,3.678,4.637,11.5,0.036,0.0,17.924,17.341,16.493,15.94,15.86,0.761
2404,1,9.51,-0.05,0.43234,-1.534,3.586,4.897,12.4,0.037,0.0,21.006,20.525,19.288,18.691,18.531,0.432
2405,1,9.51,-0.05,1.22421,0.476,3.799,4.193,13.4,0.038,0.0,16.979,16.494,16.047,15.812,15.781,1.224
2406,1,9.51,-0.05,0.70264,-0.827,3.654,4.674,13.5,0.038,0.0,20.338,19.783,18.841,18.214,18.121,0.703
2407,1,9.51,-0.03,0.78603,-0.599,3.686,4.622,11.0,0.035,0.0,17.268,16.68,15.863,15.337,15.261,0.786
2408,1,9.51,-0.03,0.50114,-1.37,3.598,4.848,11.4,0.036,0.0,19.594,19.092,17.926,17.285,17.148,0.501
2409,1,9.51,-0.03,0.45888,-1.473,3.59,4.877,12.0,0.037,0.0,20.451,19.965,18.747,18.136,17.984,0.459
2410,1,9.51,-0.03,1.31086,0.617,3.787,4.033,12.2,0.037,0.0,15.429,14.917,14.436,14.177,14.142,1.311
2411,1,9.51,-0.03,0.41715,-1.575,3.582,4.907,12.5,0.038,0.0,21.208,20.735,19.473,18.887,18.72,0.417
2412,1,9.51,-0.03,0.53173,-1.29,3.606,4.822,12.6,0.038,0.0,20.594,20.087,18.952,18.297,18.168,0.532
2413,1,9.51,-0.03,0.61656,-1.069,3.627,4.752,13.1,0.038,0.0,20.542,20.018,18.971,18.296,18.183,0.617
2414,1,9.51,-0.03,0.53882,-1.271,3.607,4.815,13.2,0.038,0.0,21.148,20.64,19.511,18.853,18.726,0.539
2415,1,9.51,-0.03,1.05337,0.104,3.774,4.397,13.8,0.038,0.0,18.309,17.773,17.253,16.961,16.923,1.053
2416,1,9.51,-0.01,0.25705,-2.02,3.553,5.028,10.8,0.034,0.0,20.621,20.217,18.836,18.279,18.056,0.257
2417,1,9.51,-0.01,0.71823,-0.794,3.657,4.664,11.6,0.036,0.0,18.355,17.795,16.865,16.249,16.158,0.718
2418,1,9.51,-0.01,0.42583,-1.557,3.582,4.9,11.8,0.037,0.0,20.461,19.989,18.726,18.137,17.972,0.426
2419,1,9.51,-0.01,0.78999,-0.595,3.686,4.62,12.2,0.037,0.0,18.458,17.871,17.053,16.525,16.45,0.79
2420,1,9.51,-0.01,0.86576,-0.388,3.715,4.57,13.0,0.038,0.0,18.74,18.146,17.437,17.0,16.938,0.866
2421,1,9.51,0.01,0.26103,-2.006,3.553,5.019,10.7,0.034,0.0,20.485,20.083,18.698,18.141,17.918,0.261
2422,1,9.51,0.01,0.259,-2.012,3.553,5.02,11.1,0.035,0.0,20.9,20.5,19.114,18.557,18.333,0.259
2423,1,9.51,0.01,0.32454,-1.822,3.565,4.975,11.2,0.035,0.0,20.525,20.092,18.754,18.189,17.99,0.325
2424,1,9.51,0.01,0.29348,-1.906,3.559,4.994,11.4,0.036,0.0,20.936,20.519,19.158,18.597,18.386,0.293
2425,1,9.51,0.01,0.47026,-1.452,3.59,4.869,11.5,0.036,0.0,19.901,19.417,18.194,17.579,17.429,0.47
2426,1,9.51,0.01,0.35262,-1.748,3.569,4.957,12.0,0.037,0.0,21.14,20.696,19.374,18.806,18.617,0.353
2427,1,9.51,0.01,1.25475,0.513,3.792,4.137,12.5,0.038,0.0,15.987,15.482,15.015,14.767,14.733,1.255
2428,1,9.51,0.01,0.7818,-0.625,3.678,4.616,14.9,0.038,0.0,21.233,20.649,19.804,19.253,19.174,0.782
2429,1,9.51,0.03,1.4495,1.713,3.669,2.508,10.8,0.034,0.0,11.287,10.71,9.821,9.263,9.168,1.449
2430,1,9.51,0.03,0.65322,-0.978,3.635,4.716,11.2,0.035,0.0,18.414,17.882,16.86,16.194,16.088,0.653
2431,1,9.51,0.03,0.40919,-1.6,3.578,4.907,11.8,0.037,0.0,20.57,20.11,18.812,18.235,18.063,0.409
2432,1,9.51,0.03,0.73083,-0.771,3.659,4.654,12.1,0.037,0.0,18.797,18.235,17.31,16.698,16.608,0.731
2433,1,9.51,0.03,0.40289,-1.615,3.577,4.91,12.4,0.037,0.0,21.207,20.75,19.445,18.871,18.697,0.403
2434,1,9.51,0.03,0.92701,-0.241,3.734,4.526,12.6,0.038,0.0,17.973,17.386,16.74,16.354,16.3,0.927
2435,1,9.51,0.05,0.32466,-1.827,3.563,4.974,10.5,0.033,0.0,19.838,19.411,18.062,17.498,17.295,0.325
2436,1,9.51,0.05,0.63668,-1.026,3.629,4.73,12.2,0.037,0.0,19.534,19.011,17.964,17.289,17.179,0.637
2437,1,9.51,0.05,0.43743,-1.536,3.582,4.89,12.3,0.037,0.0,20.909,20.445,19.168,18.575,18.411,0.437
2438,1,9.51,0.05,0.63508,-1.03,3.629,4.732,13.0,0.038,0.0,20.345,19.823,18.774,18.098,17.988,0.635
2439,1,9.51,0.05,0.6751,-0.924,3.64,4.697,14.4,0.038,0.0,21.481,20.943,19.94,19.283,19.181,0.675
2440,1,9.51,0.07,0.55678,-1.239,3.607,4.798,11.6,0.036,0.0,19.469,18.969,17.825,17.159,17.033,0.557
2441,1,9.51,0.07,0.33762,-1.796,3.564,4.965,11.9,0.037,0.0,21.159,20.732,19.384,18.818,18.619,0.338
2442,1,9.51,0.07,0.53082,-1.306,3.601,4.819,12.2,0.037,0.0,20.234,19.741,18.57,17.911,17.781,0.531
2443,1,9.51,0.07,1.02772,0.004,3.76,4.433,12.8,0.038,0.0,17.56,16.997,16.438,16.12,16.077,1.028
2444,1,9.51,0.09,0.36755,-1.717,3.569,4.941,11.5,0.036,0.0,20.563,20.128,18.789,18.219,18.03,0.368
2445,1,9.51,0.11,0.72088,-0.814,3.651,4.662,11.8,0.037,0.0,18.605,18.049,17.092,16.461,16.366,0.721
2446,1,9.51,0.11,0.56703,-1.218,3.608,4.789,12.3,0.037,0.0,20.116,19.62,18.473,17.803,17.679,0.567
2447,1,9.51,0.11,0.60373,-1.126,3.618,4.76,13.9,0.038,0.0,21.484,20.978,19.872,19.196,19.077,0.604
2448,1,9.51,0.13,0.40947,-1.611,3.574,4.904,11.6,0.036,0.0,20.397,19.956,18.62,18.045,17.869,0.409
2449,1,9.51,0.15,0.20932,-2.212,3.535,5.057,10.7,0.034,0.0,21.001,20.646,19.171,18.63,18.397,0.209
2450,1,9.51,0.19,1.00704,-0.079,3.746,4.452,12.1,0.037,0.0,17.068,16.479,15.879,15.534,15.484,1.007
2451,1,9.51,0.21,1.04006,0.001,3.754,4.418,11.7,0.037,0.0,16.467,15.884,15.311,14.987,14.94,1.04
2452,1,9.51,0.21,0.36847,-1.726,3.564,4.934,12.1,0.037,0.0,21.185,20.768,19.402,18.831,18.634,0.368
2453,1,9.51,0.21,0.45811,-1.495,3.581,4.864,12.2,0.037,0.0,20.707,20.267,18.946,18.346,18.184,0.458
2454,1,9.51,0.23,0.38993,-1.665,3.568,4.913,10.3,0.032,0.0,19.232,18.809,17.446,16.871,16.684,0.39
2455,1,9.51,0.23,0.43092,-1.561,3.576,4.882,11.0,0.035,0.0,19.672,19.242,17.888,17.304,17.134,0.431
2456,1,9.51,0.25,0.36015,-1.75,3.563,4.942,11.8,0.037,0.0,20.944,20.532,19.16,18.589,18.389,0.36
2457,1,9.51,0.25,0.6109,-1.119,3.616,4.752,12.8,0.038,0.0,20.367,19.873,18.739,18.059,17.94,0.611
2458,1,9.51,0.29,0.34522,-1.792,3.56,4.955,11.5,0.036,0.0,20.749,20.342,18.963,18.394,18.188,0.345
2459,1,9.51,0.31,0.76698,-0.706,3.663,4.627,11.1,0.035,0.0,17.636,17.057,16.146,15.56,15.47,0.767
2460,1,9.51,0.31,0.81502,-0.58,3.679,4.591,13.2,0.038,0.0,19.42,18.822,17.978,17.445,17.363,0.815
2461,1,9.51,0.33,1.15666,0.27,3.777,4.286,12.0,0.037,0.0,16.096,15.534,15.033,14.769,14.729,1.157
2462,1,9.51,0.35,0.32303,-1.852,3.556,4.97,11.2,0.035,0.0,20.601,20.201,18.812,18.248,18.033,0.323
2463,1,9.53,-0.61,0.60803,-0.924,3.662,4.742,13.3,0.038,0.0,20.381,19.823,18.923,18.333,18.239,0.608
2464,1,9.53,-0.59,0.94396,0.04,3.789,4.477,13.1,0.038,0.0,17.77,17.308,16.82,16.548,16.516,0.944
2465,1,9.53,-0.55,0.7447,-0.525,3.714,4.639,12.0,0.037,0.0,18.082,17.51,16.796,16.352,16.288,0.745
2466,1,9.53,-0.53,0.43743,-1.426,3.616,4.915,10.4,0.032,0.0,18.734,18.188,17.144,16.526,16.39,0.437
2467,1,9.53,-0.53,0.84575,-0.244,3.754,4.571,11.8,0.037,0.0,17.179,16.644,16.057,15.711,15.666,0.846
2468,1,9.53,-0.51,1.02651,0.212,3.806,4.407,13.1,0.038,0.0,17.339,16.909,16.467,16.23,16.203,1.027
2469,1,9.53,-0.51,0.78362,-0.424,3.728,4.614,13.6,0.038,0.0,19.431,18.864,18.196,17.787,17.73,0.784
2470,1,9.53,-0.47,0.2129,-2.094,3.573,5.097,11.0,0.035,0.0,21.005,20.51,19.288,18.732,18.54,0.213
2471,1,9.53,-0.47,0.60524,-0.977,3.651,4.748,13.5,0.038,0.0,20.713,20.163,19.22,18.594,18.496,0.605
2472,1,9.53,-0.47,0.77611,-0.46,3.722,4.62,14.1,0.038,0.0,20.02,19.448,18.759,18.333,18.274,0.776
2473,1,9.53,-0.45,0.84902,-0.262,3.749,4.571,14.0,0.038,0.0,19.425,18.878,18.278,17.922,17.875,0.849
2474,1,9.53,-0.43,0.88032,-0.183,3.759,4.547,13.0,0.038,0.0,18.228,17.696,17.123,16.789,16.746,0.88
2475,1,9.53,-0.43,0.90935,-0.107,3.768,4.522,13.3,0.038,0.0,18.338,17.822,17.277,16.963,16.924,0.909
2476,1,9.53,-0.43,1.2028,0.633,3.814,4.086,14.6,0.038,0.0,17.788,17.367,16.95,16.736,16.708,1.203
2477,1,9.53,-0.41,0.1907,-2.229,3.556,5.116,9.6,0.028,0.0,19.942,19.502,18.192,17.634,17.414,0.191
2478,1,9.53,-0.41,1.04819,0.261,3.804,4.361,11.9,0.037,0.0,16.017,15.574,15.132,14.895,14.867,1.048
2479,1,9.53,-0.41,0.70401,-0.697,3.684,4.665,12.4,0.037,0.0,18.913,18.339,17.515,16.981,16.903,0.704
2480,1,9.53,-0.39,0.54772,-1.159,3.63,4.803,12.5,0.038,0.0,20.168,19.63,18.617,17.969,17.852,0.548
2481,1,9.53,-0.37,0.52296,-1.234,3.623,4.828,10.3,0.032,0.0,18.156,17.618,16.581,15.933,15.809,0.523
2482,1,9.53,-0.37,0.54142,-1.182,3.628,4.81,13.4,0.038,0.0,21.125,20.589,19.565,18.915,18.795,0.541
2483,1,9.53,-0.35,0.99888,0.114,3.792,4.437,12.6,0.038,0.0,17.085,16.61,16.134,15.872,15.84,0.999
2484,1,9.53,-0.35,0.64342,-0.896,3.657,4.716,13.6,0.038,0.0,20.61,20.055,19.13,18.516,18.423,0.643
2485,1,9.53,-0.33,0.13607,-2.665,3.501,5.187,9.0,0.024,0.0,20.433,20.161,18.547,17.992,17.751,0.136
2486,1,9.53,-0.33,0.25194,-1.98,3.571,5.05,11.1,0.035,0.0,20.821,20.342,19.09,18.53,18.337,0.252
2487,1,9.53,-0.33,1.10596,0.395,3.817,4.299,11.6,0.036,0.0,15.383,14.961,14.555,14.346,14.319,1.106
2488,1,9.53,-0.33,0.3327,-1.753,3.585,5.0,12.0,0.037,0.0,21.153,20.645,19.46,18.883,18.712,0.333
2489,1,9.53,-0.33,0.31298,-1.803,3.582,5.011,12.1,0.037,0.0,21.377,20.875,19.675,19.102,18.927,0.313
2490,1,9.53,-0.33,0.53453,-1.211,3.623,4.817,12.6,0.038,0.0,20.397,19.865,18.825,18.172,18.049,0.535
2491,1,9.53,-0.31,0.22537,-2.083,3.564,5.076,11.4,0.036,0.0,21.378,20.924,19.635,19.075,18.87,0.225
2492,1,9.53,-0.31,0.30526,-1.826,3.58,5.013,11.5,0.036,0.0,20.835,20.337,19.123,18.554,18.375,0.305
2493,1,9.53,-0.31,0.38376,-1.614,3.592,4.949,12.3,0.037,0.0,21.106,20.591,19.43,18.837,18.679,0.384
2494,1,9.53,-0.31,0.57797,-1.098,3.633,4.777,13.6,0.038,0.0,21.115,20.578,19.569,18.919,18.806,0.578
2495,1,9.53,-0.29,0.44313,-1.464,3.601,4.897,8.6,0.021,0.0,17.03,16.495,15.38,14.763,14.621,0.443
2496,1,9.53,-0.29,0.5227,-1.253,3.618,4.828,13.4,0.038,0.0,21.303,20.774,19.713,19.065,18.938,0.523
2497,1,9.53,-0.29,1.16629,0.489,3.82,4.243,14.0,0.038,0.0,17.547,17.131,16.736,16.537,16.511,1.166
2498,1,9.53,-0.27,0.42342,-1.516,3.596,4.911,10.9,0.034,0.0,19.461,18.942,17.797,17.188,17.039,0.423
2499,1,9.53,-0.27,0.24552,-2.014,3.566,5.053,11.1,0.035,0.0,20.904,20.444,19.16,18.6,18.399,0.246
2500,1,9.53,-0.27,0.35556,-1.703,3.585,4.98,12.1,0.037,0.0,21.128,20.626,19.43,18.849,18.681,0.356
2501,1,9.53,-0.27,0.57106,-1.127,3.629,4.784,13.1,0.038,0.0,20.686,20.153,19.128,18.471,18.356,0.571
2502,1,9.53,-0.27,0.57207,-1.124,3.629,4.783,13.3,0.038,0.0,20.88,20.347,19.322,18.666,18.55,0.572
2503,1,9.53,-0.25,0.24362,-2.024,3.565,5.053,11.1,0.035,0.0,20.93,20.477,19.183,18.622,18.419,0.244
2504,1,9.53,-0.25,0.29202,-1.874,3.574,5.018,11.9,0.037,0.0,21.354,20.874,19.621,19.057,18.871,0.292
2505,1,9.53,-0.25,0.5783,-1.113,3.63,4.778,12.9,0.038,0.0,20.451,19.919,18.894,18.237,18.122,0.578
2506,1,9.53,-0.25,0.73066,-0.676,3.682,4.653,13.3,0.038,0.0,19.761,19.183,18.352,17.812,17.734,0.731
2507,1,9.53,-0.25,0.66143,-0.874,3.656,4.703,13.5,0.038,0.0,20.455,19.899,18.969,18.352,18.259,0.661
2508,1,9.53,-0.25,0.64699,-0.917,3.651,4.716,13.9,0.038,0.0,20.961,20.41,19.462,18.831,18.734,0.647
2509,1,9.53,-0.23,0.23866,-2.046,3.562,5.057,11.0,0.035,0.0,20.886,20.441,19.133,18.573,18.366,0.239
2510,1,9.53,-0.23,0.94515,-0.105,3.76,4.504,12.5,0.038,0.0,17.532,16.989,16.423,16.095,16.052,0.945
2511,1,9.53,-0.23,1.32858,0.793,3.747,3.703,12.6,0.038,0.0,15.386,14.827,14.221,13.868,13.819,1.329
2512,1,9.53,-0.23,0.66915,-0.858,3.657,4.696,12.9,0.038,0.0,19.814,19.257,18.332,17.717,17.625,0.669
2513,1,9.53,-0.21,0.42948,-1.512,3.594,4.905,9.6,0.028,0.0,18.15,17.635,16.472,15.865,15.714,0.429
2514,1,9.53,-0.21,0.62052,-1.006,3.64,4.742,11.4,0.036,0.0,18.685,18.144,17.153,16.504,16.399,0.621
2515,1,9.53,-0.21,0.91453,-0.187,3.749,4.528,11.6,0.036,0.0,16.838,16.277,15.679,15.326,15.28,0.915
2516,1,9.53,-0.21,0.83996,-0.378,3.725,4.586,12.1,0.037,0.0,17.814,17.231,16.556,16.144,16.087,0.84
2517,1,9.53,-0.21,0.52644,-1.261,3.615,4.825,12.2,0.037,0.0,20.123,19.599,18.518,17.868,17.741,0.526
2518,1,9.53,-0.21,0.63355,-0.968,3.644,4.73,13.2,0.038,0.0,20.39,19.846,18.87,18.227,18.125,0.634
2519,1,9.53,-0.21,0.82127,-0.431,3.717,4.598,14.1,0.038,0.0,19.946,19.362,18.659,18.225,18.164,0.821
2520,1,9.53,-0.19,0.16317,-2.463,3.518,5.133,9.9,0.03,0.0,20.828,20.51,18.973,18.43,18.192,0.163
2521,1,9.53,-0.19,0.20495,-2.181,3.552,5.085,10.8,0.034,0.0,21.022,20.61,19.251,18.695,18.469,0.205
2522,1,9.53,-0.19,0.30748,-1.841,3.573,5.005,11.6,0.036,0.0,20.973,20.499,19.233,18.668,18.482,0.307
2523,1,9.53,-0.19,0.34979,-1.733,3.58,4.981,11.9,0.037,0.0,21.003,20.516,19.281,18.707,18.532,0.35
2524,1,9.53,-0.19,1.21919,0.536,3.81,4.174,12.4,0.037,0.0,15.829,15.38,14.959,14.743,14.714,1.219
2525,1,9.53,-0.19,0.45842,-1.443,3.598,4.882,13.1,0.038,0.0,21.478,20.964,19.819,19.195,19.052,0.458
2526,1,9.53,-0.19,0.58227,-1.118,3.627,4.776,13.8,0.038,0.0,21.364,20.835,19.798,19.134,19.018,0.582
2527,1,9.53,-0.17,0.6206,-1.017,3.637,4.743,10.3,0.032,0.0,17.613,17.072,16.072,15.419,15.312,0.621
2528,1,9.53,-0.17,1.0397,0.094,3.78,4.425,11.1,0.035,0.0,15.634,15.119,14.613,14.332,14.296,1.04
2529,1,9.53,-0.17,0.33388,-1.777,3.576,4.99,12.1,0.037,0.0,21.313,20.834,19.577,19.009,18.829,0.334
2530,1,9.53,-0.17,0.73195,-0.701,3.676,4.653,12.7,0.038,0.0,19.223,18.646,17.791,17.232,17.151,0.732
2531,1,9.53,-0.17,0.54615,-1.217,3.617,4.807,13.4,0.038,0.0,21.213,20.691,19.615,18.957,18.833,0.546
2532,1,9.53,-0.15,0.17104,-2.412,3.523,5.123,8.5,0.021,0.0,19.301,18.963,17.452,16.912,16.676,0.171
2533,1,9.53,-0.15,0.1994,-2.211,3.548,5.087,10.9,0.034,0.0,21.197,20.798,19.414,18.86,18.63,0.199
2534,1,9.53,-0.15,0.29338,-1.887,3.568,5.011,11.5,0.036,0.0,20.987,20.531,19.237,18.673,18.478,0.293
2535,1,9.53,-0.15,0.7392,-0.687,3.677,4.649,12.8,0.038,0.0,19.289,18.71,17.861,17.305,17.225,0.739
2536,1,9.53,-0.15,0.66911,-0.885,3.651,4.7,12.9,0.038,0.0,19.881,19.33,18.38,17.747,17.651,0.669
2537,1,9.53,-0.15,0.86905,-0.325,3.73,4.567,13.4,0.038,0.0,18.981,18.4,17.74,17.34,17.285,0.869
2538,1,9.53,-0.13,0.18786,-2.296,3.537,5.102,8.1,0.018,0.0,18.61,18.232,16.793,16.247,16.015,0.188
2539,1,9.53,-0.13,0.93857,-0.155,3.749,4.509,10.0,0.03,0.0,15.156,14.587,13.994,13.645,13.599,0.939
2540,1,9.53,-0.13,1.29842,0.649,3.79,4.01,10.1,0.031,0.0,13.247,12.746,12.274,12.02,11.986,1.298
2541,1,9.53,-0.13,0.4923,-1.369,3.602,4.854,12.7,0.038,0.0,20.894,20.381,19.245,18.606,18.47,0.492
2542,1,9.53,-0.13,0.93525,-0.163,3.748,4.512,12.9,0.038,0.0,18.077,17.512,16.913,16.561,16.514,0.935
2543,1,9.53,-0.13,0.96124,-0.099,3.756,4.49,13.0,0.038,0.0,18.017,17.462,16.886,16.552,16.507,0.961
2544,1,9.53,-0.13,1.12205,0.282,3.796,4.336,13.1,0.038,0.0,17.164,16.68,16.221,15.976,15.944,1.122
2545,1,9.53,-0.11,1.35649,0.704,3.714,3.669,10.1,0.031,0.0,13.111,12.519,11.805,11.369,11.306,1.356
2546,1,9.53,-0.11,0.24596,-2.039,3.557,5.042,11.0,0.035,0.0,20.868,20.447,19.097,18.538,18.322,0.246
2547,1,9.53,-0.11,0.30157,-1.87,3.567,5.003,11.1,0.035,0.0,20.545,20.094,18.789,18.225,18.029,0.302
2548,1,9.53,-0.11,0.70764,-0.79,3.661,4.668,11.8,0.037,0.0,18.545,17.982,17.069,16.464,16.374,0.708
2549,1,9.53,-0.11,0.48443,-1.393,3.599,4.86,12.5,0.038,0.0,20.752,20.242,19.093,18.456,18.319,0.484
2550,1,9.53,-0.11,0.52269,-1.294,3.608,4.829,12.7,0.038,0.0,20.706,20.192,19.076,18.425,18.296,0.523
2551,1,9.53,-0.09,0.2745,-1.954,3.561,5.021,10.0,0.03,0.0,19.655,19.22,17.887,17.326,17.119,0.275
2552,1,9.53,-0.09,0.55333,-1.218,3.614,4.802,10.7,0.034,0.0,18.515,17.996,16.903,16.242,16.118,0.553
2553,1,9.53,-0.09,0.39095,-1.633,3.581,4.931,10.8,0.034,0.0,19.652,19.172,17.918,17.338,17.168,0.391
2554,1,9.53,-0.09,0.20852,-2.184,3.547,5.076,11.1,0.035,0.0,21.33,20.938,19.541,18.988,18.758,0.209
2555,1,9.53,-0.09,0.44742,-1.49,3.591,4.888,11.3,0.036,0.0,19.796,19.301,18.099,17.49,17.337,0.447
2556,1,9.53,-0.09,0.30301,-1.87,3.566,5.001,11.9,0.037,0.0,21.344,20.899,19.586,19.022,18.824,0.303
2557,1,9.53,-0.09,0.67073,-0.9,3.647,4.7,12.6,0.038,0.0,19.62,19.073,18.105,17.463,17.365,0.671
2558,1,9.53,-0.09,0.56871,-1.178,3.618,4.789,12.8,0.038,0.0,20.515,19.997,18.917,18.251,18.131,0.569
2559,1,9.53,-0.09,0.63739,-0.993,3.637,4.731,12.9,0.038,0.0,20.153,19.617,18.611,17.953,17.848,0.637
2560,1,9.53,-0.09,1.33264,0.823,3.782,3.815,13.5,0.038,0.0,16.212,15.696,15.2,14.931,14.894,1.333
2561,1,9.53,-0.07,0.3083,-1.86,3.566,4.997,11.7,0.037,0.0,21.119,20.675,19.359,18.794,18.596,0.308
2562,1,9.53,-0.07,0.46537,-1.448,3.593,4.873,12.4,0.037,0.0,20.789,20.293,19.103,18.483,18.336,0.465
2563,1,9.53,-0.07,0.45912,-1.464,3.592,4.878,12.8,0.038,0.0,21.23,20.736,19.538,18.922,18.773,0.459
2564,1,9.53,-0.07,0.62119,-1.044,3.631,4.746,12.9,0.038,0.0,20.28,19.751,18.72,18.053,17.943,0.621
2565,1,9.53,-0.07,1.07456,0.16,3.781,4.38,13.2,0.038,0.0,17.57,17.051,16.552,16.276,16.24,1.075
2566,1,9.53,-0.05,0.27347,-1.964,3.559,5.02,11.0,0.035,0.0,20.68,20.258,18.906,18.346,18.134,0.273
2567,1,9.53,-0.05,0.79342,-0.57,3.691,4.616,12.2,0.037,0.0,18.395,17.806,17.007,16.496,16.422,0.793
2568,1,9.53,-0.05,0.38014,-1.671,3.577,4.942,12.5,0.038,0.0,21.446,20.979,19.696,19.124,18.948,0.38
2569,1,9.53,-0.05,0.68224,-0.882,3.648,4.691,12.7,0.038,0.0,19.674,19.126,18.159,17.517,17.42,0.682
2570,1,9.53,-0.05,0.75233,-0.684,3.674,4.642,13.2,0.038,0.0,19.681,19.101,18.24,17.676,17.595,0.752
2571,1,9.53,-0.05,1.31335,0.64,3.784,3.997,13.8,0.038,0.0,16.97,16.454,15.963,15.696,15.659,1.313
2572,1,9.53,-0.03,0.18031,-2.364,3.525,5.105,9.2,0.025,0.0,19.881,19.544,18.026,17.492,17.258,0.18
2573,1,9.53,-0.03,0.46458,-1.458,3.591,4.873,9.8,0.029,0.0,18.214,17.72,16.513,15.898,15.749,0.465
2574,1,9.53,-0.03,1.02595,0.042,3.767,4.421,10.5,0.033,0.0,15.164,14.616,14.077,13.771,13.731,1.026
2575,1,9.53,-0.03,1.03061,0.054,3.768,4.416,10.8,0.034,0.0,15.435,14.889,14.353,14.05,14.01,1.031
2576,1,9.53,-0.03,0.81028,-0.53,3.696,4.605,11.6,0.036,0.0,17.695,17.102,16.323,15.827,15.757,0.81
2577,1,9.53,-0.03,0.40427,-1.607,3.58,4.916,11.7,0.037,0.0,20.487,20.017,18.743,18.163,17.993,0.404
2578,1,9.53,-0.03,0.34561,-1.771,3.57,4.974,12.0,0.037,0.0,21.197,20.746,19.436,18.869,18.681,0.346
2579,1,9.53,-0.03,0.48121,-1.416,3.595,4.86,12.1,0.037,0.0,20.409,19.914,18.725,18.097,17.954,0.481
2580,1,9.53,-0.03,0.428,-1.547,3.584,4.899,12.2,0.037,0.0,20.838,20.362,19.111,18.518,18.355,0.428
2581,1,9.53,-0.03,0.67892,-0.897,3.645,4.695,12.4,0.037,0.0,19.414,18.869,17.892,17.244,17.146,0.679
2582,1,9.53,-0.03,1.35616,0.785,3.755,3.749,12.8,0.038,0.0,15.607,15.044,14.465,14.134,14.087,1.356
2583,1,9.53,-0.03,0.50969,-1.347,3.6,4.84,13.1,0.038,0.0,21.237,20.733,19.578,18.929,18.796,0.51
2584,1,9.53,-0.03,0.93383,-0.198,3.74,4.514,14.0,0.038,0.0,19.265,18.687,18.063,17.692,17.641,0.934
2585,1,9.53,-0.01,0.2212,-2.15,3.545,5.06,10.8,0.034,0.0,20.944,20.561,19.143,18.593,18.362,0.221
2586,1,9.53,-0.01,0.37865,-1.682,3.574,4.941,11.6,0.036,0.0,20.574,20.115,18.813,18.244,18.065,0.379
2587,1,9.53,-0.01,0.74065,-0.73,3.666,4.649,11.8,0.037,0.0,18.395,17.823,16.931,16.342,16.256,0.741
2588,1,9.53,-0.01,0.69043,-0.873,3.647,4.685,12.1,0.037,0.0,19.053,18.505,17.535,16.89,16.793,0.69
2589,1,9.53,-0.01,0.39999,-1.621,3.578,4.918,12.4,0.037,0.0,21.223,20.759,19.47,18.895,18.722,0.4
2590,1,9.53,-0.01,0.43903,-1.523,3.585,4.889,12.6,0.038,0.0,21.178,20.702,19.452,18.855,18.695,0.439
2591,1,9.53,0.01,0.14178,-2.653,3.491,5.153,9.4,0.027,0.0,20.804,20.582,18.867,18.344,18.092,0.142
2592,1,9.53,0.01,0.59598,-1.131,3.619,4.767,12.4,0.037,0.0,19.998,19.484,18.399,17.724,17.606,0.596
2593,1,9.53,0.01,1.07512,0.145,3.776,4.374,13.2,0.038,0.0,17.608,17.072,16.559,16.274,16.236,1.075
2594,1,9.53,0.03,0.57012,-1.2,3.612,4.788,10.2,0.031,0.0,17.97,17.459,16.344,15.676,15.554,0.57
2595,1,9.53,0.03,0.24962,-2.044,3.55,5.024,11.3,0.036,0.0,21.179,20.788,19.389,18.834,18.604,0.25
2596,1,9.53,0.05,0.48215,-1.427,3.591,4.859,12.1,0.037,0.0,20.436,19.957,18.731,18.109,17.961,0.482
2597,1,9.53,0.07,0.1419,-2.659,3.489,5.149,9.6,0.028,0.0,21.018,20.806,19.076,18.554,18.299,0.142
2598,1,9.53,0.07,0.64947,-0.993,3.632,4.718,12.2,0.037,0.0,19.453,18.927,17.89,17.22,17.112,0.649
2599,1,9.53,0.07,0.72959,-0.781,3.657,4.654,12.7,0.038,0.0,19.421,18.861,17.926,17.309,17.217,0.73
2600,1,9.53,0.07,1.33702,0.636,3.777,3.981,13.2,0.038,0.0,16.381,15.842,15.332,15.055,15.016,1.337
2601,1,9.53,0.07,0.8024,-0.582,3.682,4.599,13.5,0.038,0.0,19.726,19.137,18.306,17.77,17.692,0.802
2602,1,9.53,0.09,1.27097,0.512,3.782,4.105,11.5,0.036,0.0,14.989,14.458,13.966,13.702,13.665,1.271
2603,1,9.53,0.09,0.92758,-0.252,3.73,4.521,11.7,0.037,0.0,17.099,16.504,15.846,15.453,15.397,0.928
2604,1,9.53,0.09,0.3003,-1.897,3.557,4.985,11.8,0.037,0.0,21.313,20.906,19.531,18.969,18.754,0.3
2605,1,9.53,0.09,1.22205,0.433,3.786,4.181,13.1,0.038,0.0,16.786,16.263,15.78,15.523,15.487,1.222
2606,1,9.53,0.11,0.19388,-2.285,3.53,5.076,10.8,0.034,0.0,21.283,20.942,19.44,18.904,18.67,0.194
2607,1,9.53,0.11,0.33214,-1.815,3.562,4.967,11.2,0.035,0.0,20.507,20.088,18.728,18.163,17.958,0.332
2608,1,9.53,0.11,0.63267,-1.045,3.626,4.733,11.7,0.037,0.0,19.082,18.564,17.497,16.817,16.705,0.633
2609,1,9.53,0.11,0.83398,-0.506,3.692,4.581,13.4,0.038,0.0,19.435,18.838,18.046,17.546,17.473,0.834
2610,1,9.53,0.13,0.18634,-2.34,3.523,5.085,9.6,0.028,0.0,20.221,19.896,18.358,17.827,17.592,0.186
2611,1,9.53,0.15,0.38481,-1.677,3.569,4.923,11.7,0.037,0.0,20.662,20.233,18.884,18.311,18.124,0.385
2612,1,9.53,0.17,0.27597,-1.984,3.548,5.0,10.8,0.034,0.0,20.531,20.144,18.734,18.18,17.951,0.276
2613,1,9.53,0.17,0.80884,-0.588,3.678,4.594,12.0,0.037,0.0,18.241,17.65,16.804,16.262,16.181,0.809
2614,1,9.53,0.19,0.52433,-1.334,3.596,4.82,10.5,0.033,0.0,18.604,18.133,16.904,16.254,16.116,0.524
2615,1,9.53,0.19,0.85393,-0.472,3.695,4.567,13.9,0.038,0.0,19.85,19.247,18.465,17.977,17.904,0.854
2616,1,9.53,0.21,0.51597,-1.354,3.593,4.824,12.8,0.038,0.0,20.955,20.494,19.245,18.601,18.459,0.516
2617,1,9.53,0.21,0.56832,-1.224,3.605,4.784,13.3,0.038,0.0,21.131,20.65,19.469,18.795,18.67,0.568
2618,1,9.53,0.23,0.2536,-2.057,3.542,5.012,10.6,0.033,0.0,20.513,20.141,18.7,18.152,17.921,0.254
2619,1,9.53,0.29,0.83055,-0.536,3.685,4.578,13.9,0.038,0.0,20.011,19.41,18.588,18.072,17.993,0.831
2620,1,9.53,0.33,0.3531,-1.769,3.562,4.949,12.2,0.037,0.0,21.393,20.987,19.606,19.034,18.832,0.353
2621,1,9.53,0.33,0.52817,-1.324,3.596,4.815,12.7,0.038,0.0,20.779,20.327,19.071,18.408,18.273,0.528
2622,1,9.53,0.33,0.58782,-1.176,3.61,4.77,13.3,0.038,0.0,21.011,20.534,19.356,18.675,18.553,0.588
2623,1,9.55,-0.57,0.97568,0.116,3.797,4.445,12.9,0.038,0.0,17.38,16.933,16.466,16.209,16.18,0.976
2624,1,9.55,-0.53,0.34184,-1.665,3.603,4.995,11.6,0.036,0.0,20.533,19.987,18.904,18.314,18.163,0.342
2625,1,9.55,-0.51,0.43696,-1.431,3.615,4.914,12.3,0.037,0.0,20.648,20.105,19.054,18.437,18.299,0.437
2626,1,9.55,-0.51,0.629,-0.89,3.664,4.727,12.8,0.038,0.0,19.794,19.235,18.337,17.745,17.654,0.629
2627,1,9.55,-0.51,0.55081,-1.119,3.639,4.8,13.3,0.038,0.0,20.868,20.323,19.343,18.709,18.598,0.551
2628,1,9.55,-0.47,0.43593,-1.444,3.611,4.912,12.2,0.037,0.0,20.579,20.039,18.974,18.358,18.219,0.436
2629,1,9.55,-0.45,1.26569,0.829,3.756,3.682,13.2,0.038,0.0,15.898,15.365,14.783,14.445,14.4,1.266
2630,1,9.55,-0.43,1.03246,0.225,3.802,4.381,12.5,0.038,0.0,16.707,16.261,15.812,15.569,15.54,1.032
2631,1,9.55,-0.43,0.49467,-1.3,3.62,4.858,13.3,0.038,0.0,21.319,20.782,19.739,19.102,18.973,0.495
2632,1,9.55,-0.41,0.57787,-1.071,3.639,4.775,12.6,0.038,0.0,20.048,19.505,18.521,17.881,17.773,0.578
2633,1,9.55,-0.39,0.35729,-1.675,3.593,4.983,12.4,0.037,0.0,21.358,20.834,19.692,19.106,18.945,0.357
2634,1,9.55,-0.39,0.53166,-1.204,3.626,4.82,12.7,0.038,0.0,20.481,19.945,18.919,18.27,18.148,0.532
2635,1,9.55,-0.37,1.28298,0.756,3.727,3.644,14.1,0.038,0.0,16.979,16.408,15.735,15.327,15.271,1.283
2636,1,9.55,-0.35,0.46522,-1.395,3.608,4.881,11.8,0.037,0.0,20.059,19.527,18.44,17.814,17.677,0.465
2637,1,9.55,-0.35,0.5171,-1.255,3.62,4.833,11.9,0.037,0.0,19.807,19.273,18.224,17.579,17.453,0.517
2638,1,9.55,-0.35,1.25728,0.728,3.801,3.961,13.4,0.038,0.0,16.351,15.894,15.445,15.208,15.177,1.257
2639,1,9.55,-0.35,0.91417,-0.116,3.764,4.519,14.4,0.038,0.0,19.461,18.933,18.379,18.059,18.018,0.914
2640,1,9.55,-0.33,0.21481,-2.12,3.563,5.086,10.7,0.034,0.0,20.77,20.316,19.025,18.466,18.259,0.215
2641,1,9.55,-0.33,0.62832,-0.946,3.65,4.73,11.5,0.036,0.0,18.636,18.086,17.136,16.504,16.407,0.628
2642,1,9.55,-0.33,0.62717,-0.95,3.65,4.731,13.3,0.038,0.0,20.445,19.896,18.944,18.311,18.213,0.627
2643,1,9.55,-0.33,0.89149,-0.188,3.754,4.54,13.5,0.038,0.0,18.74,18.195,17.611,17.269,17.224,0.891
2644,1,9.55,-0.33,0.73443,-0.633,3.691,4.648,14.4,0.038,0.0,20.753,20.173,19.376,18.865,18.791,0.734
2645,1,9.55,-0.33,1.26155,0.718,3.8,3.965,15.3,0.038,0.0,18.274,17.812,17.36,17.12,17.089,1.262
2646,1,9.55,-0.31,0.18065,-2.32,3.54,5.121,10.2,0.031,0.0,20.77,20.384,18.98,18.425,18.193,0.181
2647,1,9.55,-0.31,0.65207,-0.88,3.657,4.708,12.6,0.038,0.0,19.571,19.014,18.09,17.478,17.385,0.652
2648,1,9.55,-0.31,0.43848,-1.472,3.601,4.901,13.0,0.038,0.0,21.449,20.922,19.805,19.188,19.045,0.438
2649,1,9.55,-0.29,0.36547,-1.671,3.588,4.969,10.2,0.031,0.0,19.147,18.635,17.456,16.871,16.707,0.365
2650,1,9.55,-0.29,0.6865,-0.788,3.668,4.679,11.5,0.036,0.0,18.241,17.674,16.789,16.205,16.119,0.687
2651,1,9.55,-0.29,0.61735,-0.991,3.644,4.741,12.6,0.038,0.0,19.849,19.304,18.33,17.689,17.586,0.617
2652,1,9.55,-0.29,0.55501,-1.163,3.626,4.797,12.8,0.038,0.0,20.478,19.947,18.913,18.255,18.137,0.555
2653,1,9.55,-0.29,0.66401,-0.852,3.66,4.699,13.4,0.038,0.0,20.301,19.742,18.827,18.222,18.131,0.664
2654,1,9.55,-0.29,1.30258,0.779,3.743,3.693,14.9,0.038,0.0,17.722,17.162,16.544,16.178,16.129,1.303
2655,1,9.55,-0.27,1.2861,0.827,3.816,3.93,9.0,0.024,0.0,11.702,11.262,10.862,10.66,10.632,1.286
2656,1,9.55,-0.27,0.23647,-2.048,3.564,5.062,9.8,0.029,0.0,19.689,19.232,17.94,17.381,17.177,0.236
2657,1,9.55,-0.27,0.65169,-0.894,3.654,4.71,11.4,0.036,0.0,18.405,17.851,16.915,16.294,16.199,0.652
2658,1,9.55,-0.27,0.80638,-0.444,3.718,4.606,11.8,0.037,0.0,17.681,17.098,16.397,15.963,15.903,0.806
2659,1,9.55,-0.27,0.48087,-1.37,3.607,4.865,12.3,0.037,0.0,20.494,19.969,18.869,18.236,18.101,0.481
2660,1,9.55,-0.27,0.7592,-0.583,3.697,4.634,12.9,0.038,0.0,19.128,18.543,17.767,17.273,17.203,0.759
2661,1,9.55,-0.25,0.46517,-1.414,3.603,4.878,11.8,0.037,0.0,20.106,19.583,18.466,17.838,17.699,0.465
2662,1,9.55,-0.25,0.54192,-1.209,3.621,4.81,12.2,0.037,0.0,19.992,19.464,18.408,17.752,17.63,0.542
2663,1,9.55,-0.25,1.0051,0.051,3.779,4.451,14.3,0.038,0.0,18.944,18.433,17.923,17.637,17.601,1.005
2664,1,9.55,-0.23,0.50995,-1.301,3.612,4.84,10.6,0.033,0.0,18.623,18.096,17.008,16.365,16.235,0.51
2665,1,9.55,-0.23,0.24569,-2.019,3.564,5.049,11.5,0.036,0.0,21.318,20.869,19.568,19.008,18.803,0.246
2666,1,9.55,-0.23,1.17279,0.472,3.814,4.236,13.1,0.038,0.0,16.689,16.253,15.841,15.63,15.602,1.173
2667,1,9.55,-0.23,0.73295,-0.675,3.682,4.65,13.6,0.038,0.0,20.057,19.479,18.646,18.105,18.027,0.733
2668,1,9.55,-0.23,0.78863,-0.513,3.706,4.617,13.7,0.038,0.0,19.753,19.166,18.423,17.956,17.89,0.789
2669,1,9.55,-0.23,0.84899,-0.343,3.73,4.578,14.3,0.038,0.0,19.927,19.35,18.692,18.293,18.238,0.849
2670,1,9.55,-0.21,0.76332,-0.594,3.693,4.633,11.0,0.035,0.0,17.256,16.669,15.88,15.375,15.303,0.763
2671,1,9.55,-0.21,0.38903,-1.616,3.587,4.938,11.3,0.036,0.0,20.111,19.611,18.411,17.822,17.658,0.389
2672,1,9.55,-0.21,0.36683,-1.68,3.584,4.963,12.3,0.037,0.0,21.271,20.777,19.562,18.98,18.811,0.367
2673,1,9.55,-0.21,0.41477,-1.548,3.591,4.915,12.7,0.038,0.0,21.34,20.836,19.655,19.054,18.899,0.415
2674,1,9.55,-0.21,1.33003,0.805,3.705,3.522,13.0,0.038,0.0,15.757,15.172,14.422,13.957,13.889,1.33
2675,1,9.55,-0.21,0.85137,-0.344,3.73,4.577,13.6,0.038,0.0,19.231,18.652,17.991,17.59,17.535,0.851
2676,1,9.55,-0.21,0.78009,-0.546,3.7,4.622,13.7,0.038,0.0,19.834,19.246,18.483,18.0,17.932,0.78
2677,1,9.55,-0.21,0.79064,-0.515,3.705,4.616,14.1,0.038,0.0,20.158,19.571,18.824,18.354,18.287,0.791
2678,1,9.55,-0.19,0.59392,-1.086,3.63,4.765,9.5,0.027,0.0,16.985,16.447,15.425,14.765,14.652,0.594
2679,1,9.55,-0.19,0.16057,-2.482,3.516,5.135,10.2,0.031,0.0,21.174,20.864,19.315,18.771,18.532,0.161
2680,1,9.55,-0.19,0.87999,-0.277,3.737,4.554,10.6,0.033,0.0,16.064,15.488,14.853,14.472,14.42,0.88
2681,1,9.55,-0.19,0.7717,-0.578,3.695,4.628,11.6,0.036,0.0,17.814,17.227,16.444,15.944,15.873,0.772
2682,1,9.55,-0.19,0.28573,-1.902,3.569,5.019,11.8,0.037,0.0,21.326,20.865,19.581,19.017,18.824,0.286
2683,1,9.55,-0.19,0.91039,-0.201,3.746,4.53,11.9,0.037,0.0,17.172,16.607,16.001,15.643,15.595,0.91
2684,1,9.55,-0.19,0.78502,-0.539,3.7,4.62,12.0,0.037,0.0,18.118,17.529,16.767,16.285,16.216,0.785
2685,1,9.55,-0.19,1.01907,0.059,3.777,4.44,12.4,0.037,0.0,17.022,16.503,15.988,15.699,15.662,1.019
2686,1,9.55,-0.19,0.74699,-0.649,3.684,4.643,13.0,0.038,0.0,19.393,18.812,17.988,17.455,17.378,0.747
2687,1,9.55,-0.17,0.23705,-2.062,3.558,5.055,9.7,0.028,0.0,19.626,19.192,17.86,17.302,17.088,0.237
2688,1,9.55,-0.17,0.73412,-0.693,3.677,4.651,10.3,0.032,0.0,16.803,16.222,15.373,14.818,14.738,0.734
2689,1,9.55,-0.17,0.58642,-1.111,3.627,4.772,11.1,0.035,0.0,18.647,18.118,17.08,16.415,16.3,0.586
2690,1,9.55,-0.17,0.90446,-0.223,3.743,4.535,11.3,0.036,0.0,16.627,16.058,15.441,15.074,15.025,0.904
2691,1,9.55,-0.17,0.40658,-1.576,3.588,4.919,11.7,0.037,0.0,20.409,19.913,18.708,18.114,17.953,0.407
2692,1,9.55,-0.17,0.30685,-1.846,3.572,5.004,11.9,0.037,0.0,21.284,20.816,19.541,18.976,18.787,0.307
2693,1,9.55,-0.17,1.26521,0.616,3.795,4.051,12.0,0.037,0.0,15.229,14.745,14.284,14.039,14.006,1.265
2694,1,9.55,-0.17,0.55761,-1.186,3.62,4.797,12.2,0.037,0.0,19.936,19.412,18.347,17.685,17.564,0.558
2695,1,9.55,-0.17,0.62961,-0.99,3.64,4.734,12.5,0.038,0.0,19.745,19.204,18.213,17.563,17.459,0.63
2696,1,9.55,-0.17,0.56759,-1.16,3.623,4.788,13.3,0.038,0.0,20.971,20.446,19.39,18.725,18.606,0.568
2697,1,9.55,-0.17,0.63196,-0.983,3.641,4.732,13.5,0.038,0.0,20.728,20.187,19.198,18.549,18.445,0.632
2698,1,9.55,-0.15,0.17613,-2.376,3.528,5.117,9.4,0.027,0.0,20.11,19.762,18.274,17.731,17.496,0.176
2699,1,9.55,-0.15,0.34536,-1.751,3.577,4.981,11.7,0.037,0.0,20.847,20.368,19.111,18.541,18.363,0.345
2700,1,9.55,-0.15,0.65303,-0.928,3.646,4.713,11.8,0.037,0.0,18.891,18.344,17.375,16.733,16.634,0.653
2701,1,9.55,-0.15,0.56644,-1.168,3.621,4.79,12.1,0.037,0.0,19.791,19.267,18.204,17.54,17.42,0.566
2702,1,9.55,-0.15,1.01734,0.045,3.773,4.439,12.3,0.037,0.0,16.958,16.43,15.905,15.61,15.572,1.017
2703,1,9.55,-0.15,0.46603,-1.43,3.598,4.874,12.7,0.038,0.0,21.044,20.534,19.381,18.754,18.612,0.466
2704,1,9.55,-0.15,1.10172,0.246,3.793,4.354,12.9,0.038,0.0,17.056,16.568,16.101,15.85,15.817,1.102
2705,1,9.55,-0.13,0.30992,-1.845,3.57,5.0,10.9,0.034,0.0,20.282,19.821,18.532,17.966,17.776,0.31
2706,1,9.55,-0.13,0.26131,-1.986,3.561,5.032,11.3,0.036,0.0,21.035,20.602,19.273,18.712,18.503,0.261
2707,1,9.55,-0.13,0.58267,-1.131,3.624,4.776,11.9,0.037,0.0,19.498,18.973,17.92,17.25,17.133,0.583
2708,1,9.55,-0.13,0.76881,-0.609,3.688,4.63,12.5,0.038,0.0,18.792,18.207,17.398,16.877,16.802,0.769
2709,1,9.55,-0.13,0.42052,-1.549,3.588,4.908,12.7,0.038,0.0,21.341,20.849,19.638,19.04,18.881,0.421
2710,1,9.55,-0.13,1.1145,0.269,3.794,4.34,13.8,0.038,0.0,17.898,17.41,16.947,16.698,16.666,1.115
2711,1,9.55,-0.13,1.24292,0.557,3.799,4.117,14.3,0.038,0.0,17.677,17.198,16.748,16.511,16.48,1.243
2712,1,9.55,-0.13,0.9719,-0.068,3.76,4.478,14.7,0.038,0.0,19.639,19.09,18.525,18.198,18.155,0.972
2713,1,9.55,-0.11,0.25645,-2.004,3.559,5.034,10.9,0.034,0.0,20.68,20.253,18.913,18.353,18.141,0.256
2714,1,9.55,-0.11,0.36591,-1.7,3.578,4.959,11.4,0.036,0.0,20.421,19.944,18.682,18.109,17.933,0.366
2715,1,9.55,-0.11,0.50443,-1.342,3.604,4.844,12.8,0.038,0.0,20.926,20.414,19.282,18.637,18.504,0.504
2716,1,9.55,-0.11,0.59596,-1.102,3.626,4.766,12.9,0.038,0.0,20.424,19.899,18.853,18.182,18.067,0.596
2717,1,9.55,-0.11,0.48125,-1.4,3.599,4.861,13.1,0.038,0.0,21.369,20.861,19.708,19.073,18.934,0.481
2718,1,9.55,-0.09,0.38461,-1.65,3.58,4.938,10.2,0.031,0.0,19.096,18.616,17.358,16.781,16.609,0.385
2719,1,9.55,-0.09,0.18094,-2.351,3.529,5.108,10.3,0.032,0.0,20.947,20.602,19.109,18.569,18.334,0.181
2720,1,9.55,-0.09,0.55182,-1.221,3.614,4.802,11.3,0.036,0.0,19.123,18.606,17.51,16.85,16.726,0.552
2721,1,9.55,-0.09,0.45351,-1.474,3.592,4.883,11.8,0.037,0.0,20.256,19.76,18.565,17.951,17.801,0.454
2722,1,9.55,-0.09,0.71737,-0.769,3.663,4.662,12.8,0.038,0.0,19.491,18.926,18.022,17.424,17.336,0.717
2723,1,9.55,-0.09,1.03597,0.078,3.774,4.416,13.0,0.038,0.0,17.576,17.044,16.523,16.23,16.192,1.036
2724,1,9.55,-0.09,0.79646,-0.545,3.696,4.613,13.1,0.038,0.0,19.231,18.641,17.862,17.366,17.295,0.796
2725,1,9.55,-0.09,0.53054,-1.277,3.609,4.821,13.1,0.038,0.0,21.064,20.55,19.435,18.781,18.653,0.531
2726,1,9.55,-0.09,0.62333,-1.031,3.633,4.742,13.4,0.038,0.0,20.747,20.216,19.194,18.531,18.422,0.623
2727,1,9.55,-0.07,0.48973,-1.387,3.598,4.855,9.4,0.027,0.0,17.638,17.126,15.969,15.333,15.196,0.49
2728,1,9.55,-0.07,0.35516,-1.738,3.574,4.968,10.2,0.031,0.0,19.314,18.845,17.56,16.993,16.812,0.355
2729,1,9.55,-0.07,0.51471,-1.324,3.604,4.835,11.2,0.035,0.0,19.28,18.769,17.634,16.985,16.854,0.515
2730,1,9.55,-0.07,0.28775,-1.917,3.563,5.01,11.5,0.036,0.0,21.063,20.63,19.297,18.735,18.53,0.288
2731,1,9.55,-0.07,1.14099,0.312,3.794,4.304,11.6,0.036,0.0,15.589,15.094,14.631,14.383,14.351,1.141
2732,1,9.55,-0.07,0.64671,-0.971,3.639,4.722,11.7,0.037,0.0,18.898,18.36,17.36,16.704,16.6,0.647
2733,1,9.55,-0.07,0.49435,-1.376,3.599,4.852,11.9,0.037,0.0,20.11,19.604,18.449,17.808,17.672,0.494
2734,1,9.55,-0.07,0.46476,-1.449,3.593,4.873,12.5,0.038,0.0,20.893,20.397,19.206,18.586,18.439,0.465
2735,1,9.55,-0.07,0.5548,-1.218,3.613,4.8,12.7,0.038,0.0,20.516,20.001,18.902,18.24,18.116,0.555
2736,1,9.55,-0.07,0.62973,-1.019,3.634,4.737,13.0,0.038,0.0,20.317,19.785,18.765,18.101,17.993,0.63
2737,1,9.55,-0.07,0.77553,-0.611,3.686,4.626,14.6,0.038,0.0,20.897,20.312,19.493,18.965,18.889,0.776
2738,1,9.55,-0.05,0.14952,-2.578,3.5,5.137,9.6,0.028,0.0,20.816,20.561,18.906,18.379,18.131,0.15
2739,1,9.55,-0.05,0.60612,-1.09,3.626,4.759,11.6,0.036,0.0,19.095,18.572,17.519,16.843,16.729,0.606
2740,1,9.55,-0.05,0.32868,-1.81,3.568,4.985,11.8,0.037,0.0,21.096,20.648,19.336,18.77,18.578,0.329
2741,1,9.55,-0.05,0.81222,-0.515,3.699,4.603,11.9,0.037,0.0,17.956,17.363,16.594,16.108,16.039,0.812
2742,1,9.55,-0.05,0.39429,-1.63,3.579,4.926,12.0,0.037,0.0,20.844,20.374,19.101,18.523,18.351,0.394
2743,1,9.55,-0.05,0.8736,-0.348,3.723,4.563,12.1,0.037,0.0,17.739,17.148,16.464,16.047,15.989,0.874
2744,1,9.55,-0.05,0.56196,-1.205,3.614,4.795,12.3,0.037,0.0,20.082,19.568,18.469,17.805,17.682,0.562
2745,1,9.55,-0.05,0.50068,-1.365,3.6,4.847,12.5,0.038,0.0,20.683,20.179,19.022,18.378,18.243,0.501
2746,1,9.55,-0.05,1.12784,0.291,3.791,4.307,12.7,0.038,0.0,16.741,16.239,15.767,15.513,15.479,1.128
2747,1,9.55,-0.05,1.16934,0.375,3.795,4.258,13.6,0.038,0.0,17.432,16.939,16.48,16.236,16.204,1.169
2748,1,9.55,-0.05,0.6152,-1.065,3.628,4.751,14.0,0.038,0.0,21.432,20.907,19.864,19.192,19.08,0.615
2749,1,9.55,-0.03,1.30371,0.648,3.786,3.994,11.9,0.037,0.0,15.05,14.536,14.051,13.79,13.754,1.304
2750,1,9.55,-0.03,1.30932,0.763,3.794,3.913,12.8,0.038,0.0,15.662,15.163,14.702,14.459,14.425,1.309
2751,1,9.55,-0.03,0.67006,-0.919,3.643,4.702,13.7,0.038,0.0,20.768,20.227,19.24,18.589,18.488,0.67
2752,1,9.55,-0.03,1.07958,0.186,3.781,4.353,14.0,0.038,0.0,18.304,17.781,17.281,17.005,16.969,1.08
2753,1,9.55,-0.01,0.37058,-1.704,3.573,4.949,9.6,0.028,0.0,18.63,18.168,16.866,16.299,16.117,0.371
2754,1,9.55,-0.01,0.40467,-1.609,3.579,4.914,11.0,0.035,0.0,19.792,19.325,18.042,17.464,17.293,0.405
2755,1,9.55,-0.01,0.53588,-1.282,3.605,4.817,11.7,0.037,0.0,19.676,19.17,18.032,17.375,17.246,0.536
2756,1,9.55,-0.01,0.41323,-1.587,3.58,4.908,12.3,0.037,0.0,21.038,20.569,19.294,18.711,18.542,0.413
2757,1,9.55,-0.01,0.74534,-0.716,3.668,4.646,13.2,0.038,0.0,19.76,19.187,18.302,17.719,17.634,0.745
2758,1,9.55,0.01,1.13503,0.299,3.787,4.287,9.9,0.03,0.0,13.922,13.402,12.923,12.663,12.629,1.135
2759,1,9.55,0.01,0.27728,-1.955,3.556,5.006,10.3,0.032,0.0,19.957,19.545,18.174,17.615,17.398,0.277
2760,1,9.55,0.01,0.25507,-2.023,3.552,5.021,10.6,0.033,0.0,20.428,20.028,18.639,18.083,17.858,0.255
2761,1,9.55,0.01,0.32281,-1.825,3.564,4.975,10.7,0.034,0.0,20.032,19.599,18.26,17.696,17.496,0.323
2762,1,9.55,0.01,0.26333,-1.998,3.553,5.016,10.9,0.034,0.0,20.664,20.261,18.878,18.321,18.099,0.263
2763,1,9.55,0.01,0.46205,-1.471,3.588,4.874,12.3,0.037,0.0,20.749,20.268,19.036,18.426,18.272,0.462
2764,1,9.55,0.01,0.4886,-1.406,3.594,4.855,12.4,0.037,0.0,20.686,20.196,18.996,18.367,18.224,0.489
2765,1,9.55,0.01,1.24858,0.509,3.785,4.114,13.7,0.038,0.0,17.199,16.682,16.196,15.935,15.899,1.249
2766,1,9.55,0.03,0.20514,-2.214,3.54,5.069,10.8,0.034,0.0,21.104,20.736,19.287,18.742,18.511,0.205
2767,1,9.55,0.03,0.36475,-1.716,3.57,4.944,11.1,0.035,0.0,20.16,19.714,18.392,17.824,17.637,0.365
2768,1,9.55,0.03,0.39962,-1.622,3.576,4.911,11.2,0.035,0.0,20.025,19.568,18.26,17.688,17.513,0.4
2769,1,9.55,0.03,0.89541,-0.317,3.723,4.547,11.5,0.036,0.0,17.064,16.468,15.788,15.376,15.318,0.895
2770,1,9.55,0.03,1.0128,-0.012,3.76,4.442,13.1,0.038,0.0,17.901,17.341,16.78,16.459,16.416,1.013
2771,1,9.55,0.05,0.21536,-2.177,3.541,5.059,11.1,0.035,0.0,21.312,20.942,19.499,18.953,18.722,0.215
2772,1,9.55,0.05,0.28253,-1.945,3.555,5.0,11.2,0.035,0.0,20.832,20.427,19.048,18.489,18.27,0.283
2773,1,9.55,0.05,1.3806,0.954,3.685,3.308,11.6,0.036,0.0,13.984,13.395,12.57,12.053,11.972,1.381
2774,1,9.55,0.05,1.35989,0.65,3.706,3.693,13.4,0.038,0.0,16.545,15.947,15.205,14.752,14.683,1.36
2775,1,9.55,0.05,1.07042,0.129,3.772,4.373,13.9,0.038,0.0,18.347,17.803,17.28,16.989,16.949,1.07
2776,1,9.55,0.07,0.31653,-1.85,3.56,4.977,11.1,0.035,0.0,20.496,20.077,18.717,18.153,17.946,0.317
2777,1,9.55,0.07,0.67016,-0.939,3.638,4.701,12.5,0.038,0.0,19.618,19.083,18.07,17.41,17.306,0.67
2778,1,9.55,0.09,0.73637,-0.764,3.658,4.648,12.1,0.037,0.0,18.78,18.217,17.288,16.677,16.586,0.736
2779,1,9.55,0.11,0.19811,-2.255,3.533,5.069,10.3,0.032,0.0,20.708,20.356,18.874,18.334,18.102,0.198
2780,1,9.55,0.11,0.49848,-1.391,3.593,4.843,11.0,0.035,0.0,19.247,18.772,17.542,16.91,16.765,0.498
2781,1,9.55,0.11,1.25087,0.476,3.78,4.124,13.0,0.038,0.0,16.58,16.043,15.544,15.276,15.237,1.251
2782,1,9.55,0.11,1.85172,0.308,4.265,6.083,13.9,0.038,0.0,17.901,19.784,20.036,20.14,20.19,0.884
2783,1,9.55,0.11,1.12767,0.25,3.779,4.301,14.2,0.038,0.0,18.346,17.808,17.305,17.032,16.995,1.128
2784,1,9.55,0.13,0.20412,-2.229,3.535,5.062,11.0,0.035,0.0,21.342,20.988,19.512,18.971,18.739,0.204
2785,1,9.55,0.13,0.2696,-1.997,3.549,5.006,11.3,0.036,0.0,21.063,20.675,19.269,18.714,18.485,0.27
2786,1,9.55,0.13,0.96708,-0.155,3.74,4.483,12.4,0.037,0.0,17.558,16.968,16.344,15.979,15.927,0.967
2787,1,9.55,0.15,0.11416,-2.91,3.462,5.201,8.9,0.023,0.0,20.945,20.832,18.933,18.408,18.143,0.114
2788,1,9.55,0.15,0.60931,-1.114,3.618,4.753,12.8,0.038,0.0,20.355,19.851,18.741,18.063,17.945,0.609
2789,1,9.55,0.15,0.4682,-1.47,3.585,4.864,13.0,0.038,0.0,21.445,20.99,19.704,19.096,18.939,0.468
2790,1,9.55,0.15,0.6399,-1.03,3.626,4.726,13.9,0.038,0.0,21.246,20.73,19.661,18.981,18.869,0.64
2791,1,9.55,0.17,0.88187,-0.389,3.708,4.549,11.2,0.035,0.0,16.944,16.338,15.603,15.153,15.086,0.882
2792,1,9.55,0.17,0.653,-1.0,3.629,4.715,13.3,0.038,0.0,20.569,20.05,18.991,18.316,18.205,0.653
2793,1,9.55,0.17,0.6372,-1.04,3.625,4.728,13.4,0.038,0.0,20.771,20.258,19.18,18.497,18.384,0.637
2794,1,9.55,0.19,1.4373,2.455,3.603,1.498,10.7,0.034,0.0,9.333,8.91,7.692,6.93,6.768,1.437
2795,1,9.55,0.19,0.712,-0.85,3.645,4.667,13.0,0.038,0.0,19.895,19.349,18.361,17.717,17.618,0.712
2796,1,9.55,0.23,0.52092,-1.341,3.595,4.82,11.5,0.036,0.0,19.623,19.161,17.916,17.266,17.127,0.521
2797,1,9.55,0.27,0.4834,-1.433,3.586,4.847,10.5,0.033,0.0,18.853,18.408,17.107,16.485,16.333,0.483
2798,1,9.55,0.27,0.94911,-0.219,3.729,4.496,12.1,0.037,0.0,17.417,16.81,16.153,15.768,15.711,0.949
2799,1,9.55,0.33,0.50752,-1.374,3.592,4.83,11.2,0.035,0.0,19.406,18.962,17.677,17.032,16.89,0.508
2800,1,9.55,0.35,1.42306,1.713,3.656,2.45,14.5,0.038,0.0,14.988,14.417,13.47,12.899,12.787,1.423
2801,1,9.57,-0.61,0.80011,-0.333,3.743,4.594,11.7,0.037,0.0,17.302,16.756,16.137,15.766,15.716,0.8
2802,1,9.57,-0.61,0.39044,-1.516,3.616,4.955,12.5,0.038,0.0,21.061,20.514,19.473,18.865,18.724,0.39
2803,1,9.57,-0.57,0.95606,0.073,3.792,4.46,10.8,0.034,0.0,15.387,14.927,14.448,14.182,14.151,0.956
2804,1,9.57,-0.53,0.58704,-1.01,3.65,4.763,12.0,0.037,0.0,19.294,18.744,17.799,17.174,17.073,0.587
2805,1,9.57,-0.49,0.30921,-1.763,3.594,5.014,11.9,0.037,0.0,21.076,20.541,19.421,18.841,18.679,0.309
2806,1,9.57,-0.47,0.15113,-2.513,3.52,5.157,9.6,0.028,0.0,20.653,20.317,18.827,18.264,18.027,0.151
2807,1,9.57,-0.45,0.38596,-1.574,3.602,4.952,12.2,0.037,0.0,20.906,20.367,19.271,18.671,18.523,0.386
2808,1,9.57,-0.45,1.09611,0.413,3.819,4.286,13.0,0.038,0.0,16.739,16.333,15.928,15.721,15.695,1.096
2809,1,9.57,-0.43,0.88416,-0.164,3.761,4.538,11.9,0.037,0.0,17.081,16.552,15.986,15.656,15.614,0.884
2810,1,9.57,-0.43,1.21321,0.791,3.813,3.928,13.0,0.038,0.0,15.793,15.369,14.951,14.736,14.707,1.213
2811,1,9.57,-0.43,1.1122,0.454,3.818,4.248,13.6,0.038,0.0,17.234,16.824,16.418,16.21,16.184,1.112
2812,1,9.57,-0.41,0.94034,-0.017,3.777,4.484,11.2,0.035,0.0,16.012,15.51,14.993,14.7,14.664,0.94
2813,1,9.57,-0.41,0.23043,-2.042,3.572,5.076,11.3,0.036,0.0,21.176,20.689,19.452,18.894,18.702,0.23
2814,1,9.57,-0.41,0.22734,-2.054,3.571,5.079,11.4,0.036,0.0,21.306,20.821,19.581,19.023,18.829,0.227
2815,1,9.57,-0.41,0.73338,-0.604,3.698,4.646,11.7,0.037,0.0,17.979,17.397,16.628,16.137,16.067,0.733
2816,1,9.57,-0.41,0.62227,-0.942,3.654,4.734,13.0,0.038,0.0,20.124,19.572,18.636,18.015,17.918,0.622
2817,1,9.57,-0.41,0.55707,-1.127,3.634,4.794,13.4,0.038,0.0,20.987,20.447,19.447,18.803,18.689,0.557
2818,1,9.57,-0.41,1.21119,0.783,3.811,3.928,14.4,0.038,0.0,17.214,16.783,16.36,16.141,16.112,1.211
2819,1,9.57,-0.39,0.80917,-0.381,3.732,4.6,11.9,0.037,0.0,17.622,17.054,16.399,16.001,15.947,0.809
2820,1,9.57,-0.39,0.52658,-1.218,3.625,4.824,12.7,0.038,0.0,20.516,19.98,18.95,18.3,18.177,0.527
2821,1,9.57,-0.37,0.21242,-2.122,3.564,5.091,11.2,0.035,0.0,21.275,20.814,19.537,18.978,18.773,0.212
2822,1,9.57,-0.37,0.30853,-1.806,3.584,5.014,11.5,0.036,0.0,20.786,20.277,19.091,18.518,18.345,0.309
2823,1,9.57,-0.37,0.34113,-1.724,3.589,4.996,12.3,0.037,0.0,21.381,20.864,19.702,19.121,18.955,0.341
2824,1,9.57,-0.37,0.45348,-1.423,3.607,4.891,12.6,0.038,0.0,20.926,20.394,19.304,18.683,18.543,0.453
2825,1,9.57,-0.35,0.36318,-1.667,3.591,4.974,10.9,0.034,0.0,19.837,19.317,18.161,17.575,17.413,0.363
2826,1,9.57,-0.35,0.28136,-1.888,3.578,5.032,11.6,0.036,0.0,21.089,20.592,19.374,18.81,18.628,0.281
2827,1,9.57,-0.35,1.21785,0.644,3.804,4.04,12.2,0.037,0.0,15.359,14.908,14.466,14.234,14.203,1.218
2828,1,9.57,-0.35,0.78587,-0.466,3.718,4.616,13.7,0.038,0.0,19.635,19.057,18.355,17.92,17.859,0.786
2829,1,9.57,-0.33,0.18749,-2.267,3.548,5.114,8.6,0.021,0.0,19.037,18.623,17.265,16.709,16.478,0.187
2830,1,9.57,-0.33,0.77558,-0.506,3.711,4.623,12.7,0.038,0.0,18.736,18.154,17.428,16.974,16.91,0.776
2831,1,9.57,-0.33,0.52442,-1.238,3.621,4.826,13.0,0.038,0.0,20.865,20.333,19.284,18.635,18.511,0.524
2832,1,9.57,-0.31,0.39838,-1.571,3.594,4.93,10.3,0.032,0.0,18.997,18.476,17.326,16.728,16.574,0.398
2833,1,9.57,-0.31,1.00031,0.096,3.787,4.435,12.2,0.037,0.0,16.73,16.24,15.752,15.481,15.447,1.0
2834,1,9.57,-0.31,0.45367,-1.433,3.604,4.888,12.6,0.038,0.0,20.952,20.424,19.317,18.694,18.554,0.454
2835,1,9.57,-0.31,0.63469,-0.931,3.651,4.723,13.5,0.038,0.0,20.598,20.047,19.101,18.472,18.375,0.635
2836,1,9.57,-0.31,0.74024,-0.621,3.692,4.644,13.8,0.038,0.0,20.122,19.541,18.749,18.241,18.168,0.74
2837,1,9.57,-0.31,0.6162,-0.988,3.645,4.741,14.2,0.038,0.0,21.44,20.894,19.925,19.285,19.183,0.616
2838,1,9.57,-0.31,0.75872,-0.566,3.701,4.633,14.5,0.038,0.0,20.684,20.099,19.338,18.857,18.788,0.759
2839,1,9.57,-0.29,0.4761,-1.378,3.607,4.869,9.4,0.027,0.0,17.614,17.08,15.986,15.357,15.222,0.476
2840,1,9.57,-0.29,0.29093,-1.869,3.576,5.021,10.1,0.031,0.0,19.543,19.05,17.816,17.253,17.07,0.291
2841,1,9.57,-0.29,0.94053,-0.08,3.765,4.499,13.0,0.038,0.0,17.971,17.44,16.89,16.574,16.533,0.941
2842,1,9.57,-0.27,0.33878,-1.747,3.583,4.992,10.2,0.031,0.0,19.338,18.835,17.63,17.055,16.883,0.339
2843,1,9.57,-0.27,0.96183,-0.038,3.769,4.483,11.4,0.036,0.0,16.265,15.739,15.201,14.894,14.855,0.962
2844,1,9.57,-0.27,0.65404,-0.886,3.655,4.707,11.5,0.036,0.0,18.484,17.929,16.997,16.378,16.284,0.654
2845,1,9.57,-0.27,1.05089,0.207,3.796,4.383,11.9,0.037,0.0,16.152,15.679,15.217,14.967,14.936,1.051
2846,1,9.57,-0.27,0.37123,-1.657,3.588,4.961,12.2,0.037,0.0,21.112,20.607,19.421,18.834,18.67,0.371
2847,1,9.57,-0.27,0.5821,-1.096,3.632,4.773,12.7,0.038,0.0,20.209,19.674,18.659,18.004,17.891,0.582
2848,1,9.57,-0.27,0.59925,-1.05,3.636,4.757,13.0,0.038,0.0,20.395,19.857,18.856,18.206,18.097,0.599
2849,1,9.57,-0.27,1.01254,0.095,3.784,4.432,13.6,0.038,0.0,18.132,17.636,17.141,16.866,16.832,1.013
2850,1,9.57,-0.25,0.34834,-1.726,3.583,4.985,12.2,0.037,0.0,21.285,20.788,19.579,19.001,18.83,0.348
2851,1,9.57,-0.25,0.6629,-0.867,3.657,4.7,12.8,0.038,0.0,19.737,19.181,18.254,17.639,17.546,0.663
2852,1,9.57,-0.25,0.95611,-0.06,3.766,4.488,13.6,0.038,0.0,18.521,17.989,17.441,17.126,17.085,0.956
2853,1,9.57,-0.25,0.79923,-0.47,3.713,4.609,14.2,0.038,0.0,20.145,19.561,18.843,18.396,18.333,0.799
2854,1,9.57,-0.25,0.65233,-0.897,3.653,4.709,14.3,0.038,0.0,21.311,20.759,19.818,19.193,19.098,0.652
2855,1,9.57,-0.23,0.37712,-1.647,3.586,4.952,11.1,0.035,0.0,19.987,19.486,18.287,17.701,17.536,0.377
2856,1,9.57,-0.23,1.03397,0.122,3.785,4.417,11.4,0.036,0.0,15.865,15.365,14.874,14.602,14.568,1.034
2857,1,9.57,-0.23,0.41877,-1.534,3.593,4.912,11.6,0.036,0.0,20.205,19.695,18.528,17.924,17.771,0.419
2858,1,9.57,-0.23,0.53047,-1.244,3.617,4.82,12.0,0.037,0.0,19.881,19.355,18.283,17.632,17.506,0.53
2859,1,9.57,-0.23,0.91118,-0.179,3.751,4.526,13.2,0.038,0.0,18.418,17.861,17.268,16.919,16.873,0.911
2860,1,9.57,-0.23,0.77224,-0.558,3.699,4.626,13.5,0.038,0.0,19.664,19.077,18.31,17.823,17.754,0.772
2861,1,9.57,-0.23,0.98448,-0.001,3.772,4.465,13.6,0.038,0.0,18.373,17.848,17.318,17.017,16.978,0.984
2862,1,9.57,-0.23,0.66585,-0.865,3.656,4.698,14.2,0.038,0.0,21.132,20.576,19.647,19.03,18.937,0.666
2863,1,9.57,-0.21,0.17418,-2.381,3.529,5.123,10.1,0.031,0.0,20.823,20.471,18.997,18.449,18.215,0.174
2864,1,9.57,-0.21,0.41432,-1.549,3.591,4.915,11.9,0.037,0.0,20.542,20.037,18.857,18.256,18.1,0.414
2865,1,9.57,-0.21,0.68506,-0.818,3.661,4.682,12.2,0.037,0.0,19.014,18.453,17.542,16.938,16.848,0.685
2866,1,9.57,-0.21,0.34763,-1.735,3.581,4.983,12.3,0.037,0.0,21.407,20.916,19.689,19.114,18.94,0.348
2867,1,9.57,-0.21,0.41206,-1.554,3.591,4.916,12.7,0.038,0.0,21.356,20.852,19.669,19.07,18.913,0.412
2868,1,9.57,-0.21,0.73664,-0.669,3.682,4.648,12.8,0.038,0.0,19.243,18.664,17.832,17.291,17.213,0.737
2869,1,9.57,-0.21,0.53167,-1.246,3.616,4.819,13.1,0.038,0.0,20.984,20.46,19.384,18.731,18.606,0.532
2870,1,9.57,-0.21,0.73934,-0.661,3.683,4.646,13.5,0.038,0.0,19.924,19.344,18.516,17.979,17.901,0.739
2871,1,9.57,-0.19,1.48747,-2.857,4.008,8.076,8.4,0.02,0.0,20.312,20.613,20.632,20.677,20.676,0.639
2872,1,9.57,-0.19,0.19497,-2.235,3.547,5.095,10.5,0.033,0.0,20.858,20.46,19.074,18.52,18.29,0.195
2873,1,9.57,-0.19,0.36008,-1.703,3.582,4.969,11.3,0.036,0.0,20.327,19.837,18.609,18.031,17.859,0.36
2874,1,9.57,-0.19,0.36911,-1.677,3.583,4.96,11.9,0.037,0.0,20.862,20.371,19.148,18.567,18.398,0.369
2875,1,9.57,-0.19,0.53695,-1.236,3.616,4.814,13.1,0.038,0.0,20.96,20.437,19.359,18.705,18.58,0.537
2876,1,9.57,-0.19,1.09892,0.28,3.798,4.338,13.1,0.038,0.0,17.17,16.694,16.24,15.998,15.967,1.099
2877,1,9.57,-0.19,0.63888,-0.955,3.645,4.724,13.3,0.038,0.0,20.458,19.913,18.939,18.296,18.195,0.639
2878,1,9.57,-0.17,0.7731,-0.578,3.694,4.626,11.4,0.036,0.0,17.616,17.028,16.242,15.739,15.668,0.773
2879,1,9.57,-0.17,0.56245,-1.173,3.621,4.792,12.2,0.037,0.0,19.902,19.378,18.317,17.654,17.534,0.562
2880,1,9.57,-0.17,0.60626,-1.056,3.633,4.754,13.1,0.038,0.0,20.511,19.978,18.959,18.3,18.189,0.606
2881,1,9.57,-0.15,0.18033,-2.346,3.531,5.112,8.7,0.022,0.0,19.335,18.974,17.507,16.962,16.729,0.18
2882,1,9.57,-0.15,0.49532,-1.356,3.604,4.851,10.8,0.034,0.0,18.961,18.444,17.318,16.678,16.544,0.495
2883,1,9.57,-0.15,0.23542,-2.072,3.557,5.055,11.1,0.035,0.0,21.049,20.626,19.281,18.723,18.506,0.235
2884,1,9.57,-0.15,0.9158,-0.197,3.745,4.523,12.3,0.037,0.0,17.562,16.994,16.385,16.024,15.975,0.916
2885,1,9.57,-0.15,1.09365,0.23,3.792,4.359,13.3,0.038,0.0,17.494,17.002,16.53,16.275,16.242,1.094
2886,1,9.57,-0.15,0.79431,-0.525,3.701,4.612,13.6,0.038,0.0,19.682,19.092,18.331,17.851,17.783,0.794
2887,1,9.57,-0.15,1.25451,0.592,3.792,4.06,13.8,0.038,0.0,17.09,16.598,16.129,15.878,15.844,1.255
2888,1,9.57,-0.13,0.21506,-2.152,3.551,5.073,10.8,0.034,0.0,20.95,20.545,19.172,18.616,18.389,0.215
2889,1,9.57,-0.13,0.65216,-0.935,3.645,4.713,11.6,0.036,0.0,18.708,18.163,17.187,16.542,16.442,0.652
2890,1,9.57,-0.13,0.55719,-1.197,3.618,4.797,12.2,0.037,0.0,19.962,19.441,18.363,17.701,17.579,0.557
2891,1,9.57,-0.13,0.37617,-1.667,3.581,4.949,12.3,0.037,0.0,21.237,20.756,19.509,18.931,18.759,0.376
2892,1,9.57,-0.13,0.98405,-0.033,3.763,4.464,12.5,0.038,0.0,17.353,16.809,16.255,15.937,15.896,0.984
2893,1,9.57,-0.13,0.86171,-0.345,3.726,4.569,12.8,0.038,0.0,18.432,17.847,17.176,16.768,16.711,0.862
2894,1,9.57,-0.13,0.94297,-0.135,3.752,4.5,13.0,0.038,0.0,18.107,17.545,16.956,16.611,16.566,0.943
2895,1,9.57,-0.11,0.17057,-2.421,3.521,5.121,9.3,0.026,0.0,20.122,19.797,18.266,17.728,17.491,0.171
2896,1,9.57,-0.11,1.19957,0.47,3.8,4.193,10.8,0.034,0.0,14.395,13.913,13.468,13.234,13.203,1.2
2897,1,9.57,-0.11,0.29353,-1.893,3.566,5.008,11.4,0.036,0.0,20.901,20.455,19.144,18.58,18.382,0.294
2898,1,9.57,-0.11,1.02442,0.06,3.773,4.425,11.7,0.037,0.0,16.321,15.788,15.263,14.967,14.929,1.024
2899,1,9.57,-0.11,0.56627,-1.178,3.619,4.79,12.1,0.037,0.0,19.815,19.295,18.22,17.555,17.434,0.566
2900,1,9.57,-0.09,0.60469,-1.082,3.628,4.758,12.9,0.038,0.0,20.376,19.85,18.807,18.136,18.023,0.605
2901,1,9.57,-0.09,0.7328,-0.723,3.67,4.652,13.4,0.038,0.0,19.978,19.406,18.527,17.949,17.865,0.733
2902,1,9.57,-0.09,0.59447,-1.11,3.625,4.767,13.5,0.038,0.0,21.045,20.522,19.468,18.795,18.679,0.594
2903,1,9.57,-0.09,0.651,-0.951,3.642,4.716,13.8,0.038,0.0,20.948,20.407,19.418,18.767,18.665,0.651
2904,1,9.57,-0.07,0.22602,-2.121,3.55,5.059,9.1,0.025,0.0,19.172,18.767,17.384,16.831,16.602,0.226
2905,1,9.57,-0.07,0.42557,-1.546,3.586,4.901,10.2,0.031,0.0,18.834,18.347,17.115,16.52,16.36,0.426
2906,1,9.57,-0.07,0.28571,-1.923,3.562,5.011,10.4,0.032,0.0,19.977,19.543,18.21,17.648,17.442,0.286
2907,1,9.57,-0.07,0.60794,-1.079,3.627,4.756,11.1,0.035,0.0,18.566,18.04,16.996,16.324,16.211,0.608
2908,1,9.57,-0.07,0.34141,-1.774,3.572,4.979,11.8,0.037,0.0,21.005,20.546,19.25,18.684,18.498,0.341
2909,1,9.57,-0.07,0.39812,-1.615,3.581,4.921,12.5,0.038,0.0,21.307,20.832,19.572,18.99,18.821,0.398
2910,1,9.57,-0.07,0.92573,-0.198,3.742,4.516,13.1,0.038,0.0,18.365,17.79,17.17,16.802,16.752,0.926
2911,1,9.57,-0.07,0.84115,-0.423,3.713,4.582,14.9,0.038,0.0,20.727,20.136,19.417,18.971,18.908,0.841
2912,1,9.57,-0.05,0.40719,-1.595,3.581,4.914,11.7,0.037,0.0,20.457,19.983,18.721,18.138,17.97,0.407
2913,1,9.57,-0.05,0.57227,-1.178,3.617,4.786,11.9,0.037,0.0,19.614,19.098,18.01,17.342,17.222,0.572
2914,1,9.57,-0.05,0.4859,-1.399,3.597,4.857,12.5,0.038,0.0,20.769,20.269,19.095,18.461,18.321,0.486
2915,1,9.57,-0.05,0.54313,-1.253,3.609,4.81,12.6,0.038,0.0,20.503,19.992,18.875,18.216,18.09,0.543
2916,1,9.57,-0.05,0.72325,-0.764,3.663,4.658,13.0,0.038,0.0,19.681,19.116,18.208,17.608,17.519,0.723
2917,1,9.57,-0.05,0.92875,-0.196,3.741,4.513,14.2,0.038,0.0,19.461,18.885,18.263,17.894,17.844,0.929
2918,1,9.57,-0.03,0.52569,-1.304,3.604,4.825,11.3,0.036,0.0,19.329,18.821,17.682,17.028,16.899,0.526
2919,1,9.57,-0.03,0.52057,-1.317,3.603,4.83,12.5,0.038,0.0,20.562,20.057,18.912,18.26,18.129,0.521
2920,1,9.57,-0.03,0.74255,-0.716,3.669,4.647,12.7,0.038,0.0,19.26,18.687,17.804,17.224,17.139,0.743
2921,1,9.57,-0.03,0.64978,-0.973,3.637,4.719,13.7,0.038,0.0,20.903,20.368,19.359,18.698,18.594,0.65
2922,1,9.57,-0.01,0.15851,-2.519,3.506,5.127,9.8,0.029,0.0,20.868,20.597,18.969,18.443,18.198,0.159
2923,1,9.57,-0.01,0.27335,-1.97,3.556,5.016,11.4,0.036,0.0,21.096,20.685,19.316,18.756,18.54,0.273
2924,1,9.57,-0.01,0.51371,-1.339,3.6,4.836,11.8,0.037,0.0,19.918,19.416,18.258,17.607,17.475,0.514
2925,1,9.57,-0.01,0.75707,-0.682,3.673,4.638,12.5,0.038,0.0,18.974,18.395,17.53,16.962,16.88,0.757
2926,1,9.57,-0.01,1.17999,0.401,3.788,4.208,14.1,0.038,0.0,17.868,17.358,16.88,16.623,16.589,1.18
2927,1,9.57,-0.01,0.78768,-0.595,3.686,4.618,14.4,0.038,0.0,20.658,20.071,19.252,18.724,18.649,0.788
2928,1,9.57,0.01,0.24673,-2.051,3.55,5.028,10.0,0.03,0.0,19.897,19.5,18.105,17.551,17.322,0.247
2929,1,9.57,0.01,0.29935,-1.886,3.56,4.987,11.3,0.036,0.0,20.785,20.364,19.008,18.446,18.238,0.299
2930,1,9.57,0.01,0.32317,-1.823,3.564,4.974,11.8,0.037,0.0,21.128,20.696,19.356,18.792,18.592,0.323
2931,1,9.57,0.01,0.55302,-1.24,3.609,4.801,13.0,0.038,0.0,20.871,20.365,19.236,18.573,18.447,0.553
2932,1,9.57,0.03,1.01688,0.004,3.761,4.433,8.5,0.021,0.0,13.259,12.69,12.14,11.824,11.782,1.017
2933,1,9.57,0.03,0.50277,-1.372,3.596,4.843,11.2,0.035,0.0,19.401,18.909,17.719,17.08,16.941,0.503
2934,1,9.57,0.03,0.7067,-0.834,3.65,4.669,12.0,0.037,0.0,18.854,18.302,17.344,16.706,16.611,0.707
2935,1,9.57,0.03,0.79399,-0.591,3.682,4.603,13.0,0.038,0.0,19.248,18.662,17.83,17.291,17.214,0.794
2936,1,9.57,0.03,1.29994,0.732,3.784,3.903,13.1,0.038,0.0,16.04,15.518,15.03,14.769,14.732,1.3
2937,1,9.57,0.03,1.24791,0.503,3.781,4.1,13.4,0.038,0.0,16.914,16.386,15.887,15.616,15.579,1.248
2938,1,9.57,0.03,1.0851,0.179,3.777,4.348,13.6,0.038,0.0,17.922,17.387,16.877,16.596,16.558,1.085
2939,1,9.57,0.03,0.91054,-0.273,3.729,4.534,14.0,0.038,0.0,19.453,18.863,18.202,17.805,17.75,0.911
2940,1,9.57,0.05,0.22257,-2.149,3.543,5.051,10.9,0.034,0.0,21.043,20.668,19.233,18.685,18.455,0.223
2941,1,9.57,0.05,0.84279,-0.461,3.701,4.574,13.1,0.038,0.0,19.023,18.425,17.664,17.188,17.119,0.843
2942,1,9.57,0.07,0.60635,-1.11,3.62,4.756,10.1,0.031,0.0,17.644,17.129,16.041,15.365,15.248,0.606
2943,1,9.57,0.07,1.14462,0.308,3.783,4.268,12.5,0.038,0.0,16.501,15.974,15.484,15.219,15.182,1.145
2944,1,9.57,0.09,0.22013,-2.163,3.54,5.051,10.3,0.032,0.0,20.479,20.109,18.662,18.117,17.885,0.22
2945,1,9.57,0.09,0.46935,-1.461,3.587,4.866,11.3,0.036,0.0,19.723,19.254,17.997,17.385,17.231,0.469
2946,1,9.57,0.09,0.44901,-1.511,3.583,4.88,11.8,0.037,0.0,20.349,19.888,18.606,18.008,17.847,0.449
2947,1,9.57,0.09,0.39453,-1.642,3.573,4.914,12.2,0.037,0.0,21.076,20.633,19.303,18.73,18.551,0.395
2948,1,9.57,0.09,0.67255,-0.935,3.638,4.698,12.5,0.038,0.0,19.609,19.074,18.06,17.399,17.295,0.673
2949,1,9.57,0.09,0.42,-1.58,3.578,4.898,12.7,0.038,0.0,21.42,20.97,19.658,19.076,18.905,0.42
2950,1,9.57,0.11,0.81407,-0.555,3.685,4.59,9.7,0.028,0.0,15.859,15.261,14.443,13.919,13.843,0.814
2951,1,9.57,0.11,1.35654,0.714,3.69,3.564,11.8,0.037,0.0,14.785,14.19,13.388,12.89,12.812,1.357
2952,1,9.57,0.11,0.41473,-1.595,3.576,4.9,12.0,0.037,0.0,20.757,20.312,18.986,18.408,18.235,0.415
2953,1,9.57,0.11,0.92152,-0.265,3.727,4.521,12.8,0.038,0.0,18.232,17.634,16.967,16.569,16.512,0.922
2954,1,9.57,0.11,0.95861,-0.167,3.739,4.488,12.9,0.038,0.0,18.088,17.499,16.872,16.504,16.452,0.959
2955,1,9.57,0.13,0.87119,-0.405,3.707,4.555,13.5,0.038,0.0,19.281,18.679,17.94,17.485,17.418,0.871
2956,1,9.57,0.13,0.67329,-0.94,3.636,4.698,13.8,0.038,0.0,20.92,20.389,19.365,18.703,18.598,0.673
2957,1,9.57,0.15,0.2434,-2.085,3.542,5.023,10.0,0.03,0.0,19.981,19.607,18.169,17.621,17.391,0.243
2958,1,9.57,0.15,0.63457,-1.044,3.625,4.73,10.8,0.034,0.0,18.18,17.664,16.59,15.908,15.795,0.635
2959,1,9.57,0.15,0.91437,-0.295,3.721,4.525,12.5,0.038,0.0,18.007,17.404,16.718,16.307,16.247,0.914
2960,1,9.57,0.15,0.92148,-0.275,3.724,4.519,13.9,0.038,0.0,19.359,18.757,18.08,17.675,17.616,0.921
2961,1,9.57,0.17,0.47744,-1.448,3.586,4.856,12.5,0.038,0.0,20.891,20.436,19.153,18.539,18.385,0.477
2962,1,9.57,0.19,0.69442,-0.896,3.64,4.68,13.4,0.038,0.0,20.409,19.873,18.859,18.205,18.102,0.694
2963,1,9.57,0.21,0.22023,-2.177,3.535,5.043,8.0,0.018,0.0,18.212,17.848,16.377,15.838,15.606,0.22
2964,1,9.57,0.21,0.61854,-1.096,3.618,4.744,10.7,0.034,0.0,18.21,17.707,16.592,15.912,15.795,0.619
2965,1,9.57,0.21,0.76146,-0.718,3.661,4.627,13.7,0.038,0.0,20.266,19.696,18.776,18.177,18.087,0.761
2966,1,9.57,0.21,0.66179,-0.981,3.63,4.707,13.8,0.038,0.0,21.023,20.502,19.445,18.773,18.663,0.662
2967,1,9.57,0.23,0.49851,-1.396,3.59,4.836,12.7,0.038,0.0,20.961,20.509,19.232,18.601,18.454,0.499
2968,1,9.57,0.25,0.21818,-2.184,3.534,5.045,10.8,0.034,0.0,21.031,20.678,19.2,18.659,18.426,0.218
2969,1,9.57,0.25,1.05518,0.057,3.759,4.386,12.8,0.038,0.0,17.428,16.849,16.29,15.979,15.933,1.055
2970,1,9.57,0.25,0.65094,-1.01,3.627,4.717,13.9,0.038,0.0,21.195,20.68,19.606,18.928,18.816,0.651
2971,1,9.57,0.29,0.84541,-0.492,3.691,4.568,11.4,0.036,0.0,17.4,16.794,15.998,15.503,15.427,0.845
2972,1,9.57,0.31,0.12829,-2.792,3.472,5.172,9.4,0.027,0.0,21.15,20.999,19.164,18.642,18.38,0.128
2973,1,9.59,-0.65,0.48419,-1.273,3.634,4.877,11.2,0.035,0.0,19.152,18.602,17.615,16.994,16.872,0.484
2974,1,9.59,-0.63,0.82713,-0.243,3.756,4.569,11.8,0.037,0.0,17.177,16.651,16.069,15.726,15.681,0.827
2975,1,9.59,-0.57,1.16641,0.632,3.819,4.097,13.1,0.038,0.0,16.29,15.893,15.489,15.282,15.256,1.166
2976,1,9.59,-0.57,0.66037,-0.765,3.682,4.696,13.6,0.038,0.0,20.283,19.713,18.883,18.344,18.263,0.66
2977,1,9.59,-0.55,0.62053,-0.9,3.664,4.731,9.5,0.027,0.0,16.519,15.953,15.06,14.471,14.38,0.621
2978,1,9.59,-0.51,0.90118,-0.09,3.772,4.516,14.2,0.038,0.0,19.195,18.69,18.155,17.847,17.809,0.901
2979,1,9.59,-0.47,0.97555,0.091,3.791,4.446,13.1,0.038,0.0,17.643,17.176,16.694,16.427,16.396,0.976
2980,1,9.59,-0.45,0.93841,-0.012,3.779,4.485,12.5,0.038,0.0,17.299,16.805,16.292,16.002,15.967,0.938
2981,1,9.59,-0.45,0.67601,-0.76,3.678,4.684,12.6,0.038,0.0,19.27,18.7,17.853,17.298,17.217,0.676
2982,1,9.59,-0.43,0.43995,-1.443,3.609,4.906,11.9,0.037,0.0,20.277,19.739,18.663,18.045,17.906,0.44
2983,1,9.59,-0.43,0.56036,-1.112,3.636,4.79,12.4,0.037,0.0,19.949,19.407,18.415,17.775,17.663,0.56
2984,1,9.59,-0.43,0.78299,-0.445,3.723,4.613,12.5,0.038,0.0,18.381,17.807,17.123,16.701,16.643,0.783
2985,1,9.59,-0.43,0.45977,-1.392,3.613,4.889,12.6,0.038,0.0,20.849,20.312,19.247,18.623,18.487,0.46
2986,1,9.59,-0.43,0.70505,-0.681,3.687,4.661,13.1,0.038,0.0,19.573,18.998,18.186,17.661,17.585,0.705
2987,1,9.59,-0.41,0.38388,-1.592,3.598,4.953,12.3,0.037,0.0,21.049,20.516,19.401,18.804,18.652,0.384
2988,1,9.59,-0.41,0.77005,-0.488,3.716,4.622,12.8,0.038,0.0,18.791,18.214,17.505,17.065,17.003,0.77
2989,1,9.59,-0.41,1.13669,0.52,3.81,4.159,13.3,0.038,0.0,16.77,16.339,15.912,15.689,15.661,1.137
2990,1,9.59,-0.41,0.96459,0.057,3.785,4.45,13.5,0.038,0.0,18.128,17.642,17.144,16.866,16.832,0.965
2991,1,9.59,-0.39,0.86041,-0.232,3.751,4.556,11.3,0.036,0.0,16.651,16.102,15.51,15.16,15.114,0.86
2992,1,9.59,-0.39,0.26249,-1.935,3.577,5.046,11.7,0.037,0.0,21.308,20.809,19.594,19.032,18.848,0.262
2993,1,9.59,-0.37,0.31511,-1.789,3.585,5.011,11.8,0.037,0.0,21.043,20.533,19.352,18.777,18.605,0.315
2994,1,9.59,-0.37,0.70367,-0.707,3.681,4.662,13.0,0.038,0.0,19.539,18.964,18.129,17.585,17.506,0.704
2995,1,9.59,-0.37,0.50737,-1.276,3.619,4.841,13.1,0.038,0.0,21.061,20.527,19.476,18.834,18.706,0.507
2996,1,9.59,-0.35,0.19618,-2.2,3.557,5.104,10.7,0.034,0.0,20.97,20.533,19.219,18.66,18.442,0.196
2997,1,9.59,-0.35,0.72037,-0.663,3.687,4.653,12.5,0.038,0.0,18.928,18.351,17.539,17.014,16.938,0.72
2998,1,9.59,-0.35,0.6057,-1.008,3.644,4.748,13.9,0.038,0.0,21.19,20.645,19.672,19.033,18.929,0.606
2999,1,9.59,-0.33,0.1751,-2.357,3.536,5.128,8.3,0.02,0.0,18.963,18.58,17.161,16.607,16.375,0.175
3000,1,9.59,-0.33,0.23741,-2.033,3.568,5.064,10.5,0.033,0.0,20.352,19.882,18.616,18.056,17.858,0.237
3001,1,9.59,-0.33,1.12257,0.447,3.817,4.255,10.6,0.033,0.0,14.252,13.828,13.424,13.217,13.191,1.123
3002,1,9.59,-0.33,0.32251,-1.778,3.584,5.004,11.3,0.036,0.0,20.514,20.008,18.815,18.241,18.068,0.323
3003,1,9.59,-0.33,1.17917,0.564,3.811,4.135,11.5,0.036,0.0,14.861,14.424,14.002,13.784,13.755,1.179
3004,1,9.59,-0.33,0.47571,-1.37,3.61,4.87,12.0,0.037,0.0,20.195,19.665,18.579,17.949,17.814,0.476
3005,1,9.59,-0.33,0.96893,0.031,3.78,4.46,12.7,0.038,0.0,17.391,16.89,16.383,16.098,16.063,0.969
3006,1,9.59,-0.33,0.70255,-0.725,3.677,4.664,12.9,0.038,0.0,19.483,18.909,18.06,17.504,17.422,0.703
3007,1,9.59,-0.31,1.07717,0.337,3.809,4.313,11.5,0.036,0.0,15.426,14.984,14.556,14.331,14.303,1.077
3008,1,9.59,-0.31,0.41931,-1.518,3.597,4.914,11.7,0.037,0.0,20.264,19.741,18.608,18.0,17.851,0.419
3009,1,9.59,-0.29,0.48506,-1.354,3.609,4.861,9.0,0.024,0.0,17.154,16.618,15.532,14.899,14.766,0.485
3010,1,9.59,-0.29,0.12859,-2.736,3.493,5.202,9.2,0.025,0.0,20.811,20.569,18.901,18.349,18.107,0.129
3011,1,9.59,-0.29,0.60194,-1.036,3.639,4.754,10.6,0.033,0.0,17.96,17.416,16.426,15.779,15.672,0.602
3012,1,9.59,-0.29,0.27916,-1.904,3.574,5.029,11.5,0.036,0.0,21.03,20.546,19.3,18.738,18.551,0.279
3013,1,9.59,-0.29,0.65,-0.891,3.655,4.71,12.6,0.038,0.0,19.597,19.042,18.11,17.492,17.398,0.65
3014,1,9.59,-0.29,1.0181,0.138,3.79,4.413,13.0,0.038,0.0,17.426,16.942,16.461,16.197,16.164,1.018
3015,1,9.59,-0.27,0.2887,-1.879,3.574,5.021,10.4,0.032,0.0,19.867,19.38,18.135,17.573,17.388,0.289
3016,1,9.59,-0.27,0.43757,-1.48,3.599,4.899,11.6,0.036,0.0,20.069,19.547,18.415,17.799,17.654,0.438
3017,1,9.59,-0.27,0.47407,-1.386,3.606,4.87,13.1,0.038,0.0,21.335,20.811,19.706,19.075,18.938,0.474
3018,1,9.59,-0.27,0.72757,-0.672,3.683,4.651,13.3,0.038,0.0,19.749,19.171,18.345,17.809,17.731,0.728
3019,1,9.59,-0.25,0.37014,-1.663,3.586,4.961,11.4,0.036,0.0,20.328,19.825,18.63,18.045,17.88,0.37
3020,1,9.59,-0.25,0.60272,-1.044,3.636,4.754,11.6,0.036,0.0,18.98,18.442,17.441,16.79,16.681,0.603
3021,1,9.59,-0.25,0.59177,-1.074,3.633,4.764,12.1,0.037,0.0,19.556,19.02,18.008,17.354,17.242,0.592
3022,1,9.59,-0.25,0.54573,-1.197,3.622,4.805,12.5,0.038,0.0,20.262,19.734,18.682,18.024,17.903,0.546
3023,1,9.59,-0.25,0.49503,-1.336,3.609,4.852,12.7,0.038,0.0,20.809,20.285,19.19,18.551,18.418,0.495
3024,1,9.59,-0.23,0.29086,-1.879,3.572,5.017,10.7,0.034,0.0,20.168,19.691,18.43,17.867,17.679,0.291
3025,1,9.59,-0.23,0.56909,-1.14,3.627,4.785,12.1,0.037,0.0,19.719,19.189,18.152,17.49,17.372,0.569
3026,1,9.59,-0.23,0.38253,-1.631,3.587,4.946,12.4,0.037,0.0,21.247,20.746,19.549,18.961,18.797,0.383
3027,1,9.59,-0.23,0.51978,-1.273,3.614,4.83,13.0,0.038,0.0,20.952,20.428,19.347,18.699,18.571,0.52
3028,1,9.59,-0.21,0.42691,-1.517,3.593,4.905,11.0,0.035,0.0,19.563,19.053,17.885,17.278,17.127,0.427
3029,1,9.59,-0.21,0.21533,-2.137,3.556,5.077,11.3,0.036,0.0,21.413,20.99,19.649,19.091,18.872,0.215
3030,1,9.59,-0.21,0.75398,-0.616,3.69,4.636,12.0,0.037,0.0,18.31,17.726,16.924,16.408,16.334,0.754
3031,1,9.59,-0.21,1.31105,1.03,3.693,3.246,12.1,0.037,0.0,14.296,13.713,12.921,12.423,12.349,1.311
3032,1,9.59,-0.21,0.53757,-1.229,3.617,4.813,12.2,0.037,0.0,20.042,19.517,18.446,17.792,17.668,0.538
3033,1,9.59,-0.21,0.41682,-1.542,3.592,4.913,12.3,0.037,0.0,20.925,20.42,19.242,18.64,18.485,0.417
3034,1,9.59,-0.21,0.87536,-0.275,3.738,4.553,12.9,0.038,0.0,18.357,17.786,17.153,16.773,16.721,0.875
3035,1,9.59,-0.21,0.62699,-0.983,3.642,4.733,13.1,0.038,0.0,20.326,19.784,18.802,18.156,18.052,0.627
3036,1,9.59,-0.19,0.49955,-1.337,3.607,4.848,10.8,0.034,0.0,18.912,18.391,17.281,16.641,16.508,0.5
3037,1,9.59,-0.19,0.32991,-1.783,3.577,4.992,11.8,0.037,0.0,21.027,20.544,19.294,18.726,18.546,0.33
3038,1,9.59,-0.19,0.59087,-1.092,3.63,4.767,12.0,0.037,0.0,19.501,18.97,17.941,17.279,17.166,0.591
3039,1,9.59,-0.19,0.57981,-1.121,3.627,4.776,12.5,0.038,0.0,20.074,19.545,18.506,17.842,17.726,0.58
3040,1,9.59,-0.19,0.56167,-1.169,3.622,4.792,13.1,0.038,0.0,20.793,20.267,19.212,18.549,18.429,0.562
3041,1,9.59,-0.17,0.69841,-0.793,3.662,4.67,11.6,0.036,0.0,18.352,17.788,16.881,16.281,16.192,0.698
3042,1,9.59,-0.17,0.50248,-1.333,3.607,4.845,11.7,0.037,0.0,19.804,19.285,18.171,17.529,17.396,0.502
3043,1,9.59,-0.17,0.60107,-1.07,3.631,4.758,12.5,0.038,0.0,19.946,19.414,18.39,17.728,17.617,0.601
3044,1,9.59,-0.17,0.62273,-1.007,3.638,4.738,13.2,0.038,0.0,20.487,19.949,18.95,18.297,18.191,0.623
3045,1,9.59,-0.15,0.22162,-2.123,3.554,5.068,10.8,0.034,0.0,20.879,20.464,19.106,18.549,18.327,0.222
3046,1,9.59,-0.15,0.33232,-1.783,3.575,4.988,10.9,0.034,0.0,20.128,19.651,18.385,17.819,17.638,0.332
3047,1,9.59,-0.15,0.51534,-1.303,3.609,4.834,11.1,0.035,0.0,19.128,18.609,17.501,16.853,16.723,0.515
3048,1,9.59,-0.15,0.5186,-1.294,3.609,4.831,11.2,0.035,0.0,19.206,18.687,17.581,16.933,16.803,0.519
3049,1,9.59,-0.15,0.25141,-2.012,3.561,5.038,11.6,0.036,0.0,21.399,20.966,19.637,19.077,18.867,0.251
3050,1,9.59,-0.15,0.79536,-0.518,3.702,4.61,13.4,0.038,0.0,19.465,18.875,18.118,17.641,17.573,0.795
3051,1,9.59,-0.15,1.12859,0.338,3.799,4.295,13.6,0.038,0.0,17.526,17.048,16.597,16.358,16.327,1.129
3052,1,9.59,-0.15,1.32761,1.268,3.681,2.964,14.3,0.038,0.0,15.9,15.322,14.483,13.95,13.868,1.328
3053,1,9.59,-0.13,1.46509,-2.603,4.068,8.061,8.2,0.019,0.0,19.478,20.133,20.224,20.288,20.302,0.633
3054,1,9.59,-0.13,0.22098,-2.129,3.552,5.067,10.7,0.034,0.0,20.793,20.383,19.017,18.461,18.236,0.221
3055,1,9.59,-0.13,0.6745,-0.871,3.652,4.692,10.8,0.034,0.0,17.748,17.194,16.246,15.615,15.52,0.674
3056,1,9.59,-0.13,0.67289,-0.876,3.651,4.694,12.4,0.037,0.0,19.359,18.808,17.857,17.224,17.128,0.673
3057,1,9.59,-0.13,1.04361,0.115,3.779,4.403,13.3,0.038,0.0,17.782,17.264,16.757,16.474,16.438,1.044
3058,1,9.59,-0.13,0.56311,-1.18,3.619,4.792,13.8,0.038,0.0,21.521,21.0,19.928,19.264,19.143,0.563
3059,1,9.59,-0.11,0.36963,-1.689,3.579,4.955,10.6,0.033,0.0,19.592,19.112,17.854,17.28,17.105,0.37
3060,1,9.59,-0.11,1.36224,0.303,4.713,7.722,11.5,0.036,0.0,15.512,20.17,20.604,20.759,20.858,0.618
3061,1,9.59,-0.11,0.7036,-0.798,3.66,4.668,13.1,0.038,0.0,19.866,19.306,18.386,17.777,17.687,0.704
3062,1,9.59,-0.09,0.1778,-2.372,3.526,5.111,9.4,0.027,0.0,20.101,19.76,18.255,17.717,17.482,0.178
3063,1,9.59,-0.09,0.17887,-2.365,3.527,5.11,10.0,0.03,0.0,20.682,20.341,18.84,18.3,18.066,0.179
3064,1,9.59,-0.09,0.51131,-1.327,3.604,4.837,11.0,0.035,0.0,19.088,18.576,17.444,16.797,16.665,0.511
3065,1,9.59,-0.09,0.43101,-1.528,3.588,4.898,11.7,0.037,0.0,20.29,19.801,18.583,17.983,17.825,0.431
3066,1,9.59,-0.09,0.75922,-0.645,3.681,4.634,11.8,0.037,0.0,18.183,17.6,16.766,16.223,16.145,0.759
3067,1,9.59,-0.09,0.83866,-0.419,3.714,4.582,12.1,0.037,0.0,17.919,17.328,16.613,16.17,16.108,0.839
3068,1,9.59,-0.07,0.15662,-2.525,3.507,5.132,9.7,0.028,0.0,20.782,20.504,18.891,18.359,18.115,0.157
3069,1,9.59,-0.07,0.17931,-2.365,3.526,5.108,9.9,0.03,0.0,20.582,20.243,18.735,18.198,17.963,0.179
3070,1,9.59,-0.07,0.51092,-1.333,3.603,4.838,10.6,0.033,0.0,18.702,18.19,17.053,16.405,16.273,0.511
3071,1,9.59,-0.07,0.49385,-1.376,3.599,4.851,11.8,0.037,0.0,20.01,19.504,18.349,17.708,17.572,0.494
3072,1,9.59,-0.07,0.3851,-1.651,3.579,4.936,12.1,0.037,0.0,20.998,20.526,19.257,18.681,18.508,0.385
3073,1,9.59,-0.07,0.48409,-1.399,3.597,4.858,12.2,0.037,0.0,20.468,19.965,18.798,18.164,18.024,0.484
3074,1,9.59,-0.07,0.6362,-0.997,3.636,4.729,14.1,0.038,0.0,21.363,20.829,19.817,19.156,19.05,0.636
3075,1,9.59,-0.05,0.52985,-1.287,3.606,4.821,9.8,0.029,0.0,17.789,17.274,16.148,15.494,15.366,0.53
3076,1,9.59,-0.05,0.27416,-1.961,3.559,5.018,10.1,0.031,0.0,19.771,19.347,17.997,17.437,17.225,0.274
3077,1,9.59,-0.05,0.41133,-1.584,3.582,4.91,10.4,0.032,0.0,19.129,18.651,17.395,16.81,16.643,0.411
3078,1,9.59,-0.05,0.33991,-1.781,3.57,4.978,12.1,0.037,0.0,21.322,20.868,19.564,18.997,18.809,0.34
3079,1,9.59,-0.05,0.88815,-0.302,3.729,4.55,14.2,0.038,0.0,19.725,19.138,18.476,18.075,18.019,0.888
3080,1,9.59,-0.03,0.13018,-2.751,3.483,5.182,9.0,0.024,0.0,20.647,20.45,18.692,18.166,17.911,0.13
3081,1,9.59,-0.01,0.1607,-2.504,3.508,5.125,9.6,0.028,0.0,20.629,20.351,18.734,18.208,17.964,0.161
3082,1,9.59,-0.01,1.10131,0.263,3.783,4.295,11.5,0.036,0.0,15.612,15.091,14.599,14.33,14.295,1.101
3083,1,9.59,-0.01,0.96703,-0.098,3.751,4.47,11.8,0.037,0.0,16.816,16.244,15.654,15.309,15.263,0.967
3084,1,9.59,-0.01,0.80116,-0.554,3.691,4.607,12.1,0.037,0.0,18.255,17.664,16.868,16.359,16.286,0.801
3085,1,9.59,-0.01,0.37782,-1.683,3.574,4.941,12.3,0.037,0.0,21.277,20.818,19.515,18.947,18.767,0.378
3086,1,9.59,0.01,1.28384,0.706,3.776,3.888,13.0,0.038,0.0,16.004,15.468,14.954,14.673,14.633,1.284
3087,1,9.59,0.01,0.57598,-1.18,3.614,4.782,13.5,0.038,0.0,21.221,20.711,19.606,18.936,18.814,0.576
3088,1,9.59,0.01,1.14964,0.348,3.787,4.244,13.9,0.038,0.0,17.8,17.286,16.805,16.545,16.51,1.15
3089,1,9.59,0.03,0.5073,-1.36,3.597,4.839,10.7,0.034,0.0,18.87,18.375,17.193,16.549,16.413,0.507
3090,1,9.59,0.03,0.49483,-1.392,3.595,4.849,11.8,0.037,0.0,20.049,19.561,18.361,17.727,17.585,0.495
3091,1,9.59,0.03,0.95316,-0.156,3.744,4.493,12.2,0.037,0.0,17.359,16.78,16.167,15.806,15.757,0.953
3092,1,9.59,0.03,1.04151,0.076,3.768,4.397,12.5,0.038,0.0,17.08,16.531,15.994,15.691,15.65,1.042
3093,1,9.59,0.05,1.31268,0.638,3.728,3.776,11.6,0.036,0.0,14.774,14.18,13.516,13.122,13.064,1.313
3094,1,9.59,0.05,1.23741,0.482,3.777,4.104,14.1,0.038,0.0,17.666,17.13,16.622,16.344,16.306,1.237
3095,1,9.59,0.05,1.00974,-0.013,3.759,4.436,14.2,0.038,0.0,19.004,18.44,17.875,17.552,17.508,1.01
3096,1,9.59,0.07,0.49332,-1.399,3.593,4.848,11.7,0.037,0.0,19.968,19.488,18.268,17.637,17.493,0.493
3097,1,9.59,0.07,1.29097,0.699,3.771,3.881,15.4,0.038,0.0,18.423,17.875,17.35,17.062,17.021,1.291
3098,1,9.59,0.09,0.55813,-1.236,3.607,4.794,12.9,0.038,0.0,20.759,20.263,19.113,18.446,18.32,0.558
3099,1,9.59,0.09,0.75653,-0.703,3.666,4.63,14.5,0.038,0.0,21.028,20.455,19.559,18.972,18.885,0.757
3100,1,9.59,0.11,0.69289,-0.884,3.643,4.68,12.1,0.037,0.0,19.081,18.539,17.545,16.894,16.793,0.693
3101,1,9.59,0.11,0.69068,-0.89,3.642,4.682,13.2,0.038,0.0,20.196,19.655,18.658,18.006,17.905,0.691
3102,1,9.59,0.11,0.85743,-0.434,3.703,4.562,13.3,0.038,0.0,19.154,18.552,17.8,17.333,17.265,0.857
3103,1,9.59,0.11,0.87405,-0.389,3.71,4.553,13.5,0.038,0.0,19.242,18.641,17.913,17.465,17.4,0.874
3104,1,9.59,0.13,0.38582,-1.67,3.57,4.921,12.0,0.037,0.0,20.946,20.513,19.169,18.597,18.411,0.386
3105,1,9.59,0.13,0.58578,-1.171,3.612,4.772,13.3,0.038,0.0,20.997,20.499,19.366,18.692,18.57,0.586
3106,1,9.59,0.15,0.56798,-1.218,3.607,4.785,13.3,0.038,0.0,21.115,20.625,19.465,18.794,18.668,0.568
3107,1,9.59,0.17,1.36428,1.152,3.669,3.044,12.7,0.038,0.0,14.589,14.011,13.122,12.567,12.473,1.364
3108,1,9.59,0.19,0.4165,-1.599,3.573,4.896,12.6,0.038,0.0,21.368,20.937,19.586,19.007,18.831,0.417
3109,1,9.59,0.19,1.3976,2.598,5.059,6.786,12.8,0.038,0.0,11.074,18.057,18.523,18.685,18.786,0.579
3110,1,9.59,0.21,1.41219,2.394,5.04,6.911,11.9,0.037,0.0,10.684,17.523,17.987,18.149,18.25,0.579
3111,1,9.59,0.25,0.48156,-1.437,3.586,4.848,12.0,0.037,0.0,20.362,19.918,18.617,17.998,17.845,0.482
3112,1,9.59,0.29,0.97712,-0.137,3.739,4.465,14.2,0.038,0.0,19.312,18.71,18.085,17.727,17.673,0.977
3113,1,9.59,0.31,0.41172,-1.605,3.572,4.892,11.3,0.036,0.0,20.082,19.665,18.291,17.707,17.531,0.412
3114,1,9.59,0.33,0.649,-1.013,3.627,4.717,12.7,0.038,0.0,20.003,19.492,18.407,17.729,17.617,0.649
3115,1,9.61,-0.67,0.2552,-1.866,3.6,5.058,11.9,0.037,0.0,21.336,20.787,19.703,19.122,18.964,0.255
3116,1,9.61,-0.63,0.94845,0.105,3.796,4.442,13.2,0.038,0.0,17.708,17.264,16.794,16.535,16.505,0.948
3117,1,9.61,-0.55,0.74502,-0.512,3.716,4.633,13.0,0.038,0.0,19.051,18.479,17.772,17.332,17.269,0.745
3118,1,9.61,-0.53,0.78307,-0.407,3.731,4.607,11.3,0.036,0.0,17.088,16.524,15.864,15.463,15.407,0.783
3119,1,9.61,-0.53,0.78259,-0.409,3.73,4.607,12.8,0.038,0.0,18.591,18.028,17.368,16.965,16.909,0.783
3120,1,9.61,-0.53,0.65715,-0.787,3.677,4.698,12.9,0.038,0.0,19.638,19.07,18.222,17.668,17.586,0.657
3121,1,9.61,-0.51,0.90393,-0.077,3.773,4.51,11.3,0.036,0.0,16.263,15.759,15.228,14.924,14.887,0.904
3122,1,9.61,-0.51,0.2306,-2.011,3.581,5.08,11.4,0.036,0.0,21.198,20.684,19.503,18.941,18.76,0.231
3123,1,9.61,-0.51,0.3366,-1.683,3.6,4.996,11.8,0.037,0.0,20.777,20.231,19.14,18.552,18.399,0.337
3124,1,9.61,-0.51,0.87493,-0.155,3.764,4.537,12.8,0.038,0.0,17.958,17.439,16.881,16.556,16.515,0.875
3125,1,9.61,-0.51,1.17597,0.736,3.828,4.032,13.3,0.038,0.0,16.23,15.85,15.472,15.287,15.261,1.176
3126,1,9.61,-0.49,0.39417,-1.54,3.606,4.945,11.7,0.037,0.0,20.32,19.777,18.7,18.096,17.951,0.394
3127,1,9.61,-0.49,0.88677,-0.13,3.766,4.527,11.8,0.037,0.0,16.895,16.379,15.829,15.51,15.47,0.887
3128,1,9.61,-0.49,0.61994,-0.92,3.659,4.732,11.9,0.037,0.0,18.969,18.413,17.498,16.893,16.8,0.62
3129,1,9.61,-0.49,0.51532,-1.224,3.629,4.837,13.1,0.038,0.0,20.93,20.389,19.379,18.74,18.619,0.515
3130,1,9.61,-0.49,0.94175,0.015,3.783,4.475,13.5,0.038,0.0,18.233,17.75,17.247,16.963,16.929,0.942
3131,1,9.61,-0.47,0.80177,-0.373,3.734,4.597,11.8,0.037,0.0,17.503,16.941,16.292,15.899,15.846,0.802
3132,1,9.61,-0.47,0.45492,-1.394,3.615,4.895,13.0,0.038,0.0,21.256,20.716,19.661,19.038,18.903,0.455
3133,1,9.61,-0.45,0.63652,-0.881,3.662,4.718,10.3,0.032,0.0,17.271,16.709,15.808,15.212,15.122,0.637
3134,1,9.61,-0.45,0.20826,-2.116,3.57,5.099,11.1,0.035,0.0,21.16,20.675,19.437,18.88,18.683,0.208
3135,1,9.61,-0.45,0.58273,-1.043,3.644,4.767,12.9,0.038,0.0,20.278,19.732,18.764,18.13,18.024,0.583
3136,1,9.61,-0.43,0.21988,-2.076,3.571,5.087,11.1,0.035,0.0,21.061,20.574,19.338,18.78,18.586,0.22
3137,1,9.61,-0.43,0.64615,-0.857,3.665,4.71,12.9,0.038,0.0,19.813,19.252,18.357,17.766,17.677,0.646
3138,1,9.61,-0.43,0.64862,-0.85,3.666,4.708,14.3,0.038,0.0,21.194,20.632,19.741,19.152,19.063,0.649
3139,1,9.61,-0.41,1.2275,0.78,3.713,3.546,13.2,0.038,0.0,16.019,15.446,14.725,14.279,14.217,1.227
3140,1,9.61,-0.39,0.096,-3.13,3.451,5.302,7.6,0.016,0.0,20.196,20.104,18.174,17.613,17.391,0.096
3141,1,9.61,-0.39,0.47356,-1.364,3.613,4.874,9.6,0.028,0.0,17.779,17.239,16.173,15.545,15.411,0.474
3142,1,9.61,-0.39,0.28107,-1.878,3.58,5.033,11.5,0.036,0.0,20.966,20.461,19.262,18.695,18.517,0.281
3143,1,9.61,-0.39,0.97491,0.094,3.786,4.425,12.9,0.038,0.0,17.435,16.951,16.459,16.185,16.152,0.975
3144,1,9.61,-0.39,0.56537,-1.108,3.635,4.785,13.7,0.038,0.0,21.24,20.7,19.701,19.057,18.944,0.565
3145,1,9.61,-0.39,1.07843,0.389,3.808,4.26,13.8,0.038,0.0,17.596,17.16,16.729,16.502,16.474,1.078
3146,1,9.61,-0.39,0.92369,-0.051,3.773,4.491,14.6,0.038,0.0,19.496,18.985,18.454,18.151,18.114,0.924
3147,1,9.61,-0.39,0.85901,-0.232,3.751,4.555,15.0,0.038,0.0,20.349,19.802,19.208,18.858,18.812,0.859
3148,1,9.61,-0.37,0.43884,-1.458,3.604,4.901,10.5,0.033,0.0,18.915,18.38,17.283,16.667,16.525,0.439
3149,1,9.61,-0.37,0.28748,-1.865,3.58,5.028,10.7,0.034,0.0,20.132,19.627,18.425,17.858,17.679,0.287
3150,1,9.61,-0.37,0.33299,-1.744,3.588,5.0,11.5,0.036,0.0,20.63,20.114,18.946,18.368,18.2,0.333
3151,1,9.61,-0.37,0.48661,-1.332,3.614,4.86,12.2,0.037,0.0,20.301,19.768,18.701,18.067,17.935,0.487
3152,1,9.61,-0.37,0.37296,-1.634,3.593,4.963,12.6,0.038,0.0,21.454,20.931,19.789,19.197,19.039,0.373
3153,1,9.61,-0.37,0.67968,-0.777,3.672,4.682,13.1,0.038,0.0,19.814,19.245,18.377,17.806,17.721,0.68
3154,1,9.61,-0.37,0.55023,-1.154,3.63,4.799,13.6,0.038,0.0,21.255,20.719,19.702,19.053,18.936,0.55
3155,1,9.61,-0.37,1.0118,0.214,3.801,4.379,13.7,0.038,0.0,17.935,17.481,17.031,16.788,16.759,1.012
3156,1,9.61,-0.35,0.30603,-1.815,3.582,5.014,11.4,0.036,0.0,20.708,20.203,19.007,18.435,18.26,0.306
3157,1,9.61,-0.35,0.40762,-1.539,3.598,4.924,11.9,0.037,0.0,20.517,19.991,18.864,18.259,18.11,0.408
3158,1,9.61,-0.35,0.59865,-1.028,3.641,4.754,12.5,0.038,0.0,19.841,19.298,18.317,17.675,17.569,0.599
3159,1,9.61,-0.35,0.45239,-1.428,3.606,4.89,12.8,0.038,0.0,21.139,20.608,19.512,18.89,18.751,0.452
3160,1,9.61,-0.35,0.82131,-0.356,3.734,4.588,13.3,0.038,0.0,18.959,18.391,17.742,17.349,17.295,0.821
3161,1,9.61,-0.35,0.8948,-0.153,3.76,4.526,13.9,0.038,0.0,19.051,18.515,17.947,17.616,17.573,0.895
3162,1,9.61,-0.35,0.64304,-0.893,3.657,4.714,14.0,0.038,0.0,21.001,20.446,19.522,18.91,18.816,0.643
3163,1,9.61,-0.33,0.42969,-1.488,3.6,4.907,11.3,0.036,0.0,19.79,19.26,18.145,17.531,17.386,0.43
3164,1,9.61,-0.33,0.26868,-1.928,3.574,5.039,11.4,0.036,0.0,20.991,20.502,19.264,18.704,18.517,0.269
3165,1,9.61,-0.33,0.38492,-1.606,3.593,4.947,12.1,0.037,0.0,20.884,20.365,19.214,18.62,18.462,0.385
3166,1,9.61,-0.31,0.33371,-1.752,3.584,4.996,10.9,0.034,0.0,20.05,19.544,18.352,17.776,17.604,0.334
3167,1,9.61,-0.31,0.9312,-0.082,3.766,4.499,12.2,0.037,0.0,17.175,16.646,16.097,15.781,15.741,0.931
3168,1,9.61,-0.31,0.65537,-0.868,3.659,4.704,12.5,0.038,0.0,19.441,18.883,17.965,17.356,17.264,0.655
3169,1,9.61,-0.31,1.22001,0.659,3.797,3.999,14.3,0.038,0.0,17.423,16.954,16.494,16.249,16.217,1.22
3170,1,9.61,-0.29,0.33807,-1.745,3.584,4.993,6.3,0.01,0.0,15.431,14.911,13.722,13.148,12.979,0.338
3171,1,9.61,-0.29,0.40145,-1.565,3.593,4.926,11.4,0.036,0.0,20.083,19.567,18.41,17.811,17.656,0.401
3172,1,9.61,-0.29,0.37511,-1.641,3.589,4.957,12.4,0.037,0.0,21.273,20.763,19.588,19.0,18.837,0.375
3173,1,9.61,-0.27,0.15833,-2.487,3.518,5.141,9.4,0.027,0.0,20.388,20.066,18.538,17.989,17.751,0.158
3174,1,9.61,-0.27,0.88597,-0.218,3.748,4.54,12.8,0.038,0.0,18.115,17.557,16.953,16.596,16.549,0.886
3175,1,9.61,-0.25,0.42974,-1.502,3.596,4.904,10.1,0.031,0.0,18.626,18.105,16.959,16.349,16.201,0.43
3176,1,9.61,-0.25,0.22313,-2.1,3.56,5.073,10.6,0.033,0.0,20.621,20.181,18.866,18.307,18.095,0.223
3177,1,9.61,-0.25,0.28795,-1.884,3.573,5.02,11.2,0.035,0.0,20.68,20.201,18.945,18.382,18.195,0.288
3178,1,9.61,-0.25,0.81668,-0.413,3.721,4.594,11.9,0.037,0.0,17.703,17.121,16.432,16.008,15.949,0.817
3179,1,9.61,-0.25,0.35185,-1.716,3.584,4.981,12.1,0.037,0.0,21.159,20.661,19.454,18.875,18.705,0.352
3180,1,9.61,-0.25,0.54712,-1.192,3.622,4.803,12.7,0.038,0.0,20.451,19.922,18.871,18.214,18.092,0.547
3181,1,9.61,-0.25,0.79183,-0.485,3.711,4.61,12.8,0.038,0.0,18.781,18.197,17.471,17.017,16.953,0.792
3182,1,9.61,-0.25,0.50901,-1.298,3.613,4.839,12.9,0.038,0.0,20.914,20.389,19.305,18.661,18.531,0.509
3183,1,9.61,-0.25,0.45116,-1.449,3.6,4.887,13.1,0.038,0.0,21.492,20.971,19.843,19.22,19.078,0.451
3184,1,9.61,-0.23,0.31326,-1.818,3.576,5.003,10.5,0.033,0.0,19.814,19.326,18.084,17.518,17.337,0.313
3185,1,9.61,-0.23,0.27729,-1.92,3.57,5.027,11.8,0.037,0.0,21.369,20.902,19.628,19.065,18.873,0.277
3186,1,9.61,-0.23,1.12524,0.391,3.806,4.269,12.5,0.038,0.0,16.293,15.838,15.406,15.179,15.15,1.125
3187,1,9.61,-0.23,0.69933,-0.768,3.668,4.667,13.2,0.038,0.0,19.89,19.322,18.436,17.852,17.766,0.699
3188,1,9.61,-0.23,1.05924,0.214,3.793,4.369,13.9,0.038,0.0,18.134,17.653,17.184,16.93,16.898,1.059
3189,1,9.61,-0.21,0.29039,-1.884,3.571,5.016,9.3,0.026,0.0,18.779,18.303,17.035,16.473,16.283,0.29
3190,1,9.61,-0.21,0.2717,-1.94,3.568,5.029,11.6,0.036,0.0,21.22,20.761,19.474,18.911,18.715,0.272
3191,1,9.61,-0.19,0.75441,-0.619,3.688,4.634,9.7,0.028,0.0,16.019,15.429,14.625,14.106,14.032,0.754
3192,1,9.61,-0.19,0.97839,-0.018,3.768,4.462,9.9,0.03,0.0,14.714,14.175,13.636,13.327,13.288,0.978
3193,1,9.61,-0.19,0.59937,-1.069,3.632,4.758,11.7,0.037,0.0,19.142,18.609,17.588,16.929,16.817,0.599
3194,1,9.61,-0.19,0.57414,-1.135,3.626,4.78,12.4,0.037,0.0,20.009,19.481,18.438,17.772,17.654,0.574
3195,1,9.61,-0.17,0.21633,-2.14,3.554,5.074,8.9,0.023,0.0,19.019,18.597,17.246,16.69,16.467,0.216
3196,1,9.61,-0.17,0.30589,-1.847,3.572,5.003,10.8,0.034,0.0,20.187,19.717,18.442,17.878,17.689,0.306
3197,1,9.61,-0.17,0.34787,-1.74,3.579,4.98,11.5,0.036,0.0,20.619,20.136,18.89,18.318,18.142,0.348
3198,1,9.61,-0.17,0.38588,-1.631,3.584,4.939,12.0,0.037,0.0,20.847,20.356,19.135,18.55,18.383,0.386
3199,1,9.61,-0.17,0.53293,-1.25,3.614,4.817,12.2,0.037,0.0,20.096,19.575,18.488,17.834,17.708,0.533
3200,1,9.61,-0.17,0.38979,-1.62,3.585,4.934,12.5,0.038,0.0,21.319,20.828,19.609,19.022,18.857,0.39
3201,1,9.61,-0.17,0.68231,-0.836,3.658,4.684,13.0,0.038,0.0,19.86,19.302,18.376,17.761,17.669,0.682
3202,1,9.61,-0.17,0.81602,-0.448,3.713,4.595,13.4,0.038,0.0,19.29,18.702,17.984,17.538,17.475,0.816
3203,1,9.61,-0.17,0.68886,-0.818,3.66,4.678,13.5,0.038,0.0,20.314,19.754,18.836,18.227,18.136,0.689
3204,1,9.61,-0.15,0.43146,-1.517,3.591,4.9,11.6,0.036,0.0,20.161,19.661,18.471,17.866,17.712,0.431
3205,1,9.61,-0.15,0.67444,-0.864,3.654,4.691,13.1,0.038,0.0,20.03,19.476,18.534,17.908,17.813,0.674
3206,1,9.61,-0.15,1.19196,0.488,3.799,4.166,13.5,0.038,0.0,17.049,16.571,16.119,15.881,15.849,1.192
3207,1,9.61,-0.15,0.90575,-0.213,3.743,4.527,13.9,0.038,0.0,19.203,18.634,18.018,17.651,17.602,0.906
3208,1,9.61,-0.13,0.53952,-1.242,3.613,4.812,11.4,0.036,0.0,19.275,18.756,17.663,17.007,16.881,0.54
3209,1,9.61,-0.13,0.40545,-1.584,3.585,4.917,11.9,0.037,0.0,20.63,20.142,18.917,18.326,18.163,0.405
3210,1,9.61,-0.13,1.24475,0.583,3.786,4.038,13.0,0.038,0.0,16.312,15.807,15.318,15.053,15.017,1.245
3211,1,9.61,-0.13,0.57327,-1.153,3.622,4.782,13.2,0.038,0.0,20.853,20.33,19.268,18.601,18.482,0.573
3212,1,9.61,-0.13,0.59672,-1.092,3.628,4.762,13.6,0.038,0.0,21.099,20.572,19.532,18.864,18.75,0.597
3213,1,9.61,-0.11,1.23025,0.539,3.787,4.083,13.0,0.038,0.0,16.424,15.919,15.435,15.173,15.137,1.23
3214,1,9.61,-0.11,0.67179,-0.884,3.65,4.694,14.1,0.038,0.0,21.08,20.53,19.572,18.934,18.838,0.672
3215,1,9.61,-0.11,0.85545,-0.363,3.723,4.57,14.5,0.038,0.0,20.178,19.59,18.906,18.488,18.43,0.855
3216,1,9.61,-0.09,1.26549,0.722,3.788,3.918,12.1,0.037,0.0,15.065,14.561,14.082,13.826,13.79,1.265
3217,1,9.61,-0.09,0.40413,-1.594,3.583,4.916,12.3,0.037,0.0,21.056,20.576,19.33,18.744,18.578,0.404
3218,1,9.61,-0.09,0.95656,-0.101,3.754,4.48,12.5,0.038,0.0,17.523,16.961,16.379,16.04,15.995,0.957
3219,1,9.61,-0.07,0.18013,-2.359,3.527,5.107,10.2,0.031,0.0,20.867,20.527,19.023,18.484,18.25,0.18
3220,1,9.61,-0.07,0.33173,-1.798,3.57,4.983,10.5,0.033,0.0,19.765,19.307,18.007,17.441,17.252,0.332
3221,1,9.61,-0.07,1.23219,0.523,3.784,4.087,10.8,0.034,0.0,14.262,13.746,13.255,12.988,12.952,1.232
3222,1,9.61,-0.07,0.52281,-1.301,3.606,4.827,11.8,0.037,0.0,19.822,19.311,18.183,17.531,17.401,0.523
3223,1,9.61,-0.07,0.66572,-0.913,3.645,4.701,12.6,0.038,0.0,19.652,19.108,18.13,17.484,17.384,0.666
3224,1,9.61,-0.07,1.32904,1.612,3.661,2.537,13.0,0.038,0.0,13.739,13.183,12.257,11.66,11.563,1.329
3225,1,9.61,-0.05,0.23936,-2.073,3.552,5.044,10.7,0.034,0.0,20.652,20.249,18.869,18.313,18.087,0.239
3226,1,9.61,-0.05,0.4487,-1.492,3.589,4.884,11.5,0.036,0.0,20.001,19.514,18.294,17.688,17.533,0.449
3227,1,9.61,-0.03,0.28583,-1.929,3.56,5.008,7.9,0.017,0.0,17.491,17.057,15.713,15.153,14.945,0.286
3228,1,9.61,-0.03,0.43889,-1.518,3.586,4.889,12.4,0.037,0.0,20.966,20.486,19.247,18.647,18.488,0.439
3229,1,9.61,-0.03,0.76872,-0.637,3.68,4.627,12.5,0.038,0.0,18.861,18.278,17.439,16.894,16.816,0.769
3230,1,9.61,-0.03,0.71617,-0.788,3.659,4.661,12.8,0.038,0.0,19.54,18.979,18.055,17.441,17.351,0.716
3231,1,9.61,-0.01,0.24365,-2.063,3.551,5.037,11.3,0.036,0.0,21.229,20.834,19.44,18.885,18.657,0.244
3232,1,9.61,-0.01,1.10658,0.278,3.782,4.278,11.9,0.037,0.0,15.975,15.453,14.957,14.685,14.649,1.107
3233,1,9.61,-0.01,0.72884,-0.758,3.662,4.654,12.5,0.038,0.0,19.166,18.601,17.69,17.088,17.0,0.729
3234,1,9.61,-0.01,0.5943,-1.129,3.62,4.768,12.8,0.038,0.0,20.394,19.877,18.799,18.124,18.007,0.594
3235,1,9.61,-0.01,0.93176,-0.192,3.74,4.505,13.3,0.038,0.0,18.549,17.97,17.344,16.973,16.922,0.932
3236,1,9.61,-0.01,0.93171,-0.192,3.74,4.505,13.4,0.038,0.0,18.649,18.07,17.445,17.073,17.022,0.932
3237,1,9.61,0.01,1.34468,2.105,3.627,1.916,11.0,0.035,0.0,10.508,10.016,8.938,8.23,8.102,1.345
3238,1,9.61,0.01,0.23911,-2.079,3.549,5.035,11.4,0.036,0.0,21.367,20.979,19.573,19.02,18.79,0.239
3239,1,9.61,0.01,0.70973,-0.818,3.653,4.665,12.5,0.038,0.0,19.316,18.762,17.813,17.182,17.088,0.71
3240,1,9.61,0.01,0.61128,-1.086,3.624,4.75,13.2,0.038,0.0,20.684,20.166,19.101,18.421,18.306,0.611
3241,1,9.61,0.01,1.13919,0.334,3.785,4.249,13.9,0.038,0.0,17.836,17.319,16.834,16.571,16.535,1.139
3242,1,9.61,0.03,0.30334,-1.877,3.56,4.982,8.3,0.02,0.0,17.762,17.332,15.979,15.419,15.211,0.303
3243,1,9.61,0.03,1.19224,0.421,3.781,4.163,11.1,0.035,0.0,14.819,14.289,13.791,13.52,13.483,1.192
3244,1,9.61,0.03,0.62079,-1.063,3.626,4.742,11.6,0.036,0.0,19.028,18.508,17.448,16.768,16.655,0.621
3245,1,9.61,0.03,0.37219,-1.694,3.572,4.936,12.1,0.037,0.0,21.105,20.658,19.337,18.768,18.585,0.372
3246,1,9.61,0.03,0.91751,-0.246,3.732,4.523,12.2,0.037,0.0,17.586,16.997,16.348,15.959,15.905,0.918
3247,1,9.61,0.03,0.79258,-0.591,3.682,4.601,12.3,0.037,0.0,18.547,17.96,17.128,16.59,16.512,0.793
3248,1,9.61,0.03,0.67808,-0.909,3.642,4.692,13.1,0.038,0.0,20.142,19.602,18.609,17.955,17.854,0.678
3249,1,9.61,0.05,0.19236,-2.288,3.531,5.082,9.3,0.026,0.0,19.79,19.439,17.949,17.412,17.179,0.192
3250,1,9.61,0.05,0.75554,-0.696,3.668,4.63,10.8,0.034,0.0,17.31,16.734,15.847,15.265,15.179,0.756
3251,1,9.61,0.05,0.3535,-1.747,3.568,4.951,11.3,0.036,0.0,20.437,19.999,18.665,18.097,17.906,0.354
3252,1,9.61,0.05,1.33806,1.274,3.67,2.916,13.1,0.038,0.0,14.684,14.11,13.225,12.663,12.572,1.338
3253,1,9.61,0.05,0.60596,-1.106,3.621,4.754,13.6,0.038,0.0,21.135,20.622,19.538,18.86,18.743,0.606
3254,1,9.61,0.07,0.32191,-1.834,3.561,4.971,10.4,0.032,0.0,19.754,19.331,17.975,17.411,17.207,0.322
3255,1,9.61,0.07,0.3887,-1.655,3.573,4.92,11.3,0.036,0.0,20.207,19.761,18.435,17.864,17.684,0.389
3256,1,9.61,0.07,0.61279,-1.09,3.622,4.748,12.1,0.037,0.0,19.596,19.082,18.001,17.322,17.206,0.613
3257,1,9.61,0.07,0.78268,-0.627,3.676,4.609,12.2,0.037,0.0,18.537,17.952,17.098,16.543,16.462,0.783
3258,1,9.61,0.07,0.97061,-0.115,3.746,4.472,14.1,0.038,0.0,19.157,18.577,17.975,17.623,17.575,0.971
3259,1,9.61,0.09,0.39942,-1.628,3.574,4.909,11.3,0.036,0.0,20.141,19.696,18.367,17.795,17.617,0.399
3260,1,9.61,0.09,0.98994,-0.07,3.751,4.452,13.0,0.038,0.0,17.944,17.366,16.778,16.439,16.392,0.99
3261,1,9.61,0.13,0.29393,-1.921,3.553,4.987,10.5,0.033,0.0,20.072,19.67,18.284,17.725,17.503,0.294
3262,1,9.61,0.13,0.5266,-1.319,3.598,4.818,11.2,0.035,0.0,19.269,18.787,17.587,16.931,16.797,0.527
3263,1,9.61,0.15,0.22858,-2.139,3.539,5.038,9.6,0.028,0.0,19.717,19.349,17.896,17.352,17.121,0.229
3264,1,9.61,0.15,0.96398,-0.153,3.739,4.475,11.9,0.037,0.0,17.053,16.461,15.834,15.467,15.414,0.964
3265,1,9.61,0.15,0.53334,-1.304,3.599,4.812,13.0,0.038,0.0,21.031,20.552,19.352,18.69,18.558,0.533
3266,1,9.61,0.19,1.01619,-0.027,3.751,4.421,14.6,0.038,0.0,19.439,18.853,18.267,17.933,17.885,1.016
3267,1,9.61,0.23,1.30834,0.582,3.719,3.796,12.7,0.038,0.0,16.015,15.407,14.714,14.308,14.244,1.308
3268,1,9.61,0.23,0.89167,-0.361,3.711,4.537,14.3,0.038,0.0,19.971,19.364,18.64,18.201,18.135,0.892
3269,1,9.61,0.31,0.73652,-0.781,3.653,4.644,14.5,0.038,0.0,21.223,20.661,19.705,19.086,18.991,0.737
3270,1,9.63,-0.67,0.68906,-0.638,3.703,4.673,13.8,0.038,0.0,20.164,19.59,18.839,18.366,18.295,0.689
3271,1,9.63,-0.65,1.07699,0.495,3.825,4.22,13.8,0.038,0.0,17.333,16.955,16.562,16.363,16.339,1.077
3272,1,9.63,-0.57,0.8771,-0.119,3.77,4.526,12.9,0.038,0.0,17.968,17.463,16.922,16.61,16.571,0.877
3273,1,9.63,-0.55,0.61216,-0.923,3.66,4.736,11.9,0.037,0.0,18.978,18.421,17.513,16.915,16.821,0.612
3274,1,9.63,-0.55,0.38115,-1.555,3.61,4.959,12.3,0.037,0.0,20.957,20.411,19.349,18.745,18.601,0.381
3275,1,9.63,-0.53,0.9673,0.104,3.794,4.439,11.7,0.037,0.0,16.209,15.751,15.276,15.013,14.982,0.967
3276,1,9.63,-0.53,0.52738,-1.178,3.635,4.824,12.7,0.038,0.0,20.416,19.872,18.881,18.247,18.131,0.527
3277,1,9.63,-0.53,0.8283,-0.272,3.749,4.572,13.2,0.038,0.0,18.651,18.109,17.508,17.152,17.104,0.828
3278,1,9.63,-0.51,0.17186,-2.348,3.544,5.142,10.2,0.031,0.0,20.84,20.433,19.075,18.513,18.281,0.172
3279,1,9.63,-0.51,0.9363,0.015,3.783,4.474,14.5,0.038,0.0,19.232,18.752,18.249,17.965,17.932,0.936
3280,1,9.63,-0.49,0.19129,-2.204,3.562,5.119,10.1,0.031,0.0,20.379,19.913,18.646,18.089,17.879,0.191
3281,1,9.63,-0.49,0.35534,-1.641,3.601,4.981,12.3,0.037,0.0,21.172,20.629,19.538,18.945,18.794,0.355
3282,1,9.63,-0.47,0.36213,-1.63,3.6,4.975,12.3,0.037,0.0,21.146,20.604,19.508,18.914,18.763,0.362
3283,1,9.63,-0.47,0.61057,-0.954,3.654,4.74,13.0,0.038,0.0,20.155,19.603,18.67,18.051,17.954,0.611
3284,1,9.63,-0.45,0.19642,-2.175,3.565,5.11,10.7,0.034,0.0,20.906,20.439,19.175,18.617,18.411,0.196
3285,1,9.63,-0.45,0.4187,-1.489,3.607,4.922,10.8,0.034,0.0,19.292,18.751,17.671,17.061,16.918,0.419
3286,1,9.63,-0.45,0.32954,-1.723,3.594,5.001,11.0,0.035,0.0,20.077,19.544,18.418,17.835,17.675,0.33
3287,1,9.63,-0.45,1.22875,1.158,3.699,3.112,12.8,0.038,0.0,14.675,14.099,13.328,12.842,12.773,1.229
3288,1,9.63,-0.45,0.71149,-0.65,3.692,4.656,13.7,0.038,0.0,20.094,19.517,18.726,18.217,18.144,0.711
3289,1,9.63,-0.43,0.19241,-2.21,3.559,5.114,10.8,0.034,0.0,21.094,20.646,19.353,18.794,18.579,0.192
3290,1,9.63,-0.43,0.76544,-0.491,3.716,4.621,11.8,0.037,0.0,17.797,17.22,16.511,16.071,16.009,0.765
3291,1,9.63,-0.43,0.41639,-1.499,3.605,4.923,13.0,0.038,0.0,21.519,20.982,19.892,19.283,19.139,0.416
3292,1,9.63,-0.41,0.28589,-1.856,3.583,5.029,12.1,0.037,0.0,21.51,21.0,19.817,19.246,19.071,0.286
3293,1,9.63,-0.41,0.63696,-0.891,3.66,4.717,13.6,0.038,0.0,20.597,20.04,19.126,18.521,18.429,0.637
3294,1,9.63,-0.39,0.49564,-1.303,3.618,4.853,11.7,0.037,0.0,19.729,19.193,18.139,17.502,17.372,0.496
3295,1,9.63,-0.39,0.39669,-1.56,3.598,4.936,12.5,0.038,0.0,21.17,20.639,19.521,18.919,18.769,0.397
3296,1,9.63,-0.37,0.3721,-1.636,3.593,4.964,11.9,0.037,0.0,20.759,20.236,19.093,18.502,18.344,0.372
3297,1,9.63,-0.37,0.28485,-1.872,3.58,5.029,12.0,0.037,0.0,21.45,20.949,19.743,19.176,18.997,0.285
3298,1,9.63,-0.37,0.91416,-0.076,3.77,4.5,12.2,0.037,0.0,17.161,16.643,16.103,15.794,15.755,0.914
3299,1,9.63,-0.35,0.34779,-1.709,3.589,4.99,11.9,0.037,0.0,20.944,20.428,19.262,18.68,18.515,0.348
3300,1,9.63,-0.35,0.84796,-0.277,3.744,4.564,12.4,0.037,0.0,17.862,17.304,16.687,16.32,16.27,0.848
3301,1,9.63,-0.35,0.90019,-0.132,3.762,4.518,12.5,0.038,0.0,17.6,17.068,16.507,16.181,16.139,0.9
3302,1,9.63,-0.35,0.57844,-1.082,3.636,4.772,13.2,0.038,0.0,20.675,20.135,19.137,18.491,18.38,0.578
3303,1,9.63,-0.35,0.9085,-0.11,3.765,4.51,15.0,0.038,0.0,20.044,19.516,18.963,18.643,18.602,0.908
3304,1,9.63,-0.33,0.48581,-1.342,3.612,4.86,10.3,0.032,0.0,18.425,17.891,16.815,16.181,16.049,0.486
3305,1,9.63,-0.33,0.78095,-0.48,3.715,4.614,11.7,0.037,0.0,17.669,17.088,16.375,15.932,15.87,0.781
3306,1,9.63,-0.33,0.46072,-1.408,3.606,4.882,11.9,0.037,0.0,20.191,19.661,18.565,17.94,17.802,0.461
3307,1,9.63,-0.33,0.75788,-0.55,3.704,4.629,12.8,0.038,0.0,18.946,18.362,17.612,17.138,17.071,0.758
3308,1,9.63,-0.33,0.6494,-0.879,3.658,4.708,12.9,0.038,0.0,19.867,19.31,18.39,17.78,17.687,0.649
3309,1,9.63,-0.33,1.03166,0.245,3.801,4.356,14.5,0.038,0.0,18.656,18.199,17.749,17.507,17.478,1.032
3310,1,9.63,-0.31,0.3344,-1.75,3.584,4.996,10.8,0.034,0.0,19.945,19.438,18.247,17.67,17.499,0.334
3311,1,9.63,-0.31,0.45522,-1.427,3.604,4.885,11.1,0.035,0.0,19.437,18.908,17.802,17.179,17.039,0.455
3312,1,9.63,-0.31,0.33668,-1.744,3.585,4.994,11.6,0.036,0.0,20.73,20.224,19.034,18.456,18.286,0.337
3313,1,9.63,-0.31,0.68352,-0.785,3.669,4.679,12.9,0.038,0.0,19.631,19.064,18.184,17.604,17.518,0.684
3314,1,9.63,-0.31,0.68533,-0.779,3.669,4.677,13.3,0.038,0.0,20.018,19.451,18.572,17.994,17.908,0.685
3315,1,9.63,-0.31,0.66115,-0.85,3.661,4.699,14.1,0.038,0.0,20.996,20.436,19.526,18.923,18.832,0.661
3316,1,9.63,-0.31,0.96856,0.026,3.778,4.456,14.4,0.038,0.0,19.106,18.599,18.085,17.795,17.759,0.969
3317,1,9.63,-0.29,0.89626,-0.177,3.753,4.527,11.3,0.036,0.0,16.513,15.962,15.377,15.034,14.989,0.896
3318,1,9.63,-0.29,0.37475,-1.642,3.589,4.957,12.1,0.037,0.0,20.974,20.464,19.289,18.701,18.539,0.375
3319,1,9.63,-0.29,0.35301,-1.705,3.586,4.981,12.4,0.037,0.0,21.433,20.927,19.739,19.157,18.99,0.353
3320,1,9.63,-0.29,0.81979,-0.383,3.727,4.59,12.8,0.038,0.0,18.528,17.951,17.282,16.875,16.819,0.82
3321,1,9.63,-0.29,1.12188,0.432,3.81,4.241,13.7,0.038,0.0,17.389,16.949,16.525,16.304,16.276,1.122
3322,1,9.63,-0.29,1.20728,0.622,3.794,4.02,14.2,0.038,0.0,17.414,16.938,16.47,16.218,16.186,1.207
3323,1,9.63,-0.27,0.23237,-2.061,3.563,5.065,9.0,0.024,0.0,18.924,18.466,17.172,16.614,16.409,0.232
3324,1,9.63,-0.27,0.30956,-1.82,3.578,5.007,11.7,0.037,0.0,21.019,20.528,19.299,18.731,18.551,0.31
3325,1,9.63,-0.27,0.28838,-1.879,3.574,5.02,11.9,0.037,0.0,21.367,20.883,19.636,19.073,18.888,0.288
3326,1,9.63,-0.27,0.31895,-1.796,3.58,5.002,12.0,0.037,0.0,21.26,20.766,19.544,18.974,18.796,0.319
3327,1,9.63,-0.27,0.44126,-1.47,3.599,4.895,12.4,0.037,0.0,20.844,20.321,19.193,18.574,18.43,0.441
3328,1,9.63,-0.27,0.76129,-0.565,3.699,4.628,12.7,0.038,0.0,18.882,18.295,17.529,17.044,16.975,0.761
3329,1,9.63,-0.27,0.63387,-0.942,3.649,4.723,12.8,0.038,0.0,19.924,19.376,18.419,17.783,17.685,0.634
3330,1,9.63,-0.27,0.48102,-1.366,3.608,4.863,12.9,0.038,0.0,21.085,20.56,19.461,18.827,18.692,0.481
3331,1,9.63,-0.25,0.16144,-2.467,3.52,5.137,10.0,0.03,0.0,20.937,20.613,19.092,18.544,18.306,0.161
3332,1,9.63,-0.25,0.51435,-1.282,3.614,4.834,11.7,0.037,0.0,19.675,19.149,18.07,17.425,17.296,0.514
3333,1,9.63,-0.25,0.27693,-1.917,3.571,5.028,11.8,0.037,0.0,21.362,20.89,19.624,19.062,18.871,0.277
3334,1,9.63,-0.25,0.53858,-1.215,3.62,4.811,12.1,0.037,0.0,19.908,19.38,18.322,17.667,17.544,0.539
3335,1,9.63,-0.25,0.81339,-0.42,3.72,4.595,12.6,0.038,0.0,18.419,17.836,17.144,16.717,16.658,0.813
3336,1,9.63,-0.25,0.67117,-0.84,3.66,4.691,13.7,0.038,0.0,20.57,20.011,19.096,18.49,18.399,0.671
3337,1,9.63,-0.25,0.87431,-0.253,3.742,4.548,13.9,0.038,0.0,19.302,18.737,18.117,17.748,17.698,0.874
3338,1,9.63,-0.25,0.93224,-0.103,3.76,4.498,14.1,0.038,0.0,19.127,18.586,18.022,17.695,17.652,0.932
3339,1,9.63,-0.25,0.99666,0.055,3.778,4.44,14.4,0.038,0.0,19.032,18.521,18.008,17.721,17.684,0.997
3340,1,9.63,-0.23,0.58902,-1.085,3.632,4.766,12.2,0.037,0.0,19.682,19.148,18.129,17.472,17.359,0.589
3341,1,9.63,-0.23,0.52558,-1.256,3.616,4.823,12.2,0.037,0.0,20.109,19.584,18.509,17.859,17.732,0.526
3342,1,9.63,-0.23,0.64122,-0.932,3.649,4.717,12.5,0.038,0.0,19.6,19.052,18.093,17.456,17.358,0.641
3343,1,9.63,-0.23,1.24299,0.757,3.784,3.856,13.1,0.038,0.0,15.977,15.474,14.979,14.709,14.672,1.243
3344,1,9.63,-0.23,0.69195,-0.787,3.665,4.673,13.4,0.038,0.0,20.138,19.573,18.678,18.088,18.0,0.692
3345,1,9.63,-0.23,0.82684,-0.39,3.724,4.586,13.8,0.038,0.0,19.544,18.962,18.282,17.866,17.808,0.827
3346,1,9.63,-0.23,1.25063,0.744,3.761,3.782,14.1,0.038,0.0,17.011,16.471,15.909,15.588,15.544,1.251
3347,1,9.63,-0.23,1.12725,0.404,3.806,4.256,14.1,0.038,0.0,17.861,17.406,16.973,16.746,16.716,1.127
3348,1,9.63,-0.23,0.93361,-0.108,3.759,4.498,14.7,0.038,0.0,19.739,19.194,18.626,18.296,18.253,0.934
3349,1,9.63,-0.21,0.22153,-2.113,3.557,5.071,9.5,0.027,0.0,19.552,19.119,17.788,17.23,17.014,0.222
3350,1,9.63,-0.21,0.81732,-0.425,3.718,4.592,11.9,0.037,0.0,17.733,17.148,16.447,16.014,15.953,0.817
3351,1,9.63,-0.21,0.52529,-1.261,3.615,4.824,12.2,0.037,0.0,20.123,19.599,18.518,17.867,17.74,0.525
3352,1,9.63,-0.21,0.48138,-1.377,3.605,4.861,12.5,0.038,0.0,20.712,20.192,19.074,18.439,18.304,0.481
3353,1,9.63,-0.21,1.10933,0.348,3.801,4.287,12.8,0.038,0.0,16.701,16.234,15.788,15.552,15.522,1.109
3354,1,9.63,-0.21,0.76401,-0.58,3.695,4.627,13.0,0.038,0.0,19.221,18.635,17.852,17.352,17.281,0.764
3355,1,9.63,-0.21,0.78689,-0.512,3.705,4.612,13.8,0.038,0.0,19.85,19.263,18.516,18.047,17.981,0.787
3356,1,9.63,-0.19,0.15752,-2.503,3.513,5.137,9.9,0.03,0.0,20.927,20.626,19.061,18.518,18.278,0.158
3357,1,9.63,-0.19,0.2455,-2.025,3.562,5.046,10.5,0.033,0.0,20.333,19.892,18.575,18.015,17.807,0.245
3358,1,9.63,-0.19,0.30357,-1.849,3.572,5.005,11.0,0.035,0.0,20.392,19.919,18.65,18.086,17.899,0.304
3359,1,9.63,-0.19,0.44193,-1.483,3.595,4.893,11.1,0.035,0.0,19.577,19.066,17.905,17.291,17.143,0.442
3360,1,9.63,-0.19,0.52985,-1.253,3.615,4.82,11.5,0.036,0.0,19.403,18.88,17.797,17.145,17.019,0.53
3361,1,9.63,-0.19,0.45915,-1.439,3.599,4.879,11.6,0.036,0.0,19.967,19.452,18.309,17.684,17.542,0.459
3362,1,9.63,-0.19,0.39056,-1.613,3.586,4.934,11.7,0.037,0.0,20.503,20.008,18.799,18.21,18.046,0.391
3363,1,9.63,-0.19,0.75946,-0.601,3.691,4.63,11.8,0.037,0.0,18.074,17.489,16.691,16.18,16.106,0.759
3364,1,9.63,-0.19,0.92808,-0.137,3.754,4.503,12.4,0.037,0.0,17.512,16.956,16.373,16.032,15.987,0.928
3365,1,9.63,-0.19,1.11469,0.346,3.8,4.285,13.3,0.038,0.0,17.204,16.732,16.283,16.045,16.015,1.115
3366,1,9.63,-0.19,0.64771,-0.925,3.648,4.713,13.6,0.038,0.0,20.683,20.135,19.173,18.534,18.436,0.648
3367,1,9.63,-0.19,0.99295,0.024,3.772,4.444,13.8,0.038,0.0,18.509,17.982,17.453,17.154,17.115,0.993
3368,1,9.63,-0.17,0.57856,-1.128,3.626,4.776,10.6,0.033,0.0,18.19,17.66,16.617,15.95,15.834,0.579
3369,1,9.63,-0.17,0.36559,-1.689,3.581,4.961,12.3,0.037,0.0,21.292,20.806,19.571,18.993,18.821,0.366
3370,1,9.63,-0.17,0.6024,-1.064,3.632,4.755,12.7,0.038,0.0,20.131,19.599,18.576,17.915,17.804,0.602
3371,1,9.63,-0.17,0.46758,-1.421,3.599,4.872,13.0,0.038,0.0,21.322,20.808,19.666,19.036,18.896,0.468
3372,1,9.63,-0.17,1.04789,0.148,3.784,4.391,13.1,0.038,0.0,17.5,16.994,16.499,16.225,16.19,1.048
3373,1,9.63,-0.17,0.56939,-1.152,3.623,4.784,13.2,0.038,0.0,20.85,20.325,19.272,18.606,18.487,0.569
3374,1,9.63,-0.15,0.45705,-1.452,3.596,4.88,11.0,0.035,0.0,19.401,18.892,17.729,17.108,16.963,0.457
3375,1,9.63,-0.15,1.29771,1.23,3.682,2.994,11.6,0.036,0.0,13.296,12.716,11.879,11.347,11.266,1.298
3376,1,9.63,-0.15,0.49594,-1.353,3.604,4.849,11.7,0.037,0.0,19.853,19.337,18.212,17.571,17.437,0.496
3377,1,9.63,-0.15,0.46443,-1.433,3.598,4.874,12.3,0.037,0.0,20.653,20.143,18.988,18.362,18.22,0.464
3378,1,9.63,-0.15,0.58487,-1.117,3.626,4.771,12.4,0.037,0.0,19.961,19.435,18.39,17.722,17.606,0.585
3379,1,9.63,-0.15,0.5001,-1.343,3.605,4.846,12.5,0.038,0.0,20.628,20.112,18.989,18.347,18.214,0.5
3380,1,9.63,-0.15,0.556,-1.192,3.619,4.796,12.8,0.038,0.0,20.551,20.029,18.957,18.295,18.174,0.556
3381,1,9.63,-0.15,1.071,0.197,3.787,4.365,14.7,0.038,0.0,18.979,18.478,17.993,17.727,17.693,1.071
3382,1,9.63,-0.13,0.64983,-0.937,3.645,4.712,11.0,0.035,0.0,18.113,17.567,16.591,15.945,15.845,0.65
3383,1,9.63,-0.13,0.95962,-0.076,3.758,4.474,11.1,0.035,0.0,16.06,15.506,14.938,14.608,14.565,0.96
3384,1,9.63,-0.13,0.8336,-0.412,3.716,4.582,14.2,0.038,0.0,19.999,19.411,18.705,18.269,18.208,0.834
3385,1,9.63,-0.13,1.15709,0.411,3.797,4.225,14.7,0.038,0.0,18.443,17.961,17.505,17.263,17.231,1.157
3386,1,9.63,-0.11,0.84911,-0.377,3.72,4.572,11.1,0.035,0.0,16.812,16.222,15.532,15.108,15.049,0.849
3387,1,9.63,-0.11,0.79149,-0.538,3.697,4.609,12.0,0.037,0.0,18.114,17.523,16.75,16.259,16.189,0.791
3388,1,9.63,-0.11,0.4548,-1.466,3.593,4.881,12.6,0.038,0.0,21.034,20.535,19.35,18.734,18.585,0.455
3389,1,9.63,-0.11,0.5316,-1.267,3.61,4.818,13.0,0.038,0.0,20.939,20.423,19.316,18.662,18.534,0.532
3390,1,9.63,-0.11,0.82349,-0.447,3.71,4.588,14.5,0.038,0.0,20.388,19.798,19.071,18.619,18.555,0.823
3391,1,9.63,-0.09,0.64753,-0.955,3.641,4.715,10.9,0.034,0.0,18.058,17.516,16.525,15.873,15.771,0.648
3392,1,9.63,-0.09,0.35755,-1.726,3.576,4.965,11.8,0.037,0.0,20.884,20.413,19.136,18.567,18.388,0.358
3393,1,9.63,-0.09,0.45711,-1.464,3.593,4.879,12.2,0.037,0.0,20.629,20.132,18.941,18.325,18.176,0.457
3394,1,9.63,-0.09,1.25826,0.714,3.776,3.874,12.7,0.038,0.0,15.684,15.156,14.643,14.36,14.321,1.258
3395,1,9.63,-0.09,1.1363,0.342,3.793,4.269,12.9,0.038,0.0,16.815,16.32,15.854,15.604,15.571,1.136
3396,1,9.63,-0.09,0.49427,-1.37,3.601,4.85,13.3,0.038,0.0,21.494,20.986,19.839,19.197,19.062,0.494
3397,1,9.63,-0.07,0.33396,-1.792,3.571,4.982,12.2,0.037,0.0,21.449,20.993,19.693,19.127,18.938,0.334
3398,1,9.63,-0.07,0.5857,-1.135,3.621,4.773,12.5,0.038,0.0,20.108,19.588,18.52,17.848,17.731,0.586
3399,1,9.63,-0.07,0.81322,-0.49,3.703,4.595,12.7,0.038,0.0,18.696,18.103,17.349,16.874,16.807,0.813
3400,1,9.63,-0.07,0.9161,-0.209,3.74,4.517,12.7,0.038,0.0,17.993,17.417,16.792,16.421,16.37,0.916
3401,1,9.63,-0.07,0.65529,-0.94,3.642,4.709,12.9,0.038,0.0,20.02,19.479,18.49,17.839,17.737,0.655
3402,1,9.63,-0.07,1.31686,2.13,3.63,1.892,13.3,0.038,0.0,12.746,12.252,11.185,10.483,10.358,1.317
3403,1,9.63,-0.05,0.16158,-2.492,3.51,5.126,9.7,0.028,0.0,20.7,20.412,18.815,18.284,18.042,0.162
3404,1,9.63,-0.05,0.38009,-1.668,3.577,4.939,11.3,0.036,0.0,20.24,19.772,18.49,17.918,17.742,0.38
3405,1,9.63,-0.05,0.42471,-1.548,3.585,4.898,12.4,0.037,0.0,21.04,20.561,19.317,18.723,18.561,0.425
3406,1,9.63,-0.05,0.9082,-0.238,3.736,4.525,12.7,0.038,0.0,18.065,17.485,16.847,16.465,16.413,0.908
3407,1,9.63,-0.05,1.13737,0.341,3.788,4.25,14.1,0.038,0.0,18.017,17.51,17.03,16.771,16.736,1.137
3408,1,9.63,-0.03,0.30536,-1.872,3.563,4.994,11.1,0.035,0.0,20.55,20.116,18.781,18.217,18.015,0.305
3409,1,9.63,-0.03,0.22465,-2.131,3.547,5.057,11.2,0.035,0.0,21.299,20.91,19.505,18.952,18.722,0.225
3410,1,9.63,-0.03,0.75197,-0.682,3.674,4.637,11.3,0.036,0.0,17.776,17.195,16.332,15.766,15.685,0.752
3411,1,9.63,-0.03,0.43731,-1.522,3.586,4.889,11.4,0.036,0.0,19.974,19.493,18.253,17.655,17.495,0.437
3412,1,9.63,-0.03,0.57634,-1.17,3.617,4.781,12.8,0.038,0.0,20.494,19.98,18.89,18.22,18.1,0.576
3413,1,9.63,-0.03,0.83624,-0.442,3.708,4.58,14.0,0.038,0.0,19.875,19.282,18.546,18.087,18.022,0.836
3414,1,9.63,-0.01,0.80347,-0.54,3.693,4.602,11.6,0.036,0.0,17.72,17.128,16.339,15.836,15.764,0.803
3415,1,9.63,-0.01,0.48423,-1.411,3.594,4.856,11.9,0.037,0.0,20.197,19.705,18.51,17.881,17.738,0.484
3416,1,9.63,-0.01,1.30893,1.034,3.682,3.195,12.0,0.037,0.0,14.184,13.6,12.765,12.237,12.154,1.309
3417,1,9.63,-0.01,0.55363,-1.234,3.61,4.8,12.2,0.037,0.0,20.054,19.545,18.425,17.762,17.637,0.554
3418,1,9.63,-0.01,0.64998,-0.973,3.636,4.715,12.9,0.038,0.0,20.102,19.569,18.555,17.892,17.787,0.65
3419,1,9.63,-0.01,0.78946,-0.581,3.687,4.612,13.1,0.038,0.0,19.322,18.733,17.922,17.4,17.325,0.789
3420,1,9.63,-0.01,0.75412,-0.683,3.673,4.636,13.8,0.038,0.0,20.278,19.699,18.832,18.263,18.181,0.754
3421,1,9.63,-0.01,1.30986,1.064,3.681,3.161,14.0,0.038,0.0,16.11,15.528,14.688,14.156,14.073,1.31
3422,1,9.63,0.01,0.21096,-2.187,3.542,5.064,10.5,0.033,0.0,20.738,20.363,18.927,18.38,18.149,0.211
3423,1,9.63,0.01,0.38254,-1.663,3.574,4.926,12.0,0.037,0.0,20.928,20.473,19.163,18.594,18.415,0.383
3424,1,9.63,0.01,0.87283,-0.358,3.718,4.554,14.2,0.038,0.0,19.865,19.271,18.571,18.142,18.081,0.873
3425,1,9.63,0.01,0.8068,-0.544,3.689,4.59,14.3,0.038,0.0,20.43,19.84,19.035,18.518,18.444,0.807
3426,1,9.63,0.03,0.25753,-2.016,3.551,5.016,10.7,0.034,0.0,20.51,20.113,18.721,18.165,17.938,0.258
3427,1,9.63,0.03,0.52634,-1.309,3.602,4.822,11.2,0.035,0.0,19.243,18.744,17.584,16.928,16.798,0.526
3428,1,9.63,0.03,0.27799,-1.953,3.555,5.002,11.4,0.036,0.0,21.052,20.645,19.268,18.709,18.49,0.278
3429,1,9.63,0.03,1.18083,0.409,3.78,4.165,14.5,0.038,0.0,18.246,17.717,17.215,16.941,16.904,1.181
3430,1,9.63,0.05,0.63166,-1.037,3.628,4.733,12.3,0.037,0.0,19.661,19.14,18.087,17.41,17.299,0.632
3431,1,9.63,0.05,0.57277,-1.192,3.612,4.782,13.7,0.038,0.0,21.45,20.945,19.824,19.154,19.032,0.573
3432,1,9.63,0.05,0.98016,-0.078,3.751,4.458,14.1,0.038,0.0,19.066,18.492,17.904,17.564,17.517,0.98
3433,1,9.63,0.07,0.49212,-1.401,3.593,4.848,10.7,0.034,0.0,18.972,18.491,17.271,16.641,16.497,0.492
3434,1,9.63,0.07,1.09649,0.22,3.776,4.309,13.8,0.038,0.0,18.02,17.48,16.969,16.689,16.651,1.096
3435,1,9.63,0.09,0.85378,-0.432,3.704,4.562,10.7,0.034,0.0,16.55,15.947,15.199,14.734,14.667,0.854
3436,1,9.63,0.09,0.21381,-2.186,3.539,5.056,11.1,0.035,0.0,21.335,20.971,19.516,18.971,18.74,0.214
3437,1,9.63,0.09,0.5738,-1.194,3.611,4.78,11.4,0.036,0.0,19.155,18.654,17.522,16.852,16.729,0.574
3438,1,9.63,0.09,0.51882,-1.335,3.598,4.826,12.3,0.037,0.0,20.407,19.921,18.728,18.076,17.941,0.519
3439,1,9.63,0.09,0.90672,-0.287,3.725,4.528,12.4,0.037,0.0,17.889,17.29,16.616,16.21,16.152,0.907
3440,1,9.63,0.09,0.51743,-1.338,3.598,4.827,12.7,0.038,0.0,20.816,20.331,19.135,18.485,18.349,0.517
3441,1,9.63,0.09,0.61085,-1.099,3.62,4.75,13.6,0.038,0.0,21.116,20.606,19.516,18.837,18.721,0.611
3442,1,9.63,0.11,0.1993,-2.246,3.534,5.066,10.3,0.032,0.0,20.684,20.329,18.852,18.312,18.079,0.199
3443,1,9.63,0.11,0.7499,-0.722,3.663,4.633,10.7,0.034,0.0,17.276,16.704,15.795,15.2,15.112,0.75
3444,1,9.63,0.11,0.2682,-1.996,3.549,5.006,11.1,0.035,0.0,20.86,20.47,19.067,18.512,18.283,0.268
3445,1,9.63,0.11,0.43248,-1.551,3.579,4.889,11.9,0.037,0.0,20.549,20.097,18.79,18.202,18.035,0.432
3446,1,9.63,0.11,0.99615,-0.053,3.751,4.44,13.9,0.038,0.0,18.801,18.223,17.637,17.301,17.254,0.996
3447,1,9.63,0.13,0.55605,-1.244,3.605,4.794,10.7,0.034,0.0,18.58,18.088,16.923,16.255,16.128,0.556
3448,1,9.63,0.13,1.09376,0.194,3.772,4.315,14.0,0.038,0.0,18.285,17.733,17.21,16.923,16.882,1.094
3449,1,9.63,0.15,1.28035,0.621,3.741,3.835,14.6,0.038,0.0,17.819,17.228,16.609,16.253,16.2,1.28
3450,1,9.63,0.21,0.54686,-1.274,3.601,4.798,12.2,0.037,0.0,20.155,19.681,18.477,17.806,17.677,0.547
3451,1,9.63,0.21,0.84261,-0.49,3.692,4.566,12.6,0.038,0.0,18.595,17.994,17.199,16.702,16.627,0.843
3452,1,9.63,0.23,1.01009,-0.039,3.749,4.423,13.6,0.038,0.0,18.468,17.877,17.286,16.95,16.901,1.01
3453,1,9.65,-0.63,0.93537,0.086,3.794,4.445,9.4,0.027,0.0,13.956,13.499,13.026,12.763,12.733,0.935
3454,1,9.65,-0.57,0.42095,-1.452,3.617,4.928,8.7,0.022,0.0,17.1,16.545,15.509,14.896,14.759,0.421
3455,1,9.65,-0.57,0.59767,-0.962,3.656,4.747,11.2,0.035,0.0,18.375,17.819,16.898,16.29,16.193,0.598
3456,1,9.65,-0.57,0.39713,-1.509,3.613,4.945,12.1,0.037,0.0,20.643,20.097,19.046,18.438,18.296,0.397
3457,1,9.65,-0.55,0.30805,-1.739,3.6,5.011,11.9,0.037,0.0,21.017,20.471,19.38,18.795,18.64,0.308
3458,1,9.65,-0.55,0.39379,-1.523,3.611,4.947,12.3,0.037,0.0,20.876,20.332,19.273,18.666,18.524,0.394
3459,1,9.65,-0.53,0.67065,-0.743,3.683,4.686,13.4,0.038,0.0,20.029,19.458,18.632,18.095,18.016,0.671
3460,1,9.65,-0.53,0.61941,-0.905,3.662,4.729,14.1,0.038,0.0,21.131,20.574,19.671,19.076,18.984,0.619
3461,1,9.65,-0.51,0.7886,-0.391,3.732,4.6,12.5,0.038,0.0,18.247,17.685,17.03,16.632,16.578,0.789
3462,1,9.65,-0.51,0.47244,-1.336,3.621,4.88,13.3,0.038,0.0,21.41,20.868,19.837,19.205,19.075,0.472
3463,1,9.65,-0.51,0.6577,-0.79,3.676,4.697,13.8,0.038,0.0,20.545,19.976,19.125,18.567,18.484,0.658
3464,1,9.65,-0.49,0.34831,-1.658,3.6,4.986,12.3,0.037,0.0,21.215,20.672,19.578,18.988,18.835,0.348
3465,1,9.65,-0.49,0.65781,-0.796,3.675,4.697,14.7,0.038,0.0,21.461,20.893,20.035,19.472,19.388,0.658
3466,1,9.65,-0.47,0.53599,-1.168,3.633,4.813,13.5,0.038,0.0,21.189,20.648,19.648,19.008,18.892,0.536
3467,1,9.65,-0.47,0.91518,-0.048,3.775,4.494,14.1,0.038,0.0,18.991,18.489,17.963,17.664,17.627,0.915
3468,1,9.65,-0.45,0.36814,-1.619,3.6,4.968,11.8,0.037,0.0,20.618,20.079,18.977,18.382,18.231,0.368
3469,1,9.65,-0.45,0.7751,-0.452,3.722,4.613,12.3,0.037,0.0,18.199,17.626,16.938,16.515,16.456,0.775
3470,1,9.65,-0.45,0.75564,-0.511,3.713,4.626,12.9,0.038,0.0,18.947,18.371,17.653,17.205,17.141,0.756
3471,1,9.65,-0.45,0.83677,-0.271,3.748,4.568,14.4,0.038,0.0,19.847,19.299,18.694,18.334,18.286,0.837
3472,1,9.65,-0.43,0.78449,-0.43,3.725,4.607,10.9,0.034,0.0,16.744,16.169,15.492,15.077,15.02,0.784
3473,1,9.65,-0.43,0.7037,-0.679,3.687,4.659,12.0,0.037,0.0,18.468,17.892,17.081,16.557,16.48,0.704
3474,1,9.65,-0.43,0.42642,-1.474,3.607,4.915,13.0,0.038,0.0,21.455,20.918,19.834,19.221,19.079,0.426
3475,1,9.65,-0.43,0.96116,0.071,3.786,4.441,14.6,0.038,0.0,19.193,18.712,18.218,17.943,17.91,0.961
3476,1,9.65,-0.39,0.46703,-1.38,3.611,4.879,11.6,0.036,0.0,19.819,19.284,18.211,17.584,17.449,0.467
3477,1,9.65,-0.39,0.36999,-1.635,3.595,4.966,11.7,0.037,0.0,20.558,20.031,18.897,18.306,18.149,0.37
3478,1,9.65,-0.39,0.47461,-1.359,3.613,4.872,12.1,0.037,0.0,20.268,19.734,18.665,18.036,17.901,0.475
3479,1,9.65,-0.39,0.69343,-0.725,3.679,4.667,14.6,0.038,0.0,21.182,20.61,19.769,19.22,19.139,0.693
3480,1,9.65,-0.39,0.73346,-0.599,3.698,4.641,14.7,0.038,0.0,20.967,20.386,19.615,19.125,19.055,0.733
3481,1,9.65,-0.37,0.57241,-1.092,3.636,4.777,13.2,0.038,0.0,20.7,20.16,19.162,18.517,18.406,0.572
3482,1,9.65,-0.35,0.3152,-1.791,3.584,5.008,11.6,0.036,0.0,20.848,20.34,19.151,18.577,18.404,0.315
3483,1,9.65,-0.35,0.64547,-0.884,3.658,4.711,12.0,0.037,0.0,18.979,18.422,17.503,16.894,16.801,0.645
3484,1,9.65,-0.35,0.86097,-0.235,3.749,4.55,12.1,0.037,0.0,17.457,16.905,16.305,15.951,15.904,0.861
3485,1,9.65,-0.35,0.72167,-0.652,3.689,4.649,12.6,0.038,0.0,19.0,18.421,17.616,17.096,17.021,0.722
3486,1,9.65,-0.35,1.14291,0.527,3.803,4.126,14.0,0.038,0.0,17.451,16.999,16.555,16.319,16.289,1.143
3487,1,9.65,-0.33,0.49889,-1.307,3.615,4.848,9.8,0.029,0.0,17.837,17.301,16.235,15.597,15.467,0.499
3488,1,9.65,-0.33,0.9739,0.071,3.784,4.436,10.9,0.034,0.0,15.493,14.997,14.499,14.222,14.187,0.974
3489,1,9.65,-0.33,0.24172,-2.015,3.569,5.058,11.6,0.036,0.0,21.408,20.936,19.674,19.114,18.917,0.242
3490,1,9.65,-0.33,0.44154,-1.457,3.603,4.896,12.0,0.037,0.0,20.413,19.884,18.775,18.157,18.015,0.442
3491,1,9.65,-0.33,0.61968,-0.966,3.648,4.734,13.8,0.038,0.0,20.986,20.439,19.48,18.844,18.744,0.62
3492,1,9.65,-0.33,0.95583,0.015,3.778,4.459,14.3,0.038,0.0,19.032,18.525,18.01,17.719,17.683,0.956
3493,1,9.65,-0.33,0.82108,-0.358,3.732,4.586,14.4,0.038,0.0,20.065,19.494,18.842,18.446,18.392,0.821
3494,1,9.65,-0.33,1.05851,0.331,3.806,4.302,14.7,0.038,0.0,18.643,18.197,17.762,17.531,17.503,1.059
3495,1,9.65,-0.31,0.76612,-0.53,3.706,4.622,10.3,0.032,0.0,16.395,15.807,15.067,14.601,14.535,0.766
3496,1,9.65,-0.31,0.89379,-0.168,3.755,4.525,10.5,0.033,0.0,15.69,15.142,14.563,14.224,14.18,0.894
3497,1,9.65,-0.31,0.34478,-1.723,3.586,4.989,11.2,0.035,0.0,20.278,19.769,18.585,18.005,17.837,0.345
3498,1,9.65,-0.31,0.2692,-1.929,3.573,5.036,11.6,0.036,0.0,21.193,20.709,19.463,18.902,18.714,0.269
3499,1,9.65,-0.31,0.3096,-1.812,3.58,5.009,11.7,0.037,0.0,21.0,20.502,19.291,18.72,18.543,0.31
3500,1,9.65,-0.31,0.36252,-1.673,3.589,4.971,11.8,0.037,0.0,20.754,20.242,19.068,18.483,18.319,0.363
3501,1,9.65,-0.31,0.34212,-1.73,3.586,4.99,11.9,0.037,0.0,20.995,20.488,19.301,18.722,18.553,0.342
3502,1,9.65,-0.31,1.19409,0.707,3.812,4.003,12.2,0.037,0.0,15.203,14.768,14.351,14.138,14.109,1.194
3503,1,9.65,-0.31,0.94877,-0.024,3.772,4.473,12.3,0.037,0.0,17.131,16.612,16.081,15.779,15.741,0.949
3504,1,9.65,-0.31,0.73145,-0.637,3.69,4.644,12.7,0.038,0.0,19.062,18.482,17.68,17.164,17.09,0.731
3505,1,9.65,-0.31,0.57361,-1.104,3.633,4.777,13.6,0.038,0.0,21.13,20.594,19.582,18.931,18.818,0.574
3506,1,9.65,-0.29,0.2539,-1.979,3.569,5.044,10.5,0.033,0.0,20.217,19.745,18.479,17.918,17.723,0.254
3507,1,9.65,-0.29,0.59157,-1.061,3.636,4.761,12.2,0.037,0.0,19.622,19.084,18.083,17.433,17.323,0.592
3508,1,9.65,-0.29,0.58756,-1.072,3.635,4.765,12.3,0.037,0.0,19.749,19.212,18.207,17.557,17.446,0.588
3509,1,9.65,-0.29,0.95426,-0.022,3.771,4.471,13.0,0.038,0.0,17.825,17.304,16.771,16.468,16.43,0.954
3510,1,9.65,-0.29,0.48366,-1.354,3.609,4.86,13.1,0.038,0.0,21.256,20.729,19.638,19.003,18.869,0.484
3511,1,9.65,-0.29,1.13304,0.464,3.806,4.197,13.4,0.038,0.0,17.01,16.559,16.124,15.896,15.866,1.133
3512,1,9.65,-0.29,0.84781,-0.302,3.738,4.566,13.7,0.038,0.0,19.225,18.659,18.023,17.642,17.59,0.848
3513,1,9.65,-0.29,1.23189,0.671,3.722,3.692,15.2,0.038,0.0,18.292,17.715,17.026,16.607,16.549,1.232
3514,1,9.65,-0.27,0.63563,-0.936,3.649,4.721,10.6,0.033,0.0,17.71,17.158,16.205,15.571,15.473,0.636
3515,1,9.65,-0.27,1.27421,1.739,3.685,2.49,11.0,0.035,0.0,11.421,10.839,10.016,9.496,9.417,1.274
3516,1,9.65,-0.27,0.402,-1.566,3.592,4.923,11.4,0.036,0.0,20.085,19.573,18.408,17.809,17.653,0.402
3517,1,9.65,-0.27,0.4049,-1.559,3.593,4.921,12.4,0.037,0.0,21.067,20.555,19.392,18.792,18.637,0.405
3518,1,9.65,-0.27,0.9442,-0.057,3.766,4.482,12.7,0.038,0.0,17.613,17.083,16.537,16.223,16.183,0.944
3519,1,9.65,-0.27,0.85437,-0.293,3.738,4.561,14.1,0.038,0.0,19.603,19.035,18.401,18.021,17.969,0.854
3520,1,9.65,-0.25,0.25113,-1.994,3.566,5.043,11.6,0.036,0.0,21.355,20.897,19.61,19.049,18.849,0.251
3521,1,9.65,-0.25,0.48311,-1.363,3.607,4.86,12.9,0.038,0.0,21.079,20.555,19.452,18.817,18.682,0.483
3522,1,9.65,-0.25,0.77015,-0.542,3.702,4.621,13.3,0.038,0.0,19.426,18.839,18.083,17.604,17.536,0.77
3523,1,9.65,-0.25,0.80912,-0.428,3.719,4.596,14.8,0.038,0.0,20.641,20.058,19.361,18.93,18.87,0.809
3524,1,9.65,-0.25,1.00088,0.073,3.779,4.43,15.4,0.038,0.0,19.988,19.48,18.971,18.687,18.651,1.001
3525,1,9.65,-0.23,0.21722,-2.125,3.557,5.076,11.3,0.036,0.0,21.384,20.954,19.624,19.065,18.849,0.217
3526,1,9.65,-0.23,0.88936,-0.216,3.746,4.533,11.6,0.036,0.0,16.91,16.347,15.74,15.379,15.331,0.889
3527,1,9.65,-0.23,0.58186,-1.103,3.63,4.771,12.2,0.037,0.0,19.727,19.194,18.169,17.51,17.396,0.582
3528,1,9.65,-0.23,1.1875,0.536,3.792,4.09,12.8,0.038,0.0,16.231,15.745,15.272,15.017,14.983,1.188
3529,1,9.65,-0.23,0.6289,-0.967,3.645,4.728,13.3,0.038,0.0,20.487,19.943,18.969,18.327,18.225,0.629
3530,1,9.65,-0.23,1.02513,0.127,3.784,4.404,13.8,0.038,0.0,18.252,17.751,17.256,16.982,16.947,1.025
3531,1,9.65,-0.23,1.09091,0.326,3.8,4.297,14.1,0.038,0.0,18.054,17.586,17.137,16.898,16.868,1.091
3532,1,9.65,-0.21,0.73806,-0.655,3.684,4.642,12.6,0.038,0.0,19.007,18.427,17.602,17.068,16.99,0.738
3533,1,9.65,-0.21,0.71099,-0.736,3.672,4.659,14.4,0.038,0.0,21.011,20.439,19.568,18.996,18.912,0.711
3534,1,9.65,-0.19,0.27191,-1.942,3.567,5.027,11.1,0.035,0.0,20.724,20.269,18.975,18.412,18.214,0.272
3535,1,9.65,-0.19,0.2372,-2.056,3.56,5.054,11.2,0.035,0.0,21.111,20.677,19.351,18.791,18.579,0.237
3536,1,9.65,-0.19,0.4843,-1.373,3.604,4.858,11.4,0.036,0.0,19.602,19.083,17.962,17.326,17.191,0.484
3537,1,9.65,-0.19,0.51344,-1.297,3.611,4.834,12.3,0.037,0.0,20.314,19.793,18.695,18.049,17.919,0.513
3538,1,9.65,-0.19,0.68922,-0.807,3.662,4.676,12.5,0.038,0.0,19.287,18.725,17.815,17.213,17.123,0.689
3539,1,9.65,-0.19,0.47315,-1.402,3.602,4.868,12.6,0.038,0.0,20.875,20.358,19.228,18.595,18.458,0.473
3540,1,9.65,-0.19,0.60367,-1.054,3.633,4.752,12.8,0.038,0.0,20.205,19.671,18.655,17.997,17.887,0.604
3541,1,9.65,-0.19,0.61991,-1.005,3.639,4.737,13.0,0.038,0.0,20.282,19.743,18.747,18.096,17.991,0.62
3542,1,9.65,-0.19,0.57961,-1.119,3.627,4.774,13.3,0.038,0.0,20.868,20.339,19.301,18.636,18.52,0.58
3543,1,9.65,-0.19,0.53557,-1.237,3.616,4.814,13.6,0.038,0.0,21.462,20.94,19.861,19.207,19.082,0.536
3544,1,9.65,-0.19,1.01156,0.076,3.777,4.421,13.9,0.038,0.0,18.479,17.961,17.447,17.159,17.122,1.012
3545,1,9.65,-0.19,0.99255,0.031,3.772,4.439,15.1,0.038,0.0,19.794,19.267,18.739,18.441,18.403,0.993
3546,1,9.65,-0.17,0.64461,-0.939,3.646,4.715,9.8,0.029,0.0,16.918,16.367,15.399,14.757,14.658,0.645
3547,1,9.65,-0.17,1.04853,0.158,3.784,4.383,11.2,0.035,0.0,15.575,15.068,14.575,14.303,14.268,1.049
3548,1,9.65,-0.17,0.56291,-1.168,3.622,4.789,12.0,0.037,0.0,19.691,19.166,18.107,17.443,17.323,0.563
3549,1,9.65,-0.17,0.48273,-1.381,3.603,4.859,13.2,0.038,0.0,21.423,20.907,19.778,19.142,19.006,0.483
3550,1,9.65,-0.15,0.52906,-1.264,3.612,4.82,10.7,0.034,0.0,18.63,18.109,17.014,16.362,16.235,0.529
3551,1,9.65,-0.15,0.84224,-0.376,3.722,4.574,11.5,0.036,0.0,17.21,16.623,15.938,15.519,15.46,0.842
3552,1,9.65,-0.15,0.40047,-1.592,3.585,4.92,12.2,0.037,0.0,20.949,20.459,19.238,18.648,18.484,0.4
3553,1,9.65,-0.15,0.82215,-0.432,3.714,4.588,13.1,0.038,0.0,18.951,18.363,17.649,17.206,17.144,0.822
3554,1,9.65,-0.13,0.24364,-2.042,3.558,5.043,11.0,0.035,0.0,20.875,20.451,19.107,18.548,18.333,0.244
3555,1,9.65,-0.13,0.73565,-0.692,3.676,4.645,11.8,0.037,0.0,18.299,17.72,16.865,16.305,16.224,0.736
3556,1,9.65,-0.13,0.41263,-1.565,3.587,4.911,11.9,0.037,0.0,20.582,20.091,18.874,18.279,18.118,0.413
3557,1,9.65,-0.13,0.76778,-0.596,3.689,4.624,12.2,0.037,0.0,18.461,17.875,17.072,16.556,16.482,0.768
3558,1,9.65,-0.13,0.44886,-1.476,3.593,4.885,12.5,0.038,0.0,20.961,20.46,19.278,18.664,18.514,0.449
3559,1,9.65,-0.13,0.61258,-1.044,3.633,4.746,13.9,0.038,0.0,21.279,20.747,19.726,19.064,18.954,0.613
3560,1,9.65,-0.13,1.12625,0.345,3.795,4.271,15.1,0.038,0.0,19.006,18.52,18.058,17.812,17.78,1.126
3561,1,9.65,-0.11,0.41812,-1.554,3.587,4.906,8.8,0.023,0.0,17.456,16.958,15.741,15.147,14.988,0.418
3562,1,9.65,-0.11,0.49515,-1.363,3.602,4.849,9.1,0.025,0.0,17.277,16.758,15.623,14.982,14.849,0.495
3563,1,9.65,-0.11,0.87078,-0.313,3.73,4.555,9.7,0.028,0.0,15.252,14.663,14.005,13.607,13.552,0.871
3564,1,9.65,-0.11,0.41607,-1.559,3.586,4.907,11.5,0.036,0.0,20.169,19.68,18.457,17.862,17.701,0.416
3565,1,9.65,-0.11,0.34182,-1.764,3.574,4.979,12.0,0.037,0.0,21.181,20.711,19.433,18.866,18.684,0.342
3566,1,9.65,-0.11,0.52626,-1.281,3.609,4.823,12.4,0.037,0.0,20.372,19.858,18.746,18.093,17.965,0.526
3567,1,9.65,-0.11,0.69388,-0.821,3.657,4.673,12.7,0.038,0.0,19.522,18.965,18.034,17.416,17.324,0.694
3568,1,9.65,-0.11,0.69948,-0.805,3.658,4.668,12.8,0.038,0.0,19.584,19.024,18.101,17.488,17.397,0.699
3569,1,9.65,-0.11,1.17783,0.451,3.79,4.165,12.9,0.038,0.0,16.542,16.044,15.569,15.314,15.28,1.178
3570,1,9.65,-0.09,0.22401,-2.123,3.551,5.061,9.8,0.029,0.0,19.878,19.473,18.095,17.54,17.313,0.224
3571,1,9.65,-0.09,0.83987,-0.407,3.715,4.576,11.2,0.035,0.0,16.986,16.395,15.686,15.248,15.186,0.84
3572,1,9.65,-0.09,0.42198,-1.548,3.586,4.902,11.5,0.036,0.0,20.14,19.653,18.426,17.83,17.67,0.422
3573,1,9.65,-0.09,0.37095,-1.687,3.578,4.951,11.6,0.036,0.0,20.587,20.113,18.844,18.271,18.096,0.371
3574,1,9.65,-0.09,0.76398,-0.623,3.684,4.627,11.8,0.037,0.0,18.126,17.542,16.719,16.187,16.11,0.764
3575,1,9.65,-0.09,1.20453,0.492,3.783,4.104,12.5,0.038,0.0,16.04,15.525,15.03,14.76,14.723,1.205
3576,1,9.65,-0.09,0.52749,-1.282,3.608,4.822,12.8,0.038,0.0,20.776,20.263,19.146,18.492,18.364,0.527
3577,1,9.65,-0.09,1.22569,0.653,3.797,4.009,12.9,0.038,0.0,16.038,15.552,15.099,14.861,14.828,1.226
3578,1,9.65,-0.09,0.72653,-0.733,3.668,4.651,14.7,0.038,0.0,21.302,20.731,19.846,19.263,19.178,0.727
3579,1,9.65,-0.07,0.42279,-1.549,3.585,4.9,11.7,0.037,0.0,20.342,19.859,18.623,18.029,17.868,0.423
3580,1,9.65,-0.07,0.77235,-0.605,3.686,4.621,11.8,0.037,0.0,18.083,17.497,16.681,16.154,16.079,0.772
3581,1,9.65,-0.07,0.53441,-1.269,3.609,4.816,12.0,0.037,0.0,19.942,19.429,18.312,17.656,17.529,0.534
3582,1,9.65,-0.07,0.96141,-0.081,3.755,4.467,12.1,0.037,0.0,17.072,16.511,15.933,15.596,15.551,0.961
3583,1,9.65,-0.05,0.40909,-1.587,3.582,4.91,10.5,0.033,0.0,19.238,18.761,17.503,16.918,16.751,0.409
3584,1,9.65,-0.05,0.3452,-1.766,3.571,4.973,11.2,0.035,0.0,20.384,19.927,18.626,18.059,17.873,0.345
3585,1,9.65,-0.05,0.8383,-0.426,3.711,4.577,12.0,0.037,0.0,17.835,17.242,16.517,16.067,16.003,0.838
3586,1,9.65,-0.05,1.12617,0.327,3.786,4.252,12.1,0.037,0.0,16.053,15.541,15.055,14.791,14.756,1.126
3587,1,9.65,-0.05,0.38578,-1.651,3.578,4.933,12.2,0.037,0.0,21.098,20.629,19.351,18.776,18.602,0.386
3588,1,9.65,-0.05,0.42628,-1.543,3.585,4.896,12.3,0.037,0.0,20.928,20.448,19.205,18.611,18.449,0.426
3589,1,9.65,-0.05,0.51502,-1.325,3.603,4.833,12.6,0.038,0.0,20.681,20.175,19.032,18.382,18.25,0.515
3590,1,9.65,-0.05,0.9733,-0.053,3.757,4.453,13.0,0.038,0.0,17.903,17.344,16.772,16.44,16.396,0.973
3591,1,9.65,-0.05,1.05159,0.16,3.777,4.355,13.1,0.038,0.0,17.469,16.941,16.431,16.147,16.11,1.052
3592,1,9.65,-0.05,0.51011,-1.338,3.602,4.837,13.2,0.038,0.0,21.314,20.808,19.661,19.012,18.88,0.51
3593,1,9.65,-0.05,0.50104,-1.362,3.6,4.845,13.3,0.038,0.0,21.474,20.969,19.814,19.168,19.034,0.501
3594,1,9.65,-0.03,0.361,-1.725,3.573,4.958,10.8,0.034,0.0,19.883,19.424,18.123,17.556,17.373,0.361
3595,1,9.65,-0.03,0.32202,-1.829,3.566,4.986,12.0,0.037,0.0,21.341,20.901,19.577,19.011,18.815,0.322
3596,1,9.65,-0.03,0.4842,-1.407,3.595,4.857,12.5,0.038,0.0,20.787,20.291,19.105,18.475,18.333,0.484
3597,1,9.65,-0.01,0.25297,-2.03,3.553,5.027,7.7,0.016,0.0,17.544,17.131,15.753,15.198,14.976,0.253
3598,1,9.65,-0.01,0.23223,-2.106,3.548,5.048,9.7,0.028,0.0,19.734,19.341,17.938,17.386,17.157,0.232
3599,1,9.65,-0.01,0.71249,-0.802,3.656,4.662,10.7,0.034,0.0,17.475,16.915,15.98,15.358,15.267,0.712
3600,1,9.65,-0.01,0.63384,-1.017,3.632,4.729,11.9,0.037,0.0,19.211,18.683,17.651,16.981,16.873,0.634
3601,1,9.65,-0.01,0.93388,-0.175,3.742,4.496,13.3,0.038,0.0,18.506,17.928,17.309,16.942,16.892,0.934
3602,1,9.65,-0.01,0.65378,-0.961,3.638,4.711,13.7,0.038,0.0,20.873,20.338,19.329,18.668,18.564,0.654
3603,1,9.65,0.01,0.47075,-1.447,3.59,4.866,11.9,0.037,0.0,20.288,19.805,18.583,17.967,17.817,0.471
3604,1,9.65,0.01,1.06943,0.182,3.776,4.334,12.4,0.037,0.0,16.715,16.179,15.666,15.382,15.344,1.069
3605,1,9.65,0.01,0.83595,-0.458,3.702,4.573,13.9,0.038,0.0,19.815,19.219,18.464,17.989,17.922,0.836
3606,1,9.65,0.01,0.88024,-0.334,3.721,4.547,14.7,0.038,0.0,20.305,19.711,19.023,18.603,18.544,0.88
3607,1,9.65,0.03,0.30197,-1.878,3.56,4.981,10.6,0.033,0.0,20.066,19.646,18.287,17.725,17.516,0.302
3608,1,9.65,0.03,0.45446,-1.49,3.586,4.877,11.1,0.035,0.0,19.595,19.119,17.87,17.266,17.11,0.454
3609,1,9.65,0.03,0.31585,-1.842,3.562,4.974,11.7,0.037,0.0,21.074,20.649,19.299,18.735,18.531,0.316
3610,1,9.65,0.05,0.67311,-0.923,3.64,4.695,12.2,0.037,0.0,19.278,18.741,17.738,17.081,16.978,0.673
3611,1,9.65,0.05,0.56219,-1.218,3.61,4.79,12.4,0.037,0.0,20.215,19.713,18.581,17.914,17.79,0.562
3612,1,9.65,0.05,0.52933,-1.303,3.602,4.818,12.7,0.038,0.0,20.727,20.232,19.067,18.409,18.278,0.529
3613,1,9.65,0.05,0.49168,-1.4,3.593,4.849,13.0,0.038,0.0,21.269,20.786,19.573,18.942,18.799,0.492
3614,1,9.65,0.05,0.91747,-0.242,3.732,4.516,13.5,0.038,0.0,18.876,18.286,17.634,17.245,17.19,0.917
3615,1,9.65,0.05,0.94447,-0.168,3.741,4.49,13.9,0.038,0.0,19.09,18.507,17.885,17.519,17.468,0.944
3616,1,9.65,0.07,0.56096,-1.224,3.609,4.791,9.9,0.03,0.0,17.729,17.224,16.088,15.421,15.297,0.561
3617,1,9.65,0.07,1.1549,0.362,3.779,4.2,12.7,0.038,0.0,16.564,16.029,15.527,15.253,15.215,1.155
3618,1,9.65,0.07,0.47148,-1.452,3.588,4.863,12.9,0.038,0.0,21.299,20.828,19.581,18.966,18.814,0.471
3619,1,9.65,0.07,1.02543,0.045,3.762,4.398,13.8,0.038,0.0,18.457,17.896,17.343,17.029,16.987,1.025
3620,1,9.65,0.09,0.28789,-1.931,3.554,4.991,11.1,0.035,0.0,20.698,20.295,18.912,18.353,18.133,0.288
3621,1,9.65,0.09,1.88752,-0.211,4.31,6.869,12.2,0.037,0.0,17.498,19.671,19.952,20.066,20.123,1.084
3622,1,9.65,0.11,0.50517,-1.371,3.594,4.835,11.7,0.037,0.0,19.897,19.421,18.199,17.561,17.419,0.505
3623,1,9.65,0.11,1.04881,0.097,3.765,4.366,12.9,0.038,0.0,17.427,16.867,16.323,16.017,15.975,1.049
3624,1,9.65,0.13,0.50515,-1.373,3.593,4.834,11.6,0.036,0.0,19.802,19.329,18.099,17.461,17.319,0.505
3625,1,9.65,0.13,0.62555,-1.064,3.623,4.737,13.3,0.038,0.0,20.73,20.218,19.136,18.455,18.341,0.626
3626,1,9.65,0.19,0.64762,-1.015,3.627,4.718,10.9,0.034,0.0,18.206,17.689,16.619,15.941,15.829,0.648
3627,1,9.65,0.19,0.71911,-0.822,3.648,4.657,11.9,0.037,0.0,18.726,18.173,17.201,16.564,16.467,0.719
3628,1,9.65,0.23,0.29163,-1.938,3.55,4.986,11.2,0.035,0.0,20.814,20.423,19.023,18.468,18.238,0.292
3629,1,9.65,0.25,0.64816,-1.01,3.627,4.715,11.8,0.037,0.0,19.094,18.58,17.505,16.827,16.715,0.648
3630,1,9.67,-0.69,0.56755,-1.018,3.656,4.779,13.1,0.038,0.0,20.414,19.859,18.939,18.337,18.237,0.568
3631,1,9.67,-0.67,0.52109,-1.16,3.643,4.833,13.5,0.038,0.0,21.17,20.62,19.659,19.041,18.929,0.521
3632,1,9.67,-0.67,0.68773,-0.636,3.703,4.671,13.7,0.038,0.0,20.059,19.486,18.735,18.263,18.192,0.688
3633,1,9.67,-0.65,0.80761,-0.272,3.752,4.572,13.5,0.038,0.0,18.949,18.418,17.825,17.474,17.427,0.808
3634,1,9.67,-0.63,0.99374,0.268,3.81,4.354,11.8,0.037,0.0,15.9,15.488,15.055,14.825,14.798,0.994
3635,1,9.67,-0.63,0.78832,-0.339,3.743,4.591,14.7,0.038,0.0,20.318,19.773,19.151,18.778,18.727,0.788
3636,1,9.67,-0.59,0.2137,-2.054,3.583,5.101,11.3,0.036,0.0,21.205,20.685,19.521,18.956,18.778,0.214
3637,1,9.67,-0.59,0.26708,-1.851,3.596,5.045,11.5,0.036,0.0,20.898,20.358,19.249,18.67,18.509,0.267
3638,1,9.67,-0.59,0.77828,-0.387,3.735,4.602,12.2,0.037,0.0,17.936,17.381,16.735,16.344,16.289,0.778
3639,1,9.67,-0.57,1.15785,0.785,3.801,3.866,13.5,0.038,0.0,16.307,15.865,15.411,15.168,15.137,1.158
3640,1,9.67,-0.55,0.5194,-1.195,3.634,4.832,10.7,0.034,0.0,18.457,17.91,16.92,16.288,16.171,0.519
3641,1,9.67,-0.55,0.28742,-1.8,3.596,5.027,11.6,0.036,0.0,20.869,20.329,19.221,18.64,18.48,0.287
3642,1,9.67,-0.55,0.59924,-0.962,3.655,4.745,12.8,0.038,0.0,19.975,19.422,18.496,17.885,17.787,0.599
3643,1,9.67,-0.55,0.666,-0.749,3.683,4.689,14.6,0.038,0.0,21.243,20.672,19.846,19.311,19.231,0.666
3644,1,9.67,-0.53,0.98054,0.157,3.798,4.411,10.2,0.031,0.0,14.578,14.126,13.666,13.412,13.383,0.981
3645,1,9.67,-0.53,0.38308,-1.555,3.608,4.955,12.0,0.037,0.0,20.657,20.112,19.044,18.441,18.296,0.383
3646,1,9.67,-0.53,0.58405,-1.012,3.65,4.762,12.2,0.037,0.0,19.501,18.951,18.006,17.38,17.279,0.584
3647,1,9.67,-0.53,0.54161,-1.135,3.639,4.807,12.9,0.038,0.0,20.509,19.963,18.983,18.35,18.238,0.542
3648,1,9.67,-0.53,0.90994,-0.033,3.778,4.489,13.1,0.038,0.0,17.953,17.462,16.944,16.65,16.614,0.91
3649,1,9.67,-0.51,1.05083,0.352,3.814,4.31,11.9,0.037,0.0,15.791,15.379,14.96,14.741,14.715,1.051
3650,1,9.67,-0.51,0.85146,-0.204,3.758,4.549,13.1,0.038,0.0,18.38,17.851,17.275,16.936,16.893,0.851
3651,1,9.67,-0.49,0.32489,-1.718,3.597,5.001,12.4,0.037,0.0,21.464,20.925,19.817,19.233,19.075,0.325
3652,1,9.67,-0.49,1.18037,0.715,3.735,3.68,12.5,0.038,0.0,15.482,14.926,14.277,13.885,13.833,1.18
3653,1,9.67,-0.49,0.59568,-0.991,3.65,4.751,13.4,0.038,0.0,20.648,20.099,19.153,18.525,18.425,0.596
3654,1,9.67,-0.49,0.91065,-0.047,3.775,4.492,15.3,0.038,0.0,20.188,19.688,19.163,18.864,18.828,0.911
3655,1,9.67,-0.47,0.39215,-1.549,3.604,4.944,12.2,0.037,0.0,20.843,20.302,19.217,18.614,18.467,0.392
3656,1,9.67,-0.47,0.38893,-1.558,3.604,4.947,12.4,0.037,0.0,21.064,20.523,19.437,18.835,18.688,0.389
3657,1,9.67,-0.47,1.01883,0.251,3.804,4.357,13.4,0.038,0.0,17.543,17.104,16.659,16.42,16.391,1.019
3658,1,9.67,-0.45,0.29089,-1.825,3.588,5.024,11.2,0.035,0.0,20.532,20.01,18.855,18.281,18.111,0.291
3659,1,9.67,-0.45,0.46695,-1.365,3.616,4.881,12.2,0.037,0.0,20.381,19.843,18.789,18.162,18.028,0.467
3660,1,9.67,-0.45,0.69112,-0.708,3.684,4.668,12.3,0.037,0.0,18.84,18.266,17.444,16.91,16.832,0.691
3661,1,9.67,-0.45,1.01022,0.224,3.801,4.366,12.6,0.038,0.0,16.81,16.361,15.907,15.661,15.632,1.01
3662,1,9.67,-0.45,0.71668,-0.628,3.696,4.65,13.3,0.038,0.0,19.64,19.062,18.282,17.784,17.712,0.717
3663,1,9.67,-0.45,1.06883,0.398,3.811,4.261,14.4,0.038,0.0,18.176,17.753,17.328,17.106,17.078,1.069
3664,1,9.67,-0.43,0.8315,-0.287,3.745,4.57,12.6,0.038,0.0,18.088,17.535,16.921,16.555,16.506,0.832
3665,1,9.67,-0.43,0.6705,-0.777,3.675,4.686,13.5,0.038,0.0,20.213,19.644,18.785,18.222,18.139,0.67
3666,1,9.67,-0.43,0.5484,-1.141,3.634,4.799,13.7,0.038,0.0,21.323,20.783,19.782,19.139,19.025,0.548
3667,1,9.67,-0.43,0.9426,0.025,3.782,4.459,13.9,0.038,0.0,18.607,18.116,17.609,17.324,17.289,0.943
3668,1,9.67,-0.41,0.35655,-1.667,3.594,4.981,10.2,0.031,0.0,19.137,18.604,17.475,16.887,16.73,0.357
3669,1,9.67,-0.41,0.34156,-1.706,3.592,4.993,11.4,0.036,0.0,20.436,19.91,18.77,18.186,18.024,0.342
3670,1,9.67,-0.41,0.44227,-1.439,3.608,4.9,11.9,0.037,0.0,20.268,19.732,18.65,18.032,17.892,0.442
3671,1,9.67,-0.41,0.72154,-0.627,3.694,4.647,12.2,0.037,0.0,18.538,17.958,17.174,16.672,16.6,0.722
3672,1,9.67,-0.41,1.11129,0.576,3.812,4.102,13.3,0.038,0.0,16.63,16.204,15.783,15.565,15.537,1.111
3673,1,9.67,-0.41,0.70828,-0.669,3.688,4.655,13.4,0.038,0.0,19.844,19.267,18.459,17.937,17.861,0.708
3674,1,9.67,-0.41,0.92426,-0.029,3.775,4.48,14.5,0.038,0.0,19.341,18.836,18.312,18.015,17.979,0.924
3675,1,9.67,-0.41,0.95323,0.057,3.783,4.44,15.5,0.038,0.0,20.128,19.64,19.139,18.858,18.824,0.953
3676,1,9.67,-0.39,0.52117,-1.23,3.624,4.827,11.7,0.037,0.0,19.544,19.008,17.974,17.326,17.202,0.521
3677,1,9.67,-0.39,0.25382,-1.959,3.575,5.05,11.8,0.037,0.0,21.468,20.972,19.75,19.19,19.004,0.254
3678,1,9.67,-0.39,1.01604,0.244,3.797,4.335,12.8,0.038,0.0,16.96,16.499,16.037,15.786,15.755,1.016
3679,1,9.67,-0.39,0.65927,-0.825,3.667,4.695,12.9,0.038,0.0,19.732,19.169,18.281,17.696,17.608,0.659
3680,1,9.67,-0.39,0.77998,-0.451,3.721,4.611,13.1,0.038,0.0,18.997,18.421,17.73,17.304,17.245,0.78
3681,1,9.67,-0.39,0.95689,0.069,3.783,4.429,13.3,0.038,0.0,17.898,17.408,16.907,16.626,16.592,0.957
3682,1,9.67,-0.39,0.60476,-0.995,3.646,4.745,13.4,0.038,0.0,20.658,20.111,19.149,18.513,18.411,0.605
3683,1,9.67,-0.37,0.11227,-2.874,3.483,5.241,9.2,0.025,0.0,21.154,20.945,19.223,18.662,18.424,0.112
3684,1,9.67,-0.37,0.98058,0.149,3.793,4.399,11.3,0.036,0.0,15.698,15.226,14.753,14.494,14.463,0.981
3685,1,9.67,-0.37,0.57075,-1.095,3.635,4.778,12.3,0.037,0.0,19.808,19.268,18.27,17.625,17.513,0.571
3686,1,9.67,-0.37,0.51441,-1.254,3.621,4.833,12.4,0.037,0.0,20.304,19.77,18.725,18.08,17.954,0.514
3687,1,9.67,-0.37,0.36611,-1.652,3.593,4.97,12.5,0.038,0.0,21.4,20.878,19.732,19.143,18.983,0.366
3688,1,9.67,-0.37,0.67495,-0.787,3.671,4.684,13.3,0.038,0.0,20.037,19.47,18.597,18.023,17.938,0.675
3689,1,9.67,-0.37,1.04029,0.33,3.807,4.3,14.2,0.038,0.0,18.144,17.705,17.271,17.042,17.013,1.04
3690,1,9.67,-0.37,1.15109,0.577,3.794,4.045,14.7,0.038,0.0,18.026,17.557,17.089,16.835,16.803,1.151
3691,1,9.67,-0.35,0.16142,-2.454,3.524,5.143,10.4,0.032,0.0,21.304,20.962,19.479,18.924,18.688,0.161
3692,1,9.67,-0.35,0.90539,-0.105,3.765,4.505,11.6,0.036,0.0,16.634,16.105,15.552,15.232,15.191,0.905
3693,1,9.67,-0.35,0.50266,-1.291,3.617,4.844,12.5,0.038,0.0,20.499,19.967,18.906,18.266,18.136,0.503
3694,1,9.67,-0.35,0.51058,-1.269,3.619,4.837,12.7,0.038,0.0,20.643,20.11,19.056,18.412,18.285,0.511
3695,1,9.67,-0.35,0.82299,-0.339,3.736,4.58,13.0,0.038,0.0,18.617,18.051,17.408,17.02,16.967,0.823
3696,1,9.67,-0.33,0.29584,-1.845,3.579,5.017,11.6,0.036,0.0,20.982,20.484,19.27,18.703,18.524,0.296
3697,1,9.67,-0.33,0.64754,-0.882,3.658,4.709,13.5,0.038,0.0,20.476,19.92,18.998,18.387,18.294,0.648
3698,1,9.67,-0.33,0.82398,-0.346,3.734,4.581,13.8,0.038,0.0,19.434,18.865,18.217,17.825,17.772,0.824
3699,1,9.67,-0.33,0.6233,-0.955,3.649,4.73,14.1,0.038,0.0,21.258,20.71,19.755,19.122,19.023,0.623
3700,1,9.67,-0.33,0.66236,-0.838,3.663,4.696,14.2,0.038,0.0,21.065,20.504,19.602,19.006,18.916,0.662
3701,1,9.67,-0.33,0.85261,-0.265,3.744,4.556,15.3,0.038,0.0,20.731,20.173,19.558,19.192,19.143,0.853
3702,1,9.67,-0.31,0.61572,-0.983,3.645,4.737,11.8,0.037,0.0,19.029,18.483,17.514,16.875,16.773,0.616
3703,1,9.67,-0.31,0.93474,-0.053,3.769,4.482,11.9,0.037,0.0,16.804,16.279,15.738,15.428,15.389,0.935
3704,1,9.67,-0.31,0.75015,-0.576,3.699,4.631,12.1,0.037,0.0,18.31,17.725,16.958,16.471,16.401,0.75
3705,1,9.67,-0.31,0.71572,-0.683,3.683,4.652,12.7,0.038,0.0,19.178,18.601,17.773,17.234,17.156,0.716
3706,1,9.67,-0.31,0.49772,-1.313,3.613,4.848,13.0,0.038,0.0,21.054,20.525,19.449,18.81,18.679,0.498
3707,1,9.67,-0.31,0.70547,-0.715,3.678,4.659,13.6,0.038,0.0,20.158,19.583,18.737,18.183,18.102,0.705
3708,1,9.67,-0.31,0.54096,-1.192,3.624,4.807,13.7,0.038,0.0,21.451,20.92,19.881,19.225,19.103,0.541
3709,1,9.67,-0.31,0.73209,-0.632,3.69,4.642,13.8,0.038,0.0,20.15,19.57,18.771,18.257,18.182,0.732
3710,1,9.67,-0.29,0.27328,-1.92,3.573,5.032,9.9,0.03,0.0,19.469,18.984,17.736,17.175,16.987,0.273
3711,1,9.67,-0.29,0.35746,-1.691,3.587,4.976,11.1,0.035,0.0,20.097,19.589,18.405,17.822,17.656,0.357
3712,1,9.67,-0.29,0.4039,-1.557,3.594,4.922,11.5,0.036,0.0,20.163,19.647,18.492,17.891,17.737,0.404
3713,1,9.67,-0.29,0.48201,-1.358,3.609,4.861,12.1,0.037,0.0,20.264,19.737,18.645,18.011,17.876,0.482
3714,1,9.67,-0.29,0.49935,-1.314,3.613,4.847,12.5,0.038,0.0,20.554,20.026,18.946,18.306,18.175,0.499
3715,1,9.67,-0.29,1.05676,0.301,3.801,4.311,12.5,0.038,0.0,16.517,16.056,15.608,15.368,15.339,1.057
3716,1,9.67,-0.29,0.67531,-0.812,3.665,4.685,14.4,0.038,0.0,21.201,20.637,19.741,19.149,19.061,0.675
3717,1,9.67,-0.27,0.73465,-0.64,3.688,4.641,11.1,0.035,0.0,17.469,16.887,16.079,15.558,15.483,0.735
3718,1,9.67,-0.27,0.2076,-2.155,3.558,5.086,11.2,0.035,0.0,21.357,20.924,19.601,19.042,18.826,0.208
3719,1,9.67,-0.27,0.47068,-1.392,3.605,4.871,12.0,0.037,0.0,20.25,19.725,18.619,17.989,17.852,0.471
3720,1,9.67,-0.27,0.34428,-1.731,3.584,4.986,12.2,0.037,0.0,21.296,20.796,19.593,19.015,18.845,0.344
3721,1,9.67,-0.27,0.60078,-1.04,3.637,4.752,13.2,0.038,0.0,20.57,20.031,19.033,18.384,18.276,0.601
3722,1,9.67,-0.27,0.70311,-0.737,3.673,4.661,13.3,0.038,0.0,19.912,19.339,18.476,17.908,17.825,0.703
3723,1,9.67,-0.27,0.76196,-0.556,3.701,4.624,14.4,0.038,0.0,20.559,19.973,19.212,18.73,18.661,0.762
3724,1,9.67,-0.25,0.28572,-1.889,3.573,5.02,11.6,0.036,0.0,21.093,20.616,19.358,18.795,18.607,0.286
3725,1,9.67,-0.25,0.47011,-1.398,3.604,4.871,12.5,0.038,0.0,20.764,20.241,19.128,18.498,18.36,0.47
3726,1,9.67,-0.25,0.46301,-1.416,3.603,4.877,13.0,0.038,0.0,21.311,20.789,19.67,19.042,18.904,0.463
3727,1,9.67,-0.25,0.72846,-0.666,3.683,4.646,13.2,0.038,0.0,19.636,19.057,18.231,17.694,17.617,0.728
3728,1,9.67,-0.25,1.02034,0.141,3.786,4.395,13.8,0.038,0.0,18.216,17.721,17.231,16.961,16.927,1.02
3729,1,9.67,-0.25,0.91126,-0.145,3.755,4.509,13.8,0.038,0.0,18.932,18.383,17.803,17.464,17.42,0.911
3730,1,9.67,-0.25,0.77811,-0.516,3.706,4.614,13.9,0.038,0.0,19.959,19.373,18.63,18.163,18.097,0.778
3731,1,9.67,-0.25,1.02832,0.167,3.788,4.383,14.0,0.038,0.0,18.352,17.862,17.379,17.114,17.081,1.028
3732,1,9.67,-0.25,0.70578,-0.736,3.673,4.66,14.6,0.038,0.0,21.209,20.637,19.771,19.203,19.119,0.706
3733,1,9.67,-0.23,0.23554,-2.055,3.562,5.058,9.8,0.029,0.0,19.708,19.261,17.953,17.393,17.185,0.236
3734,1,9.67,-0.23,1.0113,0.097,3.781,4.414,9.9,0.03,0.0,14.426,13.914,13.412,13.131,13.096,1.011
3735,1,9.67,-0.23,0.23609,-2.053,3.562,5.057,11.0,0.035,0.0,20.903,20.46,19.149,18.589,18.381,0.236
3736,1,9.67,-0.23,0.25454,-1.987,3.566,5.04,11.7,0.037,0.0,21.436,20.982,19.689,19.128,18.927,0.255
3737,1,9.67,-0.23,0.62693,-0.972,3.644,4.729,11.8,0.037,0.0,19.0,18.456,17.48,16.837,16.735,0.627
3738,1,9.67,-0.23,0.71751,-0.707,3.677,4.653,12.2,0.037,0.0,18.738,18.162,17.31,16.753,16.672,0.718
3739,1,9.67,-0.23,0.51245,-1.29,3.613,4.835,12.6,0.038,0.0,20.596,20.072,18.986,18.34,18.211,0.512
3740,1,9.67,-0.23,0.93038,-0.104,3.759,4.493,13.0,0.038,0.0,18.029,17.485,16.917,16.587,16.544,0.93
3741,1,9.67,-0.23,1.21624,0.723,3.778,3.857,13.2,0.038,0.0,16.161,15.647,15.135,14.852,14.813,1.216
3742,1,9.67,-0.23,0.66304,-0.868,3.656,4.698,13.3,0.038,0.0,20.239,19.683,18.753,18.135,18.042,0.663
3743,1,9.67,-0.23,0.73316,-0.659,3.684,4.643,13.4,0.038,0.0,19.819,19.239,18.414,17.879,17.802,0.733
3744,1,9.67,-0.23,0.54097,-1.212,3.62,4.808,13.6,0.038,0.0,21.399,20.873,19.811,19.155,19.032,0.541
3745,1,9.67,-0.21,0.26384,-1.962,3.566,5.033,10.6,0.033,0.0,20.275,19.818,18.526,17.964,17.765,0.264
3746,1,9.67,-0.21,0.35707,-1.706,3.582,4.972,10.7,0.034,0.0,19.734,19.239,18.019,17.441,17.27,0.357
3747,1,9.67,-0.21,0.57462,-1.126,3.627,4.778,11.2,0.035,0.0,18.785,18.255,17.218,16.555,16.439,0.575
3748,1,9.67,-0.21,0.46642,-1.415,3.601,4.873,12.0,0.037,0.0,20.309,19.789,18.661,18.031,17.893,0.466
3749,1,9.67,-0.21,0.5142,-1.29,3.612,4.833,13.2,0.038,0.0,21.195,20.673,19.582,18.936,18.806,0.514
3750,1,9.67,-0.21,0.94339,-0.078,3.761,4.481,13.5,0.038,0.0,18.465,17.923,17.361,17.037,16.994,0.943
3751,1,9.67,-0.21,0.80807,-0.445,3.715,4.595,14.1,0.038,0.0,19.982,19.397,18.685,18.243,18.181,0.808
3752,1,9.67,-0.19,0.44678,-1.47,3.596,4.888,9.5,0.027,0.0,17.945,17.428,16.274,15.658,15.512,0.447
3753,1,9.67,-0.19,0.48896,-1.361,3.605,4.854,10.5,0.033,0.0,18.672,18.151,17.035,16.397,16.263,0.489
3754,1,9.67,-0.19,0.45762,-1.442,3.598,4.88,11.2,0.035,0.0,19.576,19.06,17.916,17.292,17.149,0.458
3755,1,9.67,-0.19,0.79741,-0.484,3.708,4.602,12.8,0.038,0.0,18.779,18.191,17.457,16.997,16.932,0.797
3756,1,9.67,-0.19,0.8387,-0.365,3.725,4.574,13.3,0.038,0.0,18.983,18.399,17.725,17.314,17.257,0.839
3757,1,9.67,-0.19,0.50713,-1.314,3.609,4.839,13.4,0.038,0.0,21.455,20.935,19.832,19.187,19.056,0.507
3758,1,9.67,-0.19,0.70214,-0.768,3.666,4.664,13.8,0.038,0.0,20.49,19.923,19.031,18.443,18.356,0.702
3759,1,9.67,-0.17,0.34527,-1.745,3.578,4.98,11.9,0.037,0.0,21.032,20.55,19.302,18.73,18.553,0.345
3760,1,9.67,-0.17,0.49883,-1.341,3.606,4.846,12.7,0.038,0.0,20.821,20.304,19.187,18.546,18.413,0.499
3761,1,9.67,-0.17,0.47743,-1.395,3.601,4.864,13.0,0.038,0.0,21.257,20.742,19.609,18.974,18.837,0.477
3762,1,9.67,-0.17,0.59081,-1.094,3.629,4.764,13.2,0.038,0.0,20.704,20.174,19.141,18.477,18.363,0.591
3763,1,9.67,-0.17,1.07694,0.245,3.791,4.335,13.4,0.038,0.0,17.557,17.065,16.591,16.334,16.301,1.077
3764,1,9.67,-0.15,0.18847,-2.286,3.539,5.1,8.7,0.022,0.0,19.186,18.805,17.376,16.828,16.597,0.188
3765,1,9.67,-0.15,0.65623,-0.912,3.648,4.705,10.1,0.031,0.0,17.149,16.597,15.636,14.997,14.9,0.656
3766,1,9.67,-0.15,0.49965,-1.343,3.605,4.846,11.2,0.035,0.0,19.327,18.81,17.688,17.046,16.913,0.5
3767,1,9.67,-0.15,0.71629,-0.74,3.669,4.656,12.4,0.037,0.0,19.019,18.448,17.567,16.988,16.903,0.716
3768,1,9.67,-0.15,0.40054,-1.591,3.585,4.919,12.6,0.038,0.0,21.347,20.857,19.636,19.046,18.882,0.401
3769,1,9.67,-0.15,0.70085,-0.786,3.662,4.665,13.0,0.038,0.0,19.734,19.171,18.264,17.664,17.575,0.701
3770,1,9.67,-0.15,1.03781,0.139,3.781,4.385,13.3,0.038,0.0,17.724,17.21,16.707,16.429,16.393,1.038
3771,1,9.67,-0.15,0.76697,-0.588,3.691,4.622,13.8,0.038,0.0,20.04,19.454,18.658,18.148,18.075,0.767
3772,1,9.67,-0.15,0.81251,-0.456,3.71,4.592,13.9,0.038,0.0,19.811,19.222,18.496,18.043,17.979,0.813
3773,1,9.67,-0.15,0.61745,-1.022,3.636,4.739,14.0,0.038,0.0,21.325,20.79,19.78,19.123,19.015,0.617
3774,1,9.67,-0.13,0.24091,-2.052,3.557,5.046,9.6,0.028,0.0,19.5,19.073,17.729,17.171,16.955,0.241
3775,1,9.67,-0.13,0.36992,-1.682,3.58,4.953,10.5,0.033,0.0,19.475,18.992,17.743,17.167,16.995,0.37
3776,1,9.67,-0.13,0.45733,-1.455,3.595,4.879,11.1,0.035,0.0,19.506,19.001,17.83,17.21,17.064,0.457
3777,1,9.67,-0.13,0.43339,-1.512,3.591,4.895,11.2,0.035,0.0,19.75,19.252,18.055,17.45,17.296,0.433
3778,1,9.67,-0.13,0.46221,-1.442,3.596,4.875,11.8,0.037,0.0,20.175,19.669,18.503,17.88,17.736,0.462
3779,1,9.67,-0.13,0.35405,-1.728,3.577,4.97,12.2,0.037,0.0,21.289,20.813,19.552,18.981,18.803,0.354
3780,1,9.67,-0.13,0.41947,-1.547,3.588,4.905,12.3,0.037,0.0,20.937,20.445,19.233,18.635,18.477,0.419
3781,1,9.67,-0.13,1.15207,0.415,3.793,4.201,12.3,0.037,0.0,16.032,15.54,15.072,14.821,14.788,1.152
3782,1,9.67,-0.13,0.46812,-1.427,3.597,4.871,12.5,0.038,0.0,20.837,20.33,19.171,18.543,18.401,0.468
3783,1,9.67,-0.13,0.67031,-0.878,3.651,4.693,13.8,0.038,0.0,20.766,20.215,19.263,18.629,18.533,0.67
3784,1,9.67,-0.13,1.12415,0.351,3.794,4.261,14.6,0.038,0.0,18.491,18.003,17.54,17.291,17.259,1.124
3785,1,9.67,-0.13,0.95544,-0.074,3.758,4.47,14.8,0.038,0.0,19.754,19.202,18.632,18.302,18.259,0.955
3786,1,9.67,-0.13,0.99129,0.019,3.768,4.433,15.0,0.038,0.0,19.722,19.185,18.645,18.339,18.299,0.991
3787,1,9.67,-0.11,0.27392,-1.949,3.562,5.02,10.7,0.034,0.0,20.342,19.905,18.579,18.017,17.812,0.274
3788,1,9.67,-0.11,0.83174,-0.418,3.714,4.579,10.9,0.034,0.0,16.714,16.123,15.411,14.97,14.909,0.832
3789,1,9.67,-0.11,0.30138,-1.867,3.567,5.0,11.9,0.037,0.0,21.338,20.887,19.583,19.018,18.822,0.301
3790,1,9.67,-0.11,0.41641,-1.558,3.586,4.906,12.1,0.037,0.0,20.764,20.276,19.053,18.458,18.297,0.416
3791,1,9.67,-0.11,0.98947,0.01,3.766,4.434,12.4,0.037,0.0,17.145,16.604,16.059,15.748,15.707,0.989
3792,1,9.67,-0.11,0.41572,-1.559,3.586,4.907,12.5,0.038,0.0,21.169,20.681,19.457,18.863,18.701,0.416
3793,1,9.67,-0.11,0.58774,-1.117,3.624,4.768,12.6,0.038,0.0,20.163,19.64,18.587,17.914,17.798,0.588
3794,1,9.67,-0.11,0.52214,-1.291,3.608,4.826,13.0,0.038,0.0,20.998,20.484,19.369,18.717,18.588,0.522
3795,1,9.67,-0.11,0.55979,-1.191,3.617,4.792,13.3,0.038,0.0,21.047,20.528,19.447,18.784,18.662,0.56
3796,1,9.67,-0.11,0.7463,-0.664,3.679,4.637,13.4,0.038,0.0,19.831,19.251,18.407,17.857,17.778,0.746
3797,1,9.67,-0.11,0.60644,-1.066,3.63,4.751,13.6,0.038,0.0,21.035,20.507,19.473,18.805,18.693,0.606
3798,1,9.67,-0.09,0.25486,-2.01,3.558,5.031,10.7,0.034,0.0,20.494,20.072,18.722,18.163,17.949,0.255
3799,1,9.67,-0.09,0.71364,-0.769,3.663,4.659,10.8,0.034,0.0,17.492,16.924,16.02,15.422,15.334,0.714
3800,1,9.67,-0.09,0.51561,-1.313,3.606,4.832,11.1,0.035,0.0,19.153,18.64,17.513,16.864,16.733,0.516
3801,1,9.67,-0.09,0.61557,-1.045,3.631,4.743,11.4,0.036,0.0,18.781,18.251,17.223,16.556,16.446,0.616
3802,1,9.67,-0.09,0.68765,-0.843,3.653,4.679,11.7,0.037,0.0,18.578,18.023,17.08,16.452,16.358,0.688
3803,1,9.67,-0.09,1.03242,0.119,3.776,4.382,12.3,0.037,0.0,16.774,16.245,15.73,15.441,15.404,1.032
3804,1,9.67,-0.09,0.44706,-1.487,3.591,4.885,12.9,0.038,0.0,21.388,20.895,19.693,19.083,18.931,0.447
3805,1,9.67,-0.09,0.60162,-1.086,3.627,4.756,13.7,0.038,0.0,21.184,20.659,19.614,18.942,18.828,0.602
3806,1,9.67,-0.09,0.71959,-0.751,3.666,4.655,14.4,0.038,0.0,21.048,20.48,19.584,18.993,18.906,0.72
3807,1,9.67,-0.07,0.46698,-1.442,3.594,4.87,9.8,0.029,0.0,18.174,17.672,16.487,15.866,15.72,0.467
3808,1,9.67,-0.07,0.84447,-0.397,3.716,4.571,11.6,0.036,0.0,17.364,16.772,16.064,15.627,15.566,0.844
3809,1,9.67,-0.07,0.42489,-1.543,3.586,4.898,12.4,0.037,0.0,21.026,20.543,19.309,18.713,18.553,0.425
3810,1,9.67,-0.07,0.68892,-0.846,3.652,4.678,13.0,0.038,0.0,19.886,19.333,18.384,17.752,17.658,0.689
3811,1,9.67,-0.07,0.55174,-1.222,3.613,4.8,13.6,0.038,0.0,21.425,20.911,19.809,19.147,19.023,0.552
3812,1,9.67,-0.05,0.26652,-1.982,3.557,5.021,10.8,0.034,0.0,20.524,20.105,18.748,18.189,17.974,0.267
3813,1,9.67,-0.05,0.69118,-0.847,3.651,4.676,11.8,0.037,0.0,18.687,18.135,17.182,16.547,16.453,0.691
3814,1,9.67,-0.05,1.06866,0.219,3.781,4.318,12.3,0.037,0.0,16.522,16.001,15.501,15.227,15.19,1.069
3815,1,9.67,-0.05,0.47462,-1.426,3.594,4.864,13.1,0.038,0.0,21.436,20.94,19.752,19.127,18.982,0.475
3816,1,9.67,-0.05,1.04584,0.156,3.776,4.353,13.4,0.038,0.0,17.779,17.25,16.737,16.452,16.414,1.046
3817,1,9.67,-0.05,0.86425,-0.35,3.722,4.557,13.7,0.038,0.0,19.345,18.754,18.067,17.647,17.589,0.864
3818,1,9.67,-0.05,0.7764,-0.597,3.686,4.617,14.6,0.038,0.0,20.863,20.277,19.462,18.936,18.861,0.776
3819,1,9.67,-0.03,0.77978,-0.595,3.686,4.615,11.5,0.036,0.0,17.757,17.169,16.353,15.827,15.751,0.78
3820,1,9.67,-0.03,0.42185,-1.557,3.583,4.898,12.5,0.038,0.0,21.161,20.687,19.43,18.84,18.676,0.422
3821,1,9.67,-0.03,0.55866,-1.214,3.612,4.795,13.4,0.038,0.0,21.205,20.693,19.585,18.921,18.797,0.559
3822,1,9.67,-0.03,0.64778,-0.971,3.637,4.715,13.5,0.038,0.0,20.697,20.162,19.153,18.492,18.387,0.648
3823,1,9.67,-0.01,0.2821,-1.942,3.558,5.008,11.1,0.035,0.0,20.724,20.308,18.946,18.386,18.173,0.282
3824,1,9.67,-0.01,0.54078,-1.266,3.607,4.81,12.2,0.037,0.0,20.134,19.627,18.495,17.835,17.708,0.541
3825,1,9.67,-0.01,0.54064,-1.266,3.607,4.81,12.5,0.038,0.0,20.435,19.928,18.796,18.136,18.009,0.541
3826,1,9.67,-0.01,0.55056,-1.24,3.609,4.801,12.8,0.038,0.0,20.67,20.162,19.039,18.376,18.251,0.551
3827,1,9.67,-0.01,0.69719,-0.844,3.65,4.672,13.0,0.038,0.0,19.88,19.33,18.371,17.73,17.635,0.697
3828,1,9.67,0.01,0.22113,-2.147,3.545,5.053,11.2,0.035,0.0,21.337,20.958,19.532,18.983,18.753,0.221
3829,1,9.67,0.01,1.06687,0.185,3.775,4.328,12.1,0.037,0.0,16.406,15.87,15.356,15.071,15.033,1.067
3830,1,9.67,0.01,0.86626,-0.368,3.716,4.554,12.2,0.037,0.0,17.891,17.296,16.59,16.156,16.095,0.866
3831,1,9.67,0.01,0.91725,-0.227,3.735,4.515,13.2,0.038,0.0,18.537,17.953,17.312,16.93,16.877,0.917
3832,1,9.67,0.01,0.89327,-0.293,3.727,4.536,13.8,0.038,0.0,19.304,18.712,18.044,17.64,17.583,0.893
3833,1,9.67,0.01,0.93437,-0.179,3.741,4.498,14.6,0.038,0.0,19.818,19.238,18.616,18.248,18.198,0.934
3834,1,9.67,0.03,0.54546,-1.258,3.606,4.804,11.9,0.037,0.0,19.815,19.313,18.172,17.509,17.382,0.545
3835,1,9.67,0.03,1.01796,0.044,3.764,4.401,12.0,0.037,0.0,16.659,16.104,15.554,15.241,15.199,1.018
3836,1,9.67,0.03,0.34786,-1.756,3.568,4.953,12.2,0.037,0.0,21.359,20.921,19.589,19.022,18.83,0.348
3837,1,9.67,0.03,0.54624,-1.256,3.606,4.803,12.7,0.038,0.0,20.61,20.109,18.967,18.305,18.178,0.546
3838,1,9.67,0.03,0.75193,-0.697,3.668,4.629,13.4,0.038,0.0,19.912,19.339,18.451,17.869,17.783,0.752
3839,1,9.67,0.05,0.4663,-1.462,3.588,4.867,10.2,0.031,0.0,18.625,18.147,16.905,16.294,16.141,0.466
3840,1,9.67,0.05,0.82199,-0.505,3.694,4.579,11.6,0.036,0.0,17.632,17.036,16.25,15.751,15.679,0.822
3841,1,9.67,0.05,0.47558,-1.439,3.59,4.86,12.2,0.037,0.0,20.567,20.09,18.857,18.239,18.089,0.476
3842,1,9.67,0.05,0.52567,-1.312,3.601,4.82,12.3,0.037,0.0,20.349,19.854,18.686,18.029,17.898,0.526
3843,1,9.67,0.05,0.42789,-1.555,3.581,4.893,12.6,0.038,0.0,21.258,20.796,19.51,18.922,18.755,0.428
3844,1,9.67,0.05,0.65133,-0.981,3.634,4.714,12.8,0.038,0.0,20.023,19.494,18.465,17.797,17.691,0.651
3845,1,9.67,0.05,0.8527,-0.417,3.708,4.562,13.5,0.038,0.0,19.312,18.715,17.978,17.521,17.456,0.853
3846,1,9.67,0.05,0.98239,-0.059,3.753,4.446,14.7,0.038,0.0,19.617,19.045,18.462,18.125,18.079,0.982
3847,1,9.67,0.07,1.02343,0.048,3.762,4.394,12.1,0.037,0.0,16.749,16.189,15.635,15.321,15.278,1.023
3848,1,9.67,0.07,0.80723,-0.552,3.686,4.587,14.2,0.038,0.0,20.349,19.758,18.942,18.419,18.343,0.807
3849,1,9.67,0.09,0.48783,-1.412,3.591,4.849,11.6,0.036,0.0,19.9,19.426,18.191,17.565,17.418,0.488
3850,1,9.67,0.09,0.30089,-1.89,3.557,4.98,11.7,0.037,0.0,21.196,20.788,19.414,18.852,18.637,0.301
3851,1,9.67,0.09,0.54848,-1.257,3.605,4.799,12.1,0.037,0.0,20.012,19.518,18.359,17.694,17.566,0.548
3852,1,9.67,0.09,0.56315,-1.22,3.608,4.788,13.2,0.038,0.0,21.019,20.522,19.378,18.709,18.584,0.563
3853,1,9.67,0.11,0.38633,-1.664,3.571,4.919,12.3,0.037,0.0,21.231,20.795,19.456,18.884,18.7,0.386
3854,1,9.67,0.11,0.46043,-1.483,3.585,4.869,12.7,0.038,0.0,21.177,20.717,19.44,18.834,18.677,0.46
3855,1,9.67,0.13,1.0819,0.184,3.769,4.312,10.5,0.033,0.0,14.811,14.252,13.725,13.432,13.392,1.082
3856,1,9.67,0.13,1.14769,0.341,3.774,4.201,10.7,0.034,0.0,14.618,14.067,13.554,13.274,13.235,1.148
3857,1,9.67,0.13,0.93552,-0.209,3.732,4.493,12.5,0.038,0.0,17.791,17.196,16.548,16.164,16.109,0.936
3858,1,9.67,0.15,0.8098,-0.564,3.682,4.585,11.5,0.036,0.0,17.68,17.086,16.255,15.724,15.645,0.81
3859,1,9.67,0.15,0.52609,-1.321,3.598,4.816,11.8,0.037,0.0,19.871,19.394,18.185,17.53,17.395,0.526
3860,1,9.67,0.17,0.9055,-0.303,3.719,4.52,10.0,0.03,0.0,15.528,14.919,14.228,13.811,13.75,0.905
3861,1,9.67,0.17,0.71312,-0.833,3.647,4.66,11.6,0.036,0.0,18.454,17.903,16.927,16.287,16.189,0.713
3862,1,9.67,0.17,0.39594,-1.646,3.57,4.909,12.5,0.038,0.0,21.384,20.956,19.604,19.029,18.845,0.396
3863,1,9.67,0.17,1.26058,0.54,3.716,3.809,13.7,0.038,0.0,17.121,16.517,15.811,15.391,15.326,1.261
3864,1,9.67,0.19,0.16993,-2.461,3.506,5.101,10.3,0.032,0.0,21.223,20.953,19.326,18.801,18.556,0.17
3865,1,9.67,0.21,1.16342,0.365,3.772,4.173,13.4,0.038,0.0,17.258,16.699,16.18,15.898,15.857,1.163
3866,1,9.67,0.23,0.11834,-2.878,3.464,5.19,8.0,0.018,0.0,19.966,19.842,17.955,17.432,17.168,0.118
3867,1,9.67,0.23,0.38136,-1.684,3.567,4.917,12.1,0.037,0.0,21.08,20.662,19.296,18.721,18.53,0.381
3868,1,9.67,0.23,0.94788,-0.192,3.731,4.478,13.0,0.038,0.0,18.251,17.648,16.998,16.617,16.561,0.948
3869,1,9.67,0.23,0.54315,-1.282,3.6,4.8,13.3,0.038,0.0,21.275,20.805,19.593,18.921,18.791,0.543
3870,1,9.67,0.25,1.27144,0.54,3.693,3.719,11.3,0.036,0.0,14.719,14.114,13.323,12.841,12.763,1.271
3871,1,9.67,0.25,0.70953,-0.849,3.645,4.663,12.9,0.038,0.0,19.793,19.247,18.254,17.612,17.512,0.71
3872,1,9.67,0.27,0.5497,-1.266,3.601,4.795,12.5,0.038,0.0,20.434,19.966,18.753,18.078,17.95,0.55
3873,1,9.69,-0.65,0.13107,-2.668,3.512,5.216,7.5,0.015,0.0,18.94,18.616,17.096,16.524,16.299,0.131
3874,1,9.69,-0.61,0.35001,-1.605,3.611,4.979,11.5,0.036,0.0,20.282,19.734,18.681,18.081,17.936,0.35
3875,1,9.69,-0.59,0.78214,-0.371,3.737,4.596,11.6,0.036,0.0,17.297,16.743,16.104,15.718,15.664,0.782
3876,1,9.69,-0.59,0.34941,-1.615,3.61,4.98,11.7,0.037,0.0,20.506,19.959,18.899,18.3,18.154,0.349
3877,1,9.69,-0.57,0.34687,-1.629,3.607,4.983,10.6,0.033,0.0,19.443,18.893,17.827,17.231,17.084,0.347
3878,1,9.69,-0.57,0.69291,-0.655,3.697,4.666,11.7,0.037,0.0,18.107,17.531,16.755,16.261,16.188,0.693
3879,1,9.69,-0.57,0.40507,-1.489,3.614,4.939,12.0,0.037,0.0,20.493,19.947,18.9,18.289,18.149,0.405
3880,1,9.69,-0.57,0.62568,-0.867,3.668,4.72,13.3,0.038,0.0,20.238,19.675,18.796,18.218,18.129,0.626
3881,1,9.69,-0.57,0.54987,-1.1,3.643,4.797,13.9,0.038,0.0,21.421,20.873,19.908,19.281,19.172,0.55
3882,1,9.69,-0.55,0.54881,-1.108,3.642,4.798,11.6,0.036,0.0,19.141,18.594,17.624,16.994,16.885,0.549
3883,1,9.69,-0.55,0.28147,-1.818,3.595,5.032,11.9,0.037,0.0,21.215,20.678,19.564,18.985,18.823,0.281
3884,1,9.69,-0.55,0.5443,-1.122,3.641,4.804,12.8,0.038,0.0,20.374,19.828,18.854,18.224,18.113,0.544
3885,1,9.69,-0.53,0.50417,-1.243,3.629,4.848,12.7,0.038,0.0,20.578,20.035,19.028,18.393,18.27,0.504
3886,1,9.69,-0.53,0.44821,-1.394,3.618,4.902,13.2,0.038,0.0,21.456,20.913,19.873,19.25,19.116,0.448
3887,1,9.69,-0.53,0.64792,-0.81,3.674,4.703,13.7,0.038,0.0,20.496,19.929,19.07,18.507,18.423,0.648
3888,1,9.69,-0.53,0.82491,-0.268,3.749,4.566,14.8,0.038,0.0,20.24,19.698,19.098,18.741,18.694,0.825
3889,1,9.69,-0.51,0.20456,-2.112,3.574,5.104,8.7,0.022,0.0,18.75,18.239,17.035,16.481,16.292,0.205
3890,1,9.69,-0.51,0.30711,-1.756,3.596,5.011,11.7,0.037,0.0,20.859,20.32,19.209,18.627,18.468,0.307
3891,1,9.69,-0.51,0.42179,-1.464,3.612,4.922,11.9,0.037,0.0,20.33,19.787,18.729,18.115,17.976,0.422
3892,1,9.69,-0.49,0.6209,-0.909,3.66,4.727,11.1,0.035,0.0,18.143,17.585,16.675,16.073,15.98,0.621
3893,1,9.69,-0.49,0.47993,-1.319,3.622,4.87,13.1,0.038,0.0,21.168,20.627,19.594,18.961,18.831,0.48
3894,1,9.69,-0.49,0.82094,-0.294,3.745,4.573,14.8,0.038,0.0,20.305,19.757,19.143,18.776,18.728,0.821
3895,1,9.69,-0.47,0.62799,-0.893,3.661,4.721,9.0,0.024,0.0,16.002,15.435,14.534,13.937,13.846,0.628
3896,1,9.69,-0.47,0.34616,-1.671,3.598,4.987,12.4,0.037,0.0,21.346,20.807,19.702,19.113,18.959,0.346
3897,1,9.69,-0.47,0.79506,-0.378,3.733,4.594,13.6,0.038,0.0,19.314,18.752,18.099,17.703,17.649,0.795
3898,1,9.69,-0.47,0.54028,-1.154,3.634,4.807,13.7,0.038,0.0,21.354,20.812,19.816,19.176,19.061,0.54
3899,1,9.69,-0.45,0.10655,-2.936,3.479,5.263,9.0,0.024,0.0,21.111,20.914,19.173,18.604,18.371,0.107
3900,1,9.69,-0.45,0.30859,-1.774,3.591,5.011,12.2,0.037,0.0,21.406,20.88,19.738,19.159,18.994,0.309
3901,1,9.69,-0.45,0.99752,0.198,3.798,4.376,12.5,0.038,0.0,16.775,16.32,15.859,15.607,15.577,0.998
3902,1,9.69,-0.45,0.87026,-0.165,3.76,4.53,12.6,0.038,0.0,17.783,17.255,16.687,16.356,16.314,0.87
3903,1,9.69,-0.45,0.85072,-0.221,3.754,4.549,13.4,0.038,0.0,18.722,18.183,17.595,17.249,17.204,0.851
3904,1,9.69,-0.45,0.66379,-0.789,3.674,4.691,13.6,0.038,0.0,20.343,19.774,18.914,18.348,18.265,0.664
3905,1,9.69,-0.45,0.58266,-1.039,3.644,4.764,13.9,0.038,0.0,21.267,20.721,19.754,19.12,19.015,0.583
3906,1,9.69,-0.43,0.16511,-2.413,3.532,5.143,9.7,0.028,0.0,20.503,20.133,18.704,18.144,17.909,0.165
3907,1,9.69,-0.43,0.56905,-1.083,3.639,4.778,12.0,0.037,0.0,19.477,18.933,17.95,17.311,17.201,0.569
3908,1,9.69,-0.43,0.68114,-0.743,3.679,4.676,12.3,0.037,0.0,18.928,18.357,17.514,16.964,16.883,0.681
3909,1,9.69,-0.43,0.46528,-1.373,3.614,4.881,12.9,0.038,0.0,21.103,20.566,19.505,18.878,18.743,0.465
3910,1,9.69,-0.41,0.42575,-1.479,3.605,4.913,11.2,0.035,0.0,19.669,19.132,18.041,17.429,17.286,0.426
3911,1,9.69,-0.41,0.41756,-1.5,3.604,4.919,12.0,0.037,0.0,20.52,19.984,18.888,18.278,18.134,0.418
3912,1,9.69,-0.41,0.3224,-1.754,3.589,5.004,12.1,0.037,0.0,21.256,20.735,19.581,19.002,18.836,0.322
3913,1,9.69,-0.41,0.9544,0.069,3.784,4.431,12.5,0.038,0.0,17.096,16.61,16.111,15.832,15.798,0.954
3914,1,9.69,-0.41,0.40398,-1.534,3.601,4.929,12.8,0.038,0.0,21.404,20.869,19.766,19.16,19.013,0.404
3915,1,9.69,-0.41,0.59189,-1.025,3.644,4.756,13.2,0.038,0.0,20.532,19.987,19.017,18.381,18.276,0.592
3916,1,9.69,-0.39,0.45426,-1.413,3.609,4.889,10.5,0.033,0.0,18.801,18.264,17.184,16.562,16.424,0.454
3917,1,9.69,-0.39,0.20153,-2.156,3.563,5.099,10.7,0.034,0.0,20.861,20.4,19.123,18.564,18.357,0.202
3918,1,9.69,-0.39,0.21583,-2.101,3.567,5.087,11.3,0.036,0.0,21.323,20.854,19.591,19.032,18.831,0.216
3919,1,9.69,-0.39,0.64483,-0.867,3.662,4.707,11.6,0.036,0.0,18.537,17.977,17.071,16.472,16.381,0.645
3920,1,9.69,-0.39,0.33557,-1.729,3.59,4.997,11.8,0.037,0.0,20.892,20.372,19.217,18.636,18.471,0.336
3921,1,9.69,-0.39,0.75994,-0.51,3.712,4.622,12.1,0.037,0.0,18.145,17.566,16.843,16.392,16.328,0.76
3922,1,9.69,-0.39,0.71655,-0.647,3.691,4.649,12.2,0.037,0.0,18.588,18.01,17.212,16.698,16.624,0.717
3923,1,9.69,-0.39,0.68154,-0.756,3.675,4.676,13.5,0.038,0.0,20.161,19.59,18.735,18.174,18.091,0.682
3924,1,9.69,-0.39,0.84152,-0.262,3.747,4.559,15.3,0.038,0.0,20.724,20.172,19.565,19.205,19.157,0.842
3925,1,9.69,-0.37,0.90884,-0.071,3.769,4.491,11.0,0.035,0.0,15.948,15.428,14.888,14.579,14.54,0.909
3926,1,9.69,-0.37,0.52099,-1.234,3.623,4.826,11.6,0.036,0.0,19.455,18.92,17.881,17.233,17.109,0.521
3927,1,9.69,-0.37,0.56231,-1.117,3.633,4.785,12.0,0.037,0.0,19.564,19.025,18.019,17.373,17.259,0.562
3928,1,9.69,-0.37,0.3482,-1.703,3.59,4.989,12.1,0.037,0.0,21.128,20.61,19.453,18.869,18.705,0.348
3929,1,9.69,-0.37,0.79687,-0.402,3.728,4.598,12.5,0.038,0.0,18.275,17.702,17.034,16.626,16.57,0.797
3930,1,9.69,-0.37,0.37121,-1.636,3.593,4.963,12.6,0.038,0.0,21.461,20.939,19.795,19.204,19.046,0.371
3931,1,9.69,-0.37,0.49235,-1.314,3.616,4.853,12.6,0.038,0.0,20.655,20.122,19.059,18.423,18.292,0.492
3932,1,9.69,-0.37,0.42614,-1.487,3.602,4.909,12.9,0.038,0.0,21.387,20.855,19.75,19.137,18.993,0.426
3933,1,9.69,-0.37,0.40901,-1.529,3.599,4.921,12.9,0.038,0.0,21.494,20.964,19.846,19.24,19.092,0.409
3934,1,9.69,-0.37,0.95234,0.067,3.784,4.433,13.3,0.038,0.0,17.902,17.413,16.915,16.637,16.603,0.952
3935,1,9.69,-0.37,0.72541,-0.627,3.693,4.644,14.1,0.038,0.0,20.437,19.857,19.068,18.562,18.489,0.725
3936,1,9.69,-0.35,0.13829,-2.642,3.504,5.183,9.9,0.03,0.0,21.276,20.998,19.4,18.843,18.603,0.138
3937,1,9.69,-0.35,0.81597,-0.354,3.733,4.584,11.5,0.036,0.0,17.156,16.587,15.938,15.545,15.492,0.816
3938,1,9.69,-0.35,0.68066,-0.774,3.672,4.678,11.6,0.036,0.0,18.306,17.736,16.867,16.295,16.211,0.681
3939,1,9.69,-0.35,0.52283,-1.233,3.622,4.824,11.8,0.037,0.0,19.654,19.12,18.077,17.428,17.304,0.523
3940,1,9.69,-0.35,0.45694,-1.413,3.607,4.884,11.9,0.037,0.0,20.202,19.67,18.578,17.954,17.815,0.457
3941,1,9.69,-0.35,0.31431,-1.792,3.584,5.008,12.0,0.037,0.0,21.25,20.744,19.554,18.98,18.807,0.314
3942,1,9.69,-0.35,0.47921,-1.353,3.612,4.864,12.2,0.037,0.0,20.352,19.821,18.744,18.112,17.978,0.479
3943,1,9.69,-0.35,1.05782,0.359,3.807,4.277,13.3,0.038,0.0,17.172,16.73,16.296,16.067,16.038,1.058
3944,1,9.69,-0.35,1.09857,0.45,3.805,4.193,13.9,0.038,0.0,17.544,17.097,16.657,16.424,16.395,1.099
3945,1,9.69,-0.35,0.58713,-1.055,3.639,4.762,14.1,0.038,0.0,21.507,20.966,19.976,19.332,19.224,0.587
3946,1,9.69,-0.33,0.31902,-1.784,3.583,5.004,9.8,0.029,0.0,19.029,18.52,17.327,16.754,16.581,0.319
3947,1,9.69,-0.33,0.36998,-1.647,3.591,4.963,11.3,0.036,0.0,20.187,19.671,18.51,17.922,17.761,0.37
3948,1,9.69,-0.33,0.47751,-1.362,3.61,4.866,12.0,0.037,0.0,20.174,19.644,18.56,17.929,17.794,0.478
3949,1,9.69,-0.33,0.58278,-1.072,3.636,4.766,12.1,0.037,0.0,19.549,19.01,18.012,17.365,17.255,0.583
3950,1,9.69,-0.33,0.95174,0.019,3.777,4.452,12.5,0.038,0.0,17.222,16.714,16.198,15.906,15.87,0.952
3951,1,9.69,-0.33,0.44579,-1.445,3.603,4.892,12.7,0.038,0.0,21.084,20.555,19.449,18.829,18.688,0.446
3952,1,9.69,-0.33,0.49054,-1.327,3.613,4.854,13.2,0.038,0.0,21.288,20.757,19.683,19.046,18.914,0.491
3953,1,9.69,-0.33,0.99867,0.173,3.792,4.38,13.6,0.038,0.0,17.938,17.462,16.988,16.729,16.697,0.999
3954,1,9.69,-0.33,1.06434,0.358,3.806,4.276,14.3,0.038,0.0,18.175,17.729,17.292,17.061,17.033,1.064
3955,1,9.69,-0.33,1.14569,0.538,3.791,4.069,15.6,0.038,0.0,19.025,18.546,18.068,17.808,17.775,1.146
3956,1,9.69,-0.31,0.22207,-2.093,3.563,5.076,9.8,0.029,0.0,19.801,19.344,18.055,17.496,17.29,0.222
3957,1,9.69,-0.31,0.72344,-0.656,3.687,4.646,11.1,0.035,0.0,17.511,16.931,16.118,15.593,15.517,0.723
3958,1,9.69,-0.31,0.60155,-1.026,3.64,4.749,11.6,0.036,0.0,18.934,18.392,17.406,16.761,16.655,0.602
3959,1,9.69,-0.31,0.30666,-1.818,3.58,5.009,12.0,0.037,0.0,21.316,20.818,19.605,19.035,18.858,0.307
3960,1,9.69,-0.31,0.41456,-1.527,3.597,4.915,12.8,0.038,0.0,21.386,20.865,19.728,19.121,18.971,0.415
3961,1,9.69,-0.31,0.44867,-1.442,3.603,4.89,13.0,0.038,0.0,21.375,20.848,19.738,19.116,18.975,0.449
3962,1,9.69,-0.31,0.5069,-1.288,3.616,4.839,13.2,0.038,0.0,21.189,20.659,19.591,18.949,18.82,0.507
3963,1,9.69,-0.31,0.77771,-0.489,3.712,4.612,13.7,0.038,0.0,19.692,19.11,18.388,17.938,17.875,0.778
3964,1,9.69,-0.29,0.21051,-2.14,3.559,5.085,11.2,0.035,0.0,21.32,20.88,19.568,19.009,18.796,0.211
3965,1,9.69,-0.29,0.4452,-1.455,3.601,4.892,12.3,0.037,0.0,20.706,20.181,19.062,18.442,18.3,0.445
3966,1,9.69,-0.29,0.50061,-1.31,3.613,4.845,13.3,0.038,0.0,21.344,20.816,19.737,19.097,18.966,0.501
3967,1,9.69,-0.29,0.54939,-1.173,3.625,4.798,13.8,0.038,0.0,21.502,20.971,19.934,19.275,19.156,0.549
3968,1,9.69,-0.29,0.86127,-0.255,3.744,4.549,14.3,0.038,0.0,19.707,19.146,18.53,18.163,18.114,0.861
3969,1,9.69,-0.27,0.51181,-1.283,3.615,4.835,11.5,0.036,0.0,19.477,18.948,17.874,17.229,17.101,0.512
3970,1,9.69,-0.27,0.57172,-1.117,3.63,4.778,11.6,0.036,0.0,19.163,18.629,17.607,16.95,16.835,0.572
3971,1,9.69,-0.27,0.56421,-1.138,3.628,4.785,12.4,0.037,0.0,20.014,19.482,18.452,17.794,17.678,0.564
3972,1,9.69,-0.27,0.50993,-1.288,3.614,4.837,13.5,0.038,0.0,21.49,20.963,19.886,19.242,19.113,0.51
3973,1,9.69,-0.27,0.62603,-0.963,3.646,4.729,14.2,0.038,0.0,21.378,20.832,19.866,19.227,19.126,0.626
3974,1,9.69,-0.27,1.07455,0.334,3.801,4.285,14.7,0.038,0.0,18.635,18.172,17.724,17.485,17.455,1.075
3975,1,9.69,-0.25,0.23677,-2.047,3.563,5.058,10.5,0.033,0.0,20.387,19.936,18.636,18.076,17.871,0.237
3976,1,9.69,-0.25,0.25313,-1.987,3.567,5.041,11.1,0.035,0.0,20.837,20.377,19.093,18.532,18.332,0.253
3977,1,9.69,-0.25,0.48914,-1.348,3.608,4.855,11.4,0.036,0.0,19.54,19.015,17.916,17.28,17.146,0.489
3978,1,9.69,-0.25,0.63145,-0.953,3.647,4.725,14.2,0.038,0.0,21.352,20.806,19.841,19.202,19.102,0.631
3979,1,9.69,-0.25,0.75515,-0.581,3.696,4.627,14.4,0.038,0.0,20.623,20.038,19.26,18.763,18.692,0.755
3980,1,9.69,-0.25,0.841,-0.328,3.733,4.569,14.5,0.038,0.0,20.091,19.517,18.867,18.473,18.419,0.841
3981,1,9.69,-0.25,0.78461,-0.493,3.709,4.608,15.2,0.038,0.0,21.204,20.619,19.886,19.428,19.364,0.785
3982,1,9.69,-0.23,1.21746,0.633,3.723,3.729,10.9,0.034,0.0,14.086,13.504,12.821,12.407,12.349,1.217
3983,1,9.69,-0.23,0.31914,-1.801,3.577,4.998,11.6,0.036,0.0,20.871,20.384,19.145,18.577,18.397,0.319
3984,1,9.69,-0.23,0.7961,-0.468,3.712,4.601,12.0,0.037,0.0,17.94,17.354,16.633,16.183,16.12,0.796
3985,1,9.69,-0.23,0.41888,-1.531,3.593,4.909,12.5,0.038,0.0,21.096,20.587,19.42,18.815,18.662,0.419
3986,1,9.69,-0.23,1.24596,1.725,3.662,2.401,12.9,0.038,0.0,13.357,12.802,11.882,11.285,11.19,1.246
3987,1,9.69,-0.23,0.46937,-1.404,3.603,4.871,13.1,0.038,0.0,21.379,20.858,19.738,19.108,18.97,0.469
3988,1,9.69,-0.23,0.86201,-0.279,3.738,4.551,13.2,0.038,0.0,18.668,18.098,17.465,17.085,17.033,0.862
3989,1,9.69,-0.23,0.95811,-0.026,3.768,4.461,13.3,0.038,0.0,18.134,17.603,17.06,16.75,16.71,0.958
3990,1,9.69,-0.23,0.88004,-0.23,3.744,4.535,13.3,0.038,0.0,18.646,18.082,17.468,17.102,17.053,0.88
3991,1,9.69,-0.23,0.55828,-1.164,3.624,4.791,13.5,0.038,0.0,21.179,20.651,19.605,18.943,18.824,0.558
3992,1,9.69,-0.23,0.98552,0.043,3.775,4.434,13.6,0.038,0.0,18.262,17.742,17.221,16.928,16.89,0.986
3993,1,9.69,-0.23,1.19365,0.679,3.794,3.957,14.1,0.038,0.0,17.171,16.69,16.224,15.975,15.941,1.194
3994,1,9.69,-0.23,0.69496,-0.773,3.667,4.668,14.1,0.038,0.0,20.803,20.236,19.348,18.762,18.675,0.695
3995,1,9.69,-0.23,1.16283,0.5,3.788,4.102,15.1,0.038,0.0,18.619,18.127,17.643,17.38,17.345,1.163
3996,1,9.69,-0.21,0.37008,-1.667,3.584,4.957,9.9,0.03,0.0,18.838,18.338,17.128,16.546,16.379,0.37
3997,1,9.69,-0.21,0.71798,-0.711,3.675,4.652,11.4,0.036,0.0,17.946,17.369,16.514,15.953,15.871,0.718
3998,1,9.69,-0.21,1.07875,0.296,3.795,4.302,11.5,0.036,0.0,15.529,15.049,14.587,14.338,14.307,1.079
3999,1,9.69,-0.21,0.47394,-1.396,3.603,4.867,12.1,0.037,0.0,20.36,19.84,18.717,18.085,17.948,0.474
4000,1,9.69,-0.21,0.77527,-0.537,3.701,4.614,12.6,0.038,0.0,18.712,18.124,17.364,16.884,16.815,0.775
4001,1,9.69,-0.21,0.58792,-1.089,3.63,4.765,13.0,0.038,0.0,20.494,19.962,18.937,18.277,18.164,0.588
4002,1,9.69,-0.21,0.81044,-0.434,3.716,4.591,13.0,0.038,0.0,18.856,18.271,17.563,17.126,17.064,0.81
4003,1,9.69,-0.21,0.6481,-0.916,3.65,4.711,13.4,0.038,0.0,20.46,19.91,18.955,18.319,18.222,0.648
4004,1,9.69,-0.21,0.51079,-1.299,3.611,4.836,13.5,0.038,0.0,21.517,20.995,19.901,19.256,19.126,0.511
4005,1,9.69,-0.19,0.45,-1.462,3.597,4.886,8.4,0.02,0.0,16.824,16.301,15.153,14.536,14.392,0.45
4006,1,9.69,-0.19,0.33677,-1.763,3.578,4.986,11.2,0.035,0.0,20.376,19.891,18.647,18.077,17.899,0.337
4007,1,9.69,-0.19,0.54394,-1.212,3.618,4.805,11.8,0.037,0.0,19.601,19.077,18.007,17.349,17.226,0.544
4008,1,9.69,-0.19,0.40715,-1.567,3.589,4.916,12.6,0.038,0.0,21.286,20.787,19.591,18.995,18.836,0.407
4009,1,9.69,-0.19,0.88615,-0.23,3.742,4.531,14.5,0.038,0.0,19.845,19.277,18.658,18.29,18.24,0.886
4010,1,9.69,-0.19,1.10837,0.358,3.797,4.259,15.1,0.038,0.0,18.975,18.497,18.041,17.797,17.765,1.108
4011,1,9.69,-0.19,0.94005,-0.087,3.759,4.48,15.2,0.038,0.0,20.188,19.641,19.073,18.744,18.701,0.94
4012,1,9.69,-0.17,1.07871,0.263,3.791,4.32,8.6,0.021,0.0,12.713,12.212,11.745,11.491,11.459,1.079
4013,1,9.69,-0.17,0.23193,-2.079,3.557,5.057,10.6,0.033,0.0,20.567,20.14,18.801,18.243,18.027,0.232
4014,1,9.69,-0.17,0.2318,-2.079,3.557,5.058,10.7,0.034,0.0,20.668,20.241,18.902,18.344,18.128,0.232
4015,1,9.69,-0.17,0.26984,-1.95,3.565,5.026,10.9,0.034,0.0,20.546,20.096,18.792,18.23,18.029,0.27
4016,1,9.69,-0.17,0.44914,-1.467,3.596,4.886,11.5,0.036,0.0,19.938,19.429,18.266,17.649,17.502,0.449
4017,1,9.69,-0.17,0.58713,-1.102,3.628,4.766,11.9,0.037,0.0,19.425,18.896,17.86,17.195,17.08,0.587
4018,1,9.69,-0.17,0.53669,-1.237,3.615,4.812,12.2,0.037,0.0,20.063,19.541,18.458,17.803,17.678,0.537
4019,1,9.69,-0.17,0.82513,-0.408,3.718,4.581,13.5,0.038,0.0,19.291,18.705,18.005,17.574,17.513,0.825
4020,1,9.69,-0.15,0.78585,-0.529,3.7,4.608,5.5,0.007,0.0,11.593,10.983,10.229,9.75,9.683,0.786
4021,1,9.69,-0.15,1.11679,0.353,3.794,4.255,10.2,0.031,0.0,14.087,13.596,13.133,12.884,12.852,1.117
4022,1,9.69,-0.15,0.61848,-1.018,3.636,4.738,10.5,0.033,0.0,17.815,17.276,16.27,15.614,15.507,0.618
4023,1,9.69,-0.15,0.62266,-1.006,3.637,4.734,11.4,0.036,0.0,18.685,18.147,17.145,16.49,16.384,0.623
4024,1,9.69,-0.15,1.21615,0.687,3.772,3.869,11.7,0.037,0.0,14.752,14.221,13.693,13.399,13.359,1.216
4025,1,9.69,-0.15,0.5419,-1.228,3.615,4.807,12.1,0.037,0.0,19.939,19.419,18.334,17.677,17.553,0.542
4026,1,9.69,-0.15,0.37079,-1.676,3.581,4.953,12.4,0.037,0.0,21.359,20.875,19.634,19.056,18.884,0.371
4027,1,9.69,-0.15,0.47707,-1.4,3.6,4.864,12.6,0.038,0.0,20.87,20.356,19.216,18.581,18.444,0.477
4028,1,9.69,-0.15,1.10537,0.322,3.793,4.278,12.9,0.038,0.0,16.864,16.375,15.908,15.657,15.624,1.105
4029,1,9.69,-0.15,0.86431,-0.305,3.732,4.553,13.0,0.038,0.0,18.533,17.954,17.301,16.906,16.852,0.864
4030,1,9.69,-0.15,0.56501,-1.166,3.621,4.786,13.2,0.038,0.0,20.885,20.362,19.299,18.634,18.514,0.565
4031,1,9.69,-0.15,0.59676,-1.082,3.629,4.758,13.3,0.038,0.0,20.775,20.246,19.212,18.547,18.434,0.597
4032,1,9.69,-0.15,0.70285,-0.778,3.664,4.663,14.4,0.038,0.0,21.115,20.55,19.647,19.05,18.962,0.703
4033,1,9.69,-0.15,0.68164,-0.839,3.656,4.682,14.5,0.038,0.0,21.366,20.81,19.879,19.26,19.168,0.682
4034,1,9.69,-0.13,0.52344,-1.282,3.61,4.824,11.7,0.037,0.0,19.676,19.159,18.052,17.401,17.272,0.523
4035,1,9.69,-0.13,0.37901,-1.655,3.581,4.943,12.1,0.037,0.0,21.008,20.526,19.282,18.702,18.531,0.379
4036,1,9.69,-0.13,0.6775,-0.857,3.654,4.686,12.3,0.037,0.0,19.212,18.658,17.716,17.089,16.995,0.677
4037,1,9.69,-0.13,1.1732,0.463,3.784,4.125,12.5,0.038,0.0,16.113,15.603,15.109,14.838,14.802,1.173
4038,1,9.69,-0.13,1.26108,1.461,3.669,2.7,12.6,0.038,0.0,13.717,13.15,12.261,11.69,11.6,1.261
4039,1,9.69,-0.13,0.61897,-1.022,3.635,4.738,13.4,0.038,0.0,20.725,20.191,19.178,18.518,18.41,0.619
4040,1,9.69,-0.13,0.71164,-0.758,3.666,4.658,14.4,0.038,0.0,21.066,20.499,19.604,19.014,18.927,0.712
4041,1,9.69,-0.11,0.42698,-1.53,3.588,4.898,12.2,0.037,0.0,20.795,20.304,19.091,18.49,18.333,0.427
4042,1,9.69,-0.11,0.3843,-1.644,3.581,4.936,12.3,0.037,0.0,21.179,20.7,19.449,18.869,18.699,0.384
4043,1,9.69,-0.11,0.59789,-1.089,3.627,4.758,12.4,0.037,0.0,19.894,19.368,18.324,17.654,17.54,0.598
4044,1,9.69,-0.11,0.70091,-0.798,3.659,4.665,12.9,0.038,0.0,19.664,19.104,18.184,17.574,17.484,0.701
4045,1,9.69,-0.11,0.80866,-0.479,3.705,4.593,13.0,0.038,0.0,18.968,18.377,17.633,17.166,17.1,0.809
4046,1,9.69,-0.11,0.50793,-1.329,3.605,4.838,13.4,0.038,0.0,21.492,20.979,19.851,19.205,19.073,0.508
4047,1,9.69,-0.11,0.6052,-1.068,3.629,4.751,13.8,0.038,0.0,21.241,20.713,19.678,19.01,18.898,0.605
4048,1,9.69,-0.11,1.04218,0.155,3.78,4.365,13.9,0.038,0.0,18.281,17.762,17.257,16.977,16.941,1.042
4049,1,9.69,-0.09,0.22958,-2.101,3.552,5.055,10.9,0.034,0.0,20.923,20.518,19.144,18.587,18.362,0.23
4050,1,9.69,-0.09,0.36013,-1.716,3.576,4.961,11.3,0.036,0.0,20.361,19.889,18.614,18.045,17.866,0.36
4051,1,9.69,-0.09,0.71416,-0.765,3.664,4.657,13.2,0.038,0.0,19.882,19.317,18.413,17.816,17.728,0.714
4052,1,9.69,-0.09,1.0983,0.289,3.787,4.283,14.6,0.038,0.0,18.649,18.142,17.658,17.395,17.36,1.098
4053,1,9.69,-0.07,0.92891,-0.157,3.746,4.493,10.2,0.031,0.0,15.362,14.787,14.183,13.826,13.778,0.929
4054,1,9.69,-0.07,0.44576,-1.493,3.59,4.885,11.4,0.036,0.0,19.904,19.413,18.201,17.594,17.44,0.446
4055,1,9.69,-0.07,0.62322,-1.026,3.633,4.735,14.1,0.038,0.0,21.435,20.905,19.88,19.214,19.105,0.623
4056,1,9.69,-0.05,0.59794,-1.105,3.624,4.76,8.6,0.021,0.0,16.133,15.602,14.547,13.873,13.758,0.598
4057,1,9.69,-0.05,0.30407,-1.87,3.564,4.995,10.6,0.033,0.0,20.045,19.606,18.279,17.715,17.515,0.304
4058,1,9.69,-0.05,0.47174,-1.433,3.594,4.866,11.7,0.037,0.0,20.052,19.557,18.366,17.743,17.597,0.472
4059,1,9.69,-0.05,0.6843,-0.864,3.65,4.682,13.0,0.038,0.0,19.93,19.381,18.42,17.78,17.684,0.684
4060,1,9.69,-0.05,0.72566,-0.745,3.665,4.65,13.2,0.038,0.0,19.832,19.264,18.366,17.773,17.687,0.726
4061,1,9.69,-0.05,0.88512,-0.288,3.73,4.54,13.3,0.038,0.0,18.791,18.205,17.547,17.15,17.095,0.885
4062,1,9.69,-0.05,1.15121,0.386,3.78,4.181,14.0,0.038,0.0,17.806,17.284,16.782,16.507,16.47,1.151
4063,1,9.69,-0.03,0.45469,-1.478,3.589,4.876,11.8,0.037,0.0,20.264,19.778,18.557,17.948,17.795,0.455
4064,1,9.69,-0.03,0.36124,-1.723,3.573,4.957,12.2,0.037,0.0,21.279,20.821,19.52,18.952,18.769,0.361
4065,1,9.69,-0.03,0.9681,-0.056,3.755,4.446,12.6,0.038,0.0,17.51,16.948,16.371,16.036,15.991,0.968
4066,1,9.69,-0.03,0.95452,-0.096,3.751,4.463,12.7,0.038,0.0,17.709,17.14,16.551,16.206,16.16,0.955
4067,1,9.69,-0.03,1.25597,0.84,3.688,3.394,14.1,0.038,0.0,16.771,16.186,15.372,14.859,14.781,1.256
4068,1,9.69,-0.01,0.23609,-2.09,3.549,5.043,11.3,0.036,0.0,21.295,20.905,19.504,18.95,18.72,0.236
4069,1,9.69,-0.01,0.77037,-0.626,3.681,4.62,12.5,0.038,0.0,18.836,18.252,17.415,16.871,16.793,0.77
4070,1,9.69,-0.01,0.55093,-1.238,3.609,4.8,12.9,0.038,0.0,20.765,20.258,19.135,18.472,18.347,0.551
4071,1,9.69,-0.01,1.13648,0.43,3.781,4.133,13.2,0.038,0.0,16.895,16.371,15.872,15.6,15.563,1.136
4072,1,9.69,-0.01,1.16229,0.502,3.782,4.077,14.3,0.038,0.0,17.815,17.294,16.799,16.53,16.493,1.162
4073,1,9.69,0.01,0.33341,-1.79,3.566,4.961,11.0,0.035,0.0,20.244,19.807,18.473,17.908,17.712,0.333
4074,1,9.69,0.01,0.567,-1.198,3.613,4.785,11.7,0.037,0.0,19.464,18.955,17.843,17.175,17.053,0.567
4075,1,9.69,0.01,0.61891,-1.062,3.626,4.742,12.1,0.037,0.0,19.525,19.004,17.948,17.269,17.156,0.619
4076,1,9.69,0.01,0.34218,-1.766,3.568,4.956,12.2,0.037,0.0,21.386,20.946,19.617,19.051,18.858,0.342
4077,1,9.69,0.01,0.44151,-1.517,3.585,4.884,12.7,0.038,0.0,21.262,20.789,19.533,18.936,18.776,0.442
4078,1,9.69,0.01,0.64101,-1.001,3.633,4.722,13.9,0.038,0.0,21.173,20.645,19.615,18.945,18.837,0.641
4079,1,9.69,0.01,0.87751,-0.332,3.721,4.545,14.1,0.038,0.0,19.701,19.108,18.42,18.0,17.941,0.878
4080,1,9.69,0.01,0.76662,-0.649,3.675,4.616,14.4,0.038,0.0,20.791,20.21,19.35,18.788,18.707,0.767
4081,1,9.69,0.01,0.79482,-0.569,3.685,4.594,14.7,0.038,0.0,20.893,20.306,19.486,18.957,18.881,0.795
4082,1,9.69,0.03,0.33094,-1.799,3.565,4.963,9.8,0.029,0.0,19.068,18.632,17.294,16.729,16.531,0.331
4083,1,9.69,0.03,0.53,-1.298,3.603,4.817,11.9,0.037,0.0,19.914,19.415,18.259,17.601,17.471,0.53
4084,1,9.69,0.03,0.91805,-0.225,3.735,4.51,13.9,0.038,0.0,19.231,18.645,18.002,17.619,17.566,0.918
4085,1,9.69,0.03,0.9009,-0.273,3.729,4.527,14.7,0.038,0.0,20.152,19.561,18.899,18.501,18.445,0.901
4086,1,9.69,0.05,0.73489,-0.747,3.661,4.641,11.7,0.037,0.0,18.338,17.771,16.856,16.252,16.162,0.735
4087,1,9.69,0.05,0.70796,-0.824,3.651,4.662,13.6,0.038,0.0,20.43,19.877,18.92,18.285,18.19,0.708
4088,1,9.69,0.05,0.85658,-0.402,3.71,4.558,13.9,0.038,0.0,19.674,19.077,18.349,17.898,17.834,0.857
4089,1,9.69,0.07,0.23459,-2.103,3.544,5.035,11.0,0.035,0.0,21.026,20.648,19.221,18.672,18.441,0.235
4090,1,9.69,0.07,0.48605,-1.414,3.592,4.851,11.7,0.037,0.0,20.005,19.528,18.299,17.674,17.527,0.486
4091,1,9.69,0.07,0.62578,-1.052,3.626,4.736,13.2,0.038,0.0,20.6,20.083,19.019,18.338,18.226,0.626
4092,1,9.69,0.07,1.2477,0.577,3.694,3.681,13.5,0.038,0.0,16.827,16.232,15.446,14.957,14.882,1.248
4093,1,9.69,0.07,0.64692,-0.995,3.632,4.717,13.7,0.038,0.0,20.957,20.431,19.393,18.722,18.614,0.647
4094,1,9.69,0.09,1.23112,0.596,3.744,3.853,12.0,0.037,0.0,15.28,14.696,14.085,13.733,13.681,1.231
4095,1,9.69,0.13,0.33576,-1.803,3.562,4.959,11.5,0.036,0.0,20.776,20.359,18.996,18.43,18.226,0.336
4096,1,9.69,0.15,0.50878,-1.364,3.594,4.829,11.8,0.037,0.0,19.98,19.51,18.276,17.636,17.494,0.509
4097,1,9.69,0.15,0.56252,-1.222,3.608,4.786,12.1,0.037,0.0,19.924,19.433,18.275,17.604,17.479,0.563
4098,1,9.69,0.15,0.86785,-0.396,3.707,4.547,12.5,0.038,0.0,18.261,17.658,16.921,16.468,16.401,0.868
4099,1,9.69,0.15,0.91959,-0.253,3.726,4.504,14.2,0.038,0.0,19.603,19.001,18.332,17.933,17.875,0.92
4100,1,9.69,0.15,1.11059,0.257,3.771,4.257,14.3,0.038,0.0,18.428,17.874,17.35,17.063,17.022,1.111
4101,1,9.69,0.17,0.42268,-1.58,3.575,4.891,12.5,0.038,0.0,21.219,20.783,19.44,18.861,18.688,0.423
4102,1,9.69,0.23,0.8489,-0.462,3.696,4.558,12.5,0.038,0.0,18.425,17.819,17.041,16.559,16.486,0.849
4103,1,9.69,0.27,0.54216,-1.284,3.6,4.801,12.3,0.037,0.0,20.28,19.814,18.593,17.919,17.789,0.542
4104,1,9.69,0.27,0.73387,-0.78,3.653,4.642,13.8,0.038,0.0,20.519,19.958,19.004,18.384,18.288,0.734
4105,1,9.71,-0.67,0.35768,-1.565,3.618,4.973,11.0,0.035,0.0,19.681,19.13,18.099,17.494,17.354,0.358
4106,1,9.71,-0.65,0.68815,-0.637,3.702,4.668,13.0,0.038,0.0,19.362,18.788,18.033,17.558,17.487,0.688
4107,1,9.71,-0.63,0.20577,-2.074,3.585,5.111,11.4,0.036,0.0,21.356,20.833,19.677,19.111,18.935,0.206
4108,1,9.71,-0.61,0.21872,-2.027,3.586,5.096,11.1,0.035,0.0,20.937,20.412,19.262,18.694,18.52,0.219
4109,1,9.71,-0.61,0.44729,-1.376,3.624,4.907,12.5,0.038,0.0,20.711,20.165,19.147,18.523,18.391,0.447
4110,1,9.71,-0.59,0.16795,-2.362,3.544,5.149,10.5,0.033,0.0,21.176,20.766,19.417,18.852,18.623,0.168
4111,1,9.71,-0.59,0.43005,-1.423,3.62,4.92,12.6,0.038,0.0,20.927,20.382,19.351,18.732,18.597,0.43
4112,1,9.71,-0.57,0.16015,-2.427,3.535,5.155,10.4,0.032,0.0,21.238,20.857,19.455,18.889,18.657,0.16
4113,1,9.71,-0.57,0.36959,-1.574,3.61,4.966,11.7,0.037,0.0,20.404,19.857,18.798,18.196,18.051,0.37
4114,1,9.71,-0.57,0.55942,-1.071,3.646,4.786,14.1,0.038,0.0,21.547,20.999,20.042,19.416,19.311,0.559
4115,1,9.71,-0.55,0.5755,-1.029,3.649,4.769,12.0,0.037,0.0,19.342,18.792,17.845,17.22,17.118,0.576
4116,1,9.71,-0.55,0.96748,0.154,3.797,4.405,12.9,0.038,0.0,17.285,16.838,16.373,16.117,16.087,0.967
4117,1,9.71,-0.55,0.91328,0.001,3.782,4.471,13.9,0.038,0.0,18.666,18.185,17.677,17.39,17.356,0.913
4118,1,9.71,-0.55,0.87509,-0.108,3.77,4.514,14.6,0.038,0.0,19.639,19.134,18.592,18.28,18.242,0.875
4119,1,9.71,-0.51,0.36378,-1.609,3.604,4.971,10.2,0.031,0.0,18.993,18.445,17.366,16.77,16.622,0.364
4120,1,9.71,-0.51,1.17238,1.287,3.695,2.948,12.2,0.037,0.0,13.753,13.18,12.395,11.896,11.826,1.172
4121,1,9.71,-0.51,1.10122,0.538,3.809,4.123,13.5,0.038,0.0,16.925,16.5,16.068,15.84,15.811,1.101
4122,1,9.71,-0.51,0.64605,-0.821,3.672,4.704,14.0,0.038,0.0,20.824,20.258,19.391,18.821,18.736,0.646
4123,1,9.71,-0.51,0.74365,-0.516,3.714,4.628,14.4,0.038,0.0,20.46,19.887,19.172,18.725,18.662,0.744
4124,1,9.71,-0.49,0.52518,-1.191,3.632,4.823,13.5,0.038,0.0,21.248,20.706,19.704,19.065,18.947,0.525
4125,1,9.71,-0.47,0.15734,-2.465,3.527,5.152,9.9,0.03,0.0,20.833,20.478,19.024,18.461,18.225,0.157
4126,1,9.71,-0.47,0.31035,-1.762,3.593,5.009,10.1,0.031,0.0,19.274,18.739,17.612,17.033,16.87,0.31
4127,1,9.71,-0.47,0.57189,-1.062,3.643,4.774,12.4,0.037,0.0,19.825,19.28,18.309,17.675,17.568,0.572
4128,1,9.71,-0.45,0.35094,-1.666,3.597,4.984,12.3,0.037,0.0,21.234,20.698,19.585,18.996,18.841,0.351
4129,1,9.71,-0.45,0.3761,-1.597,3.601,4.959,12.6,0.038,0.0,21.363,20.824,19.725,19.127,18.978,0.376
4130,1,9.71,-0.45,0.57911,-1.047,3.643,4.767,12.8,0.038,0.0,20.189,19.643,18.674,18.039,17.933,0.579
4131,1,9.71,-0.45,0.77759,-0.433,3.724,4.605,13.4,0.038,0.0,19.252,18.68,18.001,17.584,17.526,0.778
4132,1,9.71,-0.45,0.58749,-1.024,3.645,4.759,13.8,0.038,0.0,21.129,20.583,19.62,18.987,18.883,0.587
4133,1,9.71,-0.43,0.7581,-0.499,3.714,4.62,11.9,0.037,0.0,17.918,17.341,16.627,16.182,16.119,0.758
4134,1,9.71,-0.43,0.56153,-1.102,3.637,4.785,12.2,0.037,0.0,19.726,19.184,18.194,17.554,17.443,0.562
4135,1,9.71,-0.43,0.59892,-0.998,3.647,4.748,12.8,0.038,0.0,20.064,19.517,18.559,17.926,17.825,0.599
4136,1,9.71,-0.43,1.01237,0.255,3.8,4.334,13.5,0.038,0.0,17.632,17.18,16.725,16.479,16.45,1.012
4137,1,9.71,-0.43,0.71923,-0.622,3.696,4.646,13.8,0.038,0.0,20.125,19.546,18.767,18.268,18.197,0.719
4138,1,9.71,-0.43,0.60654,-0.974,3.65,4.74,13.8,0.038,0.0,21.004,20.455,19.506,18.876,18.777,0.607
4139,1,9.71,-0.41,0.22299,-2.068,3.57,5.081,10.4,0.032,0.0,20.339,19.855,18.612,18.054,17.859,0.223
4140,1,9.71,-0.41,0.29192,-1.835,3.584,5.022,11.7,0.037,0.0,21.058,20.545,19.368,18.796,18.623,0.292
4141,1,9.71,-0.41,0.40775,-1.524,3.602,4.925,12.6,0.038,0.0,21.179,20.644,19.543,18.936,18.79,0.408
4142,1,9.71,-0.41,0.56574,-1.096,3.637,4.781,12.7,0.038,0.0,20.21,19.669,18.678,18.036,17.925,0.566
4143,1,9.71,-0.41,0.74744,-0.54,3.708,4.628,13.2,0.038,0.0,19.319,18.74,18.003,17.539,17.473,0.747
4144,1,9.71,-0.41,0.87993,-0.14,3.762,4.517,13.4,0.038,0.0,18.52,17.992,17.43,17.104,17.062,0.88
4145,1,9.71,-0.41,0.95474,0.08,3.785,4.423,13.5,0.038,0.0,18.069,17.584,17.087,16.809,16.775,0.955
4146,1,9.71,-0.39,0.3115,-1.789,3.586,5.01,7.8,0.017,0.0,17.042,16.516,15.35,14.777,14.607,0.312
4147,1,9.71,-0.39,0.14082,-2.615,3.508,5.178,9.8,0.029,0.0,21.107,20.815,19.244,18.684,18.445,0.141
4148,1,9.71,-0.39,0.87198,-0.166,3.759,4.525,11.5,0.036,0.0,16.684,16.148,15.577,15.244,15.201,0.872
4149,1,9.71,-0.39,0.83465,-0.277,3.745,4.562,11.8,0.037,0.0,17.261,16.707,16.094,15.729,15.68,0.835
4150,1,9.71,-0.39,0.90586,-0.066,3.77,4.488,12.7,0.038,0.0,17.636,17.12,16.582,16.273,16.234,0.906
4151,1,9.71,-0.39,0.43515,-1.46,3.605,4.903,12.9,0.038,0.0,21.321,20.787,19.694,19.078,18.936,0.435
4152,1,9.71,-0.39,0.57438,-1.078,3.638,4.773,14.0,0.038,0.0,21.465,20.923,19.934,19.291,19.182,0.574
4153,1,9.71,-0.39,1.09133,0.553,3.804,4.086,14.1,0.038,0.0,17.488,17.042,16.6,16.367,16.337,1.091
4154,1,9.71,-0.37,0.24159,-2.007,3.571,5.06,10.8,0.034,0.0,20.588,20.105,18.86,18.301,18.108,0.242
4155,1,9.71,-0.37,0.70648,-0.685,3.684,4.654,11.0,0.035,0.0,17.482,16.905,16.083,15.549,15.471,0.706
4156,1,9.71,-0.37,0.39903,-1.554,3.597,4.928,11.8,0.037,0.0,20.455,19.927,18.802,18.2,18.049,0.399
4157,1,9.71,-0.37,0.68262,-0.759,3.674,4.674,12.4,0.037,0.0,19.068,18.497,17.638,17.073,16.99,0.683
4158,1,9.71,-0.37,0.41337,-1.518,3.6,4.918,12.4,0.037,0.0,20.965,20.434,19.32,18.712,18.565,0.413
4159,1,9.71,-0.37,0.64065,-0.888,3.658,4.713,12.7,0.038,0.0,19.69,19.134,18.215,17.606,17.513,0.641
4160,1,9.71,-0.37,0.44823,-1.431,3.606,4.891,12.9,0.038,0.0,21.248,20.716,19.623,19.003,18.863,0.448
4161,1,9.71,-0.35,0.41533,-1.517,3.599,4.915,11.1,0.035,0.0,19.662,19.132,18.013,17.404,17.258,0.415
4162,1,9.71,-0.35,0.34511,-1.714,3.588,4.989,12.4,0.037,0.0,21.455,20.94,19.773,19.191,19.025,0.345
4163,1,9.71,-0.35,1.01862,0.278,3.801,4.317,12.9,0.038,0.0,16.975,16.518,16.067,15.825,15.795,1.019
4164,1,9.71,-0.35,0.59549,-1.031,3.641,4.753,13.8,0.038,0.0,21.146,20.604,19.622,18.98,18.874,0.595
4165,1,9.71,-0.35,0.9226,-0.042,3.771,4.476,14.5,0.038,0.0,19.376,18.859,18.324,18.019,17.98,0.923
4166,1,9.71,-0.33,0.23855,-2.026,3.568,5.06,10.4,0.032,0.0,20.234,19.762,18.498,17.938,17.741,0.239
4167,1,9.71,-0.33,0.93521,-0.024,3.772,4.467,11.5,0.036,0.0,16.329,15.811,15.281,14.978,14.941,0.935
4168,1,9.71,-0.33,0.28539,-1.875,3.577,5.024,11.8,0.037,0.0,21.258,20.763,19.541,18.976,18.794,0.285
4169,1,9.71,-0.33,0.37356,-1.636,3.591,4.958,12.6,0.038,0.0,21.46,20.943,19.785,19.194,19.034,0.374
4170,1,9.71,-0.33,0.43007,-1.484,3.601,4.904,12.8,0.038,0.0,21.28,20.751,19.636,19.021,18.877,0.43
4171,1,9.71,-0.33,0.52208,-1.239,3.621,4.824,13.0,0.038,0.0,20.868,20.337,19.287,18.639,18.514,0.522
4172,1,9.71,-0.33,1.11279,0.473,3.795,4.138,13.5,0.038,0.0,17.087,16.616,16.151,15.899,15.867,1.113
4173,1,9.71,-0.33,0.81547,-0.361,3.732,4.583,13.8,0.038,0.0,19.471,18.901,18.246,17.849,17.795,0.815
4174,1,9.71,-0.31,0.11569,-2.849,3.484,5.23,9.1,0.025,0.0,20.992,20.784,19.058,18.503,18.262,0.116
4175,1,9.71,-0.31,1.02755,0.263,3.798,4.323,10.9,0.034,0.0,15.011,14.543,14.086,13.839,13.809,1.028
4176,1,9.71,-0.31,0.92327,-0.069,3.766,4.483,11.4,0.036,0.0,16.343,15.814,15.267,14.951,14.911,0.923
4177,1,9.71,-0.31,0.27179,-1.92,3.574,5.033,11.6,0.036,0.0,21.169,20.684,19.44,18.879,18.692,0.272
4178,1,9.71,-0.31,0.6444,-0.895,3.656,4.711,14.3,0.038,0.0,21.308,20.754,19.823,19.205,19.111,0.644
4179,1,9.71,-0.29,0.31744,-1.794,3.581,5.002,10.1,0.031,0.0,19.355,18.854,17.642,17.071,16.896,0.317
4180,1,9.71,-0.29,0.36185,-1.677,3.588,4.969,11.2,0.035,0.0,20.162,19.654,18.472,17.887,17.722,0.362
4181,1,9.71,-0.29,0.4984,-1.315,3.613,4.847,11.5,0.036,0.0,19.557,19.028,17.948,17.309,17.178,0.498
4182,1,9.71,-0.29,0.81947,-0.367,3.729,4.582,11.8,0.037,0.0,17.488,16.913,16.25,15.848,15.792,0.819
4183,1,9.71,-0.29,0.40079,-1.564,3.593,4.923,12.0,0.037,0.0,20.679,20.164,19.007,18.407,18.252,0.401
4184,1,9.71,-0.29,0.99526,0.125,3.785,4.399,12.2,0.037,0.0,16.658,16.164,15.672,15.399,15.365,0.995
4185,1,9.71,-0.29,0.40896,-1.543,3.595,4.918,12.6,0.038,0.0,21.229,20.712,19.561,18.958,18.806,0.409
4186,1,9.71,-0.29,1.10618,0.43,3.799,4.193,12.7,0.038,0.0,16.395,15.928,15.474,15.231,15.201,1.106
4187,1,9.71,-0.29,0.64079,-0.912,3.653,4.715,12.9,0.038,0.0,19.95,19.398,18.457,17.832,17.736,0.641
4188,1,9.71,-0.29,0.7791,-0.49,3.711,4.609,13.1,0.038,0.0,19.094,18.511,17.786,17.333,17.269,0.779
4189,1,9.71,-0.29,0.66088,-0.852,3.66,4.697,14.2,0.038,0.0,21.1,20.541,19.627,19.022,18.93,0.661
4190,1,9.71,-0.29,0.66791,-0.831,3.663,4.69,14.4,0.038,0.0,21.247,20.686,19.782,19.183,19.094,0.668
4191,1,9.71,-0.27,0.28012,-1.901,3.573,5.025,10.8,0.034,0.0,20.324,19.843,18.59,18.028,17.84,0.28
4192,1,9.71,-0.27,0.57675,-1.103,3.631,4.773,10.9,0.034,0.0,18.427,17.89,16.873,16.218,16.105,0.577
4193,1,9.71,-0.27,0.46372,-1.41,3.604,4.876,11.1,0.035,0.0,19.395,18.869,17.758,17.131,16.993,0.464
4194,1,9.71,-0.27,0.27465,-1.918,3.572,5.028,11.4,0.036,0.0,20.965,20.488,19.23,18.668,18.478,0.275
4195,1,9.71,-0.27,0.48625,-1.351,3.609,4.857,11.5,0.036,0.0,19.647,19.121,18.026,17.391,17.257,0.486
4196,1,9.71,-0.27,0.37293,-1.648,3.588,4.956,11.7,0.037,0.0,20.59,20.084,18.899,18.312,18.148,0.373
4197,1,9.71,-0.27,0.6276,-0.958,3.647,4.727,12.1,0.037,0.0,19.264,18.717,17.753,17.115,17.015,0.628
4198,1,9.71,-0.27,0.5515,-1.171,3.625,4.796,12.7,0.038,0.0,20.397,19.867,18.827,18.167,18.047,0.551
4199,1,9.71,-0.27,0.50215,-1.309,3.612,4.843,12.8,0.038,0.0,20.842,20.316,19.233,18.591,18.461,0.502
4200,1,9.71,-0.27,1.0298,0.221,3.793,4.347,13.1,0.038,0.0,17.318,16.838,16.366,16.11,16.078,1.03
4201,1,9.71,-0.27,0.67612,-0.813,3.664,4.683,13.5,0.038,0.0,20.303,19.74,18.84,18.246,18.157,0.676
4202,1,9.71,-0.27,0.63316,-0.941,3.649,4.722,13.8,0.038,0.0,20.922,20.374,19.417,18.782,18.683,0.633
4203,1,9.71,-0.25,0.42828,-1.503,3.596,4.903,9.7,0.028,0.0,18.228,17.706,16.56,15.95,15.802,0.428
4204,1,9.71,-0.25,0.28551,-1.889,3.573,5.019,11.1,0.035,0.0,20.592,20.113,18.856,18.293,18.106,0.286
4205,1,9.71,-0.25,0.33255,-1.762,3.581,4.991,12.0,0.037,0.0,21.176,20.682,19.462,18.889,18.714,0.333
4206,1,9.71,-0.25,0.3784,-1.636,3.588,4.948,12.1,0.037,0.0,20.959,20.455,19.265,18.677,18.514,0.378
4207,1,9.71,-0.25,0.44599,-1.46,3.599,4.89,12.1,0.037,0.0,20.519,19.998,18.866,18.246,18.103,0.446
4208,1,9.71,-0.25,0.47254,-1.391,3.605,4.869,12.3,0.037,0.0,20.547,20.024,18.913,18.282,18.145,0.473
4209,1,9.71,-0.25,0.43628,-1.483,3.597,4.897,12.5,0.038,0.0,20.979,20.461,19.319,18.704,18.558,0.436
4210,1,9.71,-0.25,0.82394,-0.373,3.727,4.579,12.6,0.038,0.0,18.301,17.722,17.051,16.643,16.586,0.824
4211,1,9.71,-0.25,0.91107,-0.132,3.756,4.501,12.7,0.038,0.0,17.801,17.254,16.677,16.341,16.297,0.911
4212,1,9.71,-0.25,0.90331,-0.153,3.754,4.509,13.1,0.038,0.0,18.253,17.702,17.118,16.777,16.732,0.903
4213,1,9.71,-0.25,0.47427,-1.386,3.605,4.867,13.1,0.038,0.0,21.336,20.813,19.703,19.071,18.934,0.474
4214,1,9.71,-0.23,0.17551,-2.367,3.531,5.121,10.5,0.033,0.0,21.188,20.83,19.37,18.82,18.586,0.176
4215,1,9.71,-0.23,1.22581,1.28,3.681,2.917,11.0,0.035,0.0,12.57,11.992,11.154,10.619,10.538,1.226
4216,1,9.71,-0.23,0.35474,-1.708,3.583,4.974,11.5,0.036,0.0,20.539,20.043,18.83,18.251,18.081,0.355
4217,1,9.71,-0.23,0.43952,-1.479,3.597,4.894,11.6,0.036,0.0,20.068,19.552,18.406,17.79,17.643,0.44
4218,1,9.71,-0.23,0.46019,-1.427,3.601,4.878,12.1,0.037,0.0,20.437,19.917,18.79,18.163,18.023,0.46
4219,1,9.71,-0.23,0.81838,-0.398,3.722,4.583,13.0,0.038,0.0,18.765,18.182,17.496,17.076,17.017,0.818
4220,1,9.71,-0.23,0.54033,-1.212,3.62,4.807,13.0,0.038,0.0,20.799,20.273,19.211,18.555,18.432,0.54
4221,1,9.71,-0.23,0.77023,-0.541,3.701,4.616,13.1,0.038,0.0,19.222,18.635,17.875,17.395,17.326,0.77
4222,1,9.71,-0.23,0.80036,-0.452,3.714,4.596,13.3,0.038,0.0,19.199,18.614,17.901,17.458,17.395,0.8
4223,1,9.71,-0.23,0.92256,-0.11,3.758,4.491,13.5,0.038,0.0,18.546,18.0,17.429,17.097,17.053,0.923
4224,1,9.71,-0.23,0.7076,-0.733,3.673,4.657,13.7,0.038,0.0,20.302,19.729,18.862,18.293,18.21,0.708
4225,1,9.71,-0.23,0.55909,-1.161,3.624,4.79,13.8,0.038,0.0,21.471,20.943,19.898,19.236,19.116,0.559
4226,1,9.71,-0.23,1.09343,0.358,3.798,4.256,14.5,0.038,0.0,18.375,17.902,17.446,17.203,17.172,1.093
4227,1,9.71,-0.23,0.78591,-0.494,3.708,4.605,15.0,0.038,0.0,21.006,20.42,19.684,19.223,19.158,0.786
4228,1,9.71,-0.21,0.36643,-1.677,3.584,4.96,10.8,0.034,0.0,19.763,19.267,18.053,17.471,17.303,0.366
4229,1,9.71,-0.21,0.30406,-1.842,3.574,5.004,11.3,0.036,0.0,20.674,20.196,18.937,18.372,18.187,0.304
4230,1,9.71,-0.21,0.24604,-2.018,3.563,5.044,11.6,0.036,0.0,21.414,20.97,19.661,19.1,18.894,0.246
4231,1,9.71,-0.21,0.62069,-0.995,3.641,4.734,12.1,0.037,0.0,19.358,18.816,17.828,17.18,17.075,0.621
4232,1,9.71,-0.21,0.48413,-1.369,3.605,4.858,12.2,0.037,0.0,20.392,19.872,18.757,18.121,17.986,0.484
4233,1,9.71,-0.21,0.92592,-0.11,3.757,4.489,12.4,0.037,0.0,17.444,16.895,16.322,15.989,15.945,0.926
4234,1,9.71,-0.21,0.54235,-1.211,3.619,4.805,12.6,0.038,0.0,20.398,19.872,18.807,18.15,18.027,0.542
4235,1,9.71,-0.21,0.44489,-1.469,3.597,4.889,12.9,0.038,0.0,21.343,20.829,19.679,19.061,18.916,0.445
4236,1,9.71,-0.21,0.7136,-0.721,3.674,4.654,13.3,0.038,0.0,19.874,19.299,18.437,17.87,17.788,0.714
4237,1,9.71,-0.21,1.2255,1.015,3.69,3.219,13.4,0.038,0.0,15.633,15.053,14.248,13.74,13.665,1.225
4238,1,9.71,-0.21,0.61117,-1.023,3.637,4.743,13.4,0.038,0.0,20.727,20.189,19.189,18.537,18.43,0.611
4239,1,9.71,-0.21,0.88162,-0.229,3.743,4.531,13.6,0.038,0.0,18.941,18.376,17.759,17.393,17.343,0.882
4240,1,9.71,-0.21,0.68661,-0.802,3.663,4.675,14.1,0.038,0.0,20.876,20.313,19.409,18.81,18.721,0.687
4241,1,9.71,-0.19,0.20136,-2.191,3.552,5.085,9.5,0.027,0.0,19.748,19.333,17.974,17.418,17.191,0.201
4242,1,9.71,-0.19,0.29056,-1.884,3.57,5.012,10.8,0.034,0.0,20.28,19.813,18.535,17.971,17.78,0.291
4243,1,9.71,-0.19,0.35628,-1.71,3.581,4.97,11.5,0.036,0.0,20.545,20.056,18.825,18.249,18.076,0.356
4244,1,9.71,-0.19,0.28987,-1.886,3.57,5.012,11.6,0.036,0.0,21.085,20.62,19.341,18.777,18.585,0.29
4245,1,9.71,-0.19,0.33084,-1.777,3.577,4.989,12.0,0.037,0.0,21.212,20.73,19.481,18.912,18.733,0.331
4246,1,9.71,-0.19,0.38054,-1.64,3.585,4.943,12.6,0.038,0.0,21.47,20.976,19.761,19.176,19.009,0.381
4247,1,9.71,-0.19,0.68037,-0.827,3.659,4.681,12.7,0.038,0.0,19.538,18.979,18.06,17.451,17.36,0.68
4248,1,9.71,-0.19,0.55295,-1.187,3.62,4.796,12.8,0.038,0.0,20.538,20.013,18.951,18.29,18.169,0.553
4249,1,9.71,-0.19,0.53086,-1.247,3.615,4.816,12.9,0.038,0.0,20.789,20.266,19.184,18.531,18.405,0.531
4250,1,9.71,-0.19,0.99963,0.074,3.776,4.413,12.9,0.038,0.0,17.486,16.965,16.447,16.157,16.119,1.0
4251,1,9.71,-0.19,0.56268,-1.161,3.623,4.787,13.3,0.038,0.0,20.973,20.447,19.394,18.73,18.61,0.563
4252,1,9.71,-0.19,0.72305,-0.7,3.676,4.648,14.4,0.038,0.0,20.919,20.343,19.49,18.931,18.85,0.723
4253,1,9.71,-0.19,0.72873,-0.682,3.679,4.644,14.5,0.038,0.0,20.976,20.398,19.554,19.004,18.924,0.729
4254,1,9.71,-0.19,0.8211,-0.407,3.719,4.582,15.0,0.038,0.0,20.788,20.203,19.506,19.078,19.018,0.821
4255,1,9.71,-0.17,0.42731,-1.519,3.592,4.9,10.1,0.031,0.0,18.666,18.16,16.978,16.373,16.22,0.427
4256,1,9.71,-0.17,0.59352,-1.084,3.63,4.76,10.6,0.033,0.0,18.08,17.547,16.518,15.855,15.742,0.594
4257,1,9.71,-0.17,0.19177,-2.259,3.543,5.097,10.8,0.034,0.0,21.217,20.832,19.423,18.871,18.639,0.192
4258,1,9.71,-0.17,0.23014,-2.085,3.557,5.059,11.3,0.036,0.0,21.283,20.858,19.517,18.958,18.742,0.23
4259,1,9.71,-0.17,0.3734,-1.664,3.583,4.95,12.2,0.037,0.0,21.13,20.642,19.412,18.831,18.662,0.373
4260,1,9.71,-0.17,0.42357,-1.528,3.591,4.903,12.5,0.038,0.0,21.09,20.589,19.401,18.797,18.642,0.424
4261,1,9.71,-0.17,0.82,-0.419,3.717,4.583,12.8,0.038,0.0,18.617,18.03,17.325,16.889,16.828,0.82
4262,1,9.71,-0.17,1.09587,0.321,3.793,4.276,13.2,0.038,0.0,17.167,16.68,16.212,15.96,15.928,1.096
4263,1,9.71,-0.17,0.51197,-1.304,3.609,4.834,13.4,0.038,0.0,21.429,20.911,19.806,19.159,19.029,0.512
4264,1,9.71,-0.17,0.76761,-0.572,3.694,4.618,13.6,0.038,0.0,19.799,19.212,18.428,17.927,17.855,0.768
4265,1,9.71,-0.17,0.70175,-0.772,3.665,4.662,13.9,0.038,0.0,20.6,20.035,19.137,18.545,18.457,0.702
4266,1,9.71,-0.17,1.2465,2.377,3.617,1.569,14.0,0.038,0.0,12.827,12.37,11.241,10.49,10.354,1.246
4267,1,9.71,-0.17,0.6174,-1.015,3.637,4.738,14.0,0.038,0.0,21.308,20.772,19.768,19.114,19.007,0.617
4268,1,9.71,-0.17,1.16322,0.474,3.783,4.107,14.8,0.038,0.0,18.384,17.876,17.38,17.107,17.071,1.163
4269,1,9.71,-0.15,0.71145,-0.75,3.668,4.656,10.6,0.033,0.0,17.244,16.672,15.787,15.203,15.117,0.711
4270,1,9.71,-0.15,0.19636,-2.229,3.546,5.089,10.7,0.034,0.0,21.043,20.651,19.254,18.701,18.47,0.196
4271,1,9.71,-0.15,1.16256,0.46,3.782,4.119,11.2,0.035,0.0,14.821,14.309,13.812,13.539,13.503,1.163
4272,1,9.71,-0.15,0.30631,-1.846,3.571,4.999,11.6,0.036,0.0,20.986,20.523,19.239,18.674,18.484,0.306
4273,1,9.71,-0.15,0.77374,-0.561,3.695,4.614,11.8,0.037,0.0,17.973,17.385,16.603,16.105,16.034,0.774
4274,1,9.71,-0.15,1.03774,0.16,3.782,4.367,12.4,0.037,0.0,16.771,16.259,15.759,15.482,15.446,1.038
4275,1,9.71,-0.15,1.21432,0.626,3.737,3.791,12.9,0.038,0.0,16.104,15.531,14.894,14.516,14.463,1.214
4276,1,9.71,-0.15,0.53947,-1.233,3.615,4.809,13.0,0.038,0.0,20.854,20.334,19.247,18.591,18.466,0.539
4277,1,9.71,-0.15,0.72843,-0.698,3.675,4.645,13.1,0.038,0.0,19.615,19.038,18.181,17.619,17.537,0.728
4278,1,9.71,-0.15,0.5483,-1.209,3.617,4.8,13.4,0.038,0.0,21.194,20.673,19.594,18.935,18.811,0.548
4279,1,9.71,-0.15,1.02196,0.12,3.778,4.386,13.6,0.038,0.0,18.07,17.552,17.041,16.757,16.72,1.022
4280,1,9.71,-0.15,0.98091,0.014,3.768,4.433,13.8,0.038,0.0,18.534,17.998,17.458,17.15,17.11,0.981
4281,1,9.71,-0.15,0.62821,-0.99,3.639,4.729,13.9,0.038,0.0,21.145,20.606,19.61,18.957,18.852,0.628
4282,1,9.71,-0.15,0.87776,-0.263,3.737,4.538,14.1,0.038,0.0,19.528,18.953,18.316,17.934,17.882,0.878
4283,1,9.71,-0.15,0.94562,-0.079,3.758,4.47,14.2,0.038,0.0,19.167,18.616,18.046,17.715,17.672,0.946
4284,1,9.71,-0.15,0.987,0.03,3.769,4.426,14.9,0.038,0.0,19.594,19.061,18.525,18.221,18.182,0.987
4285,1,9.71,-0.13,0.29617,-1.877,3.568,5.004,10.5,0.033,0.0,19.964,19.508,18.209,17.646,17.45,0.296
4286,1,9.71,-0.13,0.75446,-0.626,3.685,4.628,11.9,0.037,0.0,18.236,17.653,16.832,16.302,16.226,0.754
4287,1,9.71,-0.13,0.76117,-0.606,3.688,4.623,12.0,0.037,0.0,18.285,17.7,16.891,16.37,16.295,0.761
4288,1,9.71,-0.13,0.4248,-1.531,3.589,4.899,12.1,0.037,0.0,20.698,20.204,18.998,18.397,18.24,0.425
4289,1,9.71,-0.13,0.49807,-1.35,3.604,4.846,12.9,0.038,0.0,21.045,20.532,19.401,18.759,18.625,0.498
4290,1,9.71,-0.13,0.62109,-1.016,3.636,4.736,13.6,0.038,0.0,20.909,20.374,19.364,18.706,18.598,0.621
4291,1,9.71,-0.13,0.81306,-0.455,3.71,4.588,14.2,0.038,0.0,20.108,19.518,18.789,18.334,18.27,0.813
4292,1,9.71,-0.11,0.42061,-1.545,3.587,4.902,12.2,0.037,0.0,20.833,20.343,19.124,18.527,18.368,0.421
4293,1,9.71,-0.11,0.43442,-1.512,3.59,4.893,12.5,0.038,0.0,21.05,20.557,19.351,18.747,18.591,0.434
4294,1,9.71,-0.11,0.58573,-1.12,3.624,4.768,12.5,0.038,0.0,20.071,19.548,18.493,17.821,17.705,0.586
4295,1,9.71,-0.11,0.95521,-0.065,3.758,4.46,13.2,0.038,0.0,18.133,17.579,17.008,16.678,16.634,0.955
4296,1,9.71,-0.11,0.72244,-0.731,3.669,4.65,13.8,0.038,0.0,20.397,19.825,18.944,18.363,18.279,0.722
4297,1,9.71,-0.11,0.87581,-0.285,3.733,4.542,13.9,0.038,0.0,19.382,18.801,18.151,17.76,17.706,0.876
4298,1,9.71,-0.09,1.07535,0.251,3.784,4.303,10.3,0.032,0.0,14.443,13.929,13.44,13.172,13.137,1.075
4299,1,9.71,-0.09,0.45879,-1.457,3.593,4.876,11.8,0.037,0.0,20.213,19.716,18.527,17.91,17.762,0.459
4300,1,9.71,-0.09,0.47186,-1.424,3.596,4.866,11.9,0.037,0.0,20.231,19.729,18.557,17.93,17.787,0.472
4301,1,9.71,-0.09,0.31893,-1.824,3.569,4.989,12.0,0.037,0.0,21.331,20.877,19.576,19.01,18.819,0.319
4302,1,9.71,-0.09,0.78399,-0.554,3.694,4.608,13.0,0.038,0.0,19.155,18.566,17.779,17.278,17.206,0.784
4303,1,9.71,-0.09,1.01632,0.097,3.773,4.385,13.8,0.038,0.0,18.328,17.795,17.27,16.976,16.937,1.016
4304,1,9.71,-0.09,0.73851,-0.689,3.674,4.639,14.2,0.038,0.0,20.693,20.115,19.255,18.691,18.609,0.739
4305,1,9.71,-0.09,0.88799,-0.258,3.735,4.531,14.8,0.038,0.0,20.216,19.637,18.994,18.609,18.556,0.888
4306,1,9.71,-0.07,0.1776,-2.375,3.525,5.109,9.3,0.026,0.0,20.008,19.671,18.157,17.621,17.386,0.178
4307,1,9.71,-0.07,0.24529,-2.045,3.555,5.037,9.9,0.03,0.0,19.781,19.367,18.002,17.445,17.225,0.245
4308,1,9.71,-0.07,0.38648,-1.644,3.579,4.931,11.5,0.036,0.0,20.379,19.906,18.638,18.061,17.889,0.386
4309,1,9.71,-0.07,0.62493,-1.021,3.633,4.733,11.7,0.037,0.0,19.023,18.491,17.468,16.803,16.695,0.625
4310,1,9.71,-0.07,0.4587,-1.461,3.592,4.875,12.4,0.037,0.0,20.823,20.329,19.131,18.515,18.366,0.459
4311,1,9.71,-0.07,1.05003,0.19,3.779,4.331,12.8,0.038,0.0,17.094,16.571,16.065,15.786,15.749,1.05
4312,1,9.71,-0.07,0.83894,-0.404,3.715,4.57,13.2,0.038,0.0,18.981,18.39,17.678,17.237,17.175,0.839
4313,1,9.71,-0.07,1.01288,0.086,3.771,4.386,13.6,0.038,0.0,18.154,17.617,17.087,16.788,16.749,1.013
4314,1,9.71,-0.05,0.33377,-1.793,3.569,4.979,9.0,0.024,0.0,18.253,17.794,16.49,15.925,15.736,0.334
4315,1,9.71,-0.05,0.76367,-0.628,3.682,4.622,9.6,0.028,0.0,15.941,15.351,14.522,13.983,13.906,0.764
4316,1,9.71,-0.05,0.14583,-2.61,3.497,5.146,9.7,0.028,0.0,20.995,20.751,19.079,18.551,18.302,0.146
4317,1,9.71,-0.05,0.41974,-1.557,3.584,4.899,11.9,0.037,0.0,20.563,20.085,18.836,18.245,18.082,0.42
4318,1,9.71,-0.05,0.44227,-1.505,3.588,4.886,12.6,0.038,0.0,21.132,20.647,19.421,18.818,18.661,0.442
4319,1,9.71,-0.05,0.5722,-1.172,3.617,4.781,12.7,0.038,0.0,20.399,19.883,18.796,18.127,18.007,0.572
4320,1,9.71,-0.05,0.8448,-0.395,3.715,4.566,14.1,0.038,0.0,19.858,19.267,18.556,18.117,18.056,0.845
4321,1,9.71,-0.03,0.35944,-1.728,3.573,4.958,11.2,0.035,0.0,20.29,19.832,18.53,17.963,17.779,0.359
4322,1,9.71,-0.03,0.69432,-0.842,3.651,4.672,12.8,0.038,0.0,19.674,19.123,18.168,17.532,17.437,0.694
4323,1,9.71,-0.03,0.75176,-0.671,3.675,4.631,13.9,0.038,0.0,20.348,19.768,18.91,18.347,18.266,0.752
4324,1,9.71,-0.03,1.05963,0.222,3.778,4.298,14.0,0.038,0.0,18.216,17.687,17.179,16.897,16.86,1.06
4325,1,9.71,-0.01,1.11423,0.383,3.779,4.163,12.5,0.038,0.0,16.312,15.784,15.279,15.001,14.964,1.114
4326,1,9.71,-0.01,0.62761,-1.03,3.63,4.732,13.0,0.038,0.0,20.345,19.82,18.781,18.108,17.999,0.628
4327,1,9.71,-0.01,0.7705,-0.623,3.681,4.618,14.9,0.038,0.0,21.227,20.642,19.807,19.265,19.187,0.77
4328,1,9.71,0.01,0.29406,-1.895,3.559,4.985,11.6,0.036,0.0,21.108,20.691,19.331,18.769,18.559,0.294
4329,1,9.71,0.01,0.51239,-1.341,3.599,4.832,12.9,0.038,0.0,21.022,20.524,19.357,18.706,18.573,0.512
4330,1,9.71,0.01,1.09763,0.286,3.779,4.254,13.9,0.038,0.0,17.956,17.426,16.922,16.645,16.607,1.098
4331,1,9.71,0.03,0.2922,-1.905,3.558,4.986,11.6,0.036,0.0,21.132,20.718,19.352,18.791,18.578,0.292
4332,1,9.71,0.03,0.67457,-0.91,3.642,4.69,11.8,0.037,0.0,18.845,18.305,17.311,16.656,16.555,0.675
4333,1,9.71,0.03,0.49721,-1.382,3.595,4.843,12.5,0.038,0.0,20.725,20.236,19.039,18.403,18.262,0.497
4334,1,9.71,0.03,1.07552,0.221,3.775,4.294,12.7,0.038,0.0,16.917,16.378,15.863,15.578,15.54,1.076
4335,1,9.71,0.03,0.67154,-0.918,3.641,4.693,13.3,0.038,0.0,20.366,19.827,18.829,18.173,18.072,0.672
4336,1,9.71,0.03,0.68586,-0.879,3.645,4.68,13.3,0.038,0.0,20.267,19.723,18.742,18.094,17.995,0.686
4337,1,9.71,0.05,0.16939,-2.448,3.512,5.111,9.5,0.027,0.0,20.391,20.098,18.505,17.978,17.737,0.169
4338,1,9.71,0.05,0.29199,-1.909,3.557,4.986,11.6,0.036,0.0,21.142,20.732,19.361,18.8,18.585,0.292
4339,1,9.71,0.05,0.71483,-0.802,3.654,4.656,13.3,0.038,0.0,20.076,19.52,18.574,17.947,17.854,0.715
4340,1,9.71,0.05,0.81697,-0.512,3.693,4.58,13.4,0.038,0.0,19.45,18.856,18.065,17.563,17.491,0.817
4341,1,9.71,0.05,0.71228,-0.81,3.653,4.658,14.5,0.038,0.0,21.294,20.739,19.79,19.16,19.066,0.712
4342,1,9.71,0.07,0.55213,-1.243,3.607,4.796,11.4,0.036,0.0,19.278,18.779,17.632,16.967,16.841,0.552
4343,1,9.71,0.07,0.88489,-0.323,3.72,4.535,13.9,0.038,0.0,19.477,18.88,18.19,17.771,17.711,0.885
4344,1,9.71,0.07,0.97076,-0.081,3.749,4.448,14.1,0.038,0.0,19.072,18.494,17.9,17.555,17.508,0.971
4345,1,9.71,0.09,0.66273,-0.953,3.636,4.702,11.2,0.035,0.0,18.352,17.82,16.797,16.134,16.028,0.663
4346,1,9.71,0.09,0.76579,-0.666,3.67,4.615,11.3,0.036,0.0,17.735,17.155,16.277,15.705,15.621,0.766
4347,1,9.71,0.09,0.51382,-1.345,3.597,4.827,12.9,0.038,0.0,21.032,20.548,19.348,18.7,18.564,0.514
4348,1,9.71,0.11,0.28331,-1.946,3.552,4.992,11.1,0.035,0.0,20.736,20.338,18.948,18.39,18.166,0.283
4349,1,9.71,0.11,0.97945,-0.068,3.749,4.437,12.2,0.037,0.0,17.14,16.558,15.964,15.62,15.572,0.979
4350,1,9.71,0.13,0.85103,-0.434,3.703,4.558,12.4,0.037,0.0,18.254,17.652,16.898,16.431,16.362,0.851
4351,1,9.71,0.13,0.73538,-0.76,3.657,4.64,12.9,0.038,0.0,19.57,19.007,18.074,17.462,17.37,0.735
4352,1,9.71,0.15,0.45006,-1.512,3.581,4.875,11.7,0.037,0.0,20.249,19.8,18.494,17.898,17.735,0.45
4353,1,9.71,0.15,0.54369,-1.274,3.602,4.801,12.6,0.038,0.0,20.556,20.073,18.887,18.22,18.091,0.544
4354,1,9.71,0.15,0.90895,-0.278,3.723,4.511,14.1,0.038,0.0,19.565,18.963,18.282,17.874,17.815,0.909
4355,1,9.71,0.15,0.84529,-0.455,3.699,4.561,14.3,0.038,0.0,20.208,19.606,18.838,18.36,18.289,0.845
4356,1,9.71,0.17,1.23007,0.525,3.72,3.828,11.3,0.036,0.0,14.757,14.151,13.46,13.052,12.988,1.23
4357,1,9.71,0.17,1.12198,0.289,3.77,4.223,12.3,0.037,0.0,16.347,15.789,15.261,14.971,14.93,1.122
4358,1,9.71,0.17,0.84298,-0.467,3.696,4.562,13.2,0.038,0.0,19.138,18.536,17.759,17.274,17.202,0.843
4359,1,9.71,0.19,0.68209,-0.918,3.637,4.685,13.5,0.038,0.0,20.565,20.033,19.008,18.349,18.244,0.682
4360,1,9.71,0.25,1.00789,-0.015,3.75,4.402,10.1,0.031,0.0,14.908,14.312,13.727,13.396,13.348,1.008
4361,1,9.73,-0.71,0.23687,-1.941,3.597,5.087,11.8,0.037,0.0,21.421,20.878,19.78,19.204,19.041,0.237
4362,1,9.73,-0.63,0.25122,-1.888,3.596,5.057,10.9,0.034,0.0,20.39,19.848,18.744,18.166,18.004,0.251
4363,1,9.73,-0.63,0.59894,-0.933,3.661,4.74,13.5,0.038,0.0,20.602,20.045,19.142,18.55,18.455,0.599
4364,1,9.73,-0.63,0.6584,-0.737,3.688,4.69,13.7,0.038,0.0,20.311,19.74,18.933,18.413,18.335,0.658
4365,1,9.73,-0.61,0.41542,-1.452,3.619,4.932,12.4,0.037,0.0,20.801,20.255,19.223,18.608,18.471,0.415
4366,1,9.73,-0.59,0.57903,-1.005,3.653,4.764,13.2,0.038,0.0,20.483,19.931,18.998,18.383,18.283,0.579
4367,1,9.73,-0.57,0.67427,-0.707,3.689,4.678,12.1,0.037,0.0,18.638,18.065,17.263,16.747,16.671,0.674
4368,1,9.73,-0.57,0.56226,-1.061,3.647,4.782,12.4,0.037,0.0,19.823,19.274,18.32,17.695,17.59,0.562
4369,1,9.73,-0.57,0.84351,-0.184,3.761,4.538,13.7,0.038,0.0,18.931,18.411,17.843,17.512,17.469,0.844
4370,1,9.73,-0.55,0.95672,0.135,3.795,4.41,11.4,0.036,0.0,15.832,15.379,14.908,14.648,14.618,0.957
4371,1,9.73,-0.55,0.25236,-1.91,3.589,5.054,11.8,0.037,0.0,21.345,20.817,19.678,19.105,18.936,0.252
4372,1,9.73,-0.55,0.65807,-0.767,3.681,4.692,13.5,0.038,0.0,20.187,19.617,18.783,18.24,18.159,0.658
4373,1,9.73,-0.53,0.5029,-1.245,3.629,4.848,11.4,0.036,0.0,19.283,18.739,17.732,17.097,16.975,0.503
4374,1,9.73,-0.53,0.41462,-1.475,3.613,4.928,12.1,0.037,0.0,20.557,20.014,18.958,18.346,18.206,0.415
4375,1,9.73,-0.53,0.6205,-0.894,3.663,4.724,12.2,0.037,0.0,19.206,18.647,17.749,17.156,17.065,0.62
4376,1,9.73,-0.53,0.32908,-1.69,3.601,4.996,12.4,0.037,0.0,21.395,20.85,19.762,19.174,19.021,0.329
4377,1,9.73,-0.53,0.5702,-1.049,3.646,4.774,12.9,0.038,0.0,20.292,19.744,18.787,18.159,18.055,0.57
4378,1,9.73,-0.51,0.51897,-1.203,3.632,4.83,12.8,0.038,0.0,20.578,20.036,19.034,18.398,18.279,0.519
4379,1,9.73,-0.51,0.47259,-1.332,3.622,4.877,13.0,0.038,0.0,21.101,20.559,19.528,18.896,18.767,0.473
4380,1,9.73,-0.51,0.45565,-1.378,3.618,4.893,13.2,0.038,0.0,21.415,20.873,19.832,19.207,19.073,0.456
4381,1,9.73,-0.51,0.89308,-0.066,3.773,4.494,13.3,0.038,0.0,18.234,17.732,17.201,16.897,16.86,0.893
4382,1,9.73,-0.49,0.4347,-1.436,3.613,4.909,11.7,0.037,0.0,20.059,19.517,18.46,17.842,17.704,0.435
4383,1,9.73,-0.49,0.35844,-1.63,3.602,4.976,12.0,0.037,0.0,20.844,20.301,19.211,18.618,18.467,0.358
4384,1,9.73,-0.49,0.97211,0.148,3.794,4.402,13.1,0.038,0.0,17.501,17.043,16.571,16.311,16.28,0.972
4385,1,9.73,-0.49,0.50748,-1.242,3.628,4.842,13.5,0.038,0.0,21.374,20.834,19.819,19.179,19.056,0.507
4386,1,9.73,-0.47,0.28675,-1.829,3.589,5.026,10.7,0.034,0.0,20.042,19.516,18.369,17.794,17.626,0.287
4387,1,9.73,-0.47,0.83994,-0.234,3.752,4.552,12.0,0.037,0.0,17.355,16.815,16.224,15.875,15.829,0.84
4388,1,9.73,-0.47,0.8269,-0.272,3.748,4.564,12.3,0.037,0.0,17.751,17.204,16.598,16.238,16.19,0.827
4389,1,9.73,-0.47,0.58071,-1.036,3.645,4.764,13.5,0.038,0.0,20.859,20.313,19.35,18.717,18.613,0.581
4390,1,9.73,-0.47,0.87331,-0.137,3.764,4.518,13.8,0.038,0.0,18.913,18.392,17.834,17.511,17.47,0.873
4391,1,9.73,-0.45,0.49463,-1.288,3.622,4.853,12.7,0.038,0.0,20.689,20.151,19.115,18.477,18.349,0.495
4392,1,9.73,-0.45,1.11298,0.665,3.797,3.955,13.6,0.038,0.0,16.708,16.251,15.789,15.54,15.509,1.113
4393,1,9.73,-0.45,1.16455,2.275,3.64,1.734,13.9,0.038,0.0,12.982,12.472,11.456,10.775,10.667,1.165
4394,1,9.73,-0.45,0.63724,-0.868,3.664,4.712,14.6,0.038,0.0,21.539,20.979,20.082,19.489,19.399,0.637
4395,1,9.73,-0.43,0.57356,-1.068,3.641,4.772,13.6,0.038,0.0,21.039,20.495,19.516,18.878,18.77,0.574
4396,1,9.73,-0.41,0.68124,-0.745,3.678,4.673,10.9,0.034,0.0,17.533,16.959,16.114,15.56,15.479,0.681
4397,1,9.73,-0.41,0.25658,-1.943,3.578,5.047,11.5,0.036,0.0,21.126,20.625,19.416,18.854,18.671,0.257
4398,1,9.73,-0.41,0.40832,-1.522,3.602,4.925,11.8,0.037,0.0,20.374,19.838,18.738,18.13,17.985,0.408
4399,1,9.73,-0.41,1.02084,0.295,3.8,4.296,12.4,0.037,0.0,16.432,15.977,15.522,15.276,15.246,1.021
4400,1,9.73,-0.41,0.52677,-1.206,3.627,4.819,13.0,0.038,0.0,20.785,20.248,19.225,18.577,18.456,0.527
4401,1,9.73,-0.41,0.44992,-1.418,3.609,4.892,13.0,0.038,0.0,21.314,20.779,19.701,19.08,18.941,0.45
4402,1,9.73,-0.41,0.90177,-0.069,3.77,4.488,14.2,0.038,0.0,19.142,18.627,18.088,17.779,17.741,0.902
4403,1,9.73,-0.39,0.46971,-1.369,3.612,4.874,8.8,0.023,0.0,16.993,16.45,15.383,14.757,14.623,0.47
4404,1,9.73,-0.39,0.61253,-0.965,3.65,4.735,11.9,0.037,0.0,19.084,18.534,17.584,16.952,16.853,0.613
4405,1,9.73,-0.39,0.60817,-0.979,3.648,4.739,12.9,0.038,0.0,20.119,19.571,18.614,17.981,17.88,0.608
4406,1,9.73,-0.39,0.92514,0.001,3.776,4.454,12.9,0.038,0.0,17.667,17.162,16.642,16.347,16.31,0.925
4407,1,9.73,-0.39,0.8478,-0.231,3.751,4.546,13.7,0.038,0.0,19.048,18.5,17.904,17.552,17.506,0.848
4408,1,9.73,-0.37,0.4044,-1.54,3.598,4.923,9.5,0.027,0.0,18.119,17.583,16.466,15.862,15.714,0.404
4409,1,9.73,-0.37,0.15488,-2.499,3.519,5.149,10.3,0.032,0.0,21.317,20.991,19.481,18.924,18.686,0.155
4410,1,9.73,-0.37,0.39678,-1.56,3.597,4.93,10.6,0.033,0.0,19.27,18.74,17.614,17.014,16.862,0.397
4411,1,9.73,-0.37,0.52724,-1.214,3.625,4.818,10.7,0.034,0.0,18.506,17.969,16.937,16.286,16.164,0.527
4412,1,9.73,-0.37,0.57231,-1.088,3.636,4.774,11.0,0.035,0.0,18.489,17.947,16.952,16.308,16.197,0.572
4413,1,9.73,-0.37,0.22631,-2.065,3.568,5.075,11.5,0.036,0.0,21.433,20.962,19.7,19.141,18.942,0.226
4414,1,9.73,-0.37,0.67201,-0.79,3.671,4.683,13.7,0.038,0.0,20.444,19.877,19.003,18.428,18.343,0.672
4415,1,9.73,-0.37,1.09736,0.481,3.792,4.111,14.4,0.038,0.0,17.968,17.494,17.018,16.758,16.725,1.097
4416,1,9.73,-0.35,0.40504,-1.542,3.597,4.922,10.1,0.031,0.0,18.724,18.194,17.067,16.464,16.314,0.405
4417,1,9.73,-0.35,0.40131,-1.551,3.597,4.925,11.6,0.036,0.0,20.247,19.722,18.59,17.988,17.836,0.401
4418,1,9.73,-0.35,0.70035,-0.71,3.68,4.657,12.4,0.037,0.0,18.944,18.37,17.53,16.982,16.902,0.7
4419,1,9.73,-0.35,0.82549,-0.316,3.738,4.57,12.7,0.038,0.0,18.261,17.697,17.064,16.683,16.631,0.825
4420,1,9.73,-0.35,1.06935,0.402,3.801,4.216,12.9,0.038,0.0,16.665,16.209,15.76,15.52,15.49,1.069
4421,1,9.73,-0.35,0.60813,-0.992,3.645,4.741,13.3,0.038,0.0,20.55,20.004,19.037,18.4,18.297,0.608
4422,1,9.73,-0.35,0.69708,-0.72,3.678,4.66,14.1,0.038,0.0,20.669,20.096,19.251,18.699,18.618,0.697
4423,1,9.73,-0.33,0.36399,-1.663,3.59,4.969,9.4,0.027,0.0,18.328,17.806,16.646,16.06,15.898,0.364
4424,1,9.73,-0.33,0.26659,-1.931,3.574,5.037,9.5,0.027,0.0,19.098,18.605,17.369,16.809,16.623,0.267
4425,1,9.73,-0.33,0.29497,-1.846,3.579,5.016,11.0,0.035,0.0,20.384,19.885,18.672,18.104,17.925,0.295
4426,1,9.73,-0.33,0.5535,-1.149,3.629,4.792,11.7,0.037,0.0,19.344,18.808,17.786,17.134,17.016,0.554
4427,1,9.73,-0.33,0.35449,-1.691,3.589,4.979,11.8,0.037,0.0,20.798,20.284,19.115,18.531,18.366,0.354
4428,1,9.73,-0.33,0.81361,-0.361,3.732,4.583,12.2,0.037,0.0,17.873,17.302,16.647,16.25,16.196,0.814
4429,1,9.73,-0.33,0.93974,-0.001,3.774,4.455,12.4,0.037,0.0,17.173,16.659,16.134,15.836,15.799,0.94
4430,1,9.73,-0.33,0.3432,-1.721,3.587,4.989,12.4,0.037,0.0,21.473,20.963,19.786,19.205,19.038,0.343
4431,1,9.73,-0.33,0.97452,0.115,3.786,4.401,12.5,0.038,0.0,16.983,16.493,16.001,15.728,15.694,0.975
4432,1,9.73,-0.33,1.17049,0.794,3.703,3.471,12.6,0.038,0.0,15.386,14.806,14.049,13.576,13.508,1.17
4433,1,9.73,-0.33,0.56686,-1.113,3.632,4.78,12.7,0.038,0.0,20.252,19.716,18.705,18.054,17.94,0.567
4434,1,9.73,-0.33,0.43343,-1.475,3.601,4.901,12.9,0.038,0.0,21.357,20.829,19.716,19.1,18.956,0.433
4435,1,9.73,-0.33,0.84003,-0.284,3.742,4.559,13.4,0.038,0.0,18.881,18.319,17.696,17.323,17.273,0.84
4436,1,9.73,-0.33,0.70019,-0.717,3.678,4.658,13.9,0.038,0.0,20.463,19.89,19.043,18.49,18.409,0.7
4437,1,9.73,-0.33,0.97195,0.106,3.785,4.406,14.9,0.038,0.0,19.405,18.914,18.419,18.144,18.11,0.972
4438,1,9.73,-0.31,0.47703,-1.366,3.609,4.865,11.2,0.035,0.0,19.386,18.856,17.767,17.135,17.0,0.477
4439,1,9.73,-0.31,0.40766,-1.542,3.596,4.919,11.8,0.037,0.0,20.426,19.906,18.763,18.159,18.007,0.408
4440,1,9.73,-0.31,0.99323,0.155,3.788,4.38,11.9,0.037,0.0,16.283,15.797,15.313,15.046,15.013,0.993
4441,1,9.73,-0.31,0.40523,-1.548,3.595,4.921,12.3,0.037,0.0,20.941,20.422,19.276,18.674,18.521,0.405
4442,1,9.73,-0.31,0.50477,-1.292,3.615,4.84,12.4,0.037,0.0,20.4,19.87,18.801,18.159,18.03,0.505
4443,1,9.73,-0.31,0.36192,-1.673,3.589,4.97,12.4,0.037,0.0,21.352,20.841,19.667,19.081,18.917,0.362
4444,1,9.73,-0.31,0.61926,-0.969,3.647,4.732,12.5,0.038,0.0,19.694,19.147,18.184,17.547,17.446,0.619
4445,1,9.73,-0.31,0.58158,-1.078,3.635,4.767,13.1,0.038,0.0,20.565,20.027,19.023,18.374,18.263,0.582
4446,1,9.73,-0.31,1.08003,0.395,3.799,4.22,14.1,0.038,0.0,17.884,17.42,16.966,16.724,16.693,1.08
4447,1,9.73,-0.29,0.19353,-2.226,3.551,5.101,11.0,0.035,0.0,21.336,20.922,19.572,19.014,18.786,0.194
4448,1,9.73,-0.29,0.37821,-1.628,3.59,4.95,12.4,0.037,0.0,21.241,20.731,19.558,18.968,18.807,0.378
4449,1,9.73,-0.29,0.75168,-0.57,3.699,4.626,12.6,0.038,0.0,18.795,18.21,17.442,16.955,16.885,0.752
4450,1,9.73,-0.29,0.98281,0.094,3.782,4.41,12.6,0.038,0.0,17.135,16.635,16.132,15.851,15.816,0.983
4451,1,9.73,-0.29,1.175,0.619,3.722,3.724,13.1,0.038,0.0,16.323,15.746,15.057,14.638,14.579,1.175
4452,1,9.73,-0.29,0.78023,-0.482,3.712,4.607,14.0,0.038,0.0,19.976,19.393,18.672,18.222,18.158,0.78
4453,1,9.73,-0.29,0.61894,-0.976,3.645,4.733,14.1,0.038,0.0,21.31,20.765,19.796,19.157,19.055,0.619
4454,1,9.73,-0.29,0.66355,-0.842,3.661,4.693,14.2,0.038,0.0,21.075,20.515,19.606,19.004,18.913,0.664
4455,1,9.73,-0.27,0.19731,-2.202,3.553,5.095,10.6,0.033,0.0,20.875,20.454,19.112,18.555,18.331,0.197
4456,1,9.73,-0.27,0.29255,-1.863,3.575,5.015,10.9,0.034,0.0,20.328,19.841,18.598,18.035,17.852,0.293
4457,1,9.73,-0.27,0.72966,-0.646,3.687,4.64,11.1,0.035,0.0,17.486,16.904,16.092,15.567,15.491,0.73
4458,1,9.73,-0.27,0.22589,-2.084,3.562,5.069,11.2,0.035,0.0,21.179,20.733,19.429,18.87,18.661,0.226
4459,1,9.73,-0.27,0.3243,-1.779,3.581,4.996,11.3,0.036,0.0,20.518,20.022,18.805,18.233,18.057,0.324
4460,1,9.73,-0.27,0.91908,-0.094,3.761,4.487,11.8,0.037,0.0,16.806,16.268,15.706,15.381,15.339,0.919
4461,1,9.73,-0.27,1.00823,0.157,3.787,4.377,12.3,0.037,0.0,16.677,16.185,15.697,15.427,15.393,1.008
4462,1,9.73,-0.27,1.01758,0.191,3.789,4.359,12.5,0.038,0.0,16.794,16.307,15.826,15.563,15.53,1.018
4463,1,9.73,-0.27,0.44029,-1.469,3.599,4.894,12.7,0.038,0.0,21.143,20.621,19.492,18.873,18.73,0.44
4464,1,9.73,-0.27,0.74008,-0.613,3.692,4.634,13.1,0.038,0.0,19.404,18.822,18.027,17.517,17.444,0.74
4465,1,9.73,-0.27,0.62676,-0.959,3.647,4.727,13.7,0.038,0.0,20.866,20.32,19.355,18.717,18.617,0.627
4466,1,9.73,-0.27,0.5697,-1.121,3.63,4.779,13.8,0.038,0.0,21.372,20.838,19.814,19.157,19.042,0.57
4467,1,9.73,-0.27,0.87134,-0.225,3.746,4.534,14.0,0.038,0.0,19.332,18.772,18.165,17.804,17.756,0.871
4468,1,9.73,-0.27,0.81884,-0.374,3.727,4.58,15.2,0.038,0.0,20.904,20.326,19.658,19.25,19.194,0.819
4469,1,9.73,-0.25,0.20255,-2.176,3.555,5.088,10.7,0.034,0.0,20.91,20.485,19.149,18.591,18.37,0.203
4470,1,9.73,-0.25,0.38725,-1.609,3.589,4.937,11.1,0.035,0.0,19.893,19.386,18.203,17.611,17.45,0.387
4471,1,9.73,-0.25,0.27571,-1.918,3.571,5.026,11.7,0.037,0.0,21.264,20.792,19.526,18.964,18.772,0.276
4472,1,9.73,-0.25,0.40646,-1.556,3.592,4.917,12.7,0.038,0.0,21.36,20.851,19.681,19.081,18.925,0.406
4473,1,9.73,-0.25,0.43158,-1.494,3.597,4.9,12.9,0.038,0.0,21.406,20.89,19.744,19.131,18.983,0.432
4474,1,9.73,-0.25,0.96327,0.013,3.772,4.443,13.2,0.038,0.0,17.938,17.415,16.885,16.584,16.546,0.963
4475,1,9.73,-0.25,0.63036,-0.954,3.647,4.724,14.0,0.038,0.0,21.154,20.608,19.642,19.004,18.904,0.63
4476,1,9.73,-0.25,0.79356,-0.459,3.714,4.598,14.2,0.038,0.0,20.118,19.534,18.819,18.375,18.312,0.794
4477,1,9.73,-0.23,0.26711,-1.947,3.568,5.031,7.5,0.015,0.0,17.138,16.662,15.387,14.828,14.633,0.267
4478,1,9.73,-0.23,0.62846,-0.965,3.645,4.726,9.9,0.03,0.0,17.083,16.533,15.563,14.922,14.821,0.628
4479,1,9.73,-0.23,0.27647,-1.919,3.57,5.024,11.2,0.035,0.0,20.767,20.299,19.025,18.463,18.27,0.276
4480,1,9.73,-0.23,0.29848,-1.852,3.574,5.007,11.4,0.036,0.0,20.801,20.321,19.066,18.502,18.317,0.298
4481,1,9.73,-0.23,1.21712,1.733,3.66,2.376,11.6,0.036,0.0,12.037,11.484,10.557,9.954,9.859,1.217
4482,1,9.73,-0.23,0.62571,-0.973,3.644,4.729,11.8,0.037,0.0,19.003,18.459,17.483,16.84,16.737,0.626
4483,1,9.73,-0.23,0.62651,-0.971,3.644,4.728,11.9,0.037,0.0,19.097,18.553,17.578,16.935,16.833,0.627
4484,1,9.73,-0.23,0.50763,-1.302,3.612,4.837,12.0,0.037,0.0,20.024,19.5,18.41,17.766,17.636,0.508
4485,1,9.73,-0.23,0.50196,-1.317,3.61,4.843,12.1,0.037,0.0,20.163,19.64,18.545,17.903,17.772,0.502
4486,1,9.73,-0.23,0.5678,-1.136,3.627,4.781,12.3,0.037,0.0,19.91,19.38,18.344,17.681,17.564,0.568
4487,1,9.73,-0.23,0.6299,-0.961,3.645,4.725,12.9,0.038,0.0,20.072,19.527,18.556,17.915,17.813,0.63
4488,1,9.73,-0.23,0.93451,-0.071,3.762,4.474,13.0,0.038,0.0,17.948,17.409,16.85,16.527,16.485,0.935
4489,1,9.73,-0.23,0.49824,-1.327,3.609,4.846,13.4,0.038,0.0,21.488,20.966,19.867,19.227,19.095,0.498
4490,1,9.73,-0.23,0.84936,-0.303,3.735,4.557,13.6,0.038,0.0,19.129,18.556,17.913,17.526,17.473,0.849
4491,1,9.73,-0.23,0.73706,-0.639,3.687,4.636,14.3,0.038,0.0,20.666,20.086,19.271,18.746,18.67,0.737
4492,1,9.73,-0.23,0.87093,-0.244,3.742,4.537,15.1,0.038,0.0,20.479,19.913,19.293,18.924,18.874,0.871
4493,1,9.73,-0.21,0.19203,-2.25,3.545,5.098,10.2,0.031,0.0,20.595,20.2,18.81,18.256,18.025,0.192
4494,1,9.73,-0.21,0.21725,-2.127,3.556,5.073,10.7,0.034,0.0,20.787,20.361,19.023,18.465,18.247,0.217
4495,1,9.73,-0.21,0.57828,-1.113,3.628,4.772,11.9,0.037,0.0,19.452,18.922,17.889,17.227,17.112,0.578
4496,1,9.73,-0.21,0.36901,-1.669,3.584,4.957,12.4,0.037,0.0,21.343,20.848,19.634,19.052,18.884,0.369
4497,1,9.73,-0.21,0.39564,-1.592,3.588,4.925,12.5,0.038,0.0,21.25,20.75,19.553,18.961,18.8,0.396
4498,1,9.73,-0.21,1.06762,0.285,3.793,4.298,12.8,0.038,0.0,16.858,16.373,15.903,15.648,15.616,1.068
4499,1,9.73,-0.21,0.70125,-0.757,3.668,4.66,13.0,0.038,0.0,19.663,19.095,18.211,17.629,17.543,0.701
4500,1,9.73,-0.21,0.61695,-1.005,3.639,4.737,13.0,0.038,0.0,20.282,19.742,18.75,18.1,17.995,0.617
4501,1,9.73,-0.21,0.61918,-0.998,3.64,4.735,13.1,0.038,0.0,20.366,19.825,18.835,18.187,18.082,0.619
4502,1,9.73,-0.21,1.05634,0.254,3.791,4.319,13.5,0.038,0.0,17.636,17.148,16.673,16.415,16.382,1.056
4503,1,9.73,-0.21,1.10388,0.377,3.793,4.223,14.3,0.038,0.0,18.127,17.643,17.175,16.922,16.89,1.104
4504,1,9.73,-0.21,0.95644,-0.021,3.767,4.452,14.5,0.038,0.0,19.323,18.79,18.244,17.932,17.892,0.956
4505,1,9.73,-0.19,0.23614,-2.058,3.56,5.053,7.4,0.014,0.0,17.316,16.869,15.549,14.992,14.781,0.236
4506,1,9.73,-0.19,0.65401,-0.902,3.651,4.705,11.1,0.035,0.0,18.126,17.574,16.622,15.988,15.892,0.654
4507,1,9.73,-0.19,0.88185,-0.23,3.742,4.528,11.5,0.036,0.0,16.845,16.276,15.657,15.288,15.238,0.882
4508,1,9.73,-0.19,0.55168,-1.189,3.62,4.796,12.3,0.037,0.0,20.044,19.519,18.456,17.795,17.674,0.552
4509,1,9.73,-0.19,0.86514,-0.276,3.737,4.544,12.8,0.038,0.0,18.261,17.688,17.05,16.668,16.615,0.865
4510,1,9.73,-0.19,0.55057,-1.192,3.62,4.797,12.9,0.038,0.0,20.651,20.127,19.063,18.402,18.281,0.551
4511,1,9.73,-0.19,0.45583,-1.445,3.598,4.88,13.0,0.038,0.0,21.383,20.87,19.723,19.099,18.957,0.456
4512,1,9.73,-0.19,0.96659,-0.002,3.768,4.442,13.4,0.038,0.0,18.175,17.642,17.1,16.791,16.751,0.967
4513,1,9.73,-0.19,0.92029,-0.125,3.754,4.491,14.0,0.038,0.0,19.083,18.529,17.947,17.608,17.563,0.92
4514,1,9.73,-0.19,0.7052,-0.752,3.668,4.658,14.7,0.038,0.0,21.35,20.781,19.898,19.316,19.23,0.705
4515,1,9.73,-0.17,0.29325,-1.879,3.57,5.008,10.5,0.033,0.0,19.967,19.503,18.219,17.655,17.463,0.293
4516,1,9.73,-0.17,0.31607,-1.817,3.573,4.995,10.8,0.034,0.0,20.113,19.639,18.371,17.806,17.621,0.316
4517,1,9.73,-0.17,0.26091,-1.976,3.564,5.031,11.4,0.036,0.0,21.11,20.666,19.354,18.793,18.589,0.261
4518,1,9.73,-0.17,0.61904,-1.01,3.638,4.736,12.7,0.038,0.0,19.995,19.458,18.456,17.803,17.696,0.619
4519,1,9.73,-0.17,0.81064,-0.442,3.713,4.587,12.9,0.038,0.0,18.774,18.187,17.47,17.025,16.962,0.811
4520,1,9.73,-0.17,0.5681,-1.151,3.623,4.782,13.1,0.038,0.0,20.746,20.221,19.168,18.502,18.383,0.568
4521,1,9.73,-0.17,0.53548,-1.239,3.615,4.812,13.6,0.038,0.0,21.467,20.945,19.862,19.207,19.081,0.535
4522,1,9.73,-0.17,0.87728,-0.251,3.739,4.534,13.7,0.038,0.0,19.097,18.525,17.895,17.518,17.467,0.877
4523,1,9.73,-0.17,0.62,-1.007,3.638,4.735,14.2,0.038,0.0,21.488,20.951,19.95,19.297,19.191,0.62
4524,1,9.73,-0.17,1.15641,0.491,3.785,4.095,14.5,0.038,0.0,18.042,17.538,17.046,16.777,16.742,1.156
4525,1,9.73,-0.15,0.48994,-1.366,3.603,4.852,11.0,0.035,0.0,19.184,18.668,17.539,16.9,16.765,0.49
4526,1,9.73,-0.15,0.54998,-1.204,3.617,4.798,12.6,0.038,0.0,20.38,19.859,18.782,18.122,17.999,0.55
4527,1,9.73,-0.15,0.46138,-1.439,3.597,4.875,12.7,0.038,0.0,21.067,20.558,19.4,18.776,18.633,0.461
4528,1,9.73,-0.15,0.71167,-0.747,3.668,4.655,12.9,0.038,0.0,19.536,18.967,18.082,17.498,17.413,0.712
4529,1,9.73,-0.15,0.73603,-0.672,3.679,4.639,12.9,0.038,0.0,19.35,18.77,17.928,17.378,17.298,0.736
4530,1,9.73,-0.15,0.76132,-0.595,3.69,4.621,13.1,0.038,0.0,19.357,18.772,17.971,17.457,17.384,0.761
4531,1,9.73,-0.15,0.60327,-1.061,3.631,4.75,13.1,0.038,0.0,20.523,19.992,18.966,18.303,18.192,0.603
4532,1,9.73,-0.15,0.59499,-1.084,3.629,4.758,13.2,0.038,0.0,20.68,20.151,19.117,18.451,18.338,0.595
4533,1,9.73,-0.15,0.80635,-0.463,3.709,4.59,13.4,0.038,0.0,19.326,18.738,18.007,17.551,17.487,0.806
4534,1,9.73,-0.15,0.86872,-0.283,3.734,4.543,13.8,0.038,0.0,19.277,18.7,18.055,17.667,17.614,0.869
4535,1,9.73,-0.15,0.68448,-0.827,3.658,4.677,14.4,0.038,0.0,21.238,20.68,19.754,19.139,19.048,0.684
4536,1,9.73,-0.13,0.33957,-1.764,3.575,4.979,10.3,0.032,0.0,19.481,19.004,17.734,17.168,16.988,0.34
4537,1,9.73,-0.13,1.19069,0.643,3.771,3.903,11.5,0.036,0.0,14.664,14.131,13.602,13.307,13.267,1.191
4538,1,9.73,-0.13,1.01672,0.114,3.776,4.381,11.6,0.036,0.0,16.085,15.56,15.044,14.756,14.719,1.017
4539,1,9.73,-0.13,0.42821,-1.522,3.59,4.897,11.9,0.037,0.0,20.476,19.981,18.779,18.175,18.02,0.428
4540,1,9.73,-0.13,0.71092,-0.756,3.666,4.656,12.4,0.037,0.0,19.06,18.492,17.599,17.009,16.923,0.711
4541,1,9.73,-0.13,0.3834,-1.641,3.582,4.936,12.5,0.038,0.0,21.373,20.89,19.649,19.067,18.898,0.383
4542,1,9.73,-0.13,0.8678,-0.293,3.732,4.546,12.6,0.038,0.0,18.103,17.523,16.872,16.48,16.426,0.868
4543,1,9.73,-0.13,0.55572,-1.194,3.618,4.793,13.1,0.038,0.0,20.854,20.334,19.256,18.594,18.472,0.556
4544,1,9.73,-0.13,0.9663,-0.021,3.763,4.442,13.8,0.038,0.0,18.622,18.078,17.523,17.205,17.163,0.966
4545,1,9.73,-0.13,0.73644,-0.678,3.677,4.639,14.2,0.038,0.0,20.665,20.086,19.237,18.683,18.602,0.736
4546,1,9.73,-0.13,0.65728,-0.912,3.647,4.703,14.3,0.038,0.0,21.349,20.802,19.836,19.194,19.096,0.657
4547,1,9.73,-0.13,1.13391,0.396,3.784,4.179,15.2,0.038,0.0,18.98,18.472,17.98,17.71,17.675,1.134
4548,1,9.73,-0.11,0.31308,-1.835,3.569,4.993,10.8,0.034,0.0,20.158,19.7,18.405,17.84,17.648,0.313
4549,1,9.73,-0.11,0.19825,-2.222,3.545,5.083,11.0,0.035,0.0,21.324,20.937,19.531,18.979,18.748,0.198
4550,1,9.73,-0.11,0.42103,-1.543,3.587,4.9,11.2,0.035,0.0,19.827,19.337,18.119,17.521,17.362,0.421
4551,1,9.73,-0.11,0.51391,-1.311,3.606,4.832,11.3,0.036,0.0,19.348,18.833,17.712,17.063,16.933,0.514
4552,1,9.73,-0.11,0.34394,-1.756,3.575,4.976,11.6,0.036,0.0,20.761,20.29,19.013,18.447,18.265,0.344
4553,1,9.73,-0.11,0.45253,-1.469,3.593,4.881,11.8,0.037,0.0,20.242,19.743,18.557,17.941,17.792,0.453
4554,1,9.73,-0.11,0.59791,-1.087,3.627,4.756,11.9,0.037,0.0,19.387,18.861,17.818,17.148,17.034,0.598
4555,1,9.73,-0.11,0.47222,-1.419,3.597,4.866,12.6,0.038,0.0,20.917,20.412,19.249,18.62,18.478,0.472
4556,1,9.73,-0.11,0.49193,-1.369,3.601,4.85,12.8,0.038,0.0,20.993,20.482,19.341,18.699,18.564,0.492
4557,1,9.73,-0.11,1.00532,0.08,3.772,4.394,12.9,0.038,0.0,17.469,16.936,16.409,16.112,16.073,1.005
4558,1,9.73,-0.11,0.62909,-0.998,3.637,4.729,13.3,0.038,0.0,20.565,20.029,19.023,18.365,18.259,0.629
4559,1,9.73,-0.11,1.10436,0.322,3.786,4.25,14.0,0.038,0.0,17.966,17.46,16.973,16.708,16.673,1.104
4560,1,9.73,-0.11,1.17923,0.602,3.785,3.995,14.1,0.038,0.0,17.366,16.858,16.369,16.104,16.068,1.179
4561,1,9.73,-0.11,1.12009,0.357,3.786,4.22,14.6,0.038,0.0,18.478,17.971,17.485,17.219,17.184,1.12
4562,1,9.73,-0.09,1.13693,0.383,3.781,4.181,11.0,0.035,0.0,14.813,14.293,13.794,13.519,13.483,1.137
4563,1,9.73,-0.09,0.56255,-1.186,3.617,4.788,11.2,0.035,0.0,18.934,18.415,17.332,16.667,16.546,0.563
4564,1,9.73,-0.09,0.39904,-1.603,3.582,4.917,11.4,0.036,0.0,20.179,19.699,18.449,17.865,17.698,0.399
4565,1,9.73,-0.09,0.59961,-1.088,3.626,4.755,11.5,0.036,0.0,18.989,18.464,17.417,16.745,16.631,0.6
4566,1,9.73,-0.09,0.29193,-1.897,3.565,5.004,11.6,0.036,0.0,21.111,20.671,19.35,18.787,18.586,0.292
4567,1,9.73,-0.09,0.45755,-1.46,3.593,4.876,11.8,0.037,0.0,20.22,19.722,18.533,17.916,17.767,0.458
4568,1,9.73,-0.09,0.61409,-1.046,3.631,4.742,12.1,0.037,0.0,19.485,18.955,17.925,17.259,17.148,0.614
4569,1,9.73,-0.09,0.45386,-1.469,3.592,4.879,12.6,0.038,0.0,21.043,20.547,19.353,18.738,18.589,0.454
4570,1,9.73,-0.09,1.05391,0.213,3.781,4.319,12.9,0.038,0.0,17.138,16.621,16.121,15.845,15.809,1.054
4571,1,9.73,-0.09,1.07165,0.252,3.783,4.294,13.1,0.038,0.0,17.241,16.727,16.231,15.959,15.923,1.072
4572,1,9.73,-0.09,1.13098,0.371,3.782,4.196,14.1,0.038,0.0,17.943,17.428,16.931,16.659,16.623,1.131
4573,1,9.73,-0.07,0.30714,-1.857,3.566,4.993,9.2,0.025,0.0,18.614,18.163,16.849,16.286,16.089,0.307
4574,1,9.73,-0.07,0.29181,-1.9,3.563,5.003,9.3,0.026,0.0,18.821,18.379,17.053,16.491,16.289,0.292
4575,1,9.73,-0.07,0.15585,-2.529,3.506,5.132,9.7,0.028,0.0,20.793,20.517,18.9,18.369,18.125,0.156
4576,1,9.73,-0.07,0.2329,-2.091,3.552,5.049,11.2,0.035,0.0,21.198,20.795,19.416,18.86,18.634,0.233
4577,1,9.73,-0.07,0.84978,-0.369,3.719,4.56,11.4,0.036,0.0,17.092,16.501,15.807,15.38,15.321,0.85
4578,1,9.73,-0.07,0.35521,-1.733,3.574,4.964,12.2,0.037,0.0,21.302,20.837,19.549,18.981,18.8,0.355
4579,1,9.73,-0.07,0.57224,-1.165,3.618,4.78,12.5,0.038,0.0,20.183,19.665,18.585,17.917,17.797,0.572
4580,1,9.73,-0.07,0.66109,-0.919,3.644,4.701,13.0,0.038,0.0,20.068,19.525,18.545,17.896,17.797,0.661
4581,1,9.73,-0.07,0.63177,-1.002,3.635,4.727,13.1,0.038,0.0,20.374,19.841,18.826,18.164,18.057,0.632
4582,1,9.73,-0.07,0.70858,-0.784,3.66,4.659,14.1,0.038,0.0,20.831,20.269,19.351,18.743,18.653,0.709
4583,1,9.73,-0.07,0.80574,-0.496,3.701,4.591,14.3,0.038,0.0,20.309,19.716,18.957,18.479,18.412,0.806
4584,1,9.73,-0.07,0.92579,-0.152,3.746,4.487,14.8,0.038,0.0,19.95,19.379,18.774,18.417,18.369,0.926
4585,1,9.73,-0.07,1.0392,0.174,3.777,4.336,15.0,0.038,0.0,19.336,18.809,18.298,18.014,17.977,1.039
4586,1,9.73,-0.07,0.96226,-0.047,3.757,4.444,15.3,0.038,0.0,20.188,19.632,19.061,18.731,18.687,0.962
4587,1,9.73,-0.05,1.11909,0.403,3.784,4.165,11.3,0.036,0.0,15.062,14.545,14.054,13.787,13.751,1.119
4588,1,9.73,-0.05,0.5893,-1.125,3.621,4.766,11.9,0.037,0.0,19.484,18.964,17.895,17.221,17.104,0.589
4589,1,9.73,-0.05,1.20552,0.596,3.741,3.833,12.2,0.037,0.0,15.48,14.903,14.28,13.915,13.863,1.206
4590,1,9.73,-0.05,0.39611,-1.619,3.579,4.918,12.5,0.038,0.0,21.317,20.847,19.575,18.996,18.825,0.396
4591,1,9.73,-0.05,0.84822,-0.381,3.717,4.561,12.9,0.038,0.0,18.623,18.031,17.327,16.894,16.833,0.848
4592,1,9.73,-0.05,0.53022,-1.281,3.607,4.817,13.5,0.038,0.0,21.473,20.964,19.837,19.181,19.053,0.53
4593,1,9.73,-0.05,0.99175,0.035,3.764,4.403,13.9,0.038,0.0,18.583,18.035,17.486,17.173,17.132,0.992
4594,1,9.73,-0.05,1.01703,0.111,3.771,4.365,15.5,0.038,0.0,19.994,19.456,18.927,18.629,18.59,1.017
4595,1,9.73,-0.03,0.4363,-1.522,3.586,4.888,12.0,0.037,0.0,20.574,20.095,18.853,18.255,18.096,0.436
4596,1,9.73,-0.03,1.23058,0.936,3.684,3.272,12.5,0.038,0.0,14.93,14.346,13.517,12.992,12.911,1.231
4597,1,9.73,-0.03,0.60821,-1.078,3.626,4.749,12.5,0.038,0.0,19.966,19.445,18.39,17.712,17.598,0.608
4598,1,9.73,-0.03,0.47274,-1.432,3.593,4.863,12.6,0.038,0.0,20.949,20.457,19.258,18.636,18.489,0.473
4599,1,9.73,-0.03,0.77591,-0.596,3.686,4.612,14.6,0.038,0.0,20.86,20.274,19.456,18.928,18.852,0.776
4600,1,9.73,-0.01,0.14214,-2.647,3.492,5.153,8.6,0.021,0.0,19.988,19.758,18.054,17.531,17.279,0.142
4601,1,9.73,-0.01,0.27529,-1.96,3.557,5.012,11.5,0.036,0.0,21.171,20.759,19.392,18.832,18.617,0.275
4602,1,9.73,-0.01,1.25028,1.712,3.667,2.437,11.9,0.037,0.0,12.39,11.819,10.92,10.352,10.256,1.25
4603,1,9.73,-0.01,0.52897,-1.294,3.604,4.819,12.4,0.037,0.0,20.405,19.901,18.758,18.102,17.972,0.529
4604,1,9.73,-0.01,0.8926,-0.273,3.73,4.527,12.6,0.038,0.0,18.051,17.464,16.806,16.409,16.354,0.893
4605,1,9.73,-0.01,0.76009,-0.65,3.677,4.624,13.2,0.038,0.0,19.596,19.014,18.164,17.609,17.529,0.76
4606,1,9.73,-0.01,0.81748,-0.484,3.701,4.583,13.9,0.038,0.0,19.88,19.285,18.524,18.044,17.977,0.817
4607,1,9.73,0.01,1.02039,0.086,3.767,4.373,10.4,0.032,0.0,14.955,14.402,13.863,13.557,13.516,1.02
4608,1,9.73,0.01,0.36971,-1.693,3.572,4.933,12.1,0.037,0.0,21.102,20.651,19.335,18.767,18.584,0.37
4609,1,9.73,0.01,0.76832,-0.638,3.676,4.611,14.8,0.038,0.0,21.164,20.581,19.727,19.17,19.089,0.768
4610,1,9.73,0.03,0.39532,-1.63,3.575,4.912,11.8,0.037,0.0,20.644,20.188,18.878,18.307,18.131,0.395
4611,1,9.73,0.03,0.51958,-1.323,3.6,4.825,13.1,0.038,0.0,21.178,20.681,19.515,18.86,18.728,0.52
4612,1,9.73,0.03,0.57833,-1.167,3.615,4.775,13.2,0.038,0.0,20.888,20.378,19.275,18.603,18.483,0.578
4613,1,9.73,0.03,0.6608,-0.946,3.638,4.702,13.5,0.038,0.0,20.634,20.099,19.089,18.428,18.325,0.661
4614,1,9.73,0.03,0.82775,-0.471,3.7,4.573,13.8,0.038,0.0,19.747,19.15,18.387,17.907,17.839,0.828
4615,1,9.73,0.03,0.95765,-0.099,3.748,4.458,14.3,0.038,0.0,19.317,18.742,18.145,17.797,17.749,0.958
4616,1,9.73,0.03,0.90088,-0.262,3.73,4.52,14.6,0.038,0.0,20.025,19.435,18.777,18.381,18.326,0.901
4617,1,9.73,0.05,0.6356,-1.019,3.63,4.725,9.5,0.027,0.0,16.817,16.286,15.245,14.572,14.463,0.636
4618,1,9.73,0.05,0.55537,-1.231,3.608,4.793,11.3,0.036,0.0,19.149,18.646,17.51,16.844,16.719,0.555
4619,1,9.73,0.05,0.76119,-0.667,3.671,4.617,12.2,0.037,0.0,18.638,18.059,17.185,16.613,16.53,0.761
4620,1,9.73,0.05,0.8691,-0.357,3.716,4.545,13.1,0.038,0.0,18.762,18.166,17.461,17.029,16.967,0.869
4621,1,9.73,0.05,0.57221,-1.185,3.613,4.78,13.7,0.038,0.0,21.432,20.926,19.811,19.14,19.019,0.572
4622,1,9.73,0.07,0.6727,-0.92,3.64,4.691,10.3,0.032,0.0,17.369,16.828,15.825,15.169,15.067,0.673
4623,1,9.73,0.07,0.58454,-1.152,3.617,4.769,13.4,0.038,0.0,21.049,20.541,19.437,18.763,18.644,0.585
4624,1,9.73,0.07,0.93638,-0.171,3.739,4.481,14.1,0.038,0.0,19.297,18.711,18.083,17.712,17.66,0.936
4625,1,9.73,0.09,0.49341,-1.396,3.592,4.843,11.5,0.036,0.0,19.76,19.284,18.056,17.425,17.281,0.493
4626,1,9.73,0.09,0.43441,-1.542,3.581,4.886,12.4,0.037,0.0,21.026,20.57,19.274,18.684,18.518,0.434
4627,1,9.73,0.09,0.67477,-0.917,3.64,4.689,13.7,0.038,0.0,20.763,20.227,19.22,18.562,18.46,0.675
4628,1,9.73,0.11,0.54535,-1.265,3.604,4.8,11.5,0.036,0.0,19.432,18.941,17.773,17.107,16.979,0.545
4629,1,9.73,0.11,0.50197,-1.376,3.594,4.835,11.6,0.036,0.0,19.81,19.335,18.11,17.473,17.331,0.502
4630,1,9.73,0.11,0.30088,-1.891,3.556,4.977,11.8,0.037,0.0,21.298,20.893,19.514,18.953,18.737,0.301
4631,1,9.73,0.11,0.9127,-0.25,3.728,4.505,12.7,0.038,0.0,18.096,17.499,16.834,16.438,16.381,0.913
4632,1,9.73,0.11,1.08893,0.24,3.771,4.264,12.9,0.038,0.0,17.07,16.518,15.992,15.701,15.661,1.089
4633,1,9.73,0.11,0.75064,-0.711,3.664,4.626,13.2,0.038,0.0,19.746,19.175,18.271,17.679,17.591,0.751
4634,1,9.73,0.13,1.16028,0.465,3.773,4.074,14.3,0.038,0.0,17.908,17.358,16.838,16.555,16.514,1.16
4635,1,9.73,0.17,0.28382,-1.955,3.55,4.99,11.3,0.036,0.0,20.956,20.566,19.165,18.609,18.38,0.284
4636,1,9.73,0.17,0.55041,-1.258,3.603,4.794,13.5,0.038,0.0,21.416,20.935,19.749,19.079,18.951,0.55
4637,1,9.73,0.19,0.46208,-1.485,3.583,4.863,12.4,0.037,0.0,20.881,20.436,19.127,18.524,18.364,0.462
4638,1,9.73,0.23,1.18316,0.504,3.764,4.008,15.8,0.038,0.0,19.31,18.739,18.194,17.896,17.851,1.183
4639,1,9.73,0.25,0.53244,-1.307,3.598,4.807,11.0,0.035,0.0,19.037,18.572,17.341,16.678,16.545,0.532
4640,1,9.75,-0.71,0.36468,-1.568,3.62,4.992,12.4,0.037,0.0,21.09,20.538,19.514,18.912,18.771,0.365
4641,1,9.75,-0.71,1.01075,0.478,3.816,4.175,13.1,0.038,0.0,16.674,16.28,15.863,15.646,15.62,1.011
4642,1,9.75,-0.67,0.31225,-1.681,3.611,5.005,11.9,0.037,0.0,20.872,20.321,19.271,18.677,18.53,0.312
4643,1,9.75,-0.67,0.47632,-1.282,3.634,4.881,13.5,0.038,0.0,21.476,20.927,19.94,19.321,19.199,0.476
4644,1,9.75,-0.65,0.27027,-1.818,3.602,5.041,10.6,0.033,0.0,19.916,19.365,18.286,17.703,17.547,0.27
4645,1,9.75,-0.65,0.68613,-0.637,3.702,4.667,12.3,0.037,0.0,18.663,18.089,17.334,16.859,16.788,0.686
4646,1,9.75,-0.65,0.91937,0.106,3.794,4.418,13.8,0.038,0.0,18.305,17.857,17.38,17.116,17.085,0.919
4647,1,9.75,-0.61,0.27459,-1.818,3.599,5.037,11.0,0.035,0.0,20.315,19.768,18.676,18.094,17.937,0.275
4648,1,9.75,-0.61,0.23916,-1.942,3.591,5.071,11.7,0.037,0.0,21.325,20.792,19.666,19.092,18.925,0.239
4649,1,9.75,-0.61,0.54324,-1.106,3.644,4.803,13.4,0.038,0.0,20.935,20.386,19.426,18.803,18.695,0.543
4650,1,9.75,-0.59,1.07637,0.595,3.817,4.091,12.6,0.038,0.0,15.883,15.483,15.072,14.861,14.834,1.076
4651,1,9.75,-0.59,0.76205,-0.419,3.73,4.606,12.8,0.038,0.0,18.616,18.056,17.395,16.993,16.936,0.762
4652,1,9.75,-0.59,0.52194,-1.174,3.638,4.828,13.0,0.038,0.0,20.704,20.158,19.178,18.551,18.437,0.522
4653,1,9.75,-0.57,0.22025,-2.031,3.583,5.091,10.5,0.033,0.0,20.347,19.826,18.662,18.097,17.92,0.22
4654,1,9.75,-0.57,0.2106,-2.07,3.581,5.101,10.6,0.033,0.0,20.545,20.028,18.853,18.291,18.11,0.211
4655,1,9.75,-0.57,0.23883,-1.956,3.588,5.07,11.7,0.037,0.0,21.36,20.833,19.689,19.118,18.946,0.239
4656,1,9.75,-0.57,0.3521,-1.615,3.608,4.978,12.5,0.038,0.0,21.307,20.761,19.695,19.097,18.95,0.352
4657,1,9.75,-0.57,0.77053,-0.4,3.732,4.6,13.0,0.038,0.0,18.771,18.212,17.557,17.159,17.103,0.771
4658,1,9.75,-0.57,0.62554,-0.863,3.669,4.718,13.8,0.038,0.0,20.728,20.166,19.287,18.711,18.622,0.626
4659,1,9.75,-0.55,0.27803,-1.828,3.594,5.033,11.7,0.037,0.0,21.039,20.502,19.386,18.807,18.645,0.278
4660,1,9.75,-0.55,0.37492,-1.566,3.609,4.961,11.8,0.037,0.0,20.486,19.94,18.877,18.274,18.129,0.375
4661,1,9.75,-0.55,0.39437,-1.519,3.611,4.944,11.9,0.037,0.0,20.467,19.922,18.864,18.257,18.114,0.394
4662,1,9.75,-0.55,0.36593,-1.589,3.608,4.968,12.3,0.037,0.0,21.041,20.496,19.429,18.829,18.683,0.366
4663,1,9.75,-0.55,1.10383,0.688,3.804,3.956,14.9,0.038,0.0,17.951,17.517,17.072,16.835,16.805,1.104
4664,1,9.75,-0.53,0.63775,-0.837,3.671,4.709,13.4,0.038,0.0,20.263,19.698,18.827,18.254,18.168,0.638
4665,1,9.75,-0.51,0.93583,0.066,3.787,4.437,11.6,0.036,0.0,16.205,15.731,15.238,14.962,14.929,0.936
4666,1,9.75,-0.51,0.30523,-1.759,3.596,5.011,12.2,0.037,0.0,21.367,20.829,19.717,19.136,18.976,0.305
4667,1,9.75,-0.51,0.54521,-1.126,3.638,4.8,13.4,0.038,0.0,20.985,20.44,19.458,18.824,18.712,0.545
4668,1,9.75,-0.49,0.73873,-0.531,3.711,4.628,11.9,0.037,0.0,17.998,17.422,16.697,16.243,16.179,0.739
4669,1,9.75,-0.49,0.42515,-1.458,3.611,4.916,12.1,0.037,0.0,20.516,19.975,18.912,18.297,18.158,0.425
4670,1,9.75,-0.49,0.84467,-0.207,3.756,4.542,14.2,0.038,0.0,19.487,18.954,18.374,18.032,17.988,0.845
4671,1,9.75,-0.49,0.71073,-0.621,3.698,4.648,14.5,0.038,0.0,20.822,20.244,19.473,18.982,18.911,0.711
4672,1,9.75,-0.47,0.29711,-1.796,3.591,5.016,10.4,0.032,0.0,19.66,19.13,17.992,17.415,17.25,0.297
4673,1,9.75,-0.47,0.3469,-1.667,3.599,4.985,10.9,0.034,0.0,19.838,19.296,18.193,17.604,17.45,0.347
4674,1,9.75,-0.47,0.61357,-0.934,3.656,4.731,12.3,0.037,0.0,19.406,18.852,17.927,17.314,17.218,0.614
4675,1,9.75,-0.47,0.67577,-0.737,3.681,4.676,12.6,0.038,0.0,19.212,18.64,17.807,17.265,17.185,0.676
4676,1,9.75,-0.47,0.37913,-1.581,3.603,4.956,12.8,0.038,0.0,21.524,20.983,19.893,19.293,19.145,0.379
4677,1,9.75,-0.47,0.53961,-1.152,3.634,4.806,13.7,0.038,0.0,21.351,20.809,19.813,19.173,19.058,0.54
4678,1,9.75,-0.47,0.90425,-0.04,3.775,4.479,13.9,0.038,0.0,18.769,18.267,17.74,17.44,17.404,0.904
4679,1,9.75,-0.47,0.7344,-0.552,3.707,4.632,14.3,0.038,0.0,20.451,19.874,19.136,18.671,18.605,0.734
4680,1,9.75,-0.45,0.23404,-2.012,3.576,5.07,10.8,0.034,0.0,20.599,20.095,18.887,18.329,18.143,0.234
4681,1,9.75,-0.45,0.45835,-1.384,3.614,4.886,12.3,0.037,0.0,20.531,19.993,18.934,18.309,18.174,0.458
4682,1,9.75,-0.45,0.54466,-1.143,3.634,4.8,12.9,0.038,0.0,20.527,19.986,18.988,18.347,18.233,0.545
4683,1,9.75,-0.43,0.30171,-1.798,3.588,5.013,10.8,0.034,0.0,20.064,19.542,18.386,17.81,17.641,0.302
4684,1,9.75,-0.43,0.37999,-1.592,3.6,4.954,11.1,0.035,0.0,19.85,19.311,18.206,17.608,17.458,0.38
4685,1,9.75,-0.43,0.64846,-0.837,3.667,4.701,11.5,0.036,0.0,18.364,17.8,16.914,16.329,16.241,0.648
4686,1,9.75,-0.43,0.53883,-1.165,3.632,4.806,12.8,0.038,0.0,20.482,19.943,18.935,18.291,18.174,0.539
4687,1,9.75,-0.43,0.67951,-0.74,3.679,4.673,14.2,0.038,0.0,20.82,20.248,19.407,18.858,18.777,0.68
4688,1,9.75,-0.41,0.49552,-1.294,3.619,4.85,12.4,0.037,0.0,20.406,19.87,18.823,18.184,18.055,0.496
4689,1,9.75,-0.41,0.68675,-0.725,3.68,4.667,12.6,0.038,0.0,19.184,18.611,17.773,17.227,17.147,0.687
4690,1,9.75,-0.41,0.60376,-0.986,3.648,4.742,12.6,0.038,0.0,19.834,19.287,18.33,17.697,17.596,0.604
4691,1,9.75,-0.41,1.15145,1.746,3.692,2.469,13.4,0.038,0.0,13.806,13.227,12.431,11.929,11.856,1.151
4692,1,9.75,-0.41,0.57502,-1.068,3.64,4.77,13.8,0.038,0.0,21.24,20.697,19.714,19.074,18.965,0.575
4693,1,9.75,-0.39,0.59424,-1.02,3.643,4.752,10.0,0.03,0.0,17.321,16.771,15.802,15.165,15.061,0.594
4694,1,9.75,-0.39,0.62517,-0.924,3.655,4.722,11.4,0.036,0.0,18.479,17.925,16.993,16.374,16.279,0.625
4695,1,9.75,-0.39,0.46133,-1.391,3.61,4.88,11.6,0.036,0.0,19.847,19.313,18.236,17.611,17.474,0.461
4696,1,9.75,-0.39,0.83853,-0.253,3.748,4.551,12.1,0.037,0.0,17.502,16.95,16.346,15.988,15.94,0.839
4697,1,9.75,-0.39,0.32586,-1.751,3.588,5.001,12.2,0.037,0.0,21.349,20.831,19.669,19.091,18.923,0.326
4698,1,9.75,-0.39,0.589,-1.035,3.642,4.757,12.2,0.037,0.0,19.557,19.013,18.037,17.398,17.292,0.589
4699,1,9.75,-0.39,0.76955,-0.468,3.718,4.61,12.6,0.038,0.0,18.54,17.963,17.261,16.827,16.766,0.77
4700,1,9.75,-0.39,0.41016,-1.521,3.601,4.921,12.7,0.038,0.0,21.273,20.74,19.633,19.025,18.879,0.41
4701,1,9.75,-0.39,0.52448,-1.217,3.625,4.821,12.9,0.038,0.0,20.711,20.176,19.146,18.495,18.373,0.524
4702,1,9.75,-0.39,1.05957,0.488,3.803,4.132,13.9,0.038,0.0,17.451,17.002,16.556,16.318,16.289,1.06
4703,1,9.75,-0.39,0.71525,-0.643,3.691,4.646,14.6,0.038,0.0,20.979,20.401,19.603,19.091,19.017,0.715
4704,1,9.75,-0.37,0.32806,-1.752,3.587,5.0,9.8,0.029,0.0,18.95,18.431,17.263,16.686,16.518,0.328
4705,1,9.75,-0.37,0.99293,0.25,3.798,4.322,11.0,0.035,0.0,15.145,14.682,14.223,13.974,13.944,0.993
4706,1,9.75,-0.37,0.86313,-0.185,3.755,4.526,12.1,0.037,0.0,17.331,16.79,16.209,15.868,15.824,0.863
4707,1,9.75,-0.37,0.43771,-1.456,3.604,4.898,12.3,0.037,0.0,20.711,20.179,19.08,18.463,18.321,0.438
4708,1,9.75,-0.37,1.12491,0.662,3.766,3.838,12.9,0.038,0.0,16.016,15.493,14.944,14.63,14.589,1.125
4709,1,9.75,-0.37,0.89176,-0.098,3.765,4.493,13.0,0.038,0.0,18.015,17.49,16.938,16.619,16.579,0.892
4710,1,9.75,-0.37,0.99916,0.264,3.799,4.313,13.8,0.038,0.0,17.909,17.449,16.992,16.745,16.715,0.999
4711,1,9.75,-0.35,0.20649,-2.144,3.562,5.091,11.1,0.035,0.0,21.23,20.777,19.486,18.927,18.718,0.206
4712,1,9.75,-0.35,0.42152,-1.5,3.6,4.91,11.2,0.035,0.0,19.72,19.189,18.076,17.464,17.319,0.422
4713,1,9.75,-0.35,0.97434,0.155,3.79,4.376,12.1,0.037,0.0,16.483,16.003,15.521,15.255,15.223,0.974
4714,1,9.75,-0.35,0.38527,-1.597,3.594,4.943,12.3,0.037,0.0,21.062,20.54,19.397,18.801,18.646,0.385
4715,1,9.75,-0.35,0.57193,-1.093,3.635,4.774,13.0,0.038,0.0,20.502,19.963,18.962,18.315,18.203,0.572
4716,1,9.75,-0.33,0.26782,-1.927,3.574,5.036,9.9,0.03,0.0,19.487,18.995,17.759,17.199,17.013,0.268
4717,1,9.75,-0.33,0.20717,-2.145,3.561,5.089,11.1,0.035,0.0,21.231,20.784,19.485,18.926,18.716,0.207
4718,1,9.75,-0.33,0.43693,-1.466,3.602,4.898,12.2,0.037,0.0,20.634,20.106,18.995,18.377,18.235,0.437
4719,1,9.75,-0.33,0.42129,-1.504,3.599,4.909,12.5,0.038,0.0,21.031,20.504,19.382,18.77,18.624,0.421
4720,1,9.75,-0.33,0.45706,-1.415,3.606,4.882,12.6,0.038,0.0,20.907,20.378,19.279,18.655,18.516,0.457
4721,1,9.75,-0.33,0.40217,-1.552,3.596,4.923,12.6,0.038,0.0,21.249,20.727,19.588,18.986,18.833,0.402
4722,1,9.75,-0.33,0.49346,-1.318,3.614,4.85,12.9,0.038,0.0,20.965,20.434,19.362,18.724,18.593,0.493
4723,1,9.75,-0.33,0.71584,-0.664,3.686,4.647,13.0,0.038,0.0,19.43,18.853,18.037,17.508,17.432,0.716
4724,1,9.75,-0.33,0.58391,-1.065,3.637,4.763,13.1,0.038,0.0,20.533,19.993,18.997,18.35,18.241,0.584
4725,1,9.75,-0.33,0.89243,-0.126,3.76,4.502,13.6,0.038,0.0,18.686,18.15,17.584,17.255,17.213,0.892
4726,1,9.75,-0.33,0.53614,-1.197,3.625,4.809,13.6,0.038,0.0,21.364,20.831,19.795,19.14,19.018,0.536
4727,1,9.75,-0.33,0.71811,-0.657,3.687,4.645,14.1,0.038,0.0,20.512,19.934,19.122,18.597,18.521,0.718
4728,1,9.75,-0.33,0.89741,-0.112,3.762,4.497,14.4,0.038,0.0,19.451,18.917,18.356,18.03,17.989,0.897
4729,1,9.75,-0.31,0.24464,-2.005,3.569,5.051,10.6,0.033,0.0,20.382,19.911,18.644,18.084,17.888,0.245
4730,1,9.75,-0.31,0.35741,-1.685,3.588,4.974,11.1,0.035,0.0,20.083,19.572,18.396,17.812,17.647,0.357
4731,1,9.75,-0.31,0.3253,-1.769,3.583,4.998,11.3,0.036,0.0,20.493,19.99,18.791,18.217,18.044,0.325
4732,1,9.75,-0.31,0.59197,-1.048,3.638,4.756,11.4,0.036,0.0,18.791,18.25,17.256,16.61,16.501,0.592
4733,1,9.75,-0.31,1.02884,0.281,3.797,4.302,12.5,0.038,0.0,16.567,16.099,15.637,15.388,15.357,1.029
4734,1,9.75,-0.31,0.578,-1.086,3.634,4.769,12.7,0.038,0.0,20.186,19.649,18.643,17.992,17.881,0.578
4735,1,9.75,-0.31,0.5668,-1.117,3.631,4.78,12.8,0.038,0.0,20.363,19.827,18.811,18.159,18.044,0.567
4736,1,9.75,-0.31,0.50391,-1.294,3.615,4.841,13.1,0.038,0.0,21.104,20.575,19.505,18.863,18.734,0.504
4737,1,9.75,-0.31,0.61591,-0.978,3.646,4.734,13.4,0.038,0.0,20.615,20.069,19.102,18.464,18.362,0.616
4738,1,9.75,-0.31,0.5394,-1.193,3.624,4.806,13.5,0.038,0.0,21.253,20.721,19.682,19.026,18.904,0.539
4739,1,9.75,-0.31,0.70112,-0.719,3.677,4.657,13.6,0.038,0.0,20.168,19.594,18.744,18.188,18.106,0.701
4740,1,9.75,-0.31,1.10333,0.455,3.788,4.122,13.7,0.038,0.0,17.331,16.844,16.357,16.09,16.056,1.103
4741,1,9.75,-0.31,0.61245,-0.989,3.644,4.737,14.2,0.038,0.0,21.441,20.897,19.925,19.286,19.183,0.612
4742,1,9.75,-0.31,0.91235,-0.083,3.764,4.484,14.7,0.038,0.0,19.677,19.146,18.592,18.272,18.232,0.912
4743,1,9.75,-0.29,0.68628,-0.771,3.67,4.671,11.8,0.037,0.0,18.498,17.93,17.053,16.475,16.39,0.686
4744,1,9.75,-0.29,0.30984,-1.812,3.579,5.005,11.9,0.037,0.0,21.2,20.705,19.485,18.916,18.738,0.31
4745,1,9.75,-0.29,0.98121,0.1,3.782,4.403,12.1,0.037,0.0,16.621,16.12,15.617,15.337,15.302,0.981
4746,1,9.75,-0.29,0.75243,-0.564,3.7,4.623,12.7,0.038,0.0,18.881,18.296,17.531,17.046,16.977,0.752
4747,1,9.75,-0.29,0.65183,-0.875,3.657,4.703,13.1,0.038,0.0,20.058,19.502,18.578,17.964,17.871,0.652
4748,1,9.75,-0.29,0.47729,-1.369,3.608,4.864,13.2,0.038,0.0,21.392,20.866,19.77,19.138,19.003,0.477
4749,1,9.75,-0.29,0.53547,-1.209,3.622,4.81,13.6,0.038,0.0,21.392,20.862,19.814,19.16,19.037,0.535
4750,1,9.75,-0.29,0.68093,-0.788,3.668,4.676,13.7,0.038,0.0,20.439,19.873,18.988,18.405,18.318,0.681
4751,1,9.75,-0.29,0.57475,-1.101,3.632,4.773,14.0,0.038,0.0,21.521,20.986,19.972,19.319,19.205,0.575
4752,1,9.75,-0.29,0.72902,-0.637,3.689,4.639,14.2,0.038,0.0,20.563,19.983,19.177,18.658,18.583,0.729
4753,1,9.75,-0.27,1.0753,0.362,3.795,4.236,9.5,0.027,0.0,13.366,12.885,12.425,12.176,12.145,1.075
4754,1,9.75,-0.27,0.91783,-0.09,3.762,4.483,11.2,0.035,0.0,16.195,15.656,15.095,14.771,14.729,0.918
4755,1,9.75,-0.27,0.42336,-1.51,3.596,4.906,11.6,0.036,0.0,20.146,19.627,18.483,17.873,17.724,0.423
4756,1,9.75,-0.27,0.39388,-1.585,3.591,4.929,11.7,0.037,0.0,20.434,19.923,18.753,18.157,17.999,0.394
4757,1,9.75,-0.27,0.77562,-0.501,3.708,4.608,12.0,0.037,0.0,18.023,17.438,16.704,16.244,16.179,0.776
4758,1,9.75,-0.27,0.81755,-0.373,3.727,4.579,12.2,0.037,0.0,17.902,17.324,16.655,16.248,16.192,0.818
4759,1,9.75,-0.27,0.44891,-1.447,3.601,4.887,12.8,0.038,0.0,21.189,20.665,19.543,18.921,18.779,0.449
4760,1,9.75,-0.27,0.91659,-0.093,3.761,4.484,12.9,0.038,0.0,17.903,17.365,16.803,16.477,16.435,0.917
4761,1,9.75,-0.27,0.65697,-0.866,3.658,4.699,13.0,0.038,0.0,19.936,19.379,18.455,17.843,17.75,0.657
4762,1,9.75,-0.27,0.99521,0.124,3.783,4.391,15.4,0.038,0.0,19.861,19.362,18.863,18.586,18.551,0.995
4763,1,9.75,-0.25,0.14301,-2.611,3.503,5.165,9.9,0.03,0.0,21.198,20.926,19.314,18.767,18.524,0.143
4764,1,9.75,-0.25,0.50392,-1.307,3.612,4.84,10.8,0.034,0.0,18.837,18.31,17.224,16.582,16.451,0.504
4765,1,9.75,-0.25,0.39395,-1.589,3.59,4.928,11.0,0.035,0.0,19.742,19.234,18.055,17.461,17.302,0.394
4766,1,9.75,-0.25,0.58363,-1.087,3.632,4.765,13.9,0.038,0.0,21.387,20.853,19.836,19.18,19.067,0.584
4767,1,9.75,-0.25,0.70968,-0.714,3.676,4.653,14.0,0.038,0.0,20.555,19.98,19.126,18.566,18.485,0.71
4768,1,9.75,-0.25,0.77377,-0.515,3.705,4.61,14.6,0.038,0.0,20.658,20.072,19.328,18.86,18.793,0.774
4769,1,9.75,-0.25,0.78729,-0.474,3.712,4.6,15.0,0.038,0.0,20.955,20.37,19.647,19.197,19.133,0.787
4770,1,9.75,-0.23,0.39345,-1.594,3.589,4.928,10.9,0.034,0.0,19.655,19.15,17.962,17.369,17.209,0.393
4771,1,9.75,-0.23,0.48394,-1.364,3.606,4.858,11.0,0.035,0.0,19.18,18.656,17.548,16.913,16.778,0.484
4772,1,9.75,-0.23,0.4666,-1.409,3.603,4.872,12.2,0.037,0.0,20.493,19.972,18.85,18.22,18.082,0.467
4773,1,9.75,-0.23,0.52469,-1.253,3.616,4.821,12.3,0.037,0.0,20.203,19.678,18.603,17.953,17.826,0.525
4774,1,9.75,-0.23,0.61365,-1.007,3.64,4.738,12.4,0.037,0.0,19.689,19.148,18.158,17.509,17.404,0.614
4775,1,9.75,-0.23,0.73306,-0.648,3.685,4.637,12.4,0.037,0.0,18.79,18.209,17.39,16.86,16.783,0.733
4776,1,9.75,-0.23,0.78456,-0.491,3.708,4.603,12.5,0.038,0.0,18.497,17.911,17.176,16.717,16.652,0.785
4777,1,9.75,-0.23,0.42255,-1.519,3.594,4.904,12.9,0.038,0.0,21.466,20.956,19.793,19.186,19.034,0.423
4778,1,9.75,-0.23,0.69102,-0.778,3.667,4.668,13.1,0.038,0.0,19.816,19.249,18.359,17.772,17.685,0.691
4779,1,9.75,-0.23,0.68626,-0.792,3.665,4.673,13.5,0.038,0.0,20.251,19.686,18.79,18.198,18.11,0.686
4780,1,9.75,-0.23,1.14995,0.61,3.793,4.007,14.6,0.038,0.0,17.845,17.362,16.893,16.642,16.608,1.15
4781,1,9.75,-0.21,0.28234,-1.904,3.57,5.018,11.3,0.036,0.0,20.83,20.364,19.087,18.524,18.331,0.282
4782,1,9.75,-0.21,0.89208,-0.187,3.748,4.513,12.0,0.037,0.0,17.238,16.676,16.075,15.72,15.672,0.892
4783,1,9.75,-0.21,0.4109,-1.551,3.591,4.912,12.6,0.038,0.0,21.247,20.744,19.561,18.961,18.804,0.411
4784,1,9.75,-0.21,0.71573,-0.71,3.675,4.65,12.7,0.038,0.0,19.244,18.668,17.812,17.251,17.169,0.716
4785,1,9.75,-0.21,0.85831,-0.281,3.737,4.546,12.8,0.038,0.0,18.273,17.701,17.064,16.681,16.629,0.858
4786,1,9.75,-0.21,0.64283,-0.927,3.648,4.713,13.2,0.038,0.0,20.288,19.74,18.78,18.142,18.044,0.643
4787,1,9.75,-0.21,0.62305,-0.985,3.642,4.731,13.4,0.038,0.0,20.634,20.092,19.107,18.46,18.357,0.623
4788,1,9.75,-0.21,0.78354,-0.502,3.706,4.604,15.1,0.038,0.0,21.125,20.538,19.795,19.328,19.262,0.784
4789,1,9.75,-0.19,0.70268,-0.758,3.668,4.659,7.5,0.015,0.0,14.164,13.581,12.702,12.12,12.036,0.703
4790,1,9.75,-0.19,0.26488,-1.96,3.565,5.029,11.7,0.037,0.0,21.37,20.919,19.619,19.057,18.856,0.265
4791,1,9.75,-0.19,0.37814,-1.645,3.584,4.945,12.1,0.037,0.0,20.983,20.49,19.274,18.689,18.522,0.378
4792,1,9.75,-0.19,0.73144,-0.668,3.681,4.639,12.6,0.038,0.0,19.04,18.461,17.625,17.081,17.003,0.731
4793,1,9.75,-0.19,1.00024,0.096,3.777,4.396,13.4,0.038,0.0,17.931,17.412,16.898,16.61,16.573,1.0
4794,1,9.75,-0.19,0.71352,-0.724,3.673,4.652,13.8,0.038,0.0,20.38,19.806,18.939,18.369,18.286,0.714
4795,1,9.75,-0.19,0.83665,-0.352,3.727,4.566,15.6,0.038,0.0,21.25,20.668,19.998,19.59,19.534,0.837
4796,1,9.75,-0.17,0.2403,-2.045,3.559,5.047,11.0,0.035,0.0,20.883,20.451,19.121,18.561,18.349,0.24
4797,1,9.75,-0.17,0.37279,-1.664,3.582,4.95,11.5,0.036,0.0,20.431,19.942,18.713,18.132,17.962,0.373
4798,1,9.75,-0.17,0.29497,-1.873,3.57,5.006,11.9,0.037,0.0,21.352,20.89,19.606,19.041,18.849,0.295
4799,1,9.75,-0.17,0.43484,-1.499,3.593,4.894,12.5,0.038,0.0,21.017,20.514,19.336,18.726,18.575,0.435
4800,1,9.75,-0.17,0.75528,-0.603,3.69,4.623,14.3,0.038,0.0,20.576,19.992,19.19,18.674,18.6,0.755
4801,1,9.75,-0.15,0.3029,-1.854,3.57,4.999,8.6,0.021,0.0,18.004,17.533,16.252,15.689,15.499,0.303
4802,1,9.75,-0.15,0.27804,-1.927,3.566,5.018,11.6,0.036,0.0,21.188,20.74,19.434,18.871,18.671,0.278
4803,1,9.75,-0.15,0.49147,-1.361,3.603,4.851,12.0,0.037,0.0,20.173,19.658,18.529,17.889,17.755,0.491
4804,1,9.75,-0.15,0.96939,0.002,3.766,4.432,12.5,0.038,0.0,17.264,16.725,16.179,15.867,15.827,0.969
4805,1,9.75,-0.15,0.93994,-0.078,3.758,4.466,12.7,0.038,0.0,17.665,17.114,16.542,16.211,16.167,0.94
4806,1,9.75,-0.15,0.73034,-0.686,3.677,4.641,13.1,0.038,0.0,19.586,19.008,18.157,17.6,17.519,0.73
4807,1,9.75,-0.15,0.90652,-0.171,3.747,4.501,13.5,0.038,0.0,18.696,18.131,17.528,17.173,17.125,0.907
4808,1,9.75,-0.15,1.15756,0.576,3.791,4.034,14.1,0.038,0.0,17.429,16.934,16.46,16.206,16.171,1.158
4809,1,9.75,-0.13,0.64678,-0.94,3.644,4.712,11.7,0.037,0.0,18.82,18.276,17.298,16.652,16.551,0.647
4810,1,9.75,-0.13,0.9742,0.01,3.766,4.426,12.6,0.038,0.0,17.345,16.804,16.258,15.946,15.906,0.974
4811,1,9.75,-0.13,0.46437,-1.434,3.597,4.872,12.7,0.038,0.0,21.056,20.55,19.387,18.761,18.618,0.464
4812,1,9.75,-0.13,0.79592,-0.497,3.703,4.596,13.0,0.038,0.0,19.013,18.422,17.671,17.198,17.131,0.796
4813,1,9.75,-0.13,0.90874,-0.172,3.746,4.5,13.4,0.038,0.0,18.599,18.032,17.426,17.069,17.021,0.909
4814,1,9.75,-0.13,0.74679,-0.643,3.682,4.63,13.6,0.038,0.0,19.978,19.396,18.566,18.027,17.95,0.747
4815,1,9.75,-0.11,0.28222,-1.922,3.564,5.012,11.2,0.035,0.0,20.774,20.333,19.014,18.451,18.248,0.282
4816,1,9.75,-0.11,0.27485,-1.944,3.563,5.017,11.3,0.036,0.0,20.93,20.493,19.167,18.605,18.4,0.275
4817,1,9.75,-0.11,0.63825,-0.971,3.64,4.72,12.1,0.037,0.0,19.297,18.757,17.763,17.109,17.006,0.638
4818,1,9.75,-0.11,0.79494,-0.508,3.701,4.597,12.3,0.037,0.0,18.34,17.748,16.988,16.509,16.441,0.795
4819,1,9.75,-0.11,0.65624,-0.919,3.646,4.704,13.4,0.038,0.0,20.468,19.923,18.95,18.305,18.206,0.656
4820,1,9.75,-0.11,0.88688,-0.241,3.738,4.524,13.9,0.038,0.0,19.273,18.697,18.063,17.684,17.632,0.887
4821,1,9.75,-0.11,0.68276,-0.843,3.654,4.679,14.2,0.038,0.0,21.079,20.524,19.584,18.959,18.865,0.683
4822,1,9.75,-0.11,0.94815,-0.068,3.757,4.456,14.5,0.038,0.0,19.44,18.885,18.312,17.98,17.936,0.948
4823,1,9.75,-0.09,0.49986,-1.353,3.602,4.843,11.6,0.036,0.0,19.751,19.241,18.1,17.456,17.322,0.5
4824,1,9.75,-0.09,0.46722,-1.435,3.595,4.868,12.9,0.038,0.0,21.256,20.756,19.578,18.954,18.809,0.467
4825,1,9.75,-0.09,0.67732,-0.866,3.651,4.685,13.3,0.038,0.0,20.234,19.683,18.729,18.094,17.999,0.677
4826,1,9.75,-0.09,0.53172,-1.267,3.61,4.815,13.3,0.038,0.0,21.237,20.724,19.612,18.956,18.829,0.532
4827,1,9.75,-0.09,0.56713,-1.172,3.618,4.783,13.5,0.038,0.0,21.201,20.683,19.604,18.937,18.817,0.567
4828,1,9.75,-0.09,1.00425,0.087,3.771,4.383,14.5,0.038,0.0,19.054,18.518,17.988,17.689,17.65,1.004
4829,1,9.75,-0.07,0.35531,-1.732,3.574,4.963,11.7,0.037,0.0,20.799,20.334,19.046,18.479,18.298,0.355
4830,1,9.75,-0.07,0.3107,-1.848,3.567,4.991,11.8,0.037,0.0,21.189,20.744,19.429,18.864,18.668,0.311
4831,1,9.75,-0.07,0.48667,-1.389,3.598,4.853,12.0,0.037,0.0,20.244,19.74,18.577,17.94,17.802,0.487
4832,1,9.75,-0.07,0.91345,-0.18,3.743,4.497,12.7,0.038,0.0,17.921,17.347,16.731,16.366,16.316,0.913
4833,1,9.75,-0.07,1.15178,0.52,3.787,4.073,12.8,0.038,0.0,16.27,15.762,15.279,15.018,14.983,1.152
4834,1,9.75,-0.07,0.75294,-0.647,3.68,4.626,13.8,0.038,0.0,20.187,19.605,18.765,18.218,18.139,0.753
4835,1,9.75,-0.07,0.80987,-0.479,3.704,4.586,14.0,0.038,0.0,19.969,19.376,18.625,18.154,18.087,0.81
4836,1,9.75,-0.07,0.85244,-0.356,3.721,4.555,14.8,0.038,0.0,20.461,19.871,19.182,18.76,18.701,0.852
4837,1,9.75,-0.07,0.75266,-0.648,3.68,4.627,15.1,0.038,0.0,21.489,20.907,20.066,19.519,19.44,0.753
4838,1,9.75,-0.05,0.50985,-1.335,3.602,4.834,12.4,0.037,0.0,20.507,20.0,18.854,18.205,18.073,0.51
4839,1,9.75,-0.05,0.66985,-0.9,3.646,4.692,12.7,0.038,0.0,19.72,19.175,18.199,17.552,17.454,0.67
4840,1,9.75,-0.05,0.77916,-0.577,3.689,4.608,12.7,0.038,0.0,18.912,18.324,17.519,17.001,16.927,0.779
4841,1,9.75,-0.05,0.77482,-0.589,3.687,4.611,13.6,0.038,0.0,19.843,19.256,18.444,17.922,17.847,0.775
4842,1,9.75,-0.05,0.57695,-1.157,3.618,4.776,13.8,0.038,0.0,21.462,20.945,19.864,19.193,19.074,0.577
4843,1,9.75,-0.03,0.35582,-1.737,3.572,4.961,11.0,0.035,0.0,20.112,19.655,18.352,17.785,17.6,0.356
4844,1,9.75,-0.03,0.90032,-0.235,3.735,4.515,12.3,0.037,0.0,17.659,17.076,16.435,16.051,15.998,0.9
4845,1,9.75,-0.03,0.39207,-1.633,3.578,4.922,12.6,0.038,0.0,21.453,20.987,19.703,19.128,18.954,0.392
4846,1,9.75,-0.03,0.75829,-0.645,3.679,4.623,13.0,0.038,0.0,19.383,18.8,17.956,17.405,17.326,0.758
4847,1,9.75,-0.03,0.89856,-0.241,3.735,4.517,13.5,0.038,0.0,18.872,18.289,17.646,17.26,17.207,0.899
4848,1,9.75,-0.01,0.40099,-1.612,3.578,4.911,11.5,0.036,0.0,20.299,19.834,18.546,17.97,17.798,0.401
4849,1,9.75,-0.01,0.38636,-1.653,3.576,4.927,12.5,0.038,0.0,21.403,20.942,19.644,19.073,18.897,0.386
4850,1,9.75,-0.01,0.82292,-0.464,3.703,4.577,12.6,0.038,0.0,18.531,17.936,17.184,16.713,16.646,0.823
4851,1,9.75,-0.01,0.87871,-0.306,3.725,4.535,12.6,0.038,0.0,18.134,17.543,16.869,16.461,16.403,0.879
4852,1,9.75,-0.01,0.70679,-0.809,3.655,4.66,12.9,0.038,0.0,19.691,19.136,18.194,17.568,17.476,0.707
4853,1,9.75,-0.01,0.77236,-0.611,3.683,4.613,13.3,0.038,0.0,19.597,19.012,18.182,17.645,17.568,0.772
4854,1,9.75,0.01,0.13664,-2.698,3.487,5.165,8.7,0.022,0.0,20.214,20.004,18.266,17.744,17.489,0.137
4855,1,9.75,0.01,0.87821,-0.315,3.723,4.536,10.6,0.033,0.0,16.157,15.561,14.882,14.47,14.412,0.878
4856,1,9.75,0.01,0.42011,-1.566,3.581,4.896,11.6,0.036,0.0,20.285,19.818,18.541,17.955,17.788,0.42
4857,1,9.75,0.01,0.30111,-1.871,3.561,4.977,11.8,0.037,0.0,21.248,20.827,19.472,18.91,18.702,0.301
4858,1,9.75,0.01,0.9146,-0.21,3.737,4.502,12.1,0.037,0.0,17.395,16.812,16.176,15.797,15.745,0.915
4859,1,9.75,0.01,0.71872,-0.78,3.658,4.65,12.5,0.038,0.0,19.219,18.659,17.729,17.113,17.022,0.719
4860,1,9.75,0.01,0.93913,-0.139,3.745,4.474,12.7,0.038,0.0,17.817,17.24,16.63,16.272,16.223,0.939
4861,1,9.75,0.03,0.19647,-2.254,3.536,5.075,10.2,0.031,0.0,20.605,20.246,18.777,18.236,18.004,0.196
4862,1,9.75,0.03,0.37619,-1.678,3.572,4.927,10.5,0.033,0.0,19.465,19.013,17.695,17.127,16.945,0.376
4863,1,9.75,0.03,0.6281,-1.035,3.629,4.731,12.9,0.038,0.0,20.257,19.734,18.686,18.009,17.899,0.628
4864,1,9.75,0.03,0.64513,-0.987,3.634,4.715,14.0,0.038,0.0,21.237,20.709,19.681,19.012,18.906,0.645
4865,1,9.75,0.05,0.63383,-1.022,3.629,4.725,11.1,0.035,0.0,18.424,17.9,16.854,16.179,16.07,0.634
4866,1,9.75,0.05,0.83081,-0.463,3.701,4.569,11.8,0.037,0.0,17.727,17.128,16.368,15.891,15.823,0.831
4867,1,9.75,0.05,0.70674,-0.822,3.651,4.66,12.2,0.037,0.0,19.026,18.472,17.516,16.881,16.786,0.707
4868,1,9.75,0.05,1.09316,0.29,3.775,4.232,12.5,0.038,0.0,16.546,16.005,15.49,15.206,15.167,1.093
4869,1,9.75,0.05,0.87,-0.349,3.717,4.542,13.3,0.038,0.0,18.943,18.347,17.645,17.216,17.155,0.87
4870,1,9.75,0.07,0.98704,-0.018,3.754,4.414,10.6,0.033,0.0,15.416,14.842,14.266,13.935,13.89,0.987
4871,1,9.75,0.07,0.96074,-0.093,3.747,4.448,11.5,0.036,0.0,16.502,15.922,15.322,14.973,14.924,0.961
4872,1,9.75,0.07,0.46128,-1.474,3.587,4.868,12.7,0.038,0.0,21.156,20.687,19.429,18.821,18.665,0.461
4873,1,9.75,0.07,0.65274,-0.972,3.634,4.708,12.8,0.038,0.0,20.001,19.472,18.443,17.776,17.67,0.653
4874,1,9.75,0.11,0.2736,-1.975,3.55,4.998,11.0,0.035,0.0,20.707,20.314,18.917,18.36,18.132,0.274
4875,1,9.75,0.11,0.322,-1.833,3.56,4.965,12.0,0.037,0.0,21.354,20.94,19.573,19.009,18.801,0.322
4876,1,9.75,0.11,0.75367,-0.699,3.666,4.622,13.3,0.038,0.0,19.817,19.244,18.346,17.759,17.671,0.754
4877,1,9.75,0.13,0.74093,-0.74,3.66,4.633,12.9,0.038,0.0,19.519,18.953,18.03,17.426,17.336,0.741
4878,1,9.75,0.13,0.92021,-0.228,3.729,4.493,13.4,0.038,0.0,18.739,18.142,17.483,17.092,17.036,0.92
4879,1,9.75,0.13,0.85592,-0.411,3.706,4.55,14.4,0.038,0.0,20.198,19.596,18.853,18.395,18.328,0.856
4880,1,9.75,0.19,0.90148,-0.3,3.718,4.511,14.1,0.038,0.0,19.619,19.014,18.317,17.898,17.836,0.901
4881,1,9.75,0.23,0.80297,-0.582,3.678,4.584,12.7,0.038,0.0,18.925,18.331,17.485,16.946,16.864,0.803
4882,1,9.75,0.25,0.49886,-1.391,3.59,4.832,13.0,0.038,0.0,21.247,20.797,19.518,18.884,18.738,0.499
4883,1,9.77,-0.71,0.82029,-0.18,3.766,4.544,12.4,0.037,0.0,17.621,17.119,16.565,16.243,16.202,0.82
4884,1,9.77,-0.71,0.77463,-0.328,3.748,4.594,15.0,0.038,0.0,20.59,20.055,19.449,19.089,19.04,0.775
4885,1,9.77,-0.67,1.07549,0.847,3.717,3.435,14.2,0.038,0.0,16.852,16.291,15.581,15.14,15.079,1.075
4886,1,9.77,-0.63,0.20928,-2.058,3.586,5.106,11.6,0.036,0.0,21.515,20.991,19.84,19.272,19.097,0.209
4887,1,9.77,-0.61,0.49978,-1.233,3.634,4.853,13.1,0.038,0.0,20.953,20.406,19.417,18.791,18.671,0.5
4888,1,9.77,-0.61,0.88587,-0.019,3.781,4.473,13.3,0.038,0.0,18.117,17.637,17.124,16.833,16.798,0.886
4889,1,9.77,-0.61,0.82047,-0.222,3.757,4.547,14.1,0.038,0.0,19.424,18.9,18.319,17.978,17.934,0.82
4890,1,9.77,-0.59,0.76351,-0.409,3.732,4.602,14.2,0.038,0.0,19.993,19.434,18.776,18.377,18.321,0.764
4891,1,9.77,-0.59,0.6268,-0.85,3.671,4.715,14.4,0.038,0.0,21.295,20.73,19.861,19.292,19.204,0.627
4892,1,9.77,-0.59,0.85316,-0.131,3.768,4.516,15.2,0.038,0.0,20.297,19.79,19.241,18.923,18.883,0.853
4893,1,9.77,-0.57,0.58956,-0.977,3.655,4.75,14.2,0.038,0.0,21.412,20.859,19.931,19.32,19.221,0.59
4894,1,9.77,-0.55,0.84381,-0.178,3.761,4.532,12.3,0.037,0.0,17.516,16.994,16.427,16.095,16.053,0.844
4895,1,9.77,-0.55,1.09399,0.68,3.8,3.943,12.5,0.038,0.0,15.57,15.126,14.67,14.424,14.394,1.094
4896,1,9.77,-0.55,0.44176,-1.402,3.619,4.906,12.7,0.038,0.0,20.975,20.431,19.394,18.773,18.638,0.442
4897,1,9.77,-0.55,0.48802,-1.279,3.628,4.863,13.3,0.038,0.0,21.268,20.725,19.714,19.081,18.956,0.488
4898,1,9.77,-0.55,0.75905,-0.44,3.726,4.608,14.0,0.038,0.0,19.87,19.303,18.628,18.215,18.157,0.759
4899,1,9.77,-0.55,1.03257,0.387,3.81,4.252,14.7,0.038,0.0,18.503,18.085,17.654,17.427,17.399,1.033
4900,1,9.77,-0.53,0.56227,-1.069,3.644,4.781,11.1,0.035,0.0,18.543,17.994,17.032,16.403,16.297,0.562
4901,1,9.77,-0.53,0.43288,-1.429,3.616,4.912,12.4,0.037,0.0,20.742,20.199,19.152,18.533,18.397,0.433
4902,1,9.77,-0.53,0.90453,-0.006,3.78,4.465,13.1,0.038,0.0,17.884,17.397,16.883,16.592,16.557,0.905
4903,1,9.77,-0.53,0.70326,-0.626,3.699,4.652,13.5,0.038,0.0,19.835,19.258,18.49,18.002,17.931,0.703
4904,1,9.77,-0.53,0.88718,-0.057,3.774,4.486,13.9,0.038,0.0,18.813,18.314,17.785,17.483,17.446,0.887
4905,1,9.77,-0.53,0.68991,-0.668,3.693,4.663,14.5,0.038,0.0,20.94,20.365,19.576,19.07,18.996,0.69
4906,1,9.77,-0.51,0.48634,-1.294,3.624,4.863,12.0,0.037,0.0,20.004,19.463,18.44,17.803,17.676,0.486
4907,1,9.77,-0.51,0.64468,-0.819,3.672,4.702,12.1,0.037,0.0,18.918,18.352,17.486,16.917,16.832,0.645
4908,1,9.77,-0.51,0.97302,0.184,3.797,4.377,12.5,0.038,0.0,16.81,16.359,15.895,15.64,15.61,0.973
4909,1,9.77,-0.51,0.77616,-0.402,3.73,4.596,12.9,0.038,0.0,18.676,18.112,17.45,17.046,16.991,0.776
4910,1,9.77,-0.51,0.61511,-0.915,3.66,4.728,14.1,0.038,0.0,21.159,20.602,19.691,19.089,18.996,0.615
4911,1,9.77,-0.51,0.89396,-0.046,3.775,4.481,14.9,0.038,0.0,19.785,19.285,18.759,18.458,18.422,0.894
4912,1,9.77,-0.49,0.24251,-1.965,3.582,5.062,11.1,0.035,0.0,20.783,20.268,19.091,18.527,18.348,0.243
4913,1,9.77,-0.49,0.25417,-1.923,3.584,5.05,11.7,0.037,0.0,21.277,20.758,19.593,19.025,18.849,0.254
4914,1,9.77,-0.49,0.35709,-1.632,3.602,4.976,12.4,0.037,0.0,21.251,20.707,19.617,19.024,18.873,0.357
4915,1,9.77,-0.49,0.62163,-0.901,3.661,4.723,13.2,0.038,0.0,20.222,19.665,18.758,18.158,18.066,0.622
4916,1,9.77,-0.49,0.52351,-1.193,3.632,4.823,13.7,0.038,0.0,21.453,20.911,19.908,19.269,19.151,0.524
4917,1,9.77,-0.49,0.59538,-0.984,3.651,4.746,13.8,0.038,0.0,21.031,20.481,19.537,18.911,18.812,0.595
4918,1,9.77,-0.49,0.58991,-1.0,3.649,4.752,14.2,0.038,0.0,21.471,20.922,19.973,19.344,19.243,0.59
4919,1,9.77,-0.49,1.00056,0.265,3.803,4.33,14.4,0.038,0.0,18.508,18.068,17.618,17.375,17.347,1.001
4920,1,9.77,-0.49,0.75036,-0.491,3.717,4.617,14.6,0.038,0.0,20.597,20.024,19.318,18.88,18.819,0.75
4921,1,9.77,-0.47,0.30269,-1.78,3.592,5.012,10.1,0.031,0.0,19.319,18.786,17.654,17.075,16.912,0.303
4922,1,9.77,-0.47,0.25671,-1.921,3.583,5.047,10.2,0.031,0.0,19.773,19.255,18.082,17.516,17.339,0.257
4923,1,9.77,-0.47,0.35273,-1.651,3.599,4.98,12.3,0.037,0.0,21.198,20.657,19.557,18.966,18.813,0.353
4924,1,9.77,-0.47,0.39474,-1.539,3.605,4.939,12.5,0.038,0.0,21.118,20.578,19.494,18.889,18.743,0.395
4925,1,9.77,-0.47,1.0554,0.428,3.8,4.179,14.3,0.038,0.0,18.001,17.552,17.096,16.849,16.82,1.055
4926,1,9.77,-0.45,0.52349,-1.203,3.629,4.822,13.3,0.038,0.0,21.078,20.539,19.525,18.882,18.762,0.523
4927,1,9.77,-0.45,0.892,-0.072,3.77,4.488,13.4,0.038,0.0,18.351,17.84,17.301,16.991,16.953,0.892
4928,1,9.77,-0.43,0.2256,-2.05,3.573,5.078,10.6,0.033,0.0,20.495,20.002,18.773,18.216,18.025,0.226
4929,1,9.77,-0.43,0.21426,-2.094,3.57,5.089,10.8,0.034,0.0,20.805,20.321,19.08,18.522,18.326,0.214
4930,1,9.77,-0.43,0.21827,-2.078,3.571,5.085,11.0,0.035,0.0,20.966,20.48,19.243,18.685,18.491,0.218
4931,1,9.77,-0.43,0.45236,-1.405,3.611,4.89,13.2,0.038,0.0,21.482,20.945,19.875,19.253,19.116,0.452
4932,1,9.77,-0.43,0.72745,-0.586,3.701,4.636,13.4,0.038,0.0,19.634,19.054,18.294,17.812,17.743,0.727
4933,1,9.77,-0.43,1.05987,0.51,3.806,4.125,13.5,0.038,0.0,16.996,16.558,16.122,15.891,15.862,1.06
4934,1,9.77,-0.43,0.55233,-1.125,3.635,4.791,13.9,0.038,0.0,21.482,20.941,19.944,19.303,19.189,0.552
4935,1,9.77,-0.43,0.65995,-0.799,3.672,4.689,14.2,0.038,0.0,20.967,20.4,19.531,18.96,18.875,0.66
4936,1,9.77,-0.41,0.75144,-0.515,3.711,4.619,12.6,0.038,0.0,18.659,18.08,17.355,16.901,16.837,0.751
4937,1,9.77,-0.41,0.45218,-1.41,3.61,4.889,12.9,0.038,0.0,21.195,20.66,19.583,18.961,18.823,0.452
4938,1,9.77,-0.41,0.99203,0.237,3.795,4.323,13.2,0.038,0.0,17.379,16.914,16.445,16.189,16.158,0.992
4939,1,9.77,-0.41,0.93215,0.042,3.78,4.433,13.3,0.038,0.0,17.966,17.471,16.961,16.674,16.639,0.932
4940,1,9.77,-0.41,0.62309,-0.922,3.656,4.723,13.5,0.038,0.0,20.576,20.022,19.093,18.478,18.382,0.623
4941,1,9.77,-0.41,0.87223,-0.14,3.762,4.511,13.6,0.038,0.0,18.72,18.191,17.628,17.3,17.258,0.872
4942,1,9.77,-0.41,0.67711,-0.752,3.677,4.674,14.6,0.038,0.0,21.25,20.679,19.829,19.272,19.19,0.677
4943,1,9.77,-0.41,0.8454,-0.221,3.752,4.54,14.8,0.038,0.0,20.124,19.579,18.987,18.638,18.593,0.845
4944,1,9.77,-0.39,0.28134,-1.873,3.581,5.029,11.6,0.036,0.0,21.052,20.547,19.349,18.782,18.603,0.281
4945,1,9.77,-0.39,0.40659,-1.53,3.6,4.923,12.4,0.037,0.0,20.994,20.461,19.352,18.745,18.598,0.407
4946,1,9.77,-0.39,0.84218,-0.235,3.75,4.544,12.7,0.038,0.0,18.057,17.508,16.91,16.557,16.51,0.842
4947,1,9.77,-0.39,0.81,-0.335,3.737,4.576,13.1,0.038,0.0,18.707,18.145,17.507,17.123,17.071,0.81
4948,1,9.77,-0.39,0.53675,-1.18,3.628,4.807,13.3,0.038,0.0,21.02,20.484,19.463,18.815,18.696,0.537
4949,1,9.77,-0.39,0.52666,-1.209,3.626,4.818,13.4,0.038,0.0,21.193,20.658,19.629,18.979,18.857,0.527
4950,1,9.77,-0.39,0.62447,-0.924,3.655,4.722,13.6,0.038,0.0,20.681,20.128,19.195,18.576,18.481,0.624
4951,1,9.77,-0.39,0.64696,-0.854,3.663,4.702,13.8,0.038,0.0,20.705,20.144,19.244,18.649,18.558,0.647
4952,1,9.77,-0.39,0.64152,-0.871,3.661,4.707,13.9,0.038,0.0,20.847,20.289,19.38,18.779,18.688,0.642
4953,1,9.77,-0.39,0.85173,-0.205,3.753,4.533,13.9,0.038,0.0,19.183,18.64,18.053,17.707,17.662,0.852
4954,1,9.77,-0.39,0.80057,-0.364,3.733,4.585,14.1,0.038,0.0,19.781,19.214,18.564,18.17,18.116,0.801
4955,1,9.77,-0.37,0.3145,-1.786,3.585,5.006,9.5,0.027,0.0,18.734,18.217,17.04,16.466,16.295,0.315
4956,1,9.77,-0.37,0.37081,-1.635,3.593,4.961,11.5,0.036,0.0,20.357,19.834,18.691,18.1,17.942,0.371
4957,1,9.77,-0.37,0.4299,-1.475,3.603,4.904,12.6,0.038,0.0,21.057,20.526,19.423,18.808,18.665,0.43
4958,1,9.77,-0.37,0.4855,-1.33,3.614,4.857,12.8,0.038,0.0,20.895,20.362,19.295,18.661,18.529,0.485
4959,1,9.77,-0.37,0.58916,-1.039,3.641,4.756,12.9,0.038,0.0,20.266,19.724,18.742,18.101,17.995,0.589
4960,1,9.77,-0.37,0.79509,-0.388,3.729,4.59,13.0,0.038,0.0,18.741,18.17,17.507,17.103,17.047,0.795
4961,1,9.77,-0.37,0.6119,-0.972,3.648,4.735,13.1,0.038,0.0,20.299,19.751,18.795,18.161,18.061,0.612
4962,1,9.77,-0.37,1.01872,0.318,3.8,4.276,14.1,0.038,0.0,18.075,17.619,17.167,16.924,16.895,1.019
4963,1,9.77,-0.37,0.85572,-0.2,3.753,4.53,14.2,0.038,0.0,19.469,18.925,18.338,17.993,17.948,0.856
4964,1,9.77,-0.37,0.97464,0.204,3.794,4.343,15.1,0.038,0.0,19.36,18.89,18.418,18.16,18.129,0.975
4965,1,9.77,-0.35,0.34103,-1.722,3.588,4.99,11.1,0.035,0.0,20.175,19.66,18.491,17.91,17.744,0.341
4966,1,9.77,-0.35,0.4803,-1.348,3.612,4.862,11.4,0.036,0.0,19.54,19.007,17.932,17.3,17.166,0.48
4967,1,9.77,-0.35,0.46548,-1.388,3.609,4.875,12.0,0.037,0.0,20.239,19.708,18.622,17.994,17.858,0.465
4968,1,9.77,-0.35,0.79256,-0.407,3.726,4.592,12.0,0.037,0.0,17.786,17.21,16.536,16.124,16.067,0.793
4969,1,9.77,-0.35,0.43746,-1.46,3.603,4.898,12.3,0.037,0.0,20.72,20.19,19.085,18.468,18.326,0.437
4970,1,9.77,-0.35,0.40771,-1.534,3.598,4.919,12.8,0.038,0.0,21.404,20.877,19.751,19.145,18.996,0.408
4971,1,9.77,-0.35,0.56592,-1.108,3.634,4.779,12.9,0.038,0.0,20.44,19.902,18.896,18.248,18.135,0.566
4972,1,9.77,-0.35,0.50689,-1.276,3.618,4.837,13.4,0.038,0.0,21.359,20.827,19.771,19.128,19.0,0.507
4973,1,9.77,-0.35,0.63478,-0.907,3.656,4.715,13.7,0.038,0.0,20.737,20.183,19.252,18.635,18.541,0.635
4974,1,9.77,-0.35,1.02088,0.305,3.799,4.284,13.9,0.038,0.0,17.906,17.446,16.99,16.745,16.715,1.021
4975,1,9.77,-0.35,1.14411,1.167,3.689,3.032,14.1,0.038,0.0,15.952,15.377,14.569,14.054,13.979,1.144
4976,1,9.77,-0.35,0.74482,-0.56,3.702,4.626,14.4,0.038,0.0,20.57,19.987,19.232,18.754,18.686,0.745
4977,1,9.77,-0.33,0.24001,-2.018,3.569,5.057,10.3,0.032,0.0,20.116,19.642,18.38,17.82,17.624,0.24
4978,1,9.77,-0.33,0.36481,-1.659,3.59,4.966,11.5,0.036,0.0,20.419,19.903,18.74,18.152,17.99,0.365
4979,1,9.77,-0.33,0.4895,-1.328,3.613,4.853,11.6,0.036,0.0,19.689,19.158,18.083,17.447,17.315,0.489
4980,1,9.77,-0.33,0.88038,-0.153,3.757,4.51,12.0,0.037,0.0,17.153,16.612,16.036,15.7,15.656,0.88
4981,1,9.77,-0.33,0.50606,-1.282,3.617,4.838,12.4,0.037,0.0,20.376,19.845,18.783,18.14,18.011,0.506
4982,1,9.77,-0.33,0.52523,-1.228,3.622,4.819,12.4,0.037,0.0,20.239,19.707,18.661,18.011,17.887,0.525
4983,1,9.77,-0.33,0.63975,-0.898,3.656,4.712,12.6,0.038,0.0,19.614,19.059,18.13,17.514,17.42,0.64
4984,1,9.77,-0.33,0.56317,-1.121,3.632,4.782,13.0,0.038,0.0,20.572,20.035,19.022,18.371,18.256,0.563
4985,1,9.77,-0.33,1.10903,0.594,3.798,4.029,13.0,0.038,0.0,16.286,15.821,15.365,15.122,15.09,1.109
4986,1,9.77,-0.33,0.8545,-0.229,3.748,4.537,13.1,0.038,0.0,18.443,17.888,17.286,16.929,16.882,0.855
4987,1,9.77,-0.33,0.89944,-0.098,3.763,4.489,13.5,0.038,0.0,18.515,17.984,17.426,17.104,17.063,0.899
4988,1,9.77,-0.33,1.01578,0.275,3.796,4.3,13.7,0.038,0.0,17.782,17.314,16.851,16.6,16.569,1.016
4989,1,9.77,-0.33,1.03115,0.313,3.798,4.278,14.4,0.038,0.0,18.388,17.924,17.467,17.221,17.191,1.031
4990,1,9.77,-0.31,0.83862,-0.286,3.74,4.555,10.0,0.03,0.0,15.486,14.918,14.293,13.918,13.868,0.839
4991,1,9.77,-0.31,0.49202,-1.325,3.612,4.851,10.1,0.031,0.0,18.183,17.649,16.573,15.936,15.805,0.492
4992,1,9.77,-0.31,0.61908,-0.967,3.647,4.731,10.6,0.033,0.0,17.787,17.237,16.276,15.64,15.54,0.619
4993,1,9.77,-0.31,0.40163,-1.556,3.595,4.922,11.2,0.035,0.0,19.859,19.34,18.192,17.591,17.438,0.402
4994,1,9.77,-0.31,0.65212,-0.866,3.659,4.701,12.0,0.037,0.0,18.935,18.377,17.46,16.852,16.76,0.652
4995,1,9.77,-0.31,0.47452,-1.372,3.609,4.866,12.2,0.037,0.0,20.399,19.871,18.779,18.148,18.013,0.475
4996,1,9.77,-0.31,0.45949,-1.411,3.605,4.879,12.8,0.038,0.0,21.099,20.571,19.469,18.843,18.705,0.459
4997,1,9.77,-0.31,0.91249,-0.074,3.765,4.478,13.0,0.038,0.0,17.954,17.425,16.873,16.554,16.514,0.912
4998,1,9.77,-0.31,1.09073,0.438,3.786,4.128,13.6,0.038,0.0,17.276,16.785,16.294,16.024,15.99,1.091
4999,1,9.77,-0.29,0.11826,-2.828,3.485,5.224,8.5,0.021,0.0,20.339,20.125,18.406,17.854,17.611,0.118
5000,1,9.77,-0.29,0.79662,-0.422,3.721,4.591,11.4,0.036,0.0,17.226,16.644,15.954,15.529,15.47,0.797
5001,1,9.77,-0.29,0.39385,-1.581,3.592,4.93,11.5,0.036,0.0,20.223,19.709,18.547,17.95,17.794,0.394
5002,1,9.77,-0.29,0.27803,-1.902,3.574,5.026,11.8,0.037,0.0,21.326,20.842,19.596,19.034,18.847,0.278
5003,1,9.77,-0.29,1.1574,0.811,3.699,3.432,12.0,0.037,0.0,14.744,14.161,13.39,12.906,12.836,1.157
5004,1,9.77,-0.29,0.3545,-1.696,3.586,4.976,12.1,0.037,0.0,21.111,20.605,19.418,18.835,18.669,0.354
5005,1,9.77,-0.29,0.99262,0.153,3.786,4.371,13.1,0.038,0.0,17.487,16.995,16.503,16.232,16.198,0.993
5006,1,9.77,-0.29,0.67123,-0.815,3.665,4.684,13.5,0.038,0.0,20.306,19.743,18.846,18.254,18.165,0.671
5007,1,9.77,-0.29,0.71448,-0.681,3.682,4.647,13.6,0.038,0.0,20.072,19.495,18.664,18.124,18.046,0.714
5008,1,9.77,-0.29,0.6301,-0.939,3.65,4.721,13.6,0.038,0.0,20.718,20.169,19.215,18.581,18.483,0.63
5009,1,9.77,-0.29,0.65136,-0.875,3.657,4.702,14.4,0.038,0.0,21.357,20.801,19.876,19.263,19.17,0.651
5010,1,9.77,-0.29,1.01346,0.232,3.792,4.325,14.5,0.038,0.0,18.691,18.211,17.736,17.477,17.444,1.013
5011,1,9.77,-0.29,0.89448,-0.136,3.757,4.5,14.8,0.038,0.0,19.91,19.367,18.792,18.457,18.413,0.894
5012,1,9.77,-0.29,0.92998,-0.037,3.768,4.461,15.2,0.038,0.0,20.062,19.536,18.993,18.683,18.643,0.93
5013,1,9.77,-0.27,0.66793,-0.831,3.662,4.688,12.3,0.037,0.0,19.148,18.587,17.68,17.079,16.989,0.668
5014,1,9.77,-0.27,0.45876,-1.421,3.603,4.879,12.6,0.038,0.0,20.923,20.399,19.284,18.658,18.518,0.459
5015,1,9.77,-0.27,0.80561,-0.404,3.723,4.585,12.8,0.038,0.0,18.58,17.999,17.315,16.895,16.837,0.806
5016,1,9.77,-0.27,0.42172,-1.513,3.596,4.906,12.9,0.038,0.0,21.453,20.935,19.789,19.18,19.03,0.422
5017,1,9.77,-0.27,0.52827,-1.233,3.619,4.817,13.0,0.038,0.0,20.852,20.324,19.264,18.613,18.488,0.528
5018,1,9.77,-0.27,0.72455,-0.656,3.685,4.641,13.6,0.038,0.0,20.01,19.432,18.612,18.082,18.005,0.725
5019,1,9.77,-0.27,0.57977,-1.091,3.632,4.768,13.9,0.038,0.0,21.397,20.862,19.847,19.193,19.08,0.58
5020,1,9.77,-0.27,0.56566,-1.129,3.629,4.781,13.9,0.038,0.0,21.493,20.961,19.933,19.276,19.16,0.566
5021,1,9.77,-0.25,0.78165,-0.487,3.71,4.602,10.6,0.033,0.0,16.587,15.999,15.271,14.815,14.751,0.782
5022,1,9.77,-0.25,0.58481,-1.082,3.632,4.763,11.2,0.035,0.0,18.676,18.14,17.125,16.47,16.358,0.585
5023,1,9.77,-0.25,0.61418,-0.999,3.641,4.737,12.4,0.037,0.0,19.667,19.125,18.141,17.495,17.391,0.614
5024,1,9.77,-0.25,0.64053,-0.92,3.651,4.713,12.7,0.038,0.0,19.77,19.219,18.269,17.636,17.539,0.641
5025,1,9.77,-0.25,0.5838,-1.085,3.632,4.764,12.9,0.038,0.0,20.383,19.848,18.832,18.176,18.064,0.584
5026,1,9.77,-0.25,0.67668,-0.812,3.663,4.68,13.5,0.038,0.0,20.299,19.737,18.835,18.238,18.149,0.677
5027,1,9.77,-0.25,0.59272,-1.061,3.635,4.756,13.7,0.038,0.0,21.122,20.586,19.578,18.924,18.814,0.593
5028,1,9.77,-0.25,0.83631,-0.321,3.734,4.561,14.6,0.038,0.0,20.171,19.598,18.95,18.559,18.505,0.836
5029,1,9.77,-0.25,0.90136,-0.137,3.755,4.497,14.8,0.038,0.0,19.912,19.363,18.783,18.444,18.4,0.901
5030,1,9.77,-0.23,1.02968,0.212,3.788,4.336,10.6,0.033,0.0,14.84,14.344,13.861,13.595,13.562,1.03
5031,1,9.77,-0.23,0.25418,-1.985,3.566,5.037,11.1,0.035,0.0,20.832,20.376,19.084,18.523,18.322,0.254
5032,1,9.77,-0.23,0.21775,-2.12,3.558,5.073,11.2,0.035,0.0,21.271,20.841,19.512,18.953,18.737,0.218
5033,1,9.77,-0.23,0.32919,-1.772,3.579,4.99,12.2,0.037,0.0,21.401,20.912,19.68,19.109,18.931,0.329
5034,1,9.77,-0.23,0.57093,-1.125,3.628,4.777,12.2,0.037,0.0,19.783,19.252,18.219,17.558,17.442,0.571
5035,1,9.77,-0.23,0.39025,-1.602,3.588,4.931,12.4,0.037,0.0,21.176,20.674,19.483,18.891,18.73,0.39
5036,1,9.77,-0.23,1.14236,0.61,3.782,3.961,13.1,0.038,0.0,16.346,15.841,15.341,15.067,15.03,1.142
5037,1,9.77,-0.23,0.98849,0.091,3.778,4.399,13.5,0.038,0.0,18.044,17.53,17.017,16.73,16.693,0.988
5038,1,9.77,-0.23,0.77702,-0.509,3.705,4.606,13.8,0.038,0.0,19.844,19.257,18.513,18.045,17.979,0.777
5039,1,9.77,-0.23,0.76772,-0.538,3.701,4.612,14.2,0.038,0.0,20.315,19.728,18.969,18.489,18.421,0.768
5040,1,9.77,-0.23,0.70331,-0.739,3.672,4.656,14.4,0.038,0.0,21.017,20.445,19.574,19.002,18.918,0.703
5041,1,9.77,-0.23,0.72284,-0.677,3.681,4.643,14.7,0.038,0.0,21.162,20.584,19.748,19.204,19.125,0.723
5042,1,9.77,-0.21,0.241,-2.035,3.562,5.048,11.5,0.036,0.0,21.358,20.917,19.603,19.043,18.835,0.241
5043,1,9.77,-0.21,0.48644,-1.361,3.606,4.855,12.2,0.037,0.0,20.372,19.851,18.739,18.102,17.967,0.486
5044,1,9.77,-0.21,1.08819,0.358,3.789,4.218,12.2,0.037,0.0,16.075,15.582,15.101,14.839,14.806,1.088
5045,1,9.77,-0.21,0.47913,-1.38,3.604,4.861,12.3,0.037,0.0,20.519,20.0,18.881,18.247,18.111,0.479
5046,1,9.77,-0.21,1.15998,0.616,3.753,3.846,12.4,0.037,0.0,15.631,15.078,14.492,14.152,14.106,1.16
5047,1,9.77,-0.21,0.69605,-0.768,3.667,4.663,12.7,0.038,0.0,19.39,18.823,17.934,17.348,17.261,0.696
5048,1,9.77,-0.21,0.71315,-0.715,3.674,4.65,12.8,0.038,0.0,19.357,18.782,17.923,17.359,17.277,0.713
5049,1,9.77,-0.21,0.45003,-1.455,3.598,4.884,13.1,0.038,0.0,21.508,20.993,19.849,19.228,19.084,0.45
5050,1,9.77,-0.21,0.6018,-1.047,3.635,4.748,13.3,0.038,0.0,20.687,20.151,19.141,18.485,18.376,0.602
5051,1,9.77,-0.21,0.74056,-0.629,3.687,4.631,13.7,0.038,0.0,20.043,19.461,18.649,18.125,18.05,0.741
5052,1,9.77,-0.21,0.61786,-0.999,3.64,4.734,13.9,0.038,0.0,21.168,20.628,19.637,18.988,18.883,0.618
5053,1,9.77,-0.19,0.29749,-1.861,3.572,5.005,11.0,0.035,0.0,20.423,19.953,18.68,18.116,17.927,0.297
5054,1,9.77,-0.19,0.42868,-1.509,3.593,4.898,11.4,0.036,0.0,19.943,19.437,18.263,17.655,17.503,0.429
5055,1,9.77,-0.19,0.85407,-0.295,3.734,4.548,12.1,0.037,0.0,17.609,17.033,16.388,15.999,15.946,0.854
5056,1,9.77,-0.19,0.50547,-1.315,3.609,4.838,12.3,0.037,0.0,20.357,19.837,18.733,18.089,17.958,0.505
5057,1,9.77,-0.19,0.84763,-0.314,3.732,4.554,12.6,0.038,0.0,18.155,17.577,16.924,16.53,16.476,0.848
5058,1,9.77,-0.19,0.73383,-0.657,3.682,4.636,12.8,0.038,0.0,19.214,18.634,17.803,17.264,17.186,0.734
5059,1,9.77,-0.19,0.57826,-1.116,3.627,4.771,13.3,0.038,0.0,20.86,20.331,19.293,18.628,18.513,0.578
5060,1,9.77,-0.19,0.92079,-0.108,3.756,4.48,13.3,0.038,0.0,18.34,17.789,17.211,16.875,16.831,0.921
5061,1,9.77,-0.19,0.87322,-0.241,3.741,4.529,13.5,0.038,0.0,18.872,18.303,17.679,17.306,17.256,0.873
5062,1,9.77,-0.19,0.58623,-1.094,3.629,4.763,13.6,0.038,0.0,21.106,20.576,19.545,18.882,18.769,0.586
5063,1,9.77,-0.19,0.79417,-0.474,3.709,4.594,13.9,0.038,0.0,19.854,19.267,18.536,18.079,18.014,0.794
5064,1,9.77,-0.19,0.61131,-1.024,3.637,4.741,14.0,0.038,0.0,21.33,20.794,19.789,19.135,19.028,0.611
5065,1,9.77,-0.19,0.72517,-0.685,3.678,4.642,14.7,0.038,0.0,21.182,20.604,19.758,19.207,19.126,0.725
5066,1,9.77,-0.19,0.83522,-0.351,3.727,4.564,15.5,0.038,0.0,21.147,20.565,19.895,19.487,19.431,0.835
5067,1,9.77,-0.17,0.51676,-1.288,3.611,4.828,10.5,0.033,0.0,18.49,17.968,16.869,16.221,16.093,0.517
5068,1,9.77,-0.17,0.21232,-2.151,3.553,5.074,11.2,0.035,0.0,21.348,20.936,19.577,19.02,18.795,0.212
5069,1,9.77,-0.17,0.74981,-0.616,3.688,4.626,11.7,0.037,0.0,18.01,17.426,16.616,16.094,16.019,0.75
5070,1,9.77,-0.17,0.3998,-1.585,3.587,4.917,12.0,0.037,0.0,20.733,20.24,19.028,18.436,18.274,0.4
5071,1,9.77,-0.17,0.32564,-1.792,3.575,4.989,12.2,0.037,0.0,21.449,20.972,19.709,19.143,18.962,0.326
5072,1,9.77,-0.17,1.04889,0.23,3.786,4.318,12.5,0.038,0.0,16.696,16.194,15.705,15.437,15.403,1.049
5073,1,9.77,-0.17,0.59104,-1.087,3.629,4.759,13.2,0.038,0.0,20.687,20.157,19.126,18.461,18.348,0.591
5074,1,9.77,-0.17,1.00484,0.114,3.777,4.38,13.7,0.038,0.0,18.184,17.664,17.151,16.863,16.827,1.005
5075,1,9.77,-0.17,0.68147,-0.825,3.659,4.677,13.9,0.038,0.0,20.732,20.173,19.252,18.641,18.55,0.681
5076,1,9.77,-0.15,0.88933,-0.212,3.743,4.515,11.6,0.036,0.0,16.899,16.329,15.711,15.343,15.294,0.889
5077,1,9.77,-0.15,0.59054,-1.093,3.628,4.76,11.7,0.037,0.0,19.203,18.675,17.638,16.971,16.857,0.591
5078,1,9.77,-0.15,0.29472,-1.876,3.569,5.004,11.8,0.037,0.0,21.261,20.804,19.511,18.947,18.753,0.295
5079,1,9.77,-0.15,0.55118,-1.199,3.618,4.796,11.9,0.037,0.0,19.667,19.145,18.07,17.409,17.287,0.551
5080,1,9.77,-0.15,0.85964,-0.296,3.733,4.545,12.5,0.038,0.0,18.011,17.432,16.782,16.389,16.335,0.86
5081,1,9.77,-0.15,0.40145,-1.585,3.586,4.915,12.5,0.038,0.0,21.231,20.741,19.522,18.931,18.768,0.401
5082,1,9.77,-0.15,0.78163,-0.528,3.7,4.604,12.7,0.038,0.0,18.79,18.199,17.435,16.951,16.882,0.782
5083,1,9.77,-0.15,0.63895,-0.955,3.643,4.717,12.9,0.038,0.0,20.057,19.515,18.533,17.886,17.785,0.639
5084,1,9.77,-0.15,0.92469,-0.112,3.754,4.477,13.5,0.038,0.0,18.55,17.993,17.41,17.069,17.024,0.925
5085,1,9.77,-0.15,0.78618,-0.514,3.702,4.6,13.8,0.038,0.0,19.855,19.265,18.508,18.03,17.962,0.786
5086,1,9.77,-0.15,1.03312,0.187,3.782,4.338,15.0,0.038,0.0,19.303,18.792,18.292,18.015,17.98,1.033
5087,1,9.77,-0.15,1.16956,0.605,3.755,3.865,15.2,0.038,0.0,18.456,17.901,17.32,16.985,16.939,1.17
5088,1,9.77,-0.15,1.13758,0.531,3.791,4.073,15.7,0.038,0.0,19.142,18.648,18.175,17.921,17.887,1.138
5089,1,9.77,-0.13,0.18657,-2.301,3.536,5.1,10.5,0.033,0.0,21.023,20.658,19.208,18.661,18.428,0.187
5090,1,9.77,-0.13,0.35203,-1.73,3.577,4.97,10.6,0.033,0.0,19.696,19.217,17.956,17.386,17.209,0.352
5091,1,9.77,-0.13,0.39192,-1.615,3.583,4.925,11.3,0.036,0.0,20.108,19.622,18.387,17.802,17.635,0.392
5092,1,9.77,-0.13,0.41653,-1.549,3.588,4.903,12.0,0.037,0.0,20.643,20.151,18.938,18.341,18.181,0.417
5093,1,9.77,-0.13,1.09485,0.325,3.784,4.235,12.1,0.037,0.0,16.057,15.548,15.056,14.786,14.75,1.095
5094,1,9.77,-0.13,0.46824,-1.424,3.598,4.868,12.2,0.037,0.0,20.529,20.022,18.864,18.235,18.094,0.468
5095,1,9.77,-0.13,0.77624,-0.552,3.695,4.608,12.4,0.037,0.0,18.55,17.961,17.18,16.683,16.612,0.776
5096,1,9.77,-0.13,1.17446,0.598,3.748,3.85,12.5,0.038,0.0,15.776,15.211,14.611,14.262,14.214,1.174
5097,1,9.77,-0.13,0.6667,-0.881,3.651,4.692,12.7,0.038,0.0,19.672,19.122,18.168,17.533,17.438,0.667
5098,1,9.77,-0.13,1.19701,0.884,3.689,3.335,12.7,0.038,0.0,15.261,14.678,13.87,13.359,13.283,1.197
5099,1,9.77,-0.13,0.56388,-1.17,3.62,4.785,13.2,0.038,0.0,20.895,20.373,19.304,18.639,18.518,0.564
5100,1,9.77,-0.13,0.71391,-0.742,3.668,4.651,14.1,0.038,0.0,20.724,20.155,19.269,18.685,18.6,0.714
5101,1,9.77,-0.13,0.68492,-0.828,3.657,4.675,14.2,0.038,0.0,21.041,20.484,19.554,18.936,18.844,0.685
5102,1,9.77,-0.13,0.68239,-0.836,3.656,4.678,14.5,0.038,0.0,21.359,20.803,19.87,19.25,19.157,0.682
5103,1,9.77,-0.13,0.84466,-0.349,3.724,4.557,14.5,0.038,0.0,20.142,19.556,18.878,18.465,18.408,0.845
5104,1,9.77,-0.11,0.46197,-1.443,3.595,4.873,11.8,0.037,0.0,20.179,19.676,18.502,17.879,17.734,0.462
5105,1,9.77,-0.11,0.34948,-1.741,3.576,4.971,12.2,0.037,0.0,21.322,20.85,19.577,19.009,18.829,0.349
5106,1,9.77,-0.11,0.75647,-0.618,3.685,4.622,12.3,0.037,0.0,18.616,18.032,17.213,16.683,16.607,0.756
5107,1,9.77,-0.11,0.50543,-1.332,3.604,4.838,12.8,0.038,0.0,20.901,20.389,19.259,18.613,18.481,0.505
5108,1,9.77,-0.11,1.0549,0.237,3.781,4.296,13.3,0.038,0.0,17.478,16.963,16.463,16.187,16.151,1.055
5109,1,9.77,-0.11,0.66332,-0.897,3.648,4.696,13.5,0.038,0.0,20.513,19.965,19.001,18.36,18.263,0.663
5110,1,9.77,-0.11,1.00442,0.102,3.773,4.375,13.6,0.038,0.0,18.115,17.584,17.059,16.764,16.725,1.004
5111,1,9.77,-0.09,0.4215,-1.545,3.586,4.899,11.3,0.036,0.0,19.932,19.445,18.218,17.622,17.462,0.421
5112,1,9.77,-0.09,0.28142,-1.927,3.563,5.011,11.6,0.036,0.0,21.187,20.752,19.423,18.861,18.656,0.281
5113,1,9.77,-0.09,0.33963,-1.769,3.573,4.976,11.9,0.037,0.0,21.094,20.63,19.342,18.775,18.591,0.34
5114,1,9.77,-0.09,0.32362,-1.81,3.57,4.985,12.0,0.037,0.0,21.296,20.84,19.542,18.976,18.786,0.324
5115,1,9.77,-0.09,0.39167,-1.623,3.581,4.924,12.1,0.037,0.0,20.928,20.45,19.195,18.614,18.444,0.392
5116,1,9.77,-0.09,0.98582,0.045,3.767,4.4,12.6,0.038,0.0,17.257,16.715,16.173,15.864,15.823,0.986
5117,1,9.77,-0.09,0.62222,-1.021,3.634,4.734,13.1,0.038,0.0,20.422,19.89,18.87,18.207,18.099,0.622
5118,1,9.77,-0.09,0.58216,-1.132,3.622,4.769,13.1,0.038,0.0,20.699,20.178,19.114,18.443,18.325,0.582
5119,1,9.77,-0.09,0.94389,-0.077,3.755,4.455,13.1,0.038,0.0,18.062,17.503,16.924,16.587,16.543,0.944
5120,1,9.77,-0.09,0.66618,-0.895,3.648,4.694,13.7,0.038,0.0,20.709,20.161,19.195,18.553,18.455,0.666
5121,1,9.77,-0.09,0.63015,-0.998,3.636,4.727,13.9,0.038,0.0,21.165,20.631,19.621,18.961,18.855,0.63
5122,1,9.77,-0.09,0.7779,-0.562,3.692,4.607,14.2,0.038,0.0,20.375,19.787,18.995,18.489,18.416,0.778
5123,1,9.77,-0.09,0.85467,-0.337,3.724,4.55,14.9,0.038,0.0,20.511,19.923,19.246,18.833,18.776,0.855
5124,1,9.77,-0.07,0.33583,-1.783,3.571,4.977,9.8,0.029,0.0,19.026,18.564,17.268,16.703,16.516,0.336
5125,1,9.77,-0.07,0.85191,-0.353,3.721,4.552,11.4,0.036,0.0,17.052,16.461,15.773,15.353,15.294,0.852
5126,1,9.77,-0.07,1.05206,0.238,3.778,4.281,11.5,0.036,0.0,15.674,15.149,14.641,14.36,14.323,1.052
5127,1,9.77,-0.07,0.52046,-1.301,3.606,4.825,12.4,0.037,0.0,20.422,19.912,18.783,18.131,18.001,0.52
5128,1,9.77,-0.07,1.0883,0.349,3.78,4.193,12.6,0.038,0.0,16.497,15.977,15.474,15.198,15.161,1.088
5129,1,9.77,-0.07,0.56232,-1.189,3.616,4.787,12.7,0.038,0.0,20.443,19.927,18.837,18.172,18.05,0.562
5130,1,9.77,-0.07,1.07775,0.317,3.78,4.218,13.0,0.038,0.0,16.978,16.456,15.952,15.674,15.637,1.078
5131,1,9.77,-0.07,0.96382,-0.023,3.759,4.429,13.1,0.038,0.0,17.929,17.375,16.81,16.484,16.441,0.964
5132,1,9.77,-0.07,0.64097,-0.973,3.638,4.718,13.7,0.038,0.0,20.903,20.367,19.364,18.706,18.602,0.641
5133,1,9.77,-0.07,0.84179,-0.382,3.717,4.56,14.7,0.038,0.0,20.425,19.834,19.132,18.699,18.639,0.842
5134,1,9.77,-0.05,0.22805,-2.112,3.55,5.052,11.1,0.035,0.0,21.149,20.754,19.362,18.808,18.578,0.228
5135,1,9.77,-0.05,0.74446,-0.677,3.675,4.631,13.4,0.038,0.0,19.862,19.282,18.423,17.86,17.778,0.744
5136,1,9.77,-0.05,0.54564,-1.238,3.611,4.802,13.6,0.038,0.0,21.466,20.955,19.842,19.181,19.056,0.546
5137,1,9.77,-0.05,0.73357,-0.71,3.67,4.639,14.1,0.038,0.0,20.645,20.072,19.193,18.615,18.531,0.734
5138,1,9.77,-0.03,0.25102,-2.029,3.554,5.027,9.4,0.027,0.0,19.242,18.832,17.457,16.9,16.679,0.251
5139,1,9.77,-0.03,0.99549,0.07,3.765,4.374,12.3,0.037,0.0,16.894,16.346,15.801,15.491,15.45,0.995
5140,1,9.77,-0.03,0.61662,-1.054,3.628,4.74,12.7,0.038,0.0,20.104,19.58,18.535,17.86,17.749,0.617
5141,1,9.77,-0.03,1.01717,0.142,3.771,4.332,14.1,0.038,0.0,18.515,17.975,17.445,17.147,17.107,1.017
5142,1,9.77,-0.03,0.85472,-0.361,3.719,4.55,14.2,0.038,0.0,19.871,19.28,18.582,18.153,18.093,0.855
5143,1,9.77,-0.01,0.31159,-1.855,3.563,4.986,11.7,0.037,0.0,21.108,20.677,19.337,18.773,18.571,0.312
5144,1,9.77,-0.01,0.31757,-1.84,3.564,4.983,12.0,0.037,0.0,21.369,20.936,19.6,19.036,18.836,0.318
5145,1,9.77,-0.01,0.44729,-1.498,3.587,4.879,12.4,0.037,0.0,20.914,20.435,19.196,18.593,18.436,0.447
5146,1,9.77,-0.01,1.12814,0.475,3.777,4.069,13.5,0.038,0.0,17.082,16.551,16.041,15.76,15.722,1.128
5147,1,9.77,-0.01,0.72267,-0.758,3.662,4.648,14.2,0.038,0.0,20.865,20.3,19.388,18.784,18.695,0.723
5148,1,9.77,-0.01,0.97322,-0.004,3.758,4.408,15.0,0.038,0.0,19.779,19.22,18.652,18.324,18.28,0.973
5149,1,9.77,0.01,1.18355,0.548,3.696,3.695,11.8,0.037,0.0,15.201,14.608,13.828,13.342,13.269,1.184
5150,1,9.77,0.01,1.18096,0.523,3.703,3.745,12.7,0.038,0.0,16.163,15.568,14.813,14.347,14.277,1.181
5151,1,9.77,0.01,0.99299,0.026,3.761,4.398,12.7,0.038,0.0,17.405,16.847,16.288,15.968,15.925,0.993
5152,1,9.77,0.01,0.896,-0.258,3.731,4.517,12.9,0.038,0.0,18.315,17.726,17.071,16.677,16.622,0.896
5153,1,9.77,0.01,0.82038,-0.479,3.7,4.575,13.0,0.038,0.0,18.967,18.371,17.606,17.123,17.055,0.82
5154,1,9.77,0.01,0.86345,-0.352,3.718,4.545,13.1,0.038,0.0,18.749,18.156,17.457,17.029,16.969,0.863
5155,1,9.77,0.01,1.17474,0.525,3.725,3.83,13.8,0.038,0.0,17.257,16.664,15.99,15.587,15.529,1.175
5156,1,9.77,0.03,0.37608,-1.677,3.572,4.926,12.2,0.037,0.0,21.163,20.714,19.395,18.826,18.644,0.376
5157,1,9.77,0.03,1.05324,0.197,3.771,4.294,13.6,0.038,0.0,17.878,17.333,16.806,16.512,16.473,1.053
5158,1,9.77,0.03,0.71404,-0.795,3.655,4.653,13.7,0.038,0.0,20.457,19.9,18.96,18.336,18.244,0.714
5159,1,9.77,0.03,0.74722,-0.697,3.668,4.625,13.7,0.038,0.0,20.213,19.639,18.751,18.167,18.082,0.747
5160,1,9.77,0.03,0.57954,-1.165,3.615,4.773,13.8,0.038,0.0,21.484,20.975,19.87,19.198,19.077,0.58
5161,1,9.77,0.03,1.06575,0.232,3.773,4.27,14.4,0.038,0.0,18.59,18.048,17.526,17.235,17.196,1.066
5162,1,9.77,0.05,0.7275,-0.759,3.659,4.642,10.5,0.033,0.0,17.168,16.602,15.68,15.071,14.981,0.728
5163,1,9.77,0.05,0.61174,-1.082,3.623,4.744,12.6,0.038,0.0,20.075,19.56,18.486,17.806,17.692,0.612
5164,1,9.77,0.05,0.89128,-0.283,3.726,4.521,13.6,0.038,0.0,19.077,18.482,17.811,17.407,17.35,0.891
5165,1,9.77,0.07,0.49784,-1.381,3.594,4.839,12.4,0.037,0.0,20.623,20.142,18.929,18.293,18.152,0.498
5166,1,9.77,0.07,0.56011,-1.221,3.609,4.788,13.0,0.038,0.0,20.822,20.322,19.184,18.516,18.391,0.56
5167,1,9.77,0.07,0.73792,-0.733,3.662,4.634,13.2,0.038,0.0,19.802,19.235,18.323,17.723,17.634,0.738
5168,1,9.77,0.07,0.94958,-0.117,3.744,4.455,13.4,0.038,0.0,18.462,17.881,17.271,16.914,16.865,0.95
5169,1,9.77,0.07,0.59495,-1.131,3.617,4.759,13.8,0.038,0.0,21.397,20.889,19.788,19.112,18.994,0.595
5170,1,9.77,0.07,0.87669,-0.33,3.719,4.533,15.6,0.038,0.0,21.196,20.598,19.902,19.479,19.419,0.877
5171,1,9.77,0.09,0.40973,-1.6,3.576,4.9,10.6,0.033,0.0,19.37,18.919,17.599,17.023,16.85,0.41
5172,1,9.77,0.09,0.40115,-1.62,3.574,4.905,12.1,0.037,0.0,20.921,20.476,19.147,18.574,18.397,0.401
5173,1,9.77,0.09,0.76577,-0.657,3.672,4.612,12.6,0.038,0.0,19.012,18.432,17.559,16.991,16.907,0.766
5174,1,9.77,0.09,0.6415,-1.005,3.63,4.717,12.8,0.038,0.0,20.082,19.559,18.512,17.838,17.729,0.642
5175,1,9.77,0.09,0.60434,-1.109,3.619,4.751,13.1,0.038,0.0,20.641,20.132,19.037,18.359,18.242,0.604
5176,1,9.77,0.11,0.49394,-1.395,3.592,4.84,11.5,0.036,0.0,19.757,19.284,18.049,17.419,17.274,0.494
5177,1,9.77,0.13,0.63637,-1.025,3.627,4.722,12.8,0.038,0.0,20.134,19.616,18.552,17.873,17.762,0.636
5178,1,9.77,0.13,0.95842,-0.108,3.743,4.444,13.3,0.038,0.0,18.34,17.753,17.138,16.781,16.73,0.958
5179,1,9.77,0.13,1.06525,0.195,3.766,4.28,14.6,0.038,0.0,18.884,18.324,17.782,17.481,17.439,1.065
5180,1,9.77,0.15,0.97011,-0.08,3.745,4.429,11.0,0.035,0.0,15.97,15.38,14.774,14.423,14.373,0.97
5181,1,9.77,0.15,0.93615,-0.179,3.734,4.47,11.7,0.037,0.0,16.918,16.322,15.68,15.301,15.247,0.936
5182,1,9.77,0.25,0.47535,-1.447,3.585,4.849,12.7,0.038,0.0,21.088,20.647,19.339,18.723,18.569,0.475
5183,1,9.79,-0.73,0.27475,-1.81,3.606,5.055,11.0,0.035,0.0,20.294,19.742,18.678,18.093,17.939,0.275
5184,1,9.79,-0.73,0.65069,-0.727,3.692,4.694,13.2,0.038,0.0,19.787,19.216,18.426,17.923,17.845,0.651
5185,1,9.79,-0.69,0.43994,-1.374,3.629,4.916,11.2,0.035,0.0,19.404,18.854,17.854,17.238,17.108,0.44
5186,1,9.79,-0.69,0.43668,-1.382,3.628,4.919,13.2,0.038,0.0,21.424,20.875,19.873,19.256,19.126,0.437
5187,1,9.79,-0.67,0.39077,-1.492,3.621,4.952,11.5,0.036,0.0,20.0,19.45,18.428,17.817,17.68,0.391
5188,1,9.79,-0.67,0.66467,-0.693,3.695,4.681,12.5,0.038,0.0,19.002,18.429,17.65,17.154,17.079,0.665
5189,1,9.79,-0.65,0.26157,-1.846,3.6,5.048,11.4,0.036,0.0,20.785,20.236,19.151,18.569,18.412,0.262
5190,1,9.79,-0.65,0.58112,-0.976,3.658,4.757,11.5,0.036,0.0,18.711,18.154,17.241,16.642,16.544,0.581
5191,1,9.79,-0.65,0.61878,-0.854,3.672,4.719,13.4,0.038,0.0,20.304,19.739,18.876,18.312,18.225,0.619
5192,1,9.79,-0.63,0.26873,-1.829,3.6,5.041,11.4,0.036,0.0,20.743,20.195,19.107,18.525,18.368,0.269
5193,1,9.79,-0.63,0.31329,-1.692,3.608,5.004,11.5,0.036,0.0,20.5,19.951,18.889,18.297,18.147,0.313
5194,1,9.79,-0.63,0.2888,-1.764,3.604,5.023,11.8,0.037,0.0,20.979,20.431,19.355,18.769,18.615,0.289
5195,1,9.79,-0.61,0.84682,-0.131,3.768,4.514,12.7,0.038,0.0,17.798,17.293,16.744,16.426,16.386,0.847
5196,1,9.79,-0.61,0.44214,-1.385,3.623,4.909,12.8,0.038,0.0,21.034,20.488,19.468,18.845,18.713,0.442
5197,1,9.79,-0.61,0.55518,-1.067,3.648,4.787,12.9,0.038,0.0,20.339,19.789,18.839,18.218,18.113,0.555
5198,1,9.79,-0.61,0.74893,-0.442,3.728,4.611,14.2,0.038,0.0,20.075,19.512,18.843,18.434,18.377,0.749
5199,1,9.79,-0.59,0.38118,-1.538,3.613,4.956,10.5,0.033,0.0,19.114,18.564,17.516,16.911,16.769,0.381
5200,1,9.79,-0.59,0.34947,-1.613,3.61,4.979,11.8,0.037,0.0,20.601,20.054,18.994,18.396,18.25,0.349
5201,1,9.79,-0.59,0.49542,-1.249,3.632,4.856,12.0,0.037,0.0,19.892,19.346,18.35,17.721,17.6,0.495
5202,1,9.79,-0.59,0.7909,-0.317,3.744,4.574,13.3,0.038,0.0,18.863,18.318,17.699,17.329,17.279,0.791
5203,1,9.79,-0.57,0.57466,-1.02,3.651,4.766,13.2,0.038,0.0,20.519,19.969,19.027,18.406,18.304,0.575
5204,1,9.79,-0.57,0.63031,-0.843,3.671,4.711,14.1,0.038,0.0,20.976,20.412,19.543,18.974,18.887,0.63
5205,1,9.79,-0.55,0.33953,-1.654,3.605,4.987,12.1,0.037,0.0,21.005,20.459,19.382,18.789,18.639,0.34
5206,1,9.79,-0.55,0.31465,-1.718,3.601,5.004,12.2,0.037,0.0,21.266,20.72,19.632,19.046,18.892,0.315
5207,1,9.79,-0.55,0.44598,-1.391,3.619,4.902,13.1,0.038,0.0,21.347,20.804,19.769,19.146,19.012,0.446
5208,1,9.79,-0.55,0.82308,-0.235,3.753,4.548,13.3,0.038,0.0,18.657,18.123,17.534,17.186,17.14,0.823
5209,1,9.79,-0.55,0.9797,0.245,3.803,4.341,13.4,0.038,0.0,17.559,17.123,16.672,16.427,16.399,0.98
5210,1,9.79,-0.55,0.5876,-0.987,3.653,4.752,13.5,0.038,0.0,20.737,20.186,19.251,18.634,18.535,0.588
5211,1,9.79,-0.55,0.55062,-1.097,3.643,4.792,13.8,0.038,0.0,21.313,20.766,19.798,19.169,19.06,0.551
5212,1,9.79,-0.53,0.25224,-1.915,3.588,5.052,11.2,0.035,0.0,20.758,20.232,19.085,18.514,18.342,0.252
5213,1,9.79,-0.53,0.2722,-1.852,3.592,5.037,11.5,0.036,0.0,20.9,20.368,19.238,18.662,18.496,0.272
5214,1,9.79,-0.53,0.99143,0.264,3.803,4.33,12.0,0.037,0.0,16.109,15.673,15.225,14.983,14.955,0.991
5215,1,9.79,-0.53,0.48066,-1.303,3.625,4.868,13.4,0.038,0.0,21.428,20.886,19.866,19.23,19.103,0.481
5216,1,9.79,-0.53,0.95471,0.156,3.795,4.387,13.9,0.038,0.0,18.281,17.826,17.354,17.094,17.063,0.955
5217,1,9.79,-0.53,0.66883,-0.732,3.685,4.679,14.2,0.038,0.0,20.799,20.227,19.407,18.875,18.796,0.669
5218,1,9.79,-0.49,0.22323,-2.041,3.577,5.083,10.8,0.034,0.0,20.673,20.164,18.967,18.408,18.223,0.223
5219,1,9.79,-0.49,0.27672,-1.851,3.589,5.033,11.5,0.036,0.0,20.899,20.372,19.227,18.653,18.484,0.277
5220,1,9.79,-0.49,0.72594,-0.564,3.706,4.634,12.6,0.038,0.0,18.781,18.204,17.462,16.994,16.927,0.726
5221,1,9.79,-0.49,0.44533,-1.407,3.615,4.899,12.8,0.038,0.0,21.088,20.547,19.494,18.873,18.737,0.445
5222,1,9.79,-0.49,0.96922,0.178,3.795,4.374,12.8,0.038,0.0,17.126,16.67,16.2,15.942,15.912,0.969
5223,1,9.79,-0.49,0.71947,-0.585,3.703,4.639,13.6,0.038,0.0,19.833,19.255,18.503,18.026,17.958,0.719
5224,1,9.79,-0.49,0.93718,0.084,3.787,4.42,13.8,0.038,0.0,18.36,17.885,17.393,17.118,17.085,0.937
5225,1,9.79,-0.49,0.84013,-0.206,3.756,4.539,14.3,0.038,0.0,19.586,19.053,18.472,18.13,18.086,0.84
5226,1,9.79,-0.47,0.31237,-1.754,3.593,5.006,10.3,0.032,0.0,19.456,18.92,17.795,17.215,17.053,0.312
5227,1,9.79,-0.47,0.348,-1.663,3.599,4.984,11.4,0.036,0.0,20.328,19.787,18.684,18.094,17.941,0.348
5228,1,9.79,-0.47,0.89288,-0.055,3.772,4.479,11.8,0.037,0.0,16.707,16.2,15.667,15.362,15.325,0.893
5229,1,9.79,-0.47,0.53897,-1.152,3.634,4.805,13.1,0.038,0.0,20.75,20.208,19.212,18.572,18.457,0.539
5230,1,9.79,-0.47,0.49274,-1.285,3.623,4.854,13.2,0.038,0.0,21.183,20.644,19.614,18.975,18.848,0.493
5231,1,9.79,-0.47,0.56844,-1.067,3.642,4.774,13.3,0.038,0.0,20.736,20.191,19.219,18.584,18.477,0.568
5232,1,9.79,-0.47,0.677,-0.728,3.683,4.673,13.8,0.038,0.0,20.39,19.818,18.989,18.45,18.371,0.677
5233,1,9.79,-0.45,0.19894,-2.152,3.567,5.103,10.7,0.034,0.0,20.849,20.372,19.121,18.564,18.363,0.199
5234,1,9.79,-0.45,0.28421,-1.842,3.587,5.026,11.6,0.036,0.0,20.975,20.456,19.295,18.722,18.551,0.284
5235,1,9.79,-0.45,0.46459,-1.366,3.616,4.88,12.0,0.037,0.0,20.185,19.647,18.593,17.965,17.831,0.465
5236,1,9.79,-0.45,0.31695,-1.75,3.592,5.004,12.2,0.037,0.0,21.345,20.817,19.682,19.101,18.938,0.317
5237,1,9.79,-0.45,0.84084,-0.218,3.753,4.54,13.8,0.038,0.0,19.114,18.575,17.986,17.64,17.595,0.841
5238,1,9.79,-0.45,1.00589,0.295,3.8,4.292,14.8,0.038,0.0,18.831,18.382,17.928,17.682,17.652,1.006
5239,1,9.79,-0.43,0.34826,-1.678,3.595,4.985,11.8,0.037,0.0,20.765,20.233,19.109,18.521,18.364,0.348
5240,1,9.79,-0.43,0.51112,-1.243,3.625,4.834,12.6,0.038,0.0,20.478,19.941,18.912,18.266,18.142,0.511
5241,1,9.79,-0.43,0.47811,-1.335,3.617,4.866,13.1,0.038,0.0,21.206,20.67,19.617,18.985,18.853,0.478
5242,1,9.79,-0.43,0.62163,-0.919,3.657,4.723,13.2,0.038,0.0,20.267,19.713,18.789,18.176,18.081,0.622
5243,1,9.79,-0.43,0.76261,-0.469,3.718,4.609,13.2,0.038,0.0,19.142,18.567,17.867,17.433,17.373,0.763
5244,1,9.79,-0.43,0.70211,-0.665,3.689,4.652,13.8,0.038,0.0,20.232,19.656,18.852,18.333,18.258,0.702
5245,1,9.79,-0.43,0.80084,-0.347,3.736,4.579,13.9,0.038,0.0,19.539,18.977,18.335,17.947,17.894,0.801
5246,1,9.79,-0.43,0.62009,-0.924,3.656,4.724,14.4,0.038,0.0,21.479,20.926,19.999,19.385,19.29,0.62
5247,1,9.79,-0.41,0.70014,-0.679,3.686,4.653,11.0,0.035,0.0,17.468,16.891,16.076,15.549,15.472,0.7
5248,1,9.79,-0.41,0.50616,-1.263,3.622,4.839,12.0,0.037,0.0,19.927,19.39,18.352,17.708,17.582,0.506
5249,1,9.79,-0.41,1.02124,0.338,3.795,4.235,12.3,0.037,0.0,16.225,15.761,15.293,15.038,15.007,1.021
5250,1,9.79,-0.41,0.64085,-0.864,3.663,4.706,14.2,0.038,0.0,21.13,20.571,19.668,19.072,18.981,0.641
5251,1,9.79,-0.41,1.0412,0.414,3.795,4.167,15.1,0.038,0.0,18.835,18.371,17.902,17.647,17.616,1.041
5252,1,9.79,-0.39,0.17361,-2.356,3.538,5.132,8.1,0.018,0.0,18.76,18.368,16.968,16.412,16.179,0.174
5253,1,9.79,-0.39,1.03857,0.454,3.799,4.143,10.7,0.034,0.0,14.334,13.874,13.42,13.176,13.145,1.039
5254,1,9.79,-0.39,0.33129,-1.736,3.589,4.997,10.9,0.034,0.0,20.011,19.49,18.333,17.753,17.587,0.331
5255,1,9.79,-0.39,0.59129,-1.025,3.643,4.753,12.4,0.037,0.0,19.733,19.189,18.215,17.577,17.472,0.591
5256,1,9.79,-0.39,0.51311,-1.247,3.622,4.831,12.5,0.038,0.0,20.389,19.854,18.814,18.168,18.043,0.513
5257,1,9.79,-0.39,1.10455,0.954,3.698,3.266,13.8,0.038,0.0,16.186,15.608,14.833,14.344,14.275,1.105
5258,1,9.79,-0.39,0.66549,-0.793,3.671,4.683,13.8,0.038,0.0,20.552,19.985,19.112,18.538,18.453,0.665
5259,1,9.79,-0.39,0.90832,-0.022,3.773,4.457,14.1,0.038,0.0,18.925,18.414,17.885,17.584,17.546,0.908
5260,1,9.79,-0.39,0.68853,-0.722,3.68,4.663,14.4,0.038,0.0,20.975,20.403,19.563,19.015,18.935,0.689
5261,1,9.79,-0.39,0.84043,-0.233,3.75,4.541,15.0,0.038,0.0,20.353,19.804,19.206,18.853,18.806,0.84
5262,1,9.79,-0.37,0.22509,-2.068,3.568,5.075,10.9,0.034,0.0,20.84,20.369,19.106,18.548,18.348,0.225
5263,1,9.79,-0.37,0.88293,-0.107,3.764,4.492,11.3,0.036,0.0,16.338,15.809,15.253,14.931,14.89,0.883
5264,1,9.79,-0.37,0.36194,-1.66,3.592,4.971,11.4,0.036,0.0,20.321,19.799,18.651,18.063,17.902,0.362
5265,1,9.79,-0.37,0.38248,-1.6,3.595,4.946,11.6,0.036,0.0,20.369,19.844,18.708,18.113,17.958,0.382
5266,1,9.79,-0.37,0.83732,-0.25,3.747,4.545,11.9,0.037,0.0,17.294,16.74,16.135,15.776,15.728,0.837
5267,1,9.79,-0.37,0.40529,-1.535,3.598,4.921,12.1,0.037,0.0,20.708,20.178,19.059,18.453,18.304,0.405
5268,1,9.79,-0.37,0.53963,-1.176,3.628,4.804,12.2,0.037,0.0,19.909,19.373,18.35,17.7,17.581,0.54
5269,1,9.79,-0.37,0.75211,-0.523,3.709,4.618,12.2,0.037,0.0,18.278,17.698,16.964,16.504,16.439,0.752
5270,1,9.79,-0.37,0.50469,-1.277,3.619,4.839,12.5,0.038,0.0,20.461,19.928,18.876,18.234,18.106,0.505
5271,1,9.79,-0.37,1.01139,0.309,3.798,4.272,12.5,0.038,0.0,16.498,16.036,15.577,15.329,15.299,1.011
5272,1,9.79,-0.37,0.47035,-1.37,3.611,4.871,12.8,0.038,0.0,20.995,20.462,19.385,18.756,18.621,0.47
5273,1,9.79,-0.37,0.85855,-0.183,3.755,4.522,12.9,0.038,0.0,18.128,17.586,17.005,16.663,16.619,0.859
5274,1,9.79,-0.37,1.09452,0.63,3.774,3.889,13.0,0.038,0.0,16.196,15.685,15.158,14.861,14.823,1.095
5275,1,9.79,-0.37,0.59681,-1.016,3.643,4.748,13.1,0.038,0.0,20.41,19.866,18.892,18.252,18.148,0.597
5276,1,9.79,-0.37,0.62309,-0.935,3.653,4.724,13.5,0.038,0.0,20.607,20.055,19.115,18.49,18.393,0.623
5277,1,9.79,-0.37,0.59068,-1.033,3.641,4.754,14.0,0.038,0.0,21.352,20.809,19.83,19.189,19.083,0.591
5278,1,9.79,-0.37,0.8122,-0.329,3.737,4.572,14.2,0.038,0.0,19.792,19.229,18.591,18.207,18.155,0.812
5279,1,9.79,-0.35,0.39855,-1.556,3.596,4.925,11.3,0.036,0.0,19.96,19.435,18.301,17.7,17.548,0.399
5280,1,9.79,-0.35,0.62437,-0.937,3.652,4.723,11.5,0.036,0.0,18.612,18.06,17.117,16.489,16.392,0.624
5281,1,9.79,-0.35,0.44769,-1.434,3.605,4.889,11.7,0.037,0.0,20.055,19.524,18.426,17.805,17.665,0.448
5282,1,9.79,-0.35,0.73699,-0.582,3.699,4.629,12.0,0.037,0.0,18.224,17.64,16.873,16.386,16.316,0.737
5283,1,9.79,-0.35,0.69809,-0.708,3.68,4.655,12.1,0.037,0.0,18.641,18.066,17.227,16.68,16.6,0.698
5284,1,9.79,-0.35,0.34025,-1.723,3.588,4.99,12.2,0.037,0.0,21.278,20.765,19.594,19.014,18.847,0.34
5285,1,9.79,-0.35,0.46026,-1.401,3.608,4.879,12.6,0.038,0.0,20.872,20.342,19.252,18.626,18.488,0.46
5286,1,9.79,-0.35,0.96085,0.135,3.786,4.377,12.6,0.038,0.0,17.034,16.547,16.056,15.783,15.749,0.961
5287,1,9.79,-0.35,0.4467,-1.437,3.605,4.89,12.7,0.038,0.0,21.061,20.531,19.432,18.811,18.671,0.447
5288,1,9.79,-0.35,1.08681,0.565,3.798,4.047,12.8,0.038,0.0,16.156,15.693,15.235,14.99,14.959,1.087
5289,1,9.79,-0.35,0.70166,-0.697,3.681,4.653,13.0,0.038,0.0,19.513,18.938,18.105,17.562,17.483,0.702
5290,1,9.79,-0.35,0.59891,-1.016,3.642,4.746,13.7,0.038,0.0,21.009,20.465,19.488,18.848,18.743,0.599
5291,1,9.79,-0.33,0.24128,-2.013,3.569,5.055,10.1,0.031,0.0,19.902,19.427,18.166,17.607,17.411,0.241
5292,1,9.79,-0.33,0.40971,-1.531,3.597,4.916,10.8,0.034,0.0,19.399,18.873,17.741,17.136,16.986,0.41
5293,1,9.79,-0.33,0.53338,-1.203,3.624,4.81,11.4,0.036,0.0,19.178,18.645,17.607,16.953,16.831,0.533
5294,1,9.79,-0.33,0.44465,-1.445,3.603,4.891,12.5,0.038,0.0,20.884,20.355,19.248,18.628,18.487,0.445
5295,1,9.79,-0.33,1.0892,0.55,3.798,4.063,13.1,0.038,0.0,16.494,16.029,15.572,15.328,15.296,1.089
5296,1,9.79,-0.33,0.72114,-0.641,3.689,4.64,13.1,0.038,0.0,19.473,18.893,18.09,17.572,17.497,0.721
5297,1,9.79,-0.33,0.66287,-0.824,3.665,4.689,13.2,0.038,0.0,20.029,19.467,18.571,17.98,17.891,0.663
5298,1,9.79,-0.33,0.51889,-1.245,3.62,4.825,13.3,0.038,0.0,21.182,20.65,19.599,18.951,18.826,0.519
5299,1,9.79,-0.33,0.64465,-0.88,3.658,4.706,13.3,0.038,0.0,20.27,19.714,18.793,18.182,18.089,0.645
5300,1,9.79,-0.33,0.94329,0.042,3.777,4.425,13.9,0.038,0.0,18.566,18.058,17.541,17.25,17.213,0.943
5301,1,9.79,-0.31,0.18716,-2.269,3.546,5.11,10.4,0.032,0.0,20.842,20.438,19.067,18.511,18.28,0.187
5302,1,9.79,-0.31,0.24533,-2.001,3.569,5.049,10.9,0.034,0.0,20.672,20.201,18.935,18.375,18.178,0.245
5303,1,9.79,-0.31,0.54912,-1.163,3.627,4.795,11.3,0.036,0.0,18.978,18.444,17.414,16.758,16.64,0.549
5304,1,9.79,-0.31,0.26141,-1.948,3.572,5.037,11.5,0.036,0.0,21.141,20.661,19.409,18.849,18.658,0.261
5305,1,9.79,-0.31,0.31489,-1.794,3.581,5.002,11.8,0.037,0.0,21.055,20.555,19.349,18.777,18.601,0.315
5306,1,9.79,-0.31,1.08955,0.529,3.799,4.086,12.5,0.038,0.0,15.947,15.481,15.026,14.782,14.751,1.09
5307,1,9.79,-0.31,0.831,-0.302,3.738,4.559,12.6,0.038,0.0,18.126,17.561,16.926,16.545,16.494,0.831
5308,1,9.79,-0.31,0.66798,-0.815,3.665,4.685,12.7,0.038,0.0,19.508,18.944,18.05,17.459,17.371,0.668
5309,1,9.79,-0.31,0.65292,-0.861,3.66,4.699,12.7,0.038,0.0,19.623,19.065,18.149,17.543,17.451,0.653
5310,1,9.79,-0.31,0.51285,-1.266,3.618,4.831,13.2,0.038,0.0,21.136,20.606,19.545,18.899,18.772,0.513
5311,1,9.79,-0.31,0.58376,-1.068,3.636,4.762,13.3,0.038,0.0,20.74,20.202,19.201,18.552,18.442,0.584
5312,1,9.79,-0.31,0.76151,-0.52,3.707,4.613,14.1,0.038,0.0,20.169,19.586,18.847,18.382,18.316,0.762
5313,1,9.79,-0.31,1.06856,0.394,3.787,4.168,14.4,0.038,0.0,18.185,17.696,17.209,16.941,16.907,1.069
5314,1,9.79,-0.31,0.81788,-0.341,3.733,4.571,15.5,0.038,0.0,21.124,20.553,19.904,19.511,19.457,0.818
5315,1,9.79,-0.29,0.31285,-1.803,3.58,5.002,9.7,0.028,0.0,18.977,18.476,17.262,16.692,16.516,0.313
5316,1,9.79,-0.29,0.34089,-1.732,3.584,4.986,10.7,0.034,0.0,19.8,19.294,18.099,17.521,17.351,0.341
5317,1,9.79,-0.29,0.65723,-0.855,3.66,4.696,10.8,0.034,0.0,17.707,17.146,16.232,15.626,15.535,0.657
5318,1,9.79,-0.29,0.2761,-1.907,3.573,5.026,11.5,0.036,0.0,21.039,20.556,19.308,18.746,18.559,0.276
5319,1,9.79,-0.29,0.74897,-0.568,3.699,4.622,12.7,0.038,0.0,18.89,18.305,17.538,17.05,16.981,0.749
5320,1,9.79,-0.29,0.64167,-0.902,3.654,4.71,12.7,0.038,0.0,19.725,19.172,18.235,17.613,17.518,0.642
5321,1,9.79,-0.29,1.12965,0.6,3.743,3.811,12.8,0.038,0.0,16.071,15.512,14.893,14.528,14.478,1.13
5322,1,9.79,-0.29,0.56891,-1.114,3.631,4.776,12.9,0.038,0.0,20.455,19.92,18.902,18.247,18.133,0.569
5323,1,9.79,-0.29,0.83647,-0.296,3.738,4.555,12.9,0.038,0.0,18.41,17.843,17.209,16.828,16.777,0.836
5324,1,9.79,-0.29,0.6878,-0.762,3.671,4.667,13.0,0.038,0.0,19.674,19.105,18.232,17.658,17.573,0.688
5325,1,9.79,-0.29,0.73287,-0.619,3.691,4.633,13.1,0.038,0.0,19.418,18.837,18.04,17.529,17.455,0.733
5326,1,9.79,-0.29,0.56572,-1.123,3.63,4.779,13.1,0.038,0.0,20.677,20.143,19.121,18.466,18.351,0.566
5327,1,9.79,-0.29,0.59841,-1.033,3.639,4.748,13.3,0.038,0.0,20.653,20.113,19.121,18.473,18.366,0.598
5328,1,9.79,-0.29,0.49089,-1.331,3.611,4.851,13.4,0.038,0.0,21.499,20.972,19.886,19.249,19.116,0.491
5329,1,9.79,-0.29,0.74033,-0.595,3.695,4.628,13.7,0.038,0.0,19.959,19.376,18.593,18.093,18.021,0.74
5330,1,9.79,-0.29,0.61675,-0.978,3.645,4.732,14.0,0.038,0.0,21.215,20.67,19.7,19.06,18.958,0.617
5331,1,9.79,-0.29,0.93636,-0.009,3.77,4.446,14.6,0.038,0.0,19.393,18.871,18.335,18.03,17.991,0.936
5332,1,9.79,-0.29,0.73986,-0.597,3.695,4.628,14.6,0.038,0.0,20.863,20.28,19.496,18.995,18.923,0.74
5333,1,9.79,-0.27,0.19252,-2.236,3.549,5.1,10.7,0.034,0.0,21.059,20.651,19.289,18.732,18.502,0.193
5334,1,9.79,-0.27,0.35111,-1.709,3.585,4.978,11.0,0.035,0.0,20.042,19.539,18.342,17.762,17.593,0.351
5335,1,9.79,-0.27,0.31922,-1.79,3.58,4.997,11.5,0.036,0.0,20.745,20.251,19.03,18.459,18.282,0.319
5336,1,9.79,-0.27,0.45745,-1.424,3.603,4.88,12.2,0.037,0.0,20.53,20.006,18.89,18.264,18.125,0.457
5337,1,9.79,-0.27,0.45353,-1.434,3.602,4.883,12.6,0.038,0.0,20.956,20.432,19.313,18.689,18.549,0.454
5338,1,9.79,-0.27,0.68783,-0.769,3.669,4.668,12.7,0.038,0.0,19.392,18.824,17.945,17.365,17.28,0.688
5339,1,9.79,-0.27,0.49239,-1.332,3.61,4.85,12.8,0.038,0.0,20.899,20.374,19.284,18.645,18.513,0.492
5340,1,9.79,-0.27,1.08597,0.404,3.784,4.15,13.0,0.038,0.0,16.76,16.261,15.764,15.49,15.455,1.086
5341,1,9.79,-0.27,0.83518,-0.309,3.736,4.558,13.1,0.038,0.0,18.642,18.072,17.431,17.044,16.992,0.835
5342,1,9.79,-0.27,0.98846,0.124,3.782,4.382,13.1,0.038,0.0,17.559,17.057,16.554,16.275,16.24,0.988
5343,1,9.79,-0.27,1.11153,0.565,3.794,4.039,13.4,0.038,0.0,16.756,16.278,15.809,15.557,15.524,1.112
5344,1,9.79,-0.27,0.59769,-1.041,3.637,4.75,13.5,0.038,0.0,20.872,20.333,19.335,18.685,18.577,0.598
5345,1,9.79,-0.27,0.69309,-0.753,3.671,4.663,13.8,0.038,0.0,20.452,19.882,19.01,18.437,18.352,0.693
5346,1,9.79,-0.27,0.88617,-0.162,3.753,4.506,13.8,0.038,0.0,18.975,18.424,17.837,17.493,17.448,0.886
5347,1,9.79,-0.27,0.58831,-1.066,3.635,4.759,13.9,0.038,0.0,21.336,20.799,19.792,19.14,19.029,0.588
5348,1,9.79,-0.27,0.93186,-0.033,3.767,4.455,14.0,0.038,0.0,18.852,18.323,17.779,17.466,17.427,0.932
5349,1,9.79,-0.27,1.04552,0.307,3.792,4.265,14.3,0.038,0.0,18.302,17.821,17.349,17.092,17.059,1.046
5350,1,9.79,-0.27,0.91336,-0.085,3.762,4.476,14.6,0.038,0.0,19.582,19.045,18.483,18.159,18.117,0.913
5351,1,9.79,-0.25,0.53578,-1.216,3.62,4.809,9.7,0.028,0.0,17.509,16.976,15.92,15.266,15.143,0.536
5352,1,9.79,-0.25,0.20808,-2.153,3.557,5.082,10.3,0.032,0.0,20.454,20.022,18.693,18.135,17.917,0.208
5353,1,9.79,-0.25,0.32997,-1.766,3.58,4.99,10.8,0.034,0.0,19.986,19.491,18.27,17.697,17.522,0.33
5354,1,9.79,-0.25,0.53003,-1.232,3.619,4.814,11.9,0.037,0.0,19.749,19.222,18.158,17.506,17.381,0.53
5355,1,9.79,-0.25,0.31527,-1.804,3.578,4.998,12.1,0.037,0.0,21.379,20.89,19.657,19.088,18.909,0.315
5356,1,9.79,-0.25,1.06653,0.344,3.79,4.227,12.3,0.037,0.0,16.21,15.722,15.243,14.982,14.948,1.067
5357,1,9.79,-0.25,0.60669,-1.02,3.639,4.742,12.4,0.037,0.0,19.719,19.179,18.186,17.538,17.431,0.607
5358,1,9.79,-0.25,0.63014,-0.949,3.647,4.721,12.7,0.038,0.0,19.843,19.296,18.333,17.694,17.595,0.63
5359,1,9.79,-0.25,0.92697,-0.056,3.764,4.463,12.8,0.038,0.0,17.711,17.176,16.621,16.302,16.261,0.927
5360,1,9.79,-0.25,0.41913,-1.521,3.595,4.906,12.9,0.038,0.0,21.473,20.96,19.803,19.196,19.044,0.419
5361,1,9.79,-0.25,0.65365,-0.879,3.656,4.7,13.0,0.038,0.0,19.966,19.412,18.479,17.86,17.766,0.654
5362,1,9.79,-0.25,0.69124,-0.766,3.669,4.665,13.1,0.038,0.0,19.784,19.216,18.335,17.754,17.669,0.691
5363,1,9.79,-0.25,0.77286,-0.51,3.706,4.606,13.1,0.038,0.0,19.144,18.558,17.816,17.35,17.284,0.773
5364,1,9.79,-0.25,0.48386,-1.358,3.607,4.857,13.2,0.038,0.0,21.366,20.842,19.74,19.105,18.97,0.484
5365,1,9.79,-0.25,0.72082,-0.673,3.682,4.642,13.5,0.038,0.0,19.951,19.373,18.542,18.002,17.923,0.721
5366,1,9.79,-0.25,0.59896,-1.043,3.636,4.749,13.7,0.038,0.0,21.076,20.539,19.537,18.885,18.776,0.599
5367,1,9.79,-0.25,0.58341,-1.085,3.632,4.764,13.7,0.038,0.0,21.182,20.648,19.631,18.976,18.863,0.583
5368,1,9.79,-0.25,0.65961,-0.861,3.658,4.695,13.8,0.038,0.0,20.722,20.165,19.241,18.628,18.535,0.66
5369,1,9.79,-0.25,0.90007,-0.132,3.756,4.493,13.9,0.038,0.0,19.0,18.452,17.873,17.535,17.491,0.9
5370,1,9.79,-0.25,0.64373,-0.908,3.652,4.709,13.9,0.038,0.0,20.941,20.39,19.444,18.815,18.719,0.644
5371,1,9.79,-0.25,0.75985,-0.55,3.7,4.615,14.7,0.038,0.0,20.846,20.259,19.496,19.012,18.944,0.76
5372,1,9.79,-0.25,1.08392,0.384,3.785,4.174,14.8,0.038,0.0,18.611,18.113,17.619,17.348,17.313,1.084
5373,1,9.79,-0.23,0.12599,-2.765,3.489,5.204,8.8,0.023,0.0,20.483,20.258,18.556,18.01,17.765,0.126
5374,1,9.79,-0.23,0.47857,-1.376,3.605,4.861,11.2,0.035,0.0,19.411,18.888,17.776,17.142,17.007,0.479
5375,1,9.79,-0.23,0.67987,-0.807,3.663,4.676,11.8,0.037,0.0,18.587,18.023,17.121,16.524,16.435,0.68
5376,1,9.79,-0.23,0.73349,-0.64,3.686,4.634,11.8,0.037,0.0,18.171,17.59,16.774,16.247,16.171,0.733
5377,1,9.79,-0.23,0.4586,-1.429,3.601,4.878,11.9,0.037,0.0,20.241,19.721,18.594,17.967,17.827,0.459
5378,1,9.79,-0.23,0.86035,-0.254,3.741,4.536,12.4,0.037,0.0,17.805,17.237,16.612,16.239,16.189,0.86
5379,1,9.79,-0.23,0.45668,-1.434,3.601,4.879,12.6,0.038,0.0,20.954,20.434,19.305,18.679,18.538,0.457
5380,1,9.79,-0.23,0.55084,-1.178,3.623,4.794,12.6,0.038,0.0,20.316,19.789,18.738,18.077,17.956,0.551
5381,1,9.79,-0.23,0.43738,-1.481,3.597,4.893,12.8,0.038,0.0,21.272,20.757,19.609,18.994,18.847,0.437
5382,1,9.79,-0.23,0.76978,-0.528,3.703,4.609,14.7,0.038,0.0,20.789,20.202,19.448,18.972,18.905,0.77
5383,1,9.79,-0.21,0.3012,-1.846,3.573,5.003,10.8,0.034,0.0,20.185,19.708,18.447,17.883,17.697,0.301
5384,1,9.79,-0.21,0.88559,-0.19,3.747,4.511,10.9,0.034,0.0,16.146,15.582,14.98,14.623,14.576,0.886
5385,1,9.79,-0.21,0.2494,-2.002,3.564,5.038,11.0,0.035,0.0,20.776,20.328,19.024,18.463,18.258,0.249
5386,1,9.79,-0.21,1.16978,0.935,3.691,3.28,11.7,0.037,0.0,14.134,13.552,12.75,12.242,12.167,1.17
5387,1,9.79,-0.21,0.34808,-1.727,3.581,4.977,12.0,0.037,0.0,21.088,20.597,19.37,18.794,18.621,0.348
5388,1,9.79,-0.21,0.39892,-1.58,3.589,4.919,12.6,0.038,0.0,21.32,20.819,19.625,19.031,18.871,0.399
5389,1,9.79,-0.21,0.8262,-0.363,3.726,4.567,12.7,0.038,0.0,18.378,17.796,17.122,16.712,16.655,0.826
5390,1,9.79,-0.21,0.9872,0.092,3.776,4.392,12.9,0.038,0.0,17.441,16.923,16.407,16.117,16.08,0.987
5391,1,9.79,-0.21,0.62548,-0.975,3.643,4.727,13.5,0.038,0.0,20.707,20.165,19.184,18.539,18.436,0.625
5392,1,9.79,-0.21,0.54456,-1.201,3.62,4.8,13.7,0.038,0.0,21.472,20.947,19.884,19.226,19.103,0.545
5393,1,9.79,-0.21,0.61669,-1.001,3.64,4.735,14.2,0.038,0.0,21.473,20.933,19.941,19.292,19.187,0.617
5394,1,9.79,-0.19,0.90624,-0.14,3.752,4.49,11.3,0.036,0.0,16.421,15.862,15.274,14.93,14.884,0.906
5395,1,9.79,-0.19,0.26058,-1.972,3.565,5.03,11.7,0.037,0.0,21.399,20.951,19.647,19.085,18.883,0.261
5396,1,9.79,-0.19,0.36579,-1.68,3.583,4.957,11.8,0.037,0.0,20.769,20.278,19.054,18.474,18.304,0.366
5397,1,9.79,-0.19,0.78054,-0.511,3.704,4.602,12.4,0.037,0.0,18.447,17.859,17.108,16.635,16.568,0.781
5398,1,9.79,-0.19,0.63437,-0.955,3.645,4.719,12.5,0.038,0.0,19.657,19.112,18.137,17.494,17.392,0.634
5399,1,9.79,-0.19,1.04522,0.238,3.786,4.31,12.9,0.038,0.0,17.075,16.575,16.087,15.82,15.785,1.045
5400,1,9.79,-0.19,0.50657,-1.311,3.609,4.837,13.0,0.038,0.0,21.047,20.527,19.424,18.78,18.649,0.507
5401,1,9.79,-0.19,0.47503,-1.394,3.602,4.864,13.0,0.038,0.0,21.254,20.737,19.609,18.975,18.838,0.475
5402,1,9.79,-0.19,0.53501,-1.232,3.616,4.81,13.3,0.038,0.0,21.15,20.628,19.55,18.895,18.77,0.535
5403,1,9.79,-0.19,0.80823,-0.426,3.716,4.581,14.3,0.038,0.0,20.136,19.55,18.842,18.405,18.343,0.808
5404,1,9.79,-0.19,0.95056,-0.016,3.765,4.439,14.4,0.038,0.0,19.21,18.673,18.124,17.81,17.769,0.951
5405,1,9.79,-0.19,1.10842,0.412,3.781,4.141,14.6,0.038,0.0,18.341,17.831,17.328,17.051,17.015,1.108
5406,1,9.79,-0.19,1.03091,0.203,3.784,4.332,14.9,0.038,0.0,19.163,18.66,18.166,17.894,17.859,1.031
5407,1,9.79,-0.19,0.86416,-0.26,3.738,4.534,15.0,0.038,0.0,20.42,19.849,19.217,18.838,18.787,0.864
5408,1,9.79,-0.19,0.83931,-0.333,3.729,4.557,15.3,0.038,0.0,20.902,20.322,19.66,19.258,19.202,0.839
5409,1,9.79,-0.17,0.29046,-1.885,3.569,5.008,11.7,0.037,0.0,21.182,20.723,19.435,18.871,18.677,0.29
5410,1,9.79,-0.17,0.43342,-1.502,3.593,4.894,12.0,0.037,0.0,20.524,20.02,18.842,18.232,18.081,0.433
5411,1,9.79,-0.17,0.35432,-1.716,3.58,4.969,12.3,0.037,0.0,21.361,20.876,19.635,19.06,18.886,0.354
5412,1,9.79,-0.17,0.86455,-0.267,3.737,4.535,12.4,0.037,0.0,17.839,17.265,16.627,16.245,16.193,0.865
5413,1,9.79,-0.17,0.96054,0.005,3.766,4.428,12.5,0.038,0.0,17.258,16.721,16.176,15.865,15.825,0.961
5414,1,9.79,-0.17,0.4004,-1.583,3.587,4.916,12.6,0.038,0.0,21.327,20.834,19.623,19.03,18.868,0.4
5415,1,9.79,-0.17,0.68359,-0.816,3.66,4.674,12.6,0.038,0.0,19.411,18.851,17.933,17.325,17.235,0.684
5416,1,9.79,-0.17,1.08738,0.338,3.784,4.217,12.8,0.038,0.0,16.725,16.219,15.724,15.452,15.417,1.087
5417,1,9.79,-0.17,0.48326,-1.376,3.603,4.856,12.9,0.038,0.0,21.111,20.595,19.467,18.83,18.694,0.483
5418,1,9.79,-0.17,0.62036,-1.002,3.639,4.732,13.1,0.038,0.0,20.374,19.836,18.838,18.185,18.08,0.62
5419,1,9.79,-0.17,0.63262,-0.966,3.643,4.722,13.6,0.038,0.0,20.784,20.242,19.259,18.612,18.51,0.633
5420,1,9.79,-0.17,0.95195,-0.019,3.764,4.438,13.7,0.038,0.0,18.518,17.978,17.426,17.109,17.067,0.952
5421,1,9.79,-0.15,0.43633,-1.498,3.592,4.891,8.6,0.021,0.0,17.116,16.605,15.426,14.818,14.667,0.436
5422,1,9.79,-0.15,0.93032,-0.087,3.756,4.464,10.0,0.03,0.0,14.988,14.429,13.856,13.522,13.479,0.93
5423,1,9.79,-0.15,0.43504,-1.501,3.592,4.892,11.1,0.035,0.0,19.624,19.122,17.937,17.328,17.176,0.435
5424,1,9.79,-0.15,0.58556,-1.105,3.627,4.764,11.2,0.035,0.0,18.734,18.205,17.164,16.496,16.381,0.586
5425,1,9.79,-0.15,0.29789,-1.866,3.569,5.001,11.8,0.037,0.0,21.235,20.776,19.486,18.922,18.729,0.298
5426,1,9.79,-0.15,0.67585,-0.846,3.656,4.682,12.3,0.037,0.0,19.184,18.628,17.694,17.074,16.981,0.676
5427,1,9.79,-0.15,0.46684,-1.423,3.598,4.869,12.7,0.038,0.0,21.027,20.516,19.366,18.737,18.596,0.467
5428,1,9.79,-0.15,0.46096,-1.438,3.597,4.874,12.8,0.038,0.0,21.165,20.656,19.498,18.873,18.73,0.461
5429,1,9.79,-0.15,0.71465,-0.729,3.67,4.649,13.1,0.038,0.0,19.694,19.122,18.245,17.669,17.585,0.715
5430,1,9.79,-0.15,0.48764,-1.369,3.603,4.853,13.2,0.038,0.0,21.393,20.879,19.748,19.109,18.974,0.488
5431,1,9.79,-0.15,0.94856,-0.035,3.762,4.443,13.2,0.038,0.0,18.058,17.513,16.953,16.631,16.589,0.949
5432,1,9.79,-0.15,1.06628,0.278,3.784,4.269,13.4,0.038,0.0,17.475,16.967,16.473,16.202,16.166,1.066
5433,1,9.79,-0.15,0.83753,-0.356,3.724,4.559,14.4,0.038,0.0,20.06,19.474,18.795,18.381,18.324,0.838
5434,1,9.79,-0.15,1.15831,0.589,3.751,3.862,14.4,0.038,0.0,17.698,17.138,16.545,16.201,16.153,1.158
5435,1,9.79,-0.13,0.19087,-2.27,3.54,5.094,10.3,0.032,0.0,20.745,20.369,18.939,18.39,18.158,0.191
5436,1,9.79,-0.13,0.26412,-1.971,3.562,5.025,11.4,0.036,0.0,21.098,20.663,19.337,18.775,18.568,0.264
5437,1,9.79,-0.13,0.59797,-1.078,3.629,4.753,12.3,0.037,0.0,19.764,19.236,18.2,17.532,17.419,0.598
5438,1,9.79,-0.13,0.4619,-1.439,3.596,4.873,12.4,0.037,0.0,20.768,20.262,19.097,18.473,18.329,0.462
5439,1,9.79,-0.13,1.10607,0.357,3.778,4.183,13.0,0.038,0.0,16.877,16.357,15.847,15.564,15.527,1.106
5440,1,9.79,-0.13,0.71106,-0.748,3.667,4.652,13.2,0.038,0.0,19.84,19.271,18.382,17.795,17.709,0.711
5441,1,9.79,-0.13,0.64078,-0.954,3.643,4.715,13.2,0.038,0.0,20.355,19.813,18.829,18.18,18.078,0.641
5442,1,9.79,-0.13,0.70754,-0.759,3.665,4.654,13.6,0.038,0.0,20.267,19.701,18.805,18.213,18.126,0.708
5443,1,9.79,-0.13,0.63306,-0.976,3.64,4.722,13.8,0.038,0.0,21.011,20.472,19.478,18.825,18.721,0.633
5444,1,9.79,-0.13,0.78795,-0.512,3.701,4.597,14.2,0.038,0.0,20.251,19.66,18.901,18.421,18.353,0.788
5445,1,9.79,-0.11,0.48251,-1.39,3.6,4.856,10.8,0.034,0.0,19.046,18.534,17.386,16.749,16.612,0.483
5446,1,9.79,-0.11,0.36821,-1.686,3.579,4.95,11.0,0.035,0.0,19.986,19.508,18.248,17.674,17.499,0.368
5447,1,9.79,-0.11,0.69011,-0.818,3.657,4.67,11.4,0.036,0.0,18.215,17.656,16.728,16.111,16.02,0.69
5448,1,9.79,-0.11,0.39353,-1.613,3.582,4.922,11.8,0.037,0.0,20.603,20.121,18.878,18.294,18.126,0.394
5449,1,9.79,-0.11,0.4204,-1.544,3.587,4.9,12.0,0.037,0.0,20.629,20.14,18.921,18.323,18.164,0.42
5450,1,9.79,-0.11,1.07339,0.287,3.779,4.243,12.2,0.037,0.0,16.254,15.733,15.225,14.944,14.907,1.073
5451,1,9.79,-0.11,0.49257,-1.365,3.602,4.848,12.6,0.038,0.0,20.782,20.272,19.131,18.49,18.355,0.493
5452,1,9.79,-0.11,0.49464,-1.36,3.602,4.846,12.7,0.038,0.0,20.869,20.358,19.22,18.577,18.443,0.495
5453,1,9.79,-0.11,0.47654,-1.405,3.598,4.861,12.7,0.038,0.0,20.983,20.476,19.32,18.687,18.547,0.477
5454,1,9.79,-0.11,0.67681,-0.856,3.653,4.682,13.2,0.038,0.0,20.111,19.558,18.612,17.982,17.888,0.677
5455,1,9.79,-0.11,0.73303,-0.687,3.675,4.637,13.5,0.038,0.0,19.987,19.408,18.551,17.99,17.908,0.733
5456,1,9.79,-0.11,0.81702,-0.433,3.712,4.576,13.6,0.038,0.0,19.453,18.863,18.141,17.692,17.628,0.817
5457,1,9.79,-0.11,0.8653,-0.291,3.731,4.538,15.3,0.038,0.0,20.798,20.216,19.562,19.167,19.112,0.865
5458,1,9.79,-0.09,0.87685,-0.266,3.734,4.528,11.5,0.036,0.0,16.935,16.354,15.708,15.32,15.266,0.877
5459,1,9.79,-0.09,0.33082,-1.791,3.571,4.98,11.6,0.036,0.0,20.848,20.388,19.095,18.529,18.341,0.331
5460,1,9.79,-0.09,0.37975,-1.657,3.579,4.937,12.3,0.037,0.0,21.211,20.736,19.473,18.897,18.724,0.38
5461,1,9.79,-0.09,1.07156,0.316,3.781,4.22,12.5,0.038,0.0,16.481,15.962,15.46,15.184,15.147,1.072
5462,1,9.79,-0.09,0.52153,-1.293,3.607,4.823,12.6,0.038,0.0,20.601,20.089,18.968,18.316,18.186,0.522
5463,1,9.79,-0.09,0.43693,-1.508,3.589,4.889,12.8,0.038,0.0,21.34,20.849,19.638,19.033,18.878,0.437
5464,1,9.79,-0.09,0.92671,-0.118,3.75,4.47,12.9,0.038,0.0,17.966,17.399,16.807,16.459,16.413,0.927
5465,1,9.79,-0.09,0.68929,-0.827,3.655,4.671,13.0,0.038,0.0,19.838,19.282,18.346,17.723,17.63,0.689
5466,1,9.79,-0.09,0.4861,-1.385,3.599,4.853,13.1,0.038,0.0,21.333,20.826,19.672,19.033,18.896,0.486
5467,1,9.79,-0.09,0.6163,-1.036,3.632,4.738,13.2,0.038,0.0,20.56,20.03,19.004,18.339,18.229,0.616
5468,1,9.79,-0.09,0.94736,-0.057,3.757,4.444,15.1,0.038,0.0,20.012,19.456,18.882,18.55,18.506,0.947
5469,1,9.79,-0.07,0.59284,-1.107,3.624,4.76,10.8,0.034,0.0,18.338,17.814,16.757,16.082,15.967,0.593
5470,1,9.79,-0.07,0.23732,-2.073,3.553,5.043,10.9,0.034,0.0,20.851,20.445,19.071,18.514,18.29,0.237
5471,1,9.79,-0.07,0.39887,-1.605,3.581,4.914,11.8,0.037,0.0,20.582,20.107,18.848,18.265,18.096,0.399
5472,1,9.79,-0.07,0.80954,-0.471,3.705,4.582,12.0,0.037,0.0,17.948,17.355,16.608,16.14,16.074,0.81
5473,1,9.79,-0.07,0.57725,-1.149,3.62,4.773,12.2,0.037,0.0,19.841,19.322,18.248,17.578,17.459,0.577
5474,1,9.79,-0.07,0.48803,-1.384,3.599,4.851,13.0,0.038,0.0,21.231,20.726,19.566,18.927,18.79,0.488
5475,1,9.79,-0.07,0.67094,-0.886,3.648,4.689,13.0,0.038,0.0,19.986,19.438,18.472,17.83,17.733,0.671
5476,1,9.79,-0.07,1.11581,0.455,3.78,4.098,13.4,0.038,0.0,17.033,16.513,16.01,15.735,15.698,1.116
5477,1,9.79,-0.07,0.8857,-0.248,3.735,4.52,13.5,0.038,0.0,18.891,18.311,17.668,17.284,17.231,0.886
5478,1,9.79,-0.07,1.20568,1.697,3.67,2.45,14.1,0.038,0.0,14.627,14.054,13.17,12.611,12.518,1.206
5479,1,9.79,-0.07,0.91092,-0.173,3.743,4.49,14.3,0.038,0.0,19.502,18.928,18.314,17.95,17.901,0.911
5480,1,9.79,-0.05,0.23832,-2.072,3.552,5.041,11.4,0.036,0.0,21.35,20.949,19.567,19.011,18.785,0.238
5481,1,9.79,-0.05,0.35894,-1.723,3.574,4.957,11.6,0.036,0.0,20.678,20.216,18.921,18.354,18.172,0.359
5482,1,9.79,-0.05,0.58009,-1.146,3.619,4.771,12.1,0.037,0.0,19.736,19.218,18.14,17.469,17.35,0.58
5483,1,9.79,-0.05,0.46727,-1.438,3.593,4.865,12.2,0.037,0.0,20.565,20.072,18.877,18.255,18.109,0.467
5484,1,9.79,-0.05,0.4999,-1.359,3.6,4.842,12.5,0.038,0.0,20.669,20.164,19.009,18.363,18.229,0.5
5485,1,9.79,-0.05,0.69225,-0.833,3.653,4.669,12.8,0.038,0.0,19.652,19.098,18.152,17.521,17.427,0.692
5486,1,9.79,-0.05,1.02319,0.173,3.773,4.314,13.6,0.038,0.0,17.937,17.403,16.88,16.588,16.55,1.023
5487,1,9.79,-0.05,0.59458,-1.108,3.623,4.758,13.8,0.038,0.0,21.34,20.82,19.757,19.081,18.965,0.595
5488,1,9.79,-0.03,0.41075,-1.581,3.581,4.903,10.9,0.034,0.0,19.622,19.149,17.882,17.298,17.131,0.411
5489,1,9.79,-0.03,0.29182,-1.905,3.561,4.999,11.0,0.035,0.0,20.533,20.106,18.761,18.199,17.992,0.292
5490,1,9.79,-0.03,1.06541,0.301,3.774,4.208,12.9,0.038,0.0,16.917,16.382,15.864,15.575,15.537,1.065
5491,1,9.79,-0.01,0.47021,-1.438,3.592,4.861,11.1,0.035,0.0,19.464,18.975,17.766,17.146,16.999,0.47
5492,1,9.79,-0.01,0.35063,-1.754,3.57,4.963,11.6,0.036,0.0,20.754,20.305,18.991,18.424,18.236,0.351
5493,1,9.79,-0.01,0.35359,-1.745,3.571,4.96,12.0,0.037,0.0,21.133,20.683,19.37,18.803,18.616,0.354
5494,1,9.79,-0.01,0.47015,-1.438,3.592,4.861,12.4,0.037,0.0,20.765,20.277,19.067,18.447,18.299,0.47
5495,1,9.79,-0.01,1.14712,0.539,3.759,3.939,14.4,0.038,0.0,17.822,17.264,16.697,16.375,16.33,1.147
5496,1,9.79,-0.01,0.7698,-0.612,3.682,4.612,14.8,0.038,0.0,21.101,20.516,19.685,19.146,19.069,0.77
5497,1,9.79,0.01,1.14606,0.53,3.76,3.953,11.0,0.035,0.0,14.444,13.884,13.323,13.005,12.961,1.146
5498,1,9.79,0.01,0.71861,-0.775,3.658,4.648,12.5,0.038,0.0,19.207,18.646,17.719,17.104,17.013,0.719
5499,1,9.79,0.01,0.49272,-1.388,3.595,4.845,12.6,0.038,0.0,20.839,20.348,19.155,18.52,18.379,0.493
5500,1,9.79,0.01,0.68981,-0.858,3.648,4.672,13.1,0.038,0.0,20.015,19.467,18.498,17.854,17.757,0.69
5501,1,9.79,0.01,0.59737,-1.115,3.62,4.757,13.5,0.038,0.0,21.058,20.543,19.463,18.786,18.67,0.597
5502,1,9.79,0.03,0.82703,-0.459,3.702,4.569,10.9,0.034,0.0,16.819,16.22,15.464,14.99,14.923,0.827
5503,1,9.79,0.03,0.51076,-1.343,3.599,4.83,12.3,0.037,0.0,20.428,19.934,18.757,18.108,17.974,0.511
5504,1,9.79,0.03,0.53061,-1.292,3.603,4.813,12.4,0.037,0.0,20.399,19.9,18.746,18.087,17.958,0.531
5505,1,9.79,0.03,0.55202,-1.236,3.608,4.795,12.8,0.038,0.0,20.66,20.157,19.024,18.359,18.233,0.552
5506,1,9.79,0.03,0.63483,-1.012,3.631,4.722,12.8,0.038,0.0,20.1,19.574,18.535,17.863,17.754,0.635
5507,1,9.79,0.03,0.48016,-1.421,3.592,4.854,13.1,0.038,0.0,21.423,20.94,19.722,19.098,18.952,0.48
5508,1,9.79,0.03,0.53434,-1.282,3.604,4.81,13.5,0.038,0.0,21.475,20.976,19.825,19.165,19.036,0.534
5509,1,9.79,0.03,0.57057,-1.188,3.613,4.78,13.6,0.038,0.0,21.339,20.832,19.718,19.048,18.926,0.571
5510,1,9.79,0.05,0.62857,-1.033,3.628,4.728,11.2,0.035,0.0,18.552,18.029,16.978,16.302,16.191,0.629
5511,1,9.79,0.05,0.36466,-1.708,3.57,4.934,11.7,0.037,0.0,20.74,20.299,18.969,18.4,18.213,0.365
5512,1,9.79,0.05,0.32861,-1.803,3.564,4.958,11.9,0.037,0.0,21.177,20.75,19.402,18.836,18.636,0.329
5513,1,9.79,0.05,0.67092,-0.916,3.641,4.689,12.2,0.037,0.0,19.259,18.721,17.721,17.065,16.963,0.671
5514,1,9.79,0.05,1.18926,1.061,3.673,3.091,14.1,0.038,0.0,16.218,15.64,14.767,14.215,14.126,1.189
5515,1,9.79,0.05,1.03112,0.14,3.766,4.322,14.8,0.038,0.0,19.219,18.666,18.125,17.821,17.78,1.031
5516,1,9.79,0.07,0.81782,-0.497,3.695,4.574,12.5,0.038,0.0,18.513,17.917,17.135,16.641,16.57,0.818
5517,1,9.79,0.07,0.61857,-1.064,3.624,4.737,13.4,0.038,0.0,20.83,20.315,19.245,18.564,18.45,0.619
5518,1,9.79,0.07,0.8677,-0.35,3.716,4.537,13.5,0.038,0.0,19.146,18.548,17.842,17.411,17.349,0.868
5519,1,9.79,0.07,1.05541,0.202,3.768,4.278,13.7,0.038,0.0,17.965,17.414,16.879,16.58,16.539,1.055
5520,1,9.79,0.07,0.81101,-0.518,3.692,4.579,13.7,0.038,0.0,19.764,19.169,18.376,17.873,17.8,0.811
5521,1,9.79,0.09,1.1786,0.551,3.69,3.663,12.6,0.038,0.0,15.993,15.401,14.595,14.093,14.015,1.179
5522,1,9.79,0.09,0.52016,-1.325,3.599,4.82,12.9,0.038,0.0,20.982,20.496,19.307,18.651,18.518,0.52
5523,1,9.79,0.09,0.79675,-0.565,3.684,4.587,13.7,0.038,0.0,19.883,19.292,18.469,17.941,17.864,0.797
5524,1,9.79,0.11,0.80842,-0.536,3.688,4.58,12.5,0.038,0.0,18.609,18.014,17.207,16.693,16.617,0.808
5525,1,9.79,0.11,0.53948,-1.277,3.602,4.803,12.8,0.038,0.0,20.763,20.275,19.1,18.436,18.307,0.539
5526,1,9.79,0.11,0.56508,-1.212,3.609,4.782,13.0,0.038,0.0,20.799,20.304,19.157,18.487,18.363,0.565
5527,1,9.79,0.11,0.91255,-0.231,3.729,4.493,13.3,0.038,0.0,18.647,18.052,17.393,17.001,16.945,0.913
5528,1,9.79,0.13,0.79457,-0.581,3.681,4.589,11.6,0.036,0.0,17.823,17.232,16.396,15.86,15.781,0.795
5529,1,9.79,0.13,0.34749,-1.766,3.564,4.947,11.8,0.037,0.0,20.986,20.564,19.207,18.639,18.439,0.347
5530,1,9.79,0.13,0.81534,-0.52,3.69,4.576,12.6,0.038,0.0,18.67,18.073,17.272,16.766,16.691,0.815
5531,1,9.79,0.13,1.07246,0.231,3.766,4.248,12.9,0.038,0.0,17.092,16.533,15.993,15.694,15.651,1.072
5532,1,9.79,0.15,0.20446,-2.225,3.534,5.055,9.6,0.028,0.0,19.932,19.576,18.097,17.558,17.326,0.204
5533,1,9.79,0.15,0.55985,-1.23,3.606,4.786,12.6,0.038,0.0,20.445,19.957,18.79,18.119,17.993,0.56
5534,1,9.79,0.15,0.77794,-0.633,3.673,4.602,14.9,0.038,0.0,21.253,20.667,19.802,19.242,19.158,0.778
5535,1,9.79,0.17,0.49586,-1.395,3.59,4.835,11.2,0.035,0.0,19.457,18.994,17.736,17.107,16.96,0.496
5536,1,9.79,0.17,1.13923,0.439,3.762,4.049,12.4,0.037,0.0,16.071,15.503,14.951,14.646,14.601,1.139
5537,1,9.79,0.19,0.79922,-0.583,3.679,4.585,11.2,0.035,0.0,17.427,16.834,15.991,15.451,15.37,0.799
5538,1,9.79,0.19,0.8202,-0.521,3.688,4.572,12.7,0.038,0.0,18.772,18.173,17.366,16.856,16.78,0.82
5539,1,9.79,0.21,0.75108,-0.72,3.661,4.622,12.7,0.038,0.0,19.27,18.7,17.779,17.181,17.09,0.751
5540,1,9.81,-0.75,0.64486,-0.74,3.691,4.698,14.6,0.038,0.0,21.221,20.65,19.856,19.35,19.271,0.645
5541,1,9.81,-0.69,0.23877,-1.931,3.597,5.082,9.6,0.028,0.0,19.198,18.649,17.555,16.978,16.817,0.239
5542,1,9.81,-0.69,0.80898,-0.206,3.763,4.548,12.3,0.037,0.0,17.584,17.074,16.51,16.18,16.138,0.809
5543,1,9.81,-0.69,0.65642,-0.712,3.693,4.686,14.8,0.038,0.0,21.349,20.777,19.99,19.489,19.412,0.656
5544,1,9.81,-0.67,0.454,-1.34,3.63,4.902,12.8,0.038,0.0,20.921,20.373,19.374,18.755,18.628,0.454
5545,1,9.81,-0.67,0.83093,-0.138,3.768,4.514,15.5,0.038,0.0,20.614,20.113,19.565,19.247,19.207,0.831
5546,1,9.81,-0.65,0.93548,0.211,3.8,4.346,13.1,0.038,0.0,17.342,16.908,16.449,16.199,16.17,0.935
5547,1,9.81,-0.63,0.51906,-1.169,3.64,4.829,12.3,0.037,0.0,19.992,19.444,18.473,17.85,17.737,0.519
5548,1,9.81,-0.63,0.65986,-0.721,3.69,4.684,13.7,0.038,0.0,20.272,19.7,18.9,18.387,18.31,0.66
5549,1,9.81,-0.63,0.57513,-0.999,3.655,4.763,13.8,0.038,0.0,21.067,20.514,19.589,18.982,18.883,0.575
5550,1,9.81,-0.61,0.15891,-2.429,3.536,5.157,9.6,0.028,0.0,20.444,20.056,18.663,18.096,17.866,0.159
5551,1,9.81,-0.61,0.35033,-1.602,3.612,4.977,12.6,0.038,0.0,21.376,20.828,19.775,19.175,19.03,0.35
5552,1,9.81,-0.61,0.9961,0.373,3.809,4.244,14.1,0.038,0.0,17.938,17.52,17.084,16.852,16.824,0.996
5553,1,9.81,-0.59,0.19932,-2.111,3.579,5.112,11.2,0.035,0.0,21.248,20.734,19.552,18.992,18.809,0.199
5554,1,9.81,-0.59,0.28325,-1.795,3.599,5.028,11.6,0.036,0.0,20.858,20.313,19.22,18.637,18.48,0.283
5555,1,9.81,-0.59,0.30509,-1.728,3.603,5.009,11.9,0.037,0.0,20.99,20.442,19.363,18.776,18.623,0.305
5556,1,9.81,-0.57,0.56187,-1.057,3.647,4.779,11.4,0.036,0.0,18.811,18.261,17.309,16.684,16.58,0.562
5557,1,9.81,-0.57,0.50326,-1.231,3.632,4.846,12.0,0.037,0.0,19.847,19.302,18.305,17.674,17.554,0.503
5558,1,9.81,-0.57,0.41094,-1.471,3.616,4.931,12.5,0.038,0.0,20.947,20.402,19.357,18.744,18.605,0.411
5559,1,9.81,-0.57,0.4727,-1.314,3.626,4.878,12.7,0.038,0.0,20.755,20.212,19.197,18.566,18.439,0.473
5560,1,9.81,-0.57,0.90973,0.055,3.786,4.433,14.4,0.038,0.0,19.033,18.562,18.066,17.787,17.753,0.91
5561,1,9.81,-0.55,0.32211,-1.699,3.602,4.999,12.2,0.037,0.0,21.217,20.67,19.586,18.998,18.845,0.322
5562,1,9.81,-0.55,0.99208,0.3,3.805,4.302,15.2,0.038,0.0,19.221,18.791,18.347,18.109,18.081,0.992
5563,1,9.81,-0.53,0.24459,-1.943,3.586,5.059,11.4,0.036,0.0,21.028,20.506,19.35,18.781,18.607,0.245
5564,1,9.81,-0.53,0.80033,-0.307,3.743,4.568,11.8,0.037,0.0,17.339,16.789,16.169,15.798,15.748,0.8
5565,1,9.81,-0.53,0.44963,-1.386,3.619,4.897,11.9,0.037,0.0,20.136,19.593,18.554,17.93,17.796,0.45
5566,1,9.81,-0.53,0.72467,-0.549,3.71,4.632,12.0,0.037,0.0,18.142,17.568,16.838,16.381,16.315,0.725
5567,1,9.81,-0.53,0.49671,-1.259,3.628,4.852,12.2,0.037,0.0,20.118,19.575,18.564,17.928,17.805,0.497
5568,1,9.81,-0.53,0.58399,-1.002,3.651,4.756,12.4,0.037,0.0,19.675,19.125,18.182,17.558,17.458,0.584
5569,1,9.81,-0.53,0.50611,-1.232,3.63,4.842,13.3,0.038,0.0,21.15,20.608,19.603,18.967,18.846,0.506
5570,1,9.81,-0.51,1.08213,0.67,3.775,3.847,12.6,0.038,0.0,15.695,15.196,14.668,14.37,14.332,1.082
5571,1,9.81,-0.51,0.46853,-1.34,3.621,4.879,13.2,0.038,0.0,21.32,20.779,19.746,19.115,18.984,0.469
5572,1,9.81,-0.51,0.94928,0.143,3.792,4.388,13.3,0.038,0.0,17.713,17.252,16.774,16.509,16.478,0.949
5573,1,9.81,-0.51,0.57292,-1.041,3.646,4.768,13.4,0.038,0.0,20.771,20.224,19.266,18.636,18.532,0.573
5574,1,9.81,-0.51,0.59101,-0.987,3.651,4.748,13.9,0.038,0.0,21.139,20.589,19.647,19.023,18.924,0.591
5575,1,9.81,-0.51,0.60152,-0.956,3.655,4.737,14.1,0.038,0.0,21.26,20.708,19.778,19.161,19.064,0.602
5576,1,9.81,-0.51,0.73219,-0.533,3.711,4.627,14.5,0.038,0.0,20.601,20.027,19.303,18.849,18.785,0.732
5577,1,9.81,-0.49,0.26982,-1.872,3.588,5.037,10.7,0.034,0.0,20.151,19.625,18.475,17.903,17.733,0.27
5578,1,9.81,-0.49,0.27192,-1.866,3.588,5.036,11.1,0.035,0.0,20.534,20.009,18.86,18.288,18.118,0.272
5579,1,9.81,-0.49,0.36955,-1.598,3.603,4.964,11.6,0.036,0.0,20.366,19.822,18.737,18.14,17.991,0.37
5580,1,9.81,-0.49,0.74341,-0.504,3.715,4.619,12.6,0.038,0.0,18.63,18.056,17.344,16.9,16.837,0.743
5581,1,9.81,-0.49,0.76729,-0.428,3.726,4.599,12.9,0.038,0.0,18.739,18.169,17.494,17.08,17.023,0.767
5582,1,9.81,-0.49,0.84403,-0.187,3.758,4.529,13.7,0.038,0.0,18.936,18.407,17.832,17.495,17.452,0.844
5583,1,9.81,-0.49,0.68851,-0.681,3.69,4.662,14.1,0.038,0.0,20.573,19.999,19.197,18.679,18.604,0.689
5584,1,9.81,-0.49,0.64323,-0.825,3.671,4.7,14.1,0.038,0.0,20.933,20.368,19.496,18.922,18.836,0.643
5585,1,9.81,-0.49,0.72068,-0.578,3.704,4.636,15.3,0.038,0.0,21.514,20.936,20.188,19.714,19.647,0.721
5586,1,9.81,-0.47,0.34117,-1.68,3.598,4.988,10.4,0.032,0.0,19.37,18.828,17.722,17.135,16.98,0.341
5587,1,9.81,-0.47,0.49069,-1.29,3.623,4.855,11.3,0.036,0.0,19.295,18.755,17.724,17.086,16.958,0.491
5588,1,9.81,-0.47,0.61844,-0.914,3.659,4.723,11.6,0.036,0.0,18.654,18.097,17.182,16.575,16.482,0.618
5589,1,9.81,-0.47,0.84596,-0.188,3.757,4.529,12.0,0.037,0.0,17.24,16.708,16.131,15.792,15.749,0.846
5590,1,9.81,-0.47,0.32147,-1.73,3.595,5.0,12.4,0.037,0.0,21.496,20.962,19.841,19.258,19.098,0.321
5591,1,9.81,-0.47,0.36258,-1.624,3.601,4.97,12.6,0.038,0.0,21.429,20.888,19.792,19.198,19.047,0.363
5592,1,9.81,-0.47,0.72292,-0.578,3.703,4.635,13.0,0.038,0.0,19.215,18.636,17.885,17.409,17.341,0.723
5593,1,9.81,-0.47,0.44707,-1.407,3.614,4.896,13.0,0.038,0.0,21.288,20.748,19.69,19.068,18.932,0.447
5594,1,9.81,-0.47,0.52911,-1.18,3.632,4.815,13.8,0.038,0.0,21.519,20.978,19.974,19.334,19.216,0.529
5595,1,9.81,-0.47,0.97956,0.224,3.797,4.339,13.8,0.038,0.0,18.009,17.555,17.091,16.837,16.807,0.98
5596,1,9.81,-0.47,0.598,-0.98,3.65,4.742,14.3,0.038,0.0,21.519,20.97,20.024,19.396,19.297,0.598
5597,1,9.81,-0.45,0.5161,-1.223,3.627,4.829,12.6,0.038,0.0,20.427,19.888,18.869,18.225,18.103,0.516
5598,1,9.81,-0.45,0.42951,-1.456,3.609,4.909,13.0,0.038,0.0,21.409,20.871,19.797,19.181,19.041,0.43
5599,1,9.81,-0.45,0.95295,0.132,3.789,4.388,13.0,0.038,0.0,17.439,16.967,16.481,16.212,16.179,0.953
5600,1,9.81,-0.45,0.51314,-1.231,3.627,4.832,13.4,0.038,0.0,21.248,20.71,19.689,19.044,18.922,0.513
5601,1,9.81,-0.45,0.49115,-1.294,3.621,4.854,13.5,0.038,0.0,21.504,20.966,19.929,19.291,19.163,0.491
5602,1,9.81,-0.45,0.51895,-1.214,3.628,4.826,13.7,0.038,0.0,21.506,20.967,19.95,19.306,19.185,0.519
5603,1,9.81,-0.45,0.73024,-0.562,3.705,4.63,13.8,0.038,0.0,19.974,19.396,18.65,18.179,18.112,0.73
5604,1,9.81,-0.45,0.59752,-0.987,3.649,4.743,14.1,0.038,0.0,21.338,20.79,19.839,19.208,19.107,0.598
5605,1,9.81,-0.45,0.72031,-0.594,3.7,4.637,14.8,0.038,0.0,21.055,20.475,19.713,19.229,19.16,0.72
5606,1,9.81,-0.45,0.87854,-0.094,3.767,4.491,15.2,0.038,0.0,20.206,19.69,19.142,18.826,18.786,0.879
5607,1,9.81,-0.45,0.78113,-0.398,3.729,4.59,15.5,0.038,0.0,21.265,20.697,20.032,19.627,19.571,0.781
5608,1,9.81,-0.43,0.21412,-2.093,3.57,5.088,11.2,0.035,0.0,21.203,20.72,19.479,18.921,18.725,0.214
5609,1,9.81,-0.43,0.52345,-1.206,3.628,4.82,11.6,0.036,0.0,19.386,18.847,17.828,17.183,17.062,0.523
5610,1,9.81,-0.43,0.68331,-0.72,3.682,4.666,12.4,0.037,0.0,18.971,18.398,17.567,17.025,16.946,0.683
5611,1,9.81,-0.43,0.3905,-1.561,3.601,4.94,12.6,0.038,0.0,21.272,20.734,19.634,19.031,18.883,0.391
5612,1,9.81,-0.43,0.62434,-0.908,3.658,4.719,13.0,0.038,0.0,20.04,19.484,18.565,17.956,17.862,0.624
5613,1,9.81,-0.43,0.56223,-1.094,3.638,4.78,13.1,0.038,0.0,20.605,20.063,19.075,18.435,18.325,0.562
5614,1,9.81,-0.43,1.03358,0.395,3.793,4.176,14.0,0.038,0.0,17.782,17.315,16.842,16.583,16.551,1.034
5615,1,9.81,-0.43,0.72174,-0.597,3.699,4.636,14.2,0.038,0.0,20.462,19.881,19.115,18.628,18.558,0.722
5616,1,9.81,-0.43,0.99783,0.285,3.797,4.284,14.2,0.038,0.0,18.257,17.798,17.334,17.081,17.05,0.998
5617,1,9.81,-0.41,0.22445,-2.059,3.571,5.077,10.5,0.033,0.0,20.417,19.932,18.691,18.134,17.939,0.224
5618,1,9.81,-0.41,0.94796,0.119,3.786,4.384,11.0,0.035,0.0,15.472,14.986,14.493,14.217,14.184,0.948
5619,1,9.81,-0.41,0.53884,-1.166,3.63,4.804,11.5,0.036,0.0,19.186,18.647,17.635,16.989,16.872,0.539
5620,1,9.81,-0.41,0.28655,-1.848,3.584,5.023,11.7,0.037,0.0,21.091,20.58,19.398,18.828,18.653,0.287
5621,1,9.81,-0.41,0.62563,-0.91,3.657,4.719,12.3,0.037,0.0,19.346,18.791,17.868,17.256,17.161,0.626
5622,1,9.81,-0.41,0.80153,-0.345,3.736,4.576,12.4,0.037,0.0,18.032,17.469,16.827,16.439,16.386,0.802
5623,1,9.81,-0.41,0.62042,-0.927,3.655,4.723,14.4,0.038,0.0,21.488,20.935,20.004,19.386,19.29,0.62
5624,1,9.81,-0.39,0.76828,-0.458,3.719,4.604,11.6,0.036,0.0,17.515,16.937,16.24,15.809,15.749,0.768
5625,1,9.81,-0.39,0.6072,-0.976,3.648,4.736,11.8,0.037,0.0,19.011,18.462,17.507,16.874,16.773,0.607
5626,1,9.81,-0.39,0.91292,0.004,3.775,4.44,12.5,0.038,0.0,17.259,16.752,16.228,15.931,15.894,0.913
5627,1,9.81,-0.39,0.39602,-1.556,3.598,4.932,12.7,0.038,0.0,21.361,20.83,19.712,19.11,18.96,0.396
5628,1,9.81,-0.39,0.67474,-0.762,3.675,4.674,13.1,0.038,0.0,19.774,19.204,18.346,17.783,17.7,0.675
5629,1,9.81,-0.39,0.82564,-0.273,3.745,4.553,13.2,0.038,0.0,18.652,18.097,17.484,17.118,17.069,0.826
5630,1,9.81,-0.39,0.63823,-0.877,3.66,4.707,13.3,0.038,0.0,20.262,19.704,18.793,18.19,18.098,0.638
5631,1,9.81,-0.39,0.57939,-1.057,3.64,4.763,14.0,0.038,0.0,21.413,20.87,19.887,19.246,19.138,0.579
5632,1,9.81,-0.39,0.75662,-0.496,3.713,4.612,14.7,0.038,0.0,20.71,20.132,19.415,18.968,18.905,0.757
5633,1,9.81,-0.39,0.84555,-0.209,3.753,4.531,15.1,0.038,0.0,20.393,19.848,19.259,18.911,18.866,0.846
5634,1,9.81,-0.37,0.53324,-1.193,3.626,4.809,12.2,0.037,0.0,19.952,19.417,18.389,17.738,17.617,0.533
5635,1,9.81,-0.37,0.37464,-1.622,3.594,4.955,12.5,0.038,0.0,21.325,20.802,19.661,19.068,18.911,0.375
5636,1,9.81,-0.37,0.99681,0.282,3.796,4.285,12.6,0.038,0.0,16.665,16.2,15.736,15.484,15.453,0.997
5637,1,9.81,-0.37,0.93865,0.095,3.783,4.394,12.9,0.038,0.0,17.432,16.94,16.439,16.159,16.125,0.939
5638,1,9.81,-0.37,0.81055,-0.327,3.737,4.57,13.0,0.038,0.0,18.589,18.025,17.388,17.005,16.953,0.811
5639,1,9.81,-0.37,0.67499,-0.768,3.673,4.674,13.3,0.038,0.0,19.991,19.421,18.557,17.989,17.905,0.675
5640,1,9.81,-0.37,0.89178,-0.07,3.767,4.473,13.4,0.038,0.0,18.344,17.822,17.276,16.962,16.922,0.892
5641,1,9.81,-0.37,0.6921,-0.716,3.68,4.659,13.5,0.038,0.0,20.06,19.487,18.647,18.099,18.019,0.692
5642,1,9.81,-0.37,0.85794,-0.177,3.756,4.517,14.3,0.038,0.0,19.512,18.971,18.391,18.05,18.006,0.858
5643,1,9.81,-0.37,0.99026,0.266,3.795,4.295,14.5,0.038,0.0,18.605,18.139,17.672,17.418,17.387,0.99
5644,1,9.81,-0.35,0.32712,-1.756,3.586,4.997,11.9,0.037,0.0,21.059,20.549,19.369,18.792,18.622,0.327
5645,1,9.81,-0.35,0.36907,-1.642,3.592,4.961,12.2,0.037,0.0,21.075,20.556,19.403,18.813,18.654,0.369
5646,1,9.81,-0.35,0.91286,-0.023,3.771,4.452,13.3,0.038,0.0,18.128,17.611,17.076,16.771,16.733,0.913
5647,1,9.81,-0.35,0.78938,-0.406,3.725,4.589,13.5,0.038,0.0,19.285,18.709,18.034,17.621,17.564,0.789
5648,1,9.81,-0.35,1.01916,0.319,3.794,4.248,13.7,0.038,0.0,17.671,17.2,16.729,16.473,16.441,1.019
5649,1,9.81,-0.35,0.79789,-0.379,3.729,4.583,14.0,0.038,0.0,19.717,19.144,18.482,18.079,18.024,0.798
5650,1,9.81,-0.33,0.45036,-1.431,3.605,4.886,10.8,0.034,0.0,19.147,18.615,17.514,16.892,16.752,0.45
5651,1,9.81,-0.33,0.29115,-1.854,3.579,5.017,11.1,0.035,0.0,20.506,20.008,18.791,18.225,18.045,0.291
5652,1,9.81,-0.33,0.79798,-0.388,3.727,4.583,11.3,0.036,0.0,17.041,16.464,15.795,15.387,15.331,0.798
5653,1,9.81,-0.33,0.55375,-1.144,3.629,4.789,11.7,0.037,0.0,19.33,18.795,17.774,17.121,17.005,0.554
5654,1,9.81,-0.33,0.47664,-1.36,3.61,4.864,12.0,0.037,0.0,20.171,19.641,18.557,17.925,17.791,0.477
5655,1,9.81,-0.33,0.33613,-1.736,3.586,4.991,12.1,0.037,0.0,21.211,20.702,19.52,18.941,18.772,0.336
5656,1,9.81,-0.33,1.12341,1.121,3.689,3.068,13.6,0.038,0.0,15.567,14.991,14.181,13.666,13.59,1.123
5657,1,9.81,-0.33,0.6662,-0.81,3.667,4.684,13.7,0.038,0.0,20.496,19.931,19.042,18.455,18.368,0.666
5658,1,9.81,-0.33,0.53119,-1.208,3.624,4.812,13.7,0.038,0.0,21.491,20.959,19.919,19.265,19.143,0.531
5659,1,9.81,-0.33,1.13724,1.753,3.686,2.433,14.3,0.038,0.0,14.689,14.109,13.29,12.773,12.695,1.137
5660,1,9.81,-0.33,0.77618,-0.458,3.717,4.6,15.3,0.038,0.0,21.216,20.636,19.931,19.495,19.434,0.776
5661,1,9.81,-0.31,0.318,-1.786,3.582,5.0,10.7,0.034,0.0,19.934,19.431,18.228,17.656,17.481,0.318
5662,1,9.81,-0.31,0.76413,-0.506,3.709,4.609,11.4,0.036,0.0,17.436,16.852,16.12,15.662,15.597,0.764
5663,1,9.81,-0.31,0.29015,-1.861,3.577,5.016,11.7,0.037,0.0,21.122,20.629,19.402,18.837,18.655,0.29
5664,1,9.81,-0.31,0.34886,-1.708,3.587,4.982,11.9,0.037,0.0,20.939,20.43,19.249,18.667,18.5,0.349
5665,1,9.81,-0.31,0.41667,-1.516,3.597,4.91,12.5,0.038,0.0,21.06,20.538,19.404,18.795,18.647,0.417
5666,1,9.81,-0.31,0.76011,-0.52,3.707,4.612,12.8,0.038,0.0,18.869,18.286,17.546,17.082,17.016,0.76
5667,1,9.81,-0.31,0.97963,0.163,3.786,4.356,13.0,0.038,0.0,17.362,16.871,16.38,16.108,16.074,0.98
5668,1,9.81,-0.31,0.63447,-0.915,3.653,4.714,13.1,0.038,0.0,20.158,19.606,18.666,18.042,17.946,0.634
5669,1,9.81,-0.31,0.51976,-1.246,3.619,4.823,13.4,0.038,0.0,21.284,20.754,19.699,19.05,18.924,0.52
5670,1,9.81,-0.31,0.938,0.019,3.774,4.431,13.5,0.038,0.0,18.222,17.706,17.179,16.881,16.843,0.938
5671,1,9.81,-0.31,0.78714,-0.433,3.72,4.592,14.7,0.038,0.0,20.552,19.972,19.278,18.849,18.79,0.787
5672,1,9.81,-0.29,0.46366,-1.403,3.605,4.874,11.0,0.035,0.0,19.277,18.749,17.645,17.018,16.88,0.464
5673,1,9.81,-0.29,0.63803,-0.911,3.653,4.712,11.3,0.036,0.0,18.347,17.793,16.853,16.228,16.132,0.638
5674,1,9.81,-0.29,0.44452,-1.452,3.601,4.889,11.4,0.036,0.0,19.8,19.274,18.156,17.536,17.394,0.445
5675,1,9.81,-0.29,0.26512,-1.94,3.571,5.033,11.6,0.036,0.0,21.22,20.743,19.486,18.924,18.733,0.265
5676,1,9.81,-0.29,0.60289,-1.018,3.64,4.743,11.7,0.037,0.0,19.016,18.474,17.488,16.842,16.736,0.603
5677,1,9.81,-0.29,0.63682,-0.914,3.653,4.713,11.9,0.037,0.0,18.956,18.404,17.462,16.835,16.739,0.637
5678,1,9.81,-0.29,0.3509,-1.705,3.586,4.979,12.1,0.037,0.0,21.134,20.628,19.439,18.858,18.69,0.351
5679,1,9.81,-0.29,0.37921,-1.622,3.59,4.946,12.2,0.037,0.0,21.026,20.515,19.344,18.753,18.592,0.379
5680,1,9.81,-0.29,0.64386,-0.893,3.655,4.706,13.2,0.038,0.0,20.202,19.648,18.715,18.096,18.001,0.644
5681,1,9.81,-0.29,0.92218,-0.039,3.767,4.456,13.7,0.038,0.0,18.567,18.039,17.494,17.181,17.141,0.922
5682,1,9.81,-0.29,0.64872,-0.878,3.657,4.702,14.0,0.038,0.0,20.965,20.409,19.483,18.869,18.775,0.649
5683,1,9.81,-0.29,1.01451,0.253,3.791,4.3,14.3,0.038,0.0,18.438,17.956,17.478,17.217,17.184,1.015
5684,1,9.81,-0.29,0.81414,-0.357,3.73,4.571,14.7,0.038,0.0,20.362,19.788,19.128,18.727,18.671,0.814
5685,1,9.81,-0.27,1.13273,0.668,3.703,3.583,9.0,0.024,0.0,12.1,11.509,10.758,10.288,10.221,1.133
5686,1,9.81,-0.27,0.34029,-1.736,3.583,4.985,11.5,0.036,0.0,20.61,20.11,18.905,18.328,18.156,0.34
5687,1,9.81,-0.27,0.68876,-0.763,3.67,4.665,11.7,0.037,0.0,18.376,17.807,16.931,16.354,16.269,0.689
5688,1,9.81,-0.27,0.90619,-0.096,3.76,4.478,11.9,0.037,0.0,16.909,16.369,15.804,15.476,15.434,0.906
5689,1,9.81,-0.27,0.95245,0.035,3.773,4.421,12.2,0.037,0.0,16.881,16.362,15.836,15.539,15.501,0.952
5690,1,9.81,-0.27,0.54919,-1.172,3.625,4.794,12.2,0.037,0.0,19.899,19.369,18.329,17.668,17.549,0.549
5691,1,9.81,-0.27,0.4787,-1.367,3.608,4.861,12.5,0.038,0.0,20.688,20.163,19.063,18.429,18.294,0.479
5692,1,9.81,-0.27,1.12756,0.572,3.718,3.737,12.6,0.038,0.0,15.941,15.362,14.659,14.229,14.168,1.128
5693,1,9.81,-0.27,0.53928,-1.2,3.622,4.804,12.9,0.038,0.0,20.669,20.14,19.091,18.434,18.312,0.539
5694,1,9.81,-0.27,1.01128,0.223,3.788,4.318,12.9,0.038,0.0,17.112,16.623,16.139,15.873,15.839,1.011
5695,1,9.81,-0.27,0.44416,-1.457,3.6,4.889,13.1,0.038,0.0,21.512,20.989,19.864,19.243,19.101,0.444
5696,1,9.81,-0.27,0.61291,-0.994,3.643,4.735,13.3,0.038,0.0,20.554,20.011,19.031,18.388,18.284,0.613
5697,1,9.81,-0.27,0.56786,-1.121,3.63,4.777,13.5,0.038,0.0,21.072,20.539,19.514,18.857,18.742,0.568
5698,1,9.81,-0.27,0.70627,-0.709,3.677,4.65,13.6,0.038,0.0,20.142,19.567,18.718,18.162,18.081,0.706
5699,1,9.81,-0.27,0.54956,-1.171,3.625,4.794,13.6,0.038,0.0,21.297,20.767,19.726,19.066,18.946,0.55
5700,1,9.81,-0.27,0.79287,-0.433,3.718,4.589,13.7,0.038,0.0,19.553,18.971,18.271,17.838,17.777,0.793
5701,1,9.81,-0.27,1.12062,0.589,3.749,3.841,13.8,0.038,0.0,17.097,16.542,15.943,15.592,15.545,1.121
5702,1,9.81,-0.27,1.01812,0.243,3.789,4.306,13.9,0.038,0.0,18.063,17.575,17.094,16.83,16.797,1.018
5703,1,9.81,-0.27,0.62054,-0.97,3.645,4.728,14.1,0.038,0.0,21.296,20.75,19.781,19.141,19.039,0.621
5704,1,9.81,-0.27,0.80046,-0.409,3.721,4.583,14.2,0.038,0.0,19.994,19.412,18.724,18.301,18.242,0.8
5705,1,9.81,-0.27,0.67349,-0.809,3.664,4.679,14.4,0.038,0.0,21.193,20.629,19.732,19.138,19.05,0.673
5706,1,9.81,-0.27,0.75818,-0.543,3.702,4.614,14.6,0.038,0.0,20.728,20.142,19.385,18.906,18.838,0.758
5707,1,9.81,-0.25,0.15919,-2.482,3.518,5.138,8.8,0.023,0.0,19.774,19.451,17.922,17.375,17.137,0.159
5708,1,9.81,-0.25,0.28519,-1.886,3.573,5.017,11.2,0.035,0.0,20.685,20.207,18.95,18.387,18.199,0.285
5709,1,9.81,-0.25,0.27076,-1.93,3.57,5.027,11.6,0.036,0.0,21.194,20.725,19.455,18.893,18.7,0.271
5710,1,9.81,-0.25,0.42956,-1.495,3.597,4.898,11.9,0.037,0.0,20.409,19.892,18.745,18.133,17.985,0.43
5711,1,9.81,-0.25,0.78486,-0.467,3.712,4.595,11.9,0.037,0.0,17.837,17.253,16.533,16.085,16.022,0.785
5712,1,9.81,-0.25,0.38689,-1.607,3.589,4.935,12.1,0.037,0.0,20.888,20.382,19.198,18.606,18.445,0.387
5713,1,9.81,-0.25,0.49242,-1.335,3.609,4.849,12.3,0.037,0.0,20.408,19.883,18.788,18.149,18.016,0.492
5714,1,9.81,-0.25,0.44216,-1.465,3.599,4.89,12.3,0.037,0.0,20.733,20.214,19.079,18.46,18.316,0.442
5715,1,9.81,-0.25,0.60843,-1.013,3.64,4.74,12.7,0.038,0.0,20.002,19.462,18.471,17.824,17.718,0.608
5716,1,9.81,-0.25,0.73282,-0.632,3.688,4.633,12.8,0.038,0.0,19.149,18.568,17.76,17.238,17.163,0.733
5717,1,9.81,-0.25,0.90243,-0.116,3.757,4.484,13.6,0.038,0.0,18.661,18.115,17.541,17.206,17.162,0.902
5718,1,9.81,-0.25,0.86829,-0.215,3.746,4.522,13.7,0.038,0.0,19.007,18.446,17.838,17.477,17.429,0.868
5719,1,9.81,-0.25,0.75328,-0.567,3.698,4.618,13.7,0.038,0.0,19.887,19.302,18.529,18.038,17.968,0.753
5720,1,9.81,-0.25,0.70051,-0.735,3.673,4.655,13.8,0.038,0.0,20.407,19.835,18.969,18.399,18.316,0.701
5721,1,9.81,-0.25,0.62151,-0.973,3.644,4.728,13.8,0.038,0.0,21.003,20.459,19.485,18.843,18.741,0.622
5722,1,9.81,-0.25,0.90287,-0.115,3.757,4.484,13.8,0.038,0.0,18.858,18.312,17.738,17.404,17.36,0.903
5723,1,9.81,-0.25,0.66996,-0.827,3.662,4.684,14.0,0.038,0.0,20.837,20.276,19.367,18.766,18.676,0.67
5724,1,9.81,-0.25,0.97428,0.086,3.777,4.395,14.0,0.038,0.0,18.555,18.042,17.527,17.238,17.201,0.974
5725,1,9.81,-0.25,0.74061,-0.607,3.692,4.627,14.1,0.038,0.0,20.388,19.805,19.01,18.5,18.426,0.741
5726,1,9.81,-0.23,0.86323,-0.238,3.742,4.528,11.0,0.035,0.0,16.366,15.799,15.18,14.811,14.762,0.863
5727,1,9.81,-0.23,0.29037,-1.874,3.573,5.011,11.3,0.036,0.0,20.755,20.279,19.018,18.454,18.266,0.29
5728,1,9.81,-0.23,0.33561,-1.755,3.58,4.985,11.5,0.036,0.0,20.656,20.165,18.938,18.365,18.19,0.336
5729,1,9.81,-0.23,0.42218,-1.517,3.594,4.903,12.0,0.037,0.0,20.562,20.051,18.889,18.281,18.13,0.422
5730,1,9.81,-0.23,0.33793,-1.749,3.581,4.984,12.3,0.037,0.0,21.442,20.95,19.725,19.151,18.976,0.338
5731,1,9.81,-0.23,0.66601,-0.846,3.659,4.688,12.3,0.037,0.0,19.184,18.626,17.705,17.095,17.003,0.666
5732,1,9.81,-0.23,0.47402,-1.388,3.604,4.865,12.4,0.037,0.0,20.639,20.117,19.002,18.369,18.232,0.474
5733,1,9.81,-0.23,0.47792,-1.377,3.605,4.861,12.6,0.038,0.0,20.813,20.292,19.179,18.545,18.409,0.478
5734,1,9.81,-0.23,0.88013,-0.19,3.748,4.51,13.2,0.038,0.0,18.444,17.884,17.282,16.927,16.88,0.88
5735,1,9.81,-0.23,0.79625,-0.44,3.715,4.587,13.6,0.038,0.0,19.471,18.887,18.177,17.738,17.676,0.796
5736,1,9.81,-0.23,0.70658,-0.723,3.674,4.651,13.8,0.038,0.0,20.377,19.803,18.941,18.375,18.292,0.707
5737,1,9.81,-0.23,0.696,-0.756,3.669,4.659,14.3,0.038,0.0,20.96,20.391,19.511,18.931,18.846,0.696
5738,1,9.81,-0.23,1.03764,0.262,3.788,4.29,14.4,0.038,0.0,18.514,18.022,17.538,17.273,17.24,1.038
5739,1,9.81,-0.23,1.08779,0.402,3.782,4.146,14.5,0.038,0.0,18.265,17.76,17.259,16.982,16.946,1.088
5740,1,9.81,-0.23,0.99789,0.142,3.781,4.365,14.7,0.038,0.0,19.115,18.608,18.104,17.823,17.788,0.998
5741,1,9.81,-0.23,0.74752,-0.593,3.693,4.623,14.8,0.038,0.0,21.053,20.469,19.679,19.173,19.101,0.748
5742,1,9.81,-0.21,0.9178,-0.09,3.758,4.47,10.8,0.034,0.0,15.796,15.247,14.678,14.347,14.304,0.918
5743,1,9.81,-0.21,0.95379,0.011,3.769,4.426,11.4,0.036,0.0,16.141,15.609,15.071,14.763,14.724,0.954
5744,1,9.81,-0.21,0.25055,-1.998,3.564,5.037,11.5,0.036,0.0,21.264,20.817,19.513,18.952,18.748,0.251
5745,1,9.81,-0.21,0.34246,-1.741,3.58,4.98,12.2,0.037,0.0,21.321,20.832,19.601,19.027,18.852,0.342
5746,1,9.81,-0.21,0.76624,-0.543,3.7,4.61,12.4,0.037,0.0,18.526,17.938,17.173,16.689,16.62,0.766
5747,1,9.81,-0.21,0.80392,-0.426,3.717,4.582,13.0,0.038,0.0,18.834,18.249,17.544,17.108,17.047,0.804
5748,1,9.81,-0.21,0.61049,-1.018,3.638,4.739,13.9,0.038,0.0,21.215,20.677,19.678,19.026,18.919,0.61
5749,1,9.81,-0.21,1.12153,0.571,3.777,3.972,13.9,0.038,0.0,17.242,16.727,16.213,15.928,15.891,1.122
5750,1,9.81,-0.21,0.68922,-0.783,3.665,4.667,13.9,0.038,0.0,20.628,20.063,19.167,18.576,18.488,0.689
5751,1,9.81,-0.21,0.57092,-1.128,3.627,4.775,13.9,0.038,0.0,21.49,20.961,19.923,19.259,19.142,0.571
5752,1,9.81,-0.21,0.90253,-0.134,3.753,4.487,14.3,0.038,0.0,19.405,18.851,18.266,17.924,17.879,0.903
5753,1,9.81,-0.19,0.2644,-1.959,3.565,5.027,10.1,0.031,0.0,19.769,19.314,18.016,17.454,17.254,0.264
5754,1,9.81,-0.19,0.17394,-2.383,3.528,5.119,10.6,0.033,0.0,21.326,20.98,19.496,18.95,18.715,0.174
5755,1,9.81,-0.19,0.55379,-1.179,3.621,4.791,11.0,0.035,0.0,18.718,18.192,17.133,16.471,16.351,0.554
5756,1,9.81,-0.19,0.63439,-0.953,3.645,4.718,11.5,0.036,0.0,18.652,18.106,17.133,16.489,16.389,0.634
5757,1,9.81,-0.19,0.35112,-1.721,3.58,4.973,11.6,0.036,0.0,20.674,20.186,18.952,18.377,18.203,0.351
5758,1,9.81,-0.19,0.31115,-1.824,3.574,4.996,12.0,0.037,0.0,21.329,20.853,19.59,19.025,18.84,0.311
5759,1,9.81,-0.19,0.62924,-0.968,3.643,4.723,12.1,0.037,0.0,19.29,18.747,17.766,17.121,17.018,0.629
5760,1,9.81,-0.19,0.36569,-1.679,3.583,4.957,12.2,0.037,0.0,21.168,20.677,19.453,18.872,18.702,0.366
5761,1,9.81,-0.19,0.46389,-1.422,3.6,4.872,12.4,0.037,0.0,20.725,20.208,19.072,18.442,18.303,0.464
5762,1,9.81,-0.19,0.6741,-0.835,3.658,4.682,12.9,0.038,0.0,19.758,19.199,18.277,17.665,17.574,0.674
5763,1,9.81,-0.19,0.71308,-0.717,3.673,4.648,13.2,0.038,0.0,19.762,19.187,18.324,17.757,17.674,0.713
5764,1,9.81,-0.19,0.60348,-1.044,3.634,4.746,13.6,0.038,0.0,20.981,20.446,19.433,18.776,18.667,0.603
5765,1,9.81,-0.19,0.66173,-0.872,3.654,4.693,13.8,0.038,0.0,20.749,20.195,19.257,18.632,18.538,0.662
5766,1,9.81,-0.17,0.17175,-2.401,3.525,5.121,10.5,0.033,0.0,21.273,20.936,19.434,18.89,18.655,0.172
5767,1,9.81,-0.17,0.30798,-1.835,3.572,4.996,11.2,0.035,0.0,20.558,20.088,18.814,18.249,18.062,0.308
5768,1,9.81,-0.17,0.31895,-1.807,3.574,4.991,11.5,0.036,0.0,20.788,20.313,19.046,18.481,18.297,0.319
5769,1,9.81,-0.17,0.29422,-1.873,3.57,5.005,11.6,0.036,0.0,21.052,20.59,19.306,18.741,18.549,0.294
5770,1,9.81,-0.17,0.65729,-0.891,3.651,4.698,11.8,0.037,0.0,18.798,18.247,17.296,16.663,16.567,0.657
5771,1,9.81,-0.17,0.65526,-0.897,3.651,4.7,12.8,0.038,0.0,19.813,19.263,18.309,17.674,17.578,0.655
5772,1,9.81,-0.17,0.57414,-1.13,3.625,4.773,13.1,0.038,0.0,20.694,20.168,19.122,18.453,18.336,0.574
5773,1,9.81,-0.17,0.69974,-0.766,3.666,4.657,13.2,0.038,0.0,19.886,19.32,18.425,17.834,17.747,0.7
5774,1,9.81,-0.17,0.56541,-1.153,3.623,4.781,13.5,0.038,0.0,21.153,20.628,19.573,18.907,18.788,0.565
5775,1,9.81,-0.17,0.75021,-0.608,3.689,4.622,13.6,0.038,0.0,19.891,19.307,18.501,17.981,17.907,0.75
5776,1,9.81,-0.17,0.87387,-0.233,3.741,4.521,13.7,0.038,0.0,19.054,18.483,17.858,17.485,17.435,0.874
5777,1,9.81,-0.17,1.14071,0.579,3.755,3.883,13.8,0.038,0.0,17.122,16.569,15.99,15.655,15.61,1.141
5778,1,9.81,-0.17,0.90801,-0.134,3.752,4.483,13.9,0.038,0.0,19.006,18.447,17.858,17.512,17.467,0.908
5779,1,9.81,-0.17,1.10805,0.489,3.789,4.094,14.7,0.038,0.0,18.247,17.751,17.271,17.01,16.976,1.108
5780,1,9.81,-0.17,1.11169,0.503,3.788,4.078,14.8,0.038,0.0,18.313,17.815,17.332,17.07,17.036,1.112
5781,1,9.81,-0.15,0.26192,-1.974,3.563,5.026,11.4,0.036,0.0,21.105,20.665,19.346,18.784,18.578,0.262
5782,1,9.81,-0.15,0.25538,-1.994,3.561,5.03,11.5,0.036,0.0,21.254,20.818,19.493,18.932,18.724,0.255
5783,1,9.81,-0.15,0.44663,-1.473,3.594,4.884,12.1,0.037,0.0,20.553,20.049,18.875,18.26,18.111,0.447
5784,1,9.81,-0.15,0.88352,-0.214,3.742,4.512,12.2,0.037,0.0,17.504,16.934,16.314,15.945,15.895,0.884
5785,1,9.81,-0.15,0.54069,-1.225,3.615,4.804,12.3,0.037,0.0,20.133,19.612,18.528,17.871,17.746,0.541
5786,1,9.81,-0.15,0.84024,-0.342,3.726,4.554,12.6,0.038,0.0,18.224,17.64,16.967,16.558,16.501,0.84
5787,1,9.81,-0.15,0.60423,-1.053,3.632,4.746,12.7,0.038,0.0,20.102,19.571,18.548,17.886,17.775,0.604
5788,1,9.81,-0.15,0.80957,-0.434,3.713,4.578,13.1,0.038,0.0,18.955,18.367,17.649,17.204,17.141,0.81
5789,1,9.81,-0.15,0.49139,-1.359,3.604,4.849,13.1,0.038,0.0,21.267,20.752,19.625,18.984,18.85,0.491
5790,1,9.81,-0.15,0.69702,-0.782,3.663,4.661,13.3,0.038,0.0,20.024,19.46,18.555,17.956,17.867,0.697
5791,1,9.81,-0.15,0.5883,-1.097,3.628,4.761,13.3,0.038,0.0,20.812,20.284,19.245,18.578,18.464,0.588
5792,1,9.81,-0.15,0.78765,-0.501,3.704,4.595,13.8,0.038,0.0,19.822,19.232,18.481,18.008,17.941,0.788
5793,1,9.81,-0.13,0.26513,-1.968,3.562,5.023,9.1,0.025,0.0,18.789,18.346,17.024,16.464,16.258,0.265
5794,1,9.81,-0.13,0.16009,-2.491,3.513,5.131,10.3,0.032,0.0,21.296,21.0,19.425,18.887,18.646,0.16
5795,1,9.81,-0.13,0.55418,-1.193,3.618,4.792,10.6,0.033,0.0,18.354,17.831,16.754,16.092,15.97,0.554
5796,1,9.81,-0.13,0.28474,-1.908,3.566,5.01,11.4,0.036,0.0,20.941,20.494,19.185,18.622,18.422,0.285
5797,1,9.81,-0.13,0.69805,-0.786,3.662,4.66,12.7,0.038,0.0,19.434,18.872,17.961,17.358,17.268,0.698
5798,1,9.81,-0.13,0.65104,-0.922,3.646,4.705,13.2,0.038,0.0,20.276,19.73,18.759,18.116,18.017,0.651
5799,1,9.81,-0.13,0.67673,-0.848,3.655,4.681,13.6,0.038,0.0,20.489,19.934,18.996,18.372,18.278,0.677
5800,1,9.81,-0.13,0.66684,-0.876,3.651,4.69,14.1,0.038,0.0,21.061,20.51,19.559,18.925,18.83,0.667
5801,1,9.81,-0.13,0.63228,-0.977,3.64,4.722,14.2,0.038,0.0,21.412,20.873,19.879,19.226,19.122,0.632
5802,1,9.81,-0.13,0.97582,0.049,3.768,4.397,14.5,0.038,0.0,19.148,18.611,18.072,17.766,17.726,0.976
5803,1,9.81,-0.13,1.06507,0.281,3.778,4.244,15.2,0.038,0.0,19.269,18.749,18.239,17.956,17.919,1.065
5804,1,9.81,-0.11,0.56423,-1.172,3.619,4.783,11.6,0.036,0.0,19.299,18.778,17.704,17.039,16.918,0.564
5805,1,9.81,-0.11,0.68361,-0.835,3.655,4.675,11.9,0.037,0.0,18.756,18.2,17.264,16.642,16.549,0.684
5806,1,9.81,-0.11,0.52464,-1.279,3.609,4.819,12.3,0.037,0.0,20.266,19.752,18.64,17.987,17.859,0.525
5807,1,9.81,-0.11,0.67075,-0.872,3.651,4.687,12.5,0.038,0.0,19.449,18.898,17.945,17.311,17.215,0.671
5808,1,9.81,-0.11,0.97979,0.056,3.768,4.39,13.6,0.038,0.0,18.229,17.691,17.151,16.844,16.804,0.98
5809,1,9.81,-0.11,0.62701,-0.998,3.637,4.727,13.6,0.038,0.0,20.865,20.33,19.323,18.665,18.559,0.627
5810,1,9.81,-0.11,0.75479,-0.617,3.685,4.62,13.6,0.038,0.0,19.913,19.329,18.509,17.98,17.904,0.755
5811,1,9.81,-0.11,0.75105,-0.629,3.684,4.622,14.1,0.038,0.0,20.441,19.859,19.033,18.498,18.421,0.751
5812,1,9.81,-0.11,0.77872,-0.544,3.696,4.602,14.7,0.038,0.0,20.83,20.241,19.461,18.965,18.894,0.779
5813,1,9.81,-0.11,1.08825,0.39,3.783,4.162,14.9,0.038,0.0,18.694,18.181,17.686,17.414,17.378,1.088
5814,1,9.81,-0.09,0.93074,-0.097,3.752,4.459,11.1,0.035,0.0,16.112,15.547,14.961,14.619,14.574,0.931
5815,1,9.81,-0.09,0.48436,-1.388,3.599,4.853,11.9,0.037,0.0,20.141,19.634,18.479,17.841,17.704,0.484
5816,1,9.81,-0.09,0.70574,-0.776,3.662,4.655,12.2,0.037,0.0,18.911,18.347,17.436,16.832,16.743,0.706
5817,1,9.81,-0.09,0.7285,-0.705,3.672,4.639,12.6,0.038,0.0,19.133,18.557,17.687,17.115,17.032,0.729
5818,1,9.81,-0.09,0.62657,-1.005,3.636,4.728,12.8,0.038,0.0,20.083,19.549,18.536,17.875,17.768,0.627
5819,1,9.81,-0.09,0.44517,-1.488,3.591,4.883,13.0,0.038,0.0,21.489,20.996,19.793,19.184,19.031,0.445
5820,1,9.81,-0.09,0.60815,-1.058,3.63,4.745,13.2,0.038,0.0,20.615,20.088,19.052,18.383,18.272,0.608
5821,1,9.81,-0.09,0.63965,-0.968,3.64,4.716,13.5,0.038,0.0,20.689,20.151,19.153,18.499,18.395,0.64
5822,1,9.81,-0.09,0.72381,-0.72,3.67,4.642,13.6,0.038,0.0,20.169,19.597,18.718,18.139,18.055,0.724
5823,1,9.81,-0.09,1.00559,0.133,3.773,4.344,13.6,0.038,0.0,18.038,17.506,16.981,16.686,16.647,1.006
5824,1,9.81,-0.09,0.7875,-0.525,3.698,4.596,13.7,0.038,0.0,19.783,19.192,18.419,17.93,17.86,0.787
5825,1,9.81,-0.09,1.11682,0.482,3.781,4.073,14.3,0.038,0.0,17.866,17.348,16.847,16.572,16.535,1.117
5826,1,9.81,-0.09,1.01299,0.156,3.774,4.331,14.8,0.038,0.0,19.18,18.65,18.129,17.839,17.801,1.013
5827,1,9.81,-0.07,0.16029,-2.497,3.51,5.127,8.3,0.02,0.0,19.312,19.018,17.426,16.895,16.653,0.16
5828,1,9.81,-0.07,0.23309,-2.088,3.552,5.047,10.7,0.034,0.0,20.69,20.286,18.908,18.352,18.126,0.233
5829,1,9.81,-0.07,0.32177,-1.817,3.569,4.983,12.0,0.037,0.0,21.313,20.863,19.555,18.989,18.797,0.322
5830,1,9.81,-0.07,0.41999,-1.551,3.585,4.899,12.8,0.038,0.0,21.449,20.967,19.728,19.135,18.973,0.42
5831,1,9.81,-0.07,0.62119,-1.026,3.632,4.734,13.2,0.038,0.0,20.536,20.006,18.98,18.314,18.205,0.621
5832,1,9.81,-0.07,0.6427,-0.965,3.639,4.714,13.4,0.038,0.0,20.582,20.045,19.045,18.389,18.285,0.643
5833,1,9.81,-0.07,0.96285,-0.004,3.76,4.413,13.5,0.038,0.0,18.28,17.728,17.166,16.843,16.8,0.963
5834,1,9.81,-0.07,1.0624,0.308,3.777,4.209,13.8,0.038,0.0,17.801,17.273,16.76,16.476,16.438,1.062
5835,1,9.81,-0.07,0.86996,-0.288,3.73,4.53,14.5,0.038,0.0,19.99,19.405,18.745,18.347,18.292,0.87
5836,1,9.81,-0.07,1.13264,0.527,3.773,4.004,14.8,0.038,0.0,18.253,17.72,17.197,16.906,16.867,1.133
5837,1,9.81,-0.05,0.23861,-2.07,3.552,5.04,10.7,0.034,0.0,20.646,20.243,18.862,18.306,18.081,0.239
5838,1,9.81,-0.05,0.76514,-0.608,3.684,4.613,10.8,0.034,0.0,17.09,16.503,15.681,15.149,15.073,0.765
5839,1,9.81,-0.05,0.20842,-2.185,3.545,5.069,10.9,0.034,0.0,21.133,20.749,19.334,18.784,18.553,0.208
5840,1,9.81,-0.05,0.38423,-1.65,3.578,4.929,12.1,0.037,0.0,20.994,20.526,19.246,18.672,18.498,0.384
5841,1,9.81,-0.05,0.40039,-1.603,3.58,4.911,12.6,0.038,0.0,21.378,20.907,19.638,19.058,18.888,0.4
5842,1,9.81,-0.05,0.4833,-1.398,3.597,4.853,12.8,0.038,0.0,21.066,20.567,19.392,18.758,18.618,0.483
5843,1,9.81,-0.05,0.64389,-0.968,3.638,4.713,14.1,0.038,0.0,21.289,20.753,19.748,19.09,18.986,0.644
5844,1,9.81,-0.03,0.95246,-0.046,3.754,4.427,11.8,0.037,0.0,16.686,16.121,15.543,15.206,15.162,0.952
5845,1,9.81,-0.03,0.41603,-1.568,3.582,4.899,12.0,0.037,0.0,20.689,20.216,18.954,18.367,18.201,0.416
5846,1,9.81,-0.03,0.63075,-1.011,3.633,4.726,13.4,0.038,0.0,20.697,20.168,19.141,18.473,18.365,0.631
5847,1,9.81,-0.03,0.98118,0.05,3.763,4.377,14.8,0.038,0.0,19.444,18.893,18.339,18.023,17.981,0.981
5848,1,9.81,-0.01,0.47646,-1.422,3.593,4.856,11.0,0.035,0.0,19.324,18.833,17.632,17.007,16.862,0.476
5849,1,9.81,-0.01,0.89087,-0.252,3.732,4.513,11.7,0.037,0.0,17.099,16.513,15.861,15.469,15.414,0.891
5850,1,9.81,-0.01,0.39952,-1.613,3.578,4.91,11.8,0.037,0.0,20.602,20.138,18.849,18.273,18.101,0.4
5851,1,9.81,-0.01,0.55251,-1.228,3.61,4.795,12.8,0.038,0.0,20.64,20.132,19.013,18.348,18.224,0.553
5852,1,9.81,0.01,0.288,-1.908,3.558,4.984,11.1,0.035,0.0,20.64,20.224,18.86,18.299,18.087,0.288
5853,1,9.81,0.01,0.44681,-1.5,3.586,4.878,12.1,0.037,0.0,20.621,20.146,18.897,18.296,18.137,0.447
5854,1,9.81,0.01,0.44797,-1.498,3.586,4.877,12.8,0.038,0.0,21.314,20.839,19.591,18.989,18.831,0.448
5855,1,9.81,0.01,0.72164,-0.763,3.66,4.643,13.0,0.038,0.0,19.677,19.115,18.194,17.583,17.493,0.722
5856,1,9.81,0.01,0.65603,-0.948,3.638,4.702,13.4,0.038,0.0,20.539,20.004,18.997,18.335,18.232,0.656
5857,1,9.81,0.01,0.86121,-0.347,3.719,4.541,13.8,0.038,0.0,19.437,18.843,18.146,17.719,17.659,0.861
5858,1,9.81,0.01,0.82082,-0.468,3.701,4.571,14.1,0.038,0.0,20.04,19.444,18.685,18.208,18.14,0.821
5859,1,9.81,0.01,0.76286,-0.641,3.676,4.611,14.9,0.038,0.0,21.271,20.689,19.835,19.277,19.196,0.763
5860,1,9.81,0.01,1.03373,0.174,3.769,4.302,15.1,0.038,0.0,19.435,18.89,18.357,18.058,18.017,1.034
5861,1,9.81,0.03,0.25182,-2.026,3.55,5.012,10.7,0.034,0.0,20.534,20.14,18.744,18.188,17.96,0.252
5862,1,9.81,0.03,0.28625,-1.917,3.557,4.986,11.6,0.036,0.0,21.163,20.753,19.382,18.821,18.606,0.286
5863,1,9.81,0.03,0.51738,-1.325,3.6,4.824,12.3,0.037,0.0,20.383,19.887,18.72,18.064,17.933,0.517
5864,1,9.81,0.03,0.71757,-0.779,3.657,4.647,13.3,0.038,0.0,20.018,19.458,18.526,17.908,17.817,0.718
5865,1,9.81,0.03,0.7523,-0.676,3.671,4.62,13.5,0.038,0.0,19.96,19.383,18.507,17.933,17.85,0.752
5866,1,9.81,0.03,0.75619,-0.665,3.672,4.617,14.1,0.038,0.0,20.532,19.953,19.083,18.514,18.431,0.756
5867,1,9.81,0.03,0.87947,-0.298,3.724,4.524,14.3,0.038,0.0,19.816,19.222,18.545,18.135,18.078,0.879
5868,1,9.81,0.03,0.78047,-0.593,3.682,4.598,14.6,0.038,0.0,20.853,20.267,19.435,18.897,18.82,0.78
5869,1,9.81,0.05,0.66135,-0.94,3.638,4.697,12.3,0.037,0.0,19.42,18.885,17.874,17.214,17.11,0.661
5870,1,9.81,0.05,0.46854,-1.452,3.589,4.862,12.8,0.038,0.0,21.199,20.724,19.484,18.869,18.717,0.469
5871,1,9.81,0.05,0.85191,-0.385,3.712,4.548,13.7,0.038,0.0,19.433,18.836,18.116,17.672,17.608,0.852
5872,1,9.81,0.05,0.87971,-0.304,3.723,4.523,13.8,0.038,0.0,19.329,18.733,18.051,17.639,17.58,0.88
5873,1,9.81,0.09,0.54195,-1.268,3.604,4.801,12.4,0.037,0.0,20.34,19.847,18.683,18.019,17.891,0.542
5874,1,9.81,0.09,0.75667,-0.677,3.669,4.616,13.2,0.038,0.0,19.662,19.084,18.201,17.625,17.54,0.757
5875,1,9.81,0.09,0.64199,-0.999,3.631,4.714,13.7,0.038,0.0,20.968,20.444,19.399,18.727,18.618,0.642
5876,1,9.81,0.11,0.60224,-1.115,3.618,4.751,11.6,0.036,0.0,19.157,18.65,17.547,16.869,16.751,0.602
5877,1,9.81,0.11,0.9893,0.007,3.753,4.386,12.0,0.037,0.0,16.752,16.176,15.597,15.266,15.22,0.989
5878,1,9.81,0.11,0.91891,-0.204,3.732,4.481,15.2,0.038,0.0,20.48,19.886,19.238,18.853,18.798,0.919
5879,1,9.81,0.13,0.97129,-0.051,3.747,4.412,12.9,0.038,0.0,17.798,17.214,16.616,16.271,16.222,0.971
5880,1,9.81,0.15,0.54645,-1.263,3.603,4.796,11.9,0.037,0.0,19.827,19.343,18.162,17.494,17.365,0.546
5881,1,9.81,0.15,0.74311,-0.729,3.661,4.627,12.6,0.038,0.0,19.192,18.624,17.704,17.104,17.014,0.743
5882,1,9.81,0.15,0.56262,-1.222,3.607,4.783,13.1,0.038,0.0,20.925,20.436,19.273,18.601,18.476,0.563
5883,1,9.81,0.15,0.89824,-0.279,3.722,4.504,14.1,0.038,0.0,19.566,18.964,18.28,17.87,17.81,0.898
5884,1,9.81,0.15,0.82875,-0.481,3.695,4.564,14.2,0.038,0.0,20.172,19.571,18.79,18.301,18.229,0.829
5885,1,9.81,0.17,0.86486,-0.38,3.708,4.534,13.9,0.038,0.0,19.621,19.016,18.284,17.835,17.768,0.865
5886,1,9.81,0.23,1.01419,0.053,3.753,4.349,14.4,0.038,0.0,19.038,18.452,17.874,17.548,17.5,1.014
5887,1,9.81,0.25,0.30688,-1.888,3.553,4.972,10.9,0.034,0.0,20.39,19.992,18.601,18.041,17.819,0.307
5888,1,9.81,0.25,0.7193,-0.808,3.65,4.648,12.0,0.037,0.0,18.789,18.233,17.265,16.633,16.537,0.719
5889,1,9.83,-0.75,0.8805,0.07,3.791,4.424,11.5,0.036,0.0,16.096,15.649,15.163,14.891,14.859,0.881
5890,1,9.83,-0.75,0.5885,-0.93,3.666,4.748,13.5,0.038,0.0,20.595,20.034,19.15,18.576,18.482,0.588
5891,1,9.83,-0.73,0.82315,-0.139,3.771,4.522,13.1,0.038,0.0,18.218,17.725,17.183,16.871,16.831,0.823
5892,1,9.83,-0.69,0.21597,-2.02,3.592,5.105,11.7,0.037,0.0,21.52,20.985,19.863,19.291,19.122,0.216
5893,1,9.83,-0.69,0.31497,-1.695,3.612,5.026,12.5,0.038,0.0,21.507,20.956,19.909,19.315,19.168,0.315
5894,1,9.83,-0.69,0.92231,0.214,3.8,4.336,13.3,0.038,0.0,17.536,17.105,16.644,16.392,16.363,0.922
5895,1,9.83,-0.67,0.25935,-1.846,3.601,5.049,11.7,0.037,0.0,21.084,20.535,19.454,18.872,18.715,0.259
5896,1,9.83,-0.67,0.31371,-1.675,3.612,5.003,12.1,0.037,0.0,21.058,20.508,19.459,18.864,18.717,0.314
5897,1,9.83,-0.65,0.21466,-2.028,3.589,5.1,9.8,0.029,0.0,19.641,19.107,17.973,17.403,17.233,0.215
5898,1,9.83,-0.65,0.69746,-0.586,3.71,4.651,10.7,0.034,0.0,16.934,16.36,15.632,15.176,15.109,0.697
5899,1,9.83,-0.65,0.62138,-0.839,3.674,4.714,11.5,0.036,0.0,18.368,17.801,16.945,16.386,16.3,0.621
5900,1,9.83,-0.65,0.75227,-0.402,3.734,4.6,12.6,0.038,0.0,18.375,17.821,17.173,16.781,16.726,0.752
5901,1,9.83,-0.65,0.75269,-0.401,3.735,4.6,13.2,0.038,0.0,18.971,18.418,17.771,17.379,17.324,0.753
5902,1,9.83,-0.63,1.057,0.705,3.723,3.594,12.3,0.037,0.0,15.307,14.746,14.057,13.633,13.576,1.057
5903,1,9.83,-0.61,0.24992,-1.896,3.594,5.055,11.7,0.037,0.0,21.21,20.672,19.558,18.981,18.817,0.25
5904,1,9.83,-0.61,0.40566,-1.473,3.618,4.937,12.5,0.038,0.0,20.952,20.405,19.37,18.757,18.619,0.406
5905,1,9.83,-0.61,0.60088,-0.923,3.662,4.733,14.4,0.038,0.0,21.479,20.921,20.019,19.426,19.332,0.601
5906,1,9.83,-0.61,1.02697,0.543,3.808,4.084,14.8,0.038,0.0,18.212,17.792,17.354,17.123,17.094,1.027
5907,1,9.83,-0.59,0.53297,-1.136,3.641,4.811,11.0,0.035,0.0,18.611,18.062,17.092,16.466,16.355,0.533
5908,1,9.83,-0.59,0.3655,-1.574,3.612,4.967,11.5,0.036,0.0,20.204,19.656,18.602,18.0,17.856,0.366
5909,1,9.83,-0.59,0.60356,-0.921,3.661,4.731,13.9,0.038,0.0,20.972,20.415,19.511,18.917,18.823,0.604
5910,1,9.83,-0.59,0.77057,-0.37,3.737,4.587,14.1,0.038,0.0,19.794,19.241,18.6,18.212,18.159,0.771
5911,1,9.83,-0.59,0.92638,0.138,3.793,4.386,14.3,0.038,0.0,18.725,18.271,17.794,17.53,17.499,0.926
5912,1,9.83,-0.57,0.35571,-1.604,3.609,4.974,12.1,0.037,0.0,20.881,20.334,19.27,18.671,18.525,0.356
5913,1,9.83,-0.57,0.46354,-1.338,3.624,4.886,12.2,0.037,0.0,20.315,19.772,18.752,18.122,17.993,0.464
5914,1,9.83,-0.57,0.40035,-1.496,3.614,4.938,13.0,0.038,0.0,21.51,20.965,19.915,19.305,19.165,0.4
5915,1,9.83,-0.57,0.68119,-0.67,3.694,4.665,14.5,0.038,0.0,20.945,20.37,19.587,19.086,19.012,0.681
5916,1,9.83,-0.57,0.64695,-0.782,3.679,4.694,14.6,0.038,0.0,21.325,20.756,19.917,19.37,19.288,0.647
5917,1,9.83,-0.55,0.56412,-1.052,3.647,4.775,11.0,0.035,0.0,18.4,17.85,16.896,16.27,16.166,0.564
5918,1,9.83,-0.55,0.66822,-0.72,3.687,4.677,11.3,0.036,0.0,17.87,17.297,16.486,15.962,15.884,0.668
5919,1,9.83,-0.55,0.27575,-1.833,3.594,5.033,11.5,0.036,0.0,20.851,20.315,19.197,18.619,18.456,0.276
5920,1,9.83,-0.55,0.51237,-1.208,3.633,4.834,11.6,0.036,0.0,19.389,18.844,17.849,17.217,17.098,0.512
5921,1,9.83,-0.55,0.5511,-1.093,3.643,4.79,12.3,0.037,0.0,19.802,19.255,18.288,17.659,17.551,0.551
5922,1,9.83,-0.55,0.70605,-0.598,3.704,4.645,13.7,0.038,0.0,19.965,19.389,18.638,18.163,18.095,0.706
5923,1,9.83,-0.55,1.03751,0.521,3.808,4.11,15.6,0.038,0.0,19.069,18.644,18.207,17.976,17.948,1.038
5924,1,9.83,-0.53,0.41719,-1.465,3.613,4.923,11.7,0.037,0.0,20.133,19.589,18.536,17.922,17.783,0.417
5925,1,9.83,-0.53,0.49828,-1.254,3.629,4.849,12.2,0.037,0.0,20.104,19.562,18.552,17.916,17.793,0.498
5926,1,9.83,-0.53,0.41584,-1.468,3.613,4.924,12.7,0.038,0.0,21.141,20.598,19.543,18.93,18.79,0.416
5927,1,9.83,-0.53,0.72824,-0.533,3.712,4.627,13.2,0.038,0.0,19.302,18.729,18.007,17.555,17.491,0.728
5928,1,9.83,-0.53,0.67875,-0.694,3.69,4.668,14.1,0.038,0.0,20.604,20.03,19.229,18.712,18.636,0.679
5929,1,9.83,-0.53,0.7485,-0.467,3.721,4.61,14.3,0.038,0.0,20.237,19.667,18.977,18.551,18.491,0.748
5930,1,9.83,-0.53,1.05,0.573,3.802,4.042,14.4,0.038,0.0,17.738,17.299,16.848,16.607,16.577,1.05
5931,1,9.83,-0.53,0.80426,-0.288,3.746,4.56,15.1,0.038,0.0,20.59,20.045,19.432,19.066,19.018,0.804
5932,1,9.83,-0.51,1.02585,0.433,3.805,4.183,12.9,0.038,0.0,16.587,16.154,15.712,15.476,15.448,1.026
5933,1,9.83,-0.51,0.87084,-0.087,3.77,4.489,13.2,0.038,0.0,18.187,17.679,17.137,16.825,16.786,0.871
5934,1,9.83,-0.51,0.59663,-0.969,3.653,4.741,13.4,0.038,0.0,20.592,20.041,19.106,18.486,18.388,0.597
5935,1,9.83,-0.51,0.67908,-0.7,3.688,4.668,13.8,0.038,0.0,20.32,19.747,18.939,18.417,18.34,0.679
5936,1,9.83,-0.51,0.83682,-0.193,3.758,4.53,14.1,0.038,0.0,19.353,18.824,18.247,17.908,17.865,0.837
5937,1,9.83,-0.49,0.11606,-2.824,3.492,5.241,8.7,0.022,0.0,20.53,20.283,18.631,18.059,17.824,0.116
5938,1,9.83,-0.49,0.76727,-0.422,3.726,4.597,11.9,0.037,0.0,17.726,17.156,16.483,16.071,16.014,0.767
5939,1,9.83,-0.49,0.47613,-1.324,3.621,4.87,12.6,0.038,0.0,20.679,20.139,19.104,18.471,18.341,0.476
5940,1,9.83,-0.49,0.61349,-0.921,3.658,4.726,13.0,0.038,0.0,20.072,19.517,18.6,17.993,17.899,0.613
5941,1,9.83,-0.49,0.71188,-0.602,3.701,4.641,13.6,0.038,0.0,19.876,19.297,18.536,18.052,17.983,0.712
5942,1,9.83,-0.49,0.93337,0.099,3.787,4.404,14.0,0.038,0.0,18.522,18.049,17.557,17.282,17.25,0.933
5943,1,9.83,-0.49,0.71042,-0.607,3.7,4.642,14.5,0.038,0.0,20.788,20.209,19.445,18.96,18.89,0.71
5944,1,9.83,-0.47,0.82312,-0.251,3.749,4.548,11.0,0.035,0.0,16.398,15.851,15.252,14.896,14.849,0.823
5945,1,9.83,-0.47,0.38297,-1.569,3.603,4.949,12.5,0.038,0.0,21.191,20.651,19.563,18.961,18.814,0.383
5946,1,9.83,-0.47,0.79545,-0.339,3.737,4.574,13.8,0.038,0.0,19.418,18.86,18.222,17.837,17.785,0.795
5947,1,9.83,-0.47,0.92456,0.064,3.783,4.42,14.1,0.038,0.0,18.709,18.226,17.724,17.442,17.408,0.925
5948,1,9.83,-0.47,0.90983,0.019,3.779,4.441,15.4,0.038,0.0,20.123,19.63,19.117,18.826,18.791,0.91
5949,1,9.83,-0.45,0.1649,-2.41,3.533,5.143,10.1,0.031,0.0,20.894,20.521,19.099,18.539,18.304,0.165
5950,1,9.83,-0.45,0.40318,-1.52,3.605,4.928,11.6,0.036,0.0,20.171,19.632,18.544,17.937,17.792,0.403
5951,1,9.83,-0.45,0.43691,-1.437,3.61,4.902,11.8,0.037,0.0,20.162,19.623,18.553,17.935,17.796,0.437
5952,1,9.83,-0.45,0.49578,-1.28,3.622,4.849,12.4,0.037,0.0,20.371,19.833,18.798,18.158,18.031,0.496
5953,1,9.83,-0.45,0.92453,0.058,3.782,4.42,12.8,0.038,0.0,17.424,16.936,16.431,16.147,16.113,0.925
5954,1,9.83,-0.45,0.4181,-1.483,3.607,4.917,12.9,0.038,0.0,21.378,20.84,19.76,19.148,19.006,0.418
5955,1,9.83,-0.45,0.86568,-0.125,3.764,4.501,13.9,0.038,0.0,18.981,18.459,17.901,17.577,17.536,0.866
5956,1,9.83,-0.43,0.27788,-1.867,3.584,5.03,9.9,0.03,0.0,19.338,18.82,17.645,17.076,16.902,0.278
5957,1,9.83,-0.43,0.70889,-0.635,3.693,4.644,11.8,0.037,0.0,18.158,17.58,16.792,16.287,16.214,0.709
5958,1,9.83,-0.43,0.43397,-1.449,3.608,4.903,12.6,0.038,0.0,20.992,20.456,19.377,18.76,18.62,0.434
5959,1,9.83,-0.43,0.55998,-1.099,3.638,4.781,13.0,0.038,0.0,20.516,19.974,18.985,18.345,18.234,0.56
5960,1,9.83,-0.43,0.81659,-0.284,3.744,4.558,13.0,0.038,0.0,18.481,17.928,17.313,16.945,16.896,0.817
5961,1,9.83,-0.43,0.66879,-0.763,3.676,4.678,13.4,0.038,0.0,20.077,19.507,18.655,18.097,18.015,0.669
5962,1,9.83,-0.43,0.73031,-0.565,3.704,4.628,14.2,0.038,0.0,20.382,19.802,19.052,18.579,18.511,0.73
5963,1,9.83,-0.43,0.80217,-0.331,3.738,4.571,14.4,0.038,0.0,19.997,19.438,18.801,18.418,18.366,0.802
5964,1,9.83,-0.43,0.77648,-0.414,3.726,4.592,14.6,0.038,0.0,20.404,19.833,19.159,18.747,18.69,0.776
5965,1,9.83,-0.41,0.15374,-2.501,3.52,5.151,8.4,0.02,0.0,19.422,19.083,17.588,17.03,16.793,0.154
5966,1,9.83,-0.41,0.99481,0.29,3.792,4.261,13.1,0.038,0.0,17.144,16.675,16.199,15.938,15.906,0.995
5967,1,9.83,-0.41,0.92893,0.068,3.781,4.408,13.2,0.038,0.0,17.8,17.307,16.8,16.515,16.48,0.929
5968,1,9.83,-0.41,0.53059,-1.189,3.628,4.812,13.3,0.038,0.0,21.043,20.506,19.487,18.84,18.721,0.531
5969,1,9.83,-0.41,0.5212,-1.217,3.626,4.822,13.5,0.038,0.0,21.312,20.776,19.749,19.101,18.979,0.521
5970,1,9.83,-0.41,0.645,-0.845,3.665,4.699,13.9,0.038,0.0,20.783,20.221,19.327,18.737,18.648,0.645
5971,1,9.83,-0.41,0.78933,-0.378,3.731,4.583,14.3,0.038,0.0,20.015,19.447,18.789,18.389,18.334,0.789
5972,1,9.83,-0.41,0.65321,-0.819,3.668,4.691,14.5,0.038,0.0,21.317,20.753,19.871,19.29,19.203,0.653
5973,1,9.83,-0.41,0.85803,-0.158,3.759,4.51,15.1,0.038,0.0,20.265,19.732,19.16,18.826,18.783,0.858
5974,1,9.83,-0.39,0.48164,-1.333,3.615,4.86,11.0,0.035,0.0,19.103,18.567,17.505,16.872,16.74,0.482
5975,1,9.83,-0.39,0.28184,-1.869,3.581,5.026,11.7,0.037,0.0,21.142,20.637,19.44,18.872,18.694,0.282
5976,1,9.83,-0.39,0.27477,-1.89,3.58,5.031,11.8,0.037,0.0,21.296,20.793,19.59,19.024,18.844,0.275
5977,1,9.83,-0.39,0.72093,-0.61,3.696,4.636,12.1,0.037,0.0,18.395,17.815,17.036,16.539,16.467,0.721
5978,1,9.83,-0.39,0.39549,-1.557,3.598,4.932,12.4,0.037,0.0,21.062,20.531,19.414,18.812,18.662,0.395
5979,1,9.83,-0.39,0.64821,-0.842,3.665,4.696,12.6,0.038,0.0,19.475,18.913,18.018,17.426,17.337,0.648
5980,1,9.83,-0.39,0.42895,-1.472,3.604,4.905,12.8,0.038,0.0,21.249,20.715,19.619,19.004,18.862,0.429
5981,1,9.83,-0.39,0.66688,-0.783,3.672,4.679,12.8,0.038,0.0,19.528,18.96,18.092,17.521,17.437,0.667
5982,1,9.83,-0.39,0.5611,-1.107,3.635,4.78,12.9,0.038,0.0,20.437,19.897,18.898,18.254,18.141,0.561
5983,1,9.83,-0.39,0.61427,-0.952,3.651,4.728,12.9,0.038,0.0,20.049,19.499,18.553,17.925,17.827,0.614
5984,1,9.83,-0.39,0.54557,-1.151,3.631,4.796,13.1,0.038,0.0,20.747,20.209,19.197,18.55,18.434,0.546
5985,1,9.83,-0.39,0.87735,-0.098,3.765,4.484,13.4,0.038,0.0,18.416,17.891,17.337,17.016,16.976,0.877
5986,1,9.83,-0.39,0.57451,-1.069,3.639,4.767,13.5,0.038,0.0,20.943,20.401,19.414,18.772,18.663,0.575
5987,1,9.83,-0.39,0.72023,-0.612,3.696,4.636,13.9,0.038,0.0,20.201,19.621,18.841,18.342,18.271,0.72
5988,1,9.83,-0.39,0.77086,-0.444,3.721,4.599,14.1,0.038,0.0,19.981,19.404,18.714,18.288,18.229,0.771
5989,1,9.83,-0.39,0.96624,0.203,3.789,4.32,14.1,0.038,0.0,18.362,17.883,17.397,17.129,17.096,0.966
5990,1,9.83,-0.39,1.02369,0.451,3.794,4.121,14.6,0.038,0.0,18.243,17.776,17.307,17.052,17.02,1.024
5991,1,9.83,-0.39,0.98468,0.261,3.79,4.277,14.9,0.038,0.0,19.017,18.541,18.06,17.795,17.763,0.985
5992,1,9.83,-0.37,0.5934,-1.022,3.642,4.749,11.6,0.036,0.0,18.924,18.38,17.404,16.765,16.659,0.593
5993,1,9.83,-0.37,0.49676,-1.297,3.617,4.845,11.9,0.037,0.0,19.912,19.379,18.321,17.682,17.552,0.497
5994,1,9.83,-0.37,0.68936,-0.721,3.679,4.66,12.3,0.037,0.0,18.873,18.3,17.458,16.908,16.827,0.689
5995,1,9.83,-0.37,0.45499,-1.41,3.608,4.883,12.4,0.037,0.0,20.695,20.162,19.075,18.451,18.313,0.455
5996,1,9.83,-0.37,0.48236,-1.336,3.614,4.859,12.7,0.038,0.0,20.81,20.277,19.209,18.575,18.442,0.482
5997,1,9.83,-0.37,0.41844,-1.501,3.601,4.91,12.8,0.038,0.0,21.323,20.791,19.682,19.07,18.925,0.418
5998,1,9.83,-0.37,1.10022,1.705,3.666,2.384,13.5,0.038,0.0,14.008,13.452,12.55,11.962,11.873,1.1
5999,1,9.83,-0.37,0.54463,-1.159,3.63,4.797,13.6,0.038,0.0,21.267,20.73,19.712,19.063,18.945,0.545
6000,1,9.83,-0.37,0.57442,-1.073,3.638,4.767,13.6,0.038,0.0,21.054,20.513,19.521,18.877,18.767,0.574
6001,1,9.83,-0.37,0.55154,-1.139,3.631,4.79,13.8,0.038,0.0,21.417,20.88,19.867,19.219,19.103,0.552
6002,1,9.83,-0.37,0.81325,-0.312,3.739,4.563,14.6,0.038,0.0,20.15,19.589,18.957,18.578,18.527,0.813
6003,1,9.83,-0.37,0.89815,-0.038,3.77,4.456,14.7,0.038,0.0,19.566,19.049,18.51,18.202,18.163,0.898
6004,1,9.83,-0.35,0.11594,-2.842,3.486,5.232,9.1,0.025,0.0,20.975,20.758,19.049,18.49,18.251,0.116
6005,1,9.83,-0.35,0.22292,-2.078,3.566,5.074,9.7,0.028,0.0,19.666,19.197,17.927,17.368,17.167,0.223
6006,1,9.83,-0.35,0.50534,-1.277,3.618,4.837,10.2,0.031,0.0,18.163,17.627,16.572,15.93,15.803,0.505
6007,1,9.83,-0.35,0.27821,-1.889,3.577,5.027,12.0,0.037,0.0,21.493,20.997,19.777,19.213,19.031,0.278
6008,1,9.83,-0.35,0.6491,-0.854,3.662,4.698,12.4,0.037,0.0,19.305,18.745,17.838,17.239,17.148,0.649
6009,1,9.83,-0.35,0.3994,-1.552,3.596,4.923,12.7,0.038,0.0,21.349,20.825,19.692,19.09,18.938,0.399
6010,1,9.83,-0.35,0.61973,-0.947,3.65,4.725,13.3,0.038,0.0,20.437,19.888,18.939,18.308,18.21,0.62
6011,1,9.83,-0.35,0.73085,-0.594,3.697,4.63,13.6,0.038,0.0,19.854,19.272,18.497,18.004,17.933,0.731
6012,1,9.83,-0.35,0.60253,-1.001,3.644,4.741,13.7,0.038,0.0,20.973,20.429,19.457,18.818,18.714,0.603
6013,1,9.83,-0.35,0.67723,-0.765,3.673,4.671,14.2,0.038,0.0,20.884,20.314,19.448,18.879,18.795,0.677
6014,1,9.83,-0.35,0.63788,-0.889,3.657,4.708,14.5,0.038,0.0,21.494,20.938,20.015,19.403,19.31,0.638
6015,1,9.83,-0.33,0.41605,-1.513,3.598,4.91,11.4,0.036,0.0,19.952,19.425,18.3,17.69,17.543,0.416
6016,1,9.83,-0.33,0.77897,-0.444,3.719,4.595,11.6,0.036,0.0,17.48,16.9,16.203,15.772,15.711,0.779
6017,1,9.83,-0.33,0.33324,-1.743,3.586,4.992,12.1,0.037,0.0,21.227,20.719,19.535,18.957,18.787,0.333
6018,1,9.83,-0.33,0.73949,-0.574,3.699,4.624,12.4,0.037,0.0,18.604,18.02,17.254,16.768,16.699,0.739
6019,1,9.83,-0.33,0.61382,-0.971,3.647,4.731,12.5,0.038,0.0,19.698,19.152,18.19,17.553,17.453,0.614
6020,1,9.83,-0.33,0.8341,-0.269,3.743,4.545,13.1,0.038,0.0,18.542,17.982,17.363,16.993,16.944,0.834
6021,1,9.83,-0.33,0.5319,-1.205,3.624,4.81,13.4,0.038,0.0,21.183,20.651,19.612,18.958,18.835,0.532
6022,1,9.83,-0.33,0.67584,-0.777,3.671,4.673,13.5,0.038,0.0,20.212,19.644,18.77,18.194,18.109,0.676
6023,1,9.83,-0.33,0.96126,0.138,3.784,4.365,13.6,0.038,0.0,18.026,17.533,17.035,16.758,16.724,0.961
6024,1,9.83,-0.33,0.70348,-0.692,3.681,4.649,13.7,0.038,0.0,20.201,19.626,18.792,18.25,18.171,0.703
6025,1,9.83,-0.33,0.85943,-0.191,3.752,4.517,13.7,0.038,0.0,18.947,18.398,17.808,17.46,17.415,0.859
6026,1,9.83,-0.33,0.57245,-1.09,3.635,4.77,13.8,0.038,0.0,21.295,20.757,19.753,19.104,18.992,0.572
6027,1,9.83,-0.33,0.76933,-0.475,3.714,4.602,14.1,0.038,0.0,20.058,19.478,18.764,18.32,18.258,0.769
6028,1,9.83,-0.33,1.01723,0.307,3.791,4.247,14.3,0.038,0.0,18.303,17.823,17.344,17.082,17.049,1.017
6029,1,9.83,-0.33,1.02687,0.331,3.788,4.217,14.4,0.038,0.0,18.343,17.859,17.373,17.106,17.072,1.027
6030,1,9.83,-0.33,0.73192,-0.599,3.696,4.629,15.0,0.038,0.0,21.266,20.684,19.904,19.406,19.335,0.732
6031,1,9.83,-0.33,0.96784,0.165,3.786,4.349,15.3,0.038,0.0,19.658,19.169,18.677,18.405,18.371,0.968
6032,1,9.83,-0.31,0.29331,-1.85,3.578,5.013,10.2,0.031,0.0,19.596,19.099,17.877,17.311,17.131,0.293
6033,1,9.83,-0.31,0.37369,-1.634,3.59,4.953,10.5,0.033,0.0,19.356,18.84,17.675,17.085,16.925,0.374
6034,1,9.83,-0.31,0.23828,-2.026,3.567,5.056,10.8,0.034,0.0,20.636,20.17,18.897,18.337,18.137,0.238
6035,1,9.83,-0.31,0.60552,-1.003,3.643,4.739,11.6,0.036,0.0,18.878,18.334,17.356,16.714,16.61,0.606
6036,1,9.83,-0.31,0.30953,-1.806,3.581,5.003,11.8,0.037,0.0,21.085,20.587,19.376,18.806,18.629,0.31
6037,1,9.83,-0.31,0.49101,-1.325,3.612,4.85,11.9,0.037,0.0,19.983,19.454,18.375,17.738,17.606,0.491
6038,1,9.83,-0.31,0.68799,-0.747,3.673,4.663,12.0,0.037,0.0,18.638,18.066,17.203,16.636,16.553,0.688
6039,1,9.83,-0.31,1.07736,0.54,3.789,4.031,12.9,0.038,0.0,16.319,15.834,15.351,15.087,15.053,1.077
6040,1,9.83,-0.31,0.71211,-0.672,3.684,4.644,13.3,0.038,0.0,19.75,19.173,18.348,17.814,17.736,0.712
6041,1,9.83,-0.31,0.74449,-0.566,3.7,4.621,13.3,0.038,0.0,19.484,18.9,18.136,17.651,17.582,0.744
6042,1,9.83,-0.31,0.71441,-0.664,3.685,4.642,13.6,0.038,0.0,20.031,19.453,18.633,18.102,18.025,0.714
6043,1,9.83,-0.31,0.78243,-0.442,3.718,4.593,14.0,0.038,0.0,19.876,19.296,18.596,18.163,18.103,0.782
6044,1,9.83,-0.31,0.7041,-0.698,3.68,4.649,14.6,0.038,0.0,21.115,20.54,19.701,19.154,19.074,0.704
6045,1,9.83,-0.31,0.7685,-0.487,3.712,4.604,15.1,0.038,0.0,21.088,20.506,19.783,19.333,19.269,0.768
6046,1,9.83,-0.29,0.9422,0.03,3.773,4.421,10.7,0.034,0.0,15.394,14.874,14.349,14.05,14.013,0.942
6047,1,9.83,-0.29,0.32214,-1.778,3.581,4.996,11.0,0.035,0.0,20.214,19.714,18.505,17.933,17.758,0.322
6048,1,9.83,-0.29,0.99332,0.202,3.787,4.326,11.2,0.035,0.0,15.464,14.972,14.484,14.215,14.182,0.993
6049,1,9.83,-0.29,0.59356,-1.043,3.638,4.751,11.5,0.036,0.0,18.878,18.338,17.343,16.695,16.586,0.594
6050,1,9.83,-0.29,0.50592,-1.289,3.615,4.836,12.1,0.037,0.0,20.092,19.563,18.491,17.847,17.718,0.506
6051,1,9.83,-0.29,0.3714,-1.645,3.589,4.955,12.5,0.038,0.0,21.381,20.872,19.696,19.107,18.945,0.371
6052,1,9.83,-0.29,0.85738,-0.219,3.747,4.525,12.5,0.038,0.0,17.818,17.261,16.655,16.297,16.249,0.857
6053,1,9.83,-0.29,0.43715,-1.469,3.6,4.894,12.6,0.038,0.0,21.044,20.519,19.396,18.777,18.634,0.437
6054,1,9.83,-0.29,0.90046,-0.091,3.761,4.475,12.7,0.038,0.0,17.699,17.162,16.6,16.274,16.232,0.9
6055,1,9.83,-0.29,0.64474,-0.887,3.656,4.704,12.9,0.038,0.0,19.889,19.334,18.403,17.786,17.692,0.645
6056,1,9.83,-0.29,0.55855,-1.139,3.628,4.784,13.0,0.038,0.0,20.617,20.084,19.057,18.401,18.284,0.559
6057,1,9.83,-0.29,0.86605,-0.194,3.75,4.515,13.1,0.038,0.0,18.354,17.799,17.203,16.852,16.805,0.866
6058,1,9.83,-0.29,0.49258,-1.325,3.612,4.849,13.3,0.038,0.0,21.383,20.856,19.772,19.134,19.002,0.493
6059,1,9.83,-0.29,0.49114,-1.329,3.611,4.85,13.3,0.038,0.0,21.393,20.865,19.781,19.143,19.011,0.491
6060,1,9.83,-0.29,0.84252,-0.264,3.742,4.541,13.8,0.038,0.0,19.23,18.667,18.044,17.673,17.623,0.843
6061,1,9.83,-0.29,0.60913,-0.997,3.643,4.737,13.9,0.038,0.0,21.164,20.621,19.642,19.0,18.896,0.609
6062,1,9.83,-0.29,0.66122,-0.836,3.662,4.688,13.9,0.038,0.0,20.761,20.201,19.293,18.693,18.603,0.661
6063,1,9.83,-0.29,0.75868,-0.528,3.705,4.611,13.9,0.038,0.0,19.99,19.406,18.659,18.189,18.122,0.759
6064,1,9.83,-0.29,0.65593,-0.853,3.66,4.693,14.1,0.038,0.0,21.002,20.443,19.529,18.923,18.831,0.656
6065,1,9.83,-0.29,0.70729,-0.695,3.68,4.648,14.1,0.038,0.0,20.608,20.032,19.192,18.645,18.565,0.707
6066,1,9.83,-0.29,0.88289,-0.144,3.756,4.496,14.2,0.038,0.0,19.329,18.783,18.204,17.865,17.821,0.883
6067,1,9.83,-0.29,0.63021,-0.932,3.65,4.718,14.3,0.038,0.0,21.401,20.851,19.9,19.268,19.17,0.63
6068,1,9.83,-0.29,0.75136,-0.552,3.701,4.617,14.4,0.038,0.0,20.55,19.965,19.205,18.725,18.656,0.751
6069,1,9.83,-0.27,0.63922,-0.911,3.652,4.71,11.1,0.035,0.0,18.147,17.594,16.651,16.023,15.927,0.639
6070,1,9.83,-0.27,0.23735,-2.037,3.565,5.054,11.2,0.035,0.0,21.062,20.607,19.316,18.756,18.552,0.237
6071,1,9.83,-0.27,0.44414,-1.456,3.6,4.889,12.0,0.037,0.0,20.411,19.887,18.763,18.141,18.0,0.444
6072,1,9.83,-0.27,0.45062,-1.441,3.601,4.884,12.3,0.037,0.0,20.671,20.148,19.027,18.404,18.263,0.451
6073,1,9.83,-0.27,0.42892,-1.493,3.597,4.899,12.6,0.038,0.0,21.103,20.583,19.445,18.831,18.684,0.429
6074,1,9.83,-0.27,0.85627,-0.233,3.745,4.528,12.6,0.038,0.0,17.952,17.39,16.777,16.413,16.364,0.856
6075,1,9.83,-0.27,0.47119,-1.386,3.606,4.867,13.1,0.038,0.0,21.335,20.811,19.705,19.074,18.938,0.471
6076,1,9.83,-0.27,0.94871,0.037,3.773,4.416,13.7,0.038,0.0,18.377,17.858,17.33,17.032,16.994,0.949
6077,1,9.83,-0.27,0.60784,-1.007,3.641,4.739,13.9,0.038,0.0,21.188,20.646,19.661,19.016,18.91,0.608
6078,1,9.83,-0.27,0.72406,-0.649,3.686,4.636,14.3,0.038,0.0,20.691,20.112,19.296,18.768,18.692,0.724
6079,1,9.83,-0.27,0.65311,-0.868,3.657,4.697,14.4,0.038,0.0,21.341,20.784,19.859,19.246,19.153,0.653
6080,1,9.83,-0.27,0.93354,-0.006,3.769,4.437,14.4,0.038,0.0,19.186,18.66,18.121,17.813,17.774,0.934
6081,1,9.83,-0.27,0.95349,0.051,3.774,4.41,14.7,0.038,0.0,19.343,18.825,18.302,18.006,17.969,0.953
6082,1,9.83,-0.27,0.77461,-0.486,3.71,4.6,15.2,0.038,0.0,21.184,20.6,19.873,19.418,19.354,0.775
6083,1,9.83,-0.25,0.29621,-1.852,3.575,5.007,9.8,0.029,0.0,19.2,18.712,17.466,16.903,16.72,0.296
6084,1,9.83,-0.25,0.60714,-1.015,3.639,4.74,10.8,0.034,0.0,18.107,17.565,16.575,15.927,15.821,0.607
6085,1,9.83,-0.25,0.35133,-1.71,3.584,4.975,10.9,0.034,0.0,19.945,19.445,18.239,17.66,17.49,0.351
6086,1,9.83,-0.25,0.26224,-1.955,3.569,5.032,11.7,0.037,0.0,21.357,20.892,19.615,19.054,18.858,0.262
6087,1,9.83,-0.25,0.3131,-1.807,3.578,4.998,11.9,0.037,0.0,21.189,20.7,19.465,18.897,18.717,0.313
6088,1,9.83,-0.25,0.45731,-1.427,3.602,4.878,12.4,0.037,0.0,20.737,20.215,19.093,18.467,18.327,0.457
6089,1,9.83,-0.25,0.45073,-1.444,3.6,4.884,12.6,0.038,0.0,20.98,20.459,19.332,18.708,18.567,0.451
6090,1,9.83,-0.25,0.43107,-1.492,3.597,4.897,13.0,0.038,0.0,21.499,20.983,19.837,19.224,19.076,0.431
6091,1,9.83,-0.25,0.48994,-1.341,3.609,4.85,13.3,0.038,0.0,21.422,20.898,19.8,19.162,19.029,0.49
6092,1,9.83,-0.25,0.49745,-1.321,3.611,4.844,13.3,0.038,0.0,21.372,20.848,19.756,19.115,18.984,0.497
6093,1,9.83,-0.25,0.59533,-1.049,3.636,4.751,13.4,0.038,0.0,20.793,20.256,19.252,18.599,18.49,0.595
6094,1,9.83,-0.25,0.75753,-0.549,3.7,4.613,13.5,0.038,0.0,19.643,19.056,18.293,17.81,17.741,0.758
6095,1,9.83,-0.25,0.58628,-1.074,3.633,4.759,13.8,0.038,0.0,21.255,20.72,19.707,19.052,18.94,0.586
6096,1,9.83,-0.25,0.79812,-0.42,3.719,4.582,13.9,0.038,0.0,19.721,19.138,18.441,18.011,17.951,0.798
6097,1,9.83,-0.25,1.05089,0.324,3.784,4.218,14.2,0.038,0.0,18.16,17.661,17.166,16.892,16.857,1.051
6098,1,9.83,-0.25,0.9635,0.069,3.775,4.399,14.5,0.038,0.0,19.097,18.58,18.059,17.766,17.728,0.964
6099,1,9.83,-0.25,1.10699,0.578,3.765,3.911,15.1,0.038,0.0,18.424,17.892,17.342,17.029,16.987,1.107
6100,1,9.83,-0.23,1.00779,0.185,3.783,4.336,11.3,0.036,0.0,15.609,15.105,14.608,14.333,14.298,1.008
6101,1,9.83,-0.23,0.31403,-1.809,3.577,4.996,11.9,0.037,0.0,21.191,20.706,19.463,18.896,18.715,0.314
6102,1,9.83,-0.23,0.57884,-1.099,3.63,4.766,12.1,0.037,0.0,19.618,19.086,18.061,17.402,17.288,0.579
6103,1,9.83,-0.23,0.64958,-0.892,3.653,4.702,12.3,0.037,0.0,19.301,18.748,17.806,17.18,17.085,0.65
6104,1,9.83,-0.23,0.47674,-1.38,3.605,4.862,12.4,0.037,0.0,20.619,20.097,18.984,18.35,18.214,0.477
6105,1,9.83,-0.23,0.80368,-0.412,3.719,4.578,12.5,0.038,0.0,18.3,17.717,17.021,16.592,16.532,0.804
6106,1,9.83,-0.23,0.37644,-1.64,3.586,4.946,12.6,0.038,0.0,21.47,20.971,19.771,19.184,19.019,0.376
6107,1,9.83,-0.23,0.79011,-0.454,3.713,4.589,12.7,0.038,0.0,18.606,18.021,17.304,16.858,16.796,0.79
6108,1,9.83,-0.23,0.5409,-1.204,3.62,4.802,13.1,0.038,0.0,20.88,20.353,19.294,18.636,18.514,0.541
6109,1,9.83,-0.23,0.50976,-1.291,3.612,4.832,13.2,0.038,0.0,21.198,20.674,19.587,18.941,18.812,0.51
6110,1,9.83,-0.23,0.82608,-0.342,3.729,4.56,13.3,0.038,0.0,18.926,18.348,17.685,17.283,17.228,0.826
6111,1,9.83,-0.23,0.81489,-0.377,3.724,4.569,13.5,0.038,0.0,19.213,18.631,17.952,17.538,17.48,0.815
6112,1,9.83,-0.23,0.60208,-1.036,3.636,4.745,13.6,0.038,0.0,20.96,20.423,19.419,18.767,18.658,0.602
6113,1,9.83,-0.23,0.68409,-0.788,3.665,4.669,13.7,0.038,0.0,20.44,19.875,18.98,18.389,18.302,0.684
6114,1,9.83,-0.23,0.83958,-0.3,3.735,4.549,13.9,0.038,0.0,19.421,18.849,18.205,17.818,17.765,0.84
6115,1,9.83,-0.23,1.15949,2.303,5.043,7.024,14.0,0.038,0.0,13.012,19.873,20.338,20.499,20.601,0.593
6116,1,9.83,-0.23,0.63964,-0.922,3.65,4.711,14.2,0.038,0.0,21.276,20.727,19.771,19.136,19.038,0.64
6117,1,9.83,-0.23,0.75551,-0.564,3.697,4.615,14.3,0.038,0.0,20.48,19.893,19.119,18.627,18.557,0.756
6118,1,9.83,-0.23,0.74773,-0.589,3.694,4.621,14.8,0.038,0.0,21.041,20.457,19.669,19.166,19.093,0.748
6119,1,9.83,-0.23,0.89756,-0.13,3.754,4.485,15.1,0.038,0.0,20.196,19.645,19.063,18.723,18.678,0.898
6120,1,9.83,-0.23,0.94949,0.02,3.77,4.421,15.5,0.038,0.0,20.221,19.694,19.157,18.852,18.813,0.949
6121,1,9.83,-0.21,0.33357,-1.762,3.579,4.984,11.5,0.036,0.0,20.676,20.189,18.951,18.38,18.203,0.334
6122,1,9.83,-0.21,0.36181,-1.686,3.583,4.961,11.9,0.037,0.0,20.886,20.392,19.174,18.594,18.424,0.362
6123,1,9.83,-0.21,0.39188,-1.599,3.588,4.926,12.3,0.037,0.0,21.067,20.567,19.369,18.777,18.615,0.392
6124,1,9.83,-0.21,0.48672,-1.358,3.606,4.853,12.5,0.038,0.0,20.664,20.144,19.032,18.394,18.259,0.487
6125,1,9.83,-0.21,1.01056,0.185,3.782,4.332,12.8,0.038,0.0,17.106,16.601,16.101,15.824,15.789,1.011
6126,1,9.83,-0.21,0.73581,-0.634,3.686,4.63,12.8,0.038,0.0,19.156,18.574,17.759,17.232,17.156,0.736
6127,1,9.83,-0.21,0.52521,-1.253,3.615,4.818,12.9,0.038,0.0,20.801,20.278,19.198,18.547,18.42,0.525
6128,1,9.83,-0.21,0.61152,-1.013,3.638,4.737,13.0,0.038,0.0,20.303,19.764,18.767,18.116,18.01,0.612
6129,1,9.83,-0.21,0.57421,-1.117,3.628,4.771,13.2,0.038,0.0,20.762,20.233,19.198,18.535,18.42,0.574
6130,1,9.83,-0.21,0.67637,-0.818,3.661,4.677,13.8,0.038,0.0,20.616,20.055,19.144,18.54,18.45,0.676
6131,1,9.83,-0.21,0.94942,0.011,3.768,4.423,13.9,0.038,0.0,18.643,18.111,17.57,17.262,17.222,0.949
6132,1,9.83,-0.21,0.87872,-0.194,3.747,4.508,13.9,0.038,0.0,19.155,18.593,17.987,17.628,17.58,0.879
6133,1,9.83,-0.21,0.58056,-1.1,3.629,4.765,14.0,0.038,0.0,21.52,20.989,19.96,19.299,19.185,0.581
6134,1,9.83,-0.21,0.87304,-0.211,3.745,4.515,14.1,0.038,0.0,19.397,18.833,18.22,17.857,17.808,0.873
6135,1,9.83,-0.21,0.63903,-0.93,3.648,4.712,14.3,0.038,0.0,21.396,20.849,19.887,19.248,19.15,0.639
6136,1,9.83,-0.19,0.58826,-1.085,3.63,4.759,10.1,0.031,0.0,17.581,17.046,16.021,15.36,15.247,0.588
6137,1,9.83,-0.19,0.86758,-0.236,3.741,4.522,11.5,0.036,0.0,16.859,16.289,15.666,15.294,15.244,0.868
6138,1,9.83,-0.19,0.40227,-1.573,3.588,4.914,11.8,0.037,0.0,20.501,20.003,18.804,18.209,18.049,0.402
6139,1,9.83,-0.19,0.68715,-0.793,3.663,4.667,12.1,0.037,0.0,18.854,18.29,17.386,16.789,16.7,0.687
6140,1,9.83,-0.19,0.75291,-0.588,3.692,4.618,12.4,0.037,0.0,18.641,18.055,17.262,16.755,16.682,0.753
6141,1,9.83,-0.19,0.401,-1.576,3.588,4.915,12.4,0.037,0.0,21.11,20.612,19.411,18.817,18.656,0.401
6142,1,9.83,-0.19,0.83006,-0.348,3.727,4.558,12.9,0.038,0.0,18.541,17.959,17.288,16.881,16.824,0.83
6143,1,9.83,-0.19,1.04076,0.255,3.783,4.28,13.1,0.038,0.0,17.233,16.728,16.232,15.958,15.922,1.041
6144,1,9.83,-0.19,0.60628,-1.034,3.635,4.742,13.3,0.038,0.0,20.656,20.12,19.112,18.456,18.347,0.606
6145,1,9.83,-0.19,1.09431,0.48,3.787,4.093,13.6,0.038,0.0,17.17,16.672,16.188,15.925,15.89,1.094
6146,1,9.83,-0.19,0.86225,-0.251,3.739,4.528,13.7,0.038,0.0,19.098,18.527,17.898,17.521,17.47,0.862
6147,1,9.83,-0.19,0.84867,-0.291,3.734,4.542,13.8,0.038,0.0,19.298,18.723,18.078,17.69,17.637,0.849
6148,1,9.83,-0.19,0.95259,0.012,3.767,4.42,14.3,0.038,0.0,19.039,18.505,17.962,17.652,17.612,0.953
6149,1,9.83,-0.19,0.81919,-0.382,3.722,4.567,14.7,0.038,0.0,20.425,19.841,19.154,18.733,18.674,0.819
6150,1,9.83,-0.17,0.39725,-1.59,3.586,4.918,11.6,0.036,0.0,20.345,19.851,18.639,18.048,17.885,0.397
6151,1,9.83,-0.17,0.54391,-1.21,3.618,4.8,12.4,0.037,0.0,20.196,19.673,18.599,17.94,17.817,0.544
6152,1,9.83,-0.17,0.37126,-1.666,3.582,4.949,12.4,0.037,0.0,21.334,20.846,19.616,19.035,18.865,0.371
6153,1,9.83,-0.17,0.61545,-1.013,3.637,4.735,12.5,0.038,0.0,19.802,19.265,18.262,17.608,17.501,0.615
6154,1,9.83,-0.17,0.60936,-1.031,3.635,4.74,12.6,0.038,0.0,19.947,19.412,18.402,17.744,17.636,0.609
6155,1,9.83,-0.17,0.63792,-0.946,3.645,4.715,12.7,0.038,0.0,19.836,19.291,18.317,17.673,17.572,0.638
6156,1,9.83,-0.17,0.76921,-0.545,3.698,4.606,12.7,0.038,0.0,18.833,18.244,17.472,16.982,16.912,0.769
6157,1,9.83,-0.17,0.49179,-1.353,3.605,4.848,13.0,0.038,0.0,21.152,20.635,19.514,18.874,18.74,0.492
6158,1,9.83,-0.17,0.91422,-0.107,3.754,4.47,13.1,0.038,0.0,18.137,17.582,17.001,16.662,16.617,0.914
6159,1,9.83,-0.17,0.85084,-0.294,3.733,4.541,13.5,0.038,0.0,19.005,18.428,17.779,17.388,17.334,0.851
6160,1,9.83,-0.17,0.56019,-1.165,3.622,4.784,13.6,0.038,0.0,21.283,20.758,19.699,19.035,18.915,0.56
6161,1,9.83,-0.17,1.04865,0.266,3.781,4.262,14.1,0.038,0.0,18.206,17.694,17.191,16.913,16.877,1.049
6162,1,9.83,-0.17,0.94714,-0.011,3.764,4.428,14.2,0.038,0.0,18.997,18.457,17.905,17.588,17.547,0.947
6163,1,9.83,-0.17,0.6409,-0.938,3.646,4.712,14.3,0.038,0.0,21.414,20.868,19.897,19.255,19.155,0.641
6164,1,9.83,-0.17,0.8174,-0.396,3.719,4.569,15.2,0.038,0.0,20.961,20.375,19.678,19.249,19.189,0.817
6165,1,9.83,-0.15,0.2037,-2.186,3.55,5.078,9.6,0.028,0.0,19.834,19.427,18.054,17.5,17.27,0.204
6166,1,9.83,-0.15,0.50647,-1.318,3.607,4.835,12.1,0.037,0.0,20.165,19.649,18.534,17.888,17.757,0.506
6167,1,9.83,-0.15,0.59264,-1.084,3.629,4.756,12.9,0.038,0.0,20.379,19.85,18.816,18.15,18.037,0.593
6168,1,9.83,-0.15,0.52991,-1.254,3.613,4.813,13.5,0.038,0.0,21.404,20.885,19.792,19.137,19.011,0.53
6169,1,9.83,-0.15,1.01274,0.178,3.779,4.326,13.9,0.038,0.0,18.226,17.708,17.199,16.916,16.879,1.013
6170,1,9.83,-0.15,0.91201,-0.121,3.752,4.473,14.1,0.038,0.0,19.173,18.613,18.025,17.681,17.635,0.912
6171,1,9.83,-0.13,0.10313,-3.015,3.459,5.251,8.4,0.02,0.0,20.709,20.599,18.695,18.157,17.905,0.103
6172,1,9.83,-0.13,0.29498,-1.877,3.568,5.001,10.5,0.033,0.0,19.962,19.507,18.208,17.644,17.448,0.295
6173,1,9.83,-0.13,0.25812,-1.988,3.561,5.027,11.2,0.035,0.0,20.94,20.507,19.177,18.616,18.407,0.258
6174,1,9.83,-0.13,0.43324,-1.508,3.591,4.892,11.4,0.036,0.0,19.941,19.444,18.248,17.641,17.488,0.433
6175,1,9.83,-0.13,0.74781,-0.628,3.684,4.623,11.8,0.037,0.0,18.139,17.555,16.733,16.201,16.124,0.748
6176,1,9.83,-0.13,0.37154,-1.672,3.58,4.946,12.4,0.037,0.0,21.349,20.868,19.619,19.042,18.869,0.372
6177,1,9.83,-0.13,0.91543,-0.119,3.751,4.47,13.5,0.038,0.0,18.567,18.005,17.415,17.07,17.024,0.915
6178,1,9.83,-0.13,0.58138,-1.119,3.625,4.767,13.7,0.038,0.0,21.267,20.743,19.692,19.021,18.904,0.581
6179,1,9.83,-0.13,0.55127,-1.2,3.617,4.793,13.7,0.038,0.0,21.47,20.95,19.87,19.208,19.085,0.551
6180,1,9.83,-0.13,0.68807,-0.812,3.659,4.668,13.8,0.038,0.0,20.6,20.041,19.119,18.507,18.416,0.688
6181,1,9.83,-0.13,0.69143,-0.802,3.66,4.665,14.2,0.038,0.0,20.976,20.416,19.497,18.889,18.798,0.691
6182,1,9.83,-0.13,1.1144,0.511,3.779,4.035,15.2,0.038,0.0,18.693,18.174,17.665,17.385,17.348,1.114
6183,1,9.83,-0.11,0.26982,-1.956,3.562,5.018,10.5,0.033,0.0,20.16,19.724,18.396,17.834,17.628,0.27
6184,1,9.83,-0.11,0.39958,-1.594,3.583,4.913,11.2,0.035,0.0,19.955,19.471,18.232,17.646,17.48,0.4
6185,1,9.83,-0.11,0.94555,-0.035,3.759,4.431,11.4,0.036,0.0,16.257,15.704,15.138,14.811,14.768,0.946
6186,1,9.83,-0.11,0.56323,-1.172,3.619,4.783,12.0,0.037,0.0,19.701,19.181,18.106,17.44,17.32,0.563
6187,1,9.83,-0.11,0.33289,-1.781,3.573,4.979,12.1,0.037,0.0,21.323,20.857,19.573,19.007,18.822,0.333
6188,1,9.83,-0.11,0.62905,-0.99,3.638,4.724,12.4,0.037,0.0,19.646,19.109,18.106,17.449,17.344,0.629
6189,1,9.83,-0.11,0.60508,-1.06,3.63,4.746,13.0,0.038,0.0,20.42,19.891,18.859,18.191,18.08,0.605
6190,1,9.83,-0.11,0.68039,-0.841,3.655,4.676,13.1,0.038,0.0,19.974,19.419,18.479,17.855,17.762,0.68
6191,1,9.83,-0.11,1.15231,0.587,3.699,3.653,13.4,0.038,0.0,16.702,16.113,15.341,14.859,14.788,1.152
6192,1,9.83,-0.11,0.88645,-0.214,3.74,4.506,13.9,0.038,0.0,19.204,18.631,18.005,17.632,17.582,0.886
6193,1,9.83,-0.11,0.75152,-0.624,3.684,4.62,14.0,0.038,0.0,20.329,19.746,18.922,18.389,18.313,0.752
6194,1,9.83,-0.11,1.0437,0.269,3.778,4.245,14.2,0.038,0.0,18.297,17.774,17.264,16.982,16.944,1.044
6195,1,9.83,-0.09,0.30254,-1.862,3.567,4.993,10.3,0.032,0.0,19.725,19.276,17.965,17.401,17.205,0.303
6196,1,9.83,-0.09,0.55222,-1.207,3.615,4.793,12.1,0.037,0.0,19.888,19.372,18.28,17.617,17.494,0.552
6197,1,9.83,-0.09,0.94653,-0.038,3.758,4.429,12.2,0.037,0.0,17.064,16.509,15.94,15.61,15.566,0.947
6198,1,9.83,-0.09,0.53851,-1.245,3.612,4.806,12.8,0.038,0.0,20.682,20.167,19.062,18.404,18.278,0.539
6199,1,9.83,-0.09,0.86886,-0.276,3.732,4.527,12.9,0.038,0.0,18.359,17.777,17.125,16.732,16.677,0.869
6200,1,9.83,-0.09,0.75183,-0.63,3.682,4.62,14.4,0.038,0.0,20.745,20.163,19.333,18.795,18.717,0.752
6201,1,9.83,-0.09,1.11537,0.499,3.776,4.036,15.9,0.038,0.0,19.422,18.894,18.379,18.094,18.055,1.115
6202,1,9.83,-0.07,0.42881,-1.53,3.587,4.893,11.1,0.035,0.0,19.694,19.209,17.98,17.382,17.223,0.429
6203,1,9.83,-0.07,0.61535,-1.041,3.631,4.738,12.3,0.037,0.0,19.674,19.145,18.113,17.445,17.335,0.615
6204,1,9.83,-0.07,0.422,-1.546,3.585,4.897,12.4,0.037,0.0,21.035,20.553,19.317,18.722,18.561,0.422
6205,1,9.83,-0.07,0.57129,-1.161,3.619,4.777,12.4,0.037,0.0,20.073,19.555,18.476,17.807,17.688,0.571
6206,1,9.83,-0.07,0.945,-0.048,3.756,4.431,13.1,0.038,0.0,17.991,17.432,16.856,16.523,16.478,0.945
6207,1,9.83,-0.07,1.06009,0.32,3.775,4.191,13.2,0.038,0.0,17.169,16.639,16.123,15.836,15.798,1.06
6208,1,9.83,-0.07,0.97703,0.055,3.765,4.379,13.7,0.038,0.0,18.333,17.787,17.239,16.927,16.886,0.977
6209,1,9.83,-0.07,0.80948,-0.462,3.706,4.577,13.8,0.038,0.0,19.724,19.132,18.389,17.923,17.857,0.809
6210,1,9.83,-0.07,0.83029,-0.399,3.714,4.56,14.1,0.038,0.0,19.868,19.278,18.565,18.124,18.062,0.83
6211,1,9.83,-0.05,0.52489,-1.291,3.606,4.819,12.7,0.038,0.0,20.697,20.189,19.057,18.403,18.274,0.525
6212,1,9.83,-0.05,0.77149,-0.585,3.687,4.606,13.3,0.038,0.0,19.532,18.946,18.135,17.613,17.538,0.771
6213,1,9.83,-0.05,0.78985,-0.529,3.696,4.592,13.7,0.038,0.0,19.792,19.201,18.42,17.924,17.853,0.79
6214,1,9.83,-0.05,0.70826,-0.78,3.66,4.653,13.9,0.038,0.0,20.62,20.059,19.139,18.529,18.439,0.708
6215,1,9.83,-0.05,1.14766,0.499,3.708,3.776,15.9,0.038,0.0,19.423,18.832,18.093,17.638,17.572,1.148
6216,1,9.83,-0.03,0.25976,-2.0,3.555,5.02,11.0,0.035,0.0,20.771,20.361,18.991,18.432,18.213,0.26
6217,1,9.83,-0.03,1.03838,0.251,3.771,4.233,11.3,0.036,0.0,15.442,14.901,14.373,14.077,14.037,1.038
6218,1,9.83,-0.03,0.39295,-1.627,3.578,4.917,11.8,0.037,0.0,20.638,20.171,18.888,18.312,18.139,0.393
6219,1,9.83,-0.03,0.53017,-1.281,3.606,4.814,12.0,0.037,0.0,19.974,19.466,18.333,17.676,17.548,0.53
6220,1,9.83,-0.03,0.33762,-1.782,3.569,4.971,12.2,0.037,0.0,21.426,20.978,19.664,19.098,18.907,0.338
6221,1,9.83,-0.03,0.92761,-0.117,3.747,4.457,13.3,0.038,0.0,18.363,17.791,17.189,16.835,16.788,0.928
6222,1,9.83,-0.03,0.60133,-1.092,3.624,4.751,13.5,0.038,0.0,21.001,20.481,19.42,18.742,18.627,0.601
6223,1,9.83,-0.03,0.64819,-0.96,3.638,4.709,13.9,0.038,0.0,21.069,20.534,19.528,18.869,18.765,0.648
6224,1,9.83,-0.03,0.68344,-0.86,3.649,4.676,14.0,0.038,0.0,20.92,20.371,19.408,18.767,18.671,0.683
6225,1,9.83,-0.01,0.25624,-2.015,3.553,5.021,11.4,0.036,0.0,21.206,20.804,19.422,18.864,18.642,0.256
6226,1,9.83,-0.01,0.46814,-1.442,3.591,4.862,11.5,0.036,0.0,19.875,19.387,18.175,17.556,17.408,0.468
6227,1,9.83,-0.01,0.38829,-1.644,3.576,4.922,11.9,0.037,0.0,20.78,20.319,19.022,18.45,18.275,0.388
6228,1,9.83,-0.01,0.63662,-0.999,3.633,4.72,12.0,0.037,0.0,19.266,18.736,17.711,17.043,16.936,0.637
6229,1,9.83,-0.01,0.63139,-1.013,3.632,4.725,12.7,0.038,0.0,20.003,19.475,18.444,17.773,17.665,0.631
6230,1,9.83,-0.01,1.00356,0.143,3.767,4.31,12.8,0.038,0.0,17.212,16.665,16.124,15.818,15.777,1.004
6231,1,9.83,-0.01,0.58384,-1.144,3.618,4.767,13.2,0.038,0.0,20.83,20.316,19.229,18.556,18.437,0.584
6232,1,9.83,-0.01,0.59016,-1.127,3.62,4.762,13.3,0.038,0.0,20.888,20.373,19.293,18.618,18.501,0.59
6233,1,9.83,-0.01,0.75633,-0.646,3.677,4.618,13.4,0.038,0.0,19.785,19.203,18.353,17.799,17.719,0.756
6234,1,9.83,-0.01,0.8728,-0.298,3.726,4.525,13.7,0.038,0.0,19.214,18.623,17.95,17.542,17.484,0.873
6235,1,9.83,-0.01,0.72926,-0.729,3.666,4.638,14.0,0.038,0.0,20.592,20.022,19.126,18.534,18.448,0.729
6236,1,9.83,-0.01,0.74803,-0.671,3.674,4.624,14.6,0.038,0.0,21.048,20.469,19.605,19.04,18.958,0.748
6237,1,9.83,0.01,0.40447,-1.602,3.578,4.904,8.4,0.02,0.0,17.174,16.702,15.414,14.839,14.668,0.404
6238,1,9.83,0.01,0.63857,-0.994,3.633,4.717,10.2,0.031,0.0,17.456,16.923,15.897,15.229,15.122,0.639
6239,1,9.83,0.01,0.49408,-1.383,3.596,4.843,12.0,0.037,0.0,20.227,19.735,18.544,17.908,17.768,0.494
6240,1,9.83,0.01,0.36782,-1.691,3.572,4.929,12.2,0.037,0.0,21.199,20.749,19.432,18.864,18.68,0.368
6241,1,9.83,0.01,0.38931,-1.639,3.575,4.915,12.3,0.037,0.0,21.167,20.71,19.403,18.833,18.657,0.389
6242,1,9.83,0.01,0.89298,-0.246,3.732,4.507,12.7,0.038,0.0,18.084,17.496,16.844,16.452,16.397,0.893
6243,1,9.83,0.01,0.44091,-1.513,3.585,4.881,12.9,0.038,0.0,21.453,20.98,19.725,19.127,18.967,0.441
6244,1,9.83,0.01,0.79292,-0.547,3.689,4.588,14.2,0.038,0.0,20.339,19.749,18.945,18.43,18.356,0.793
6245,1,9.83,0.01,0.93612,-0.113,3.746,4.453,14.7,0.038,0.0,19.751,19.176,18.572,18.217,18.169,0.936
6246,1,9.83,0.03,0.30176,-1.868,3.56,4.971,11.8,0.037,0.0,21.239,20.821,19.461,18.899,18.69,0.302
6247,1,9.83,0.03,0.52356,-1.308,3.602,4.818,12.4,0.037,0.0,20.441,19.943,18.782,18.125,17.995,0.524
6248,1,9.83,0.03,0.62408,-1.039,3.628,4.73,12.9,0.038,0.0,20.267,19.745,18.695,18.017,17.907,0.624
6249,1,9.83,0.03,0.72778,-0.746,3.661,4.637,14.1,0.038,0.0,20.734,20.169,19.254,18.65,18.562,0.728
6250,1,9.83,0.05,0.94509,-0.097,3.746,4.441,13.1,0.038,0.0,18.112,17.533,16.929,16.577,16.528,0.945
6251,1,9.83,0.05,0.87099,-0.323,3.72,4.527,14.1,0.038,0.0,19.677,19.081,18.389,17.969,17.909,0.871
6252,1,9.83,0.05,0.99989,0.069,3.761,4.357,14.6,0.038,0.0,19.197,18.637,18.078,17.76,17.716,1.0
6253,1,9.83,0.07,0.64286,-0.992,3.632,4.712,13.4,0.038,0.0,20.65,20.124,19.087,18.416,18.308,0.643
6254,1,9.83,0.07,1.01574,0.113,3.762,4.327,14.2,0.038,0.0,18.688,18.128,17.575,17.262,17.219,1.016
6255,1,9.83,0.09,0.44585,-1.512,3.583,4.877,12.2,0.037,0.0,20.75,20.29,19.007,18.409,18.248,0.446
6256,1,9.83,0.09,0.71593,-0.793,3.654,4.648,14.7,0.038,0.0,21.453,20.896,19.949,19.324,19.231,0.716
6257,1,9.83,0.11,0.85228,-0.395,3.708,4.543,13.0,0.038,0.0,18.757,18.156,17.424,16.972,16.907,0.852
6258,1,9.83,0.13,0.43984,-1.531,3.58,4.879,11.0,0.035,0.0,19.596,19.145,17.839,17.247,17.082,0.44
6259,1,9.83,0.13,0.6737,-0.919,3.639,4.685,12.7,0.038,0.0,19.767,19.232,18.217,17.559,17.456,0.674
6260,1,9.83,0.15,0.54802,-1.258,3.603,4.794,12.7,0.038,0.0,20.615,20.131,18.951,18.282,18.155,0.548
6261,1,9.83,0.15,0.86931,-0.356,3.712,4.527,13.1,0.038,0.0,18.76,18.157,17.437,16.998,16.934,0.869
6262,1,9.83,0.17,0.32097,-1.844,3.557,4.963,12.0,0.037,0.0,21.379,20.974,19.594,19.031,18.818,0.321
6263,1,9.83,0.17,0.71514,-0.811,3.65,4.649,14.4,0.038,0.0,21.198,20.644,19.679,19.044,18.948,0.715
6264,1,9.83,0.23,0.25554,-2.043,3.542,5.004,9.8,0.029,0.0,19.678,19.302,17.865,17.317,17.086,0.256
6265,1,9.83,0.23,0.56314,-1.216,3.607,4.78,13.6,0.038,0.0,21.41,20.928,19.754,19.078,18.953,0.563
6266,1,9.85,-0.75,0.45477,-1.329,3.633,4.901,13.4,0.038,0.0,21.492,20.942,19.954,19.342,19.215,0.455
6267,1,9.85,-0.71,0.62398,-0.813,3.68,4.71,14.1,0.038,0.0,20.902,20.334,19.498,18.957,18.872,0.624
6268,1,9.85,-0.69,0.17468,-2.288,3.558,5.147,10.9,0.034,0.0,21.39,20.937,19.661,19.098,18.884,0.175
6269,1,9.85,-0.69,0.77369,-0.308,3.75,4.579,13.4,0.038,0.0,18.94,18.406,17.805,17.448,17.4,0.774
6270,1,9.85,-0.67,0.49624,-1.224,3.638,4.856,13.0,0.038,0.0,20.83,20.281,19.305,18.686,18.568,0.496
6271,1,9.85,-0.67,0.5777,-0.974,3.659,4.756,14.2,0.038,0.0,21.406,20.85,19.94,19.344,19.247,0.578
6272,1,9.85,-0.65,0.2189,-2.01,3.59,5.095,11.6,0.036,0.0,21.396,20.864,19.733,19.161,18.992,0.219
6273,1,9.85,-0.63,0.75773,-0.387,3.736,4.593,12.9,0.038,0.0,18.638,18.085,17.44,17.05,16.996,0.758
6274,1,9.85,-0.63,0.70436,-0.566,3.711,4.643,15.1,0.038,0.0,21.286,20.715,19.991,19.539,19.473,0.704
6275,1,9.85,-0.61,0.3738,-1.547,3.614,4.961,11.0,0.035,0.0,19.637,19.088,18.043,17.438,17.296,0.374
6276,1,9.85,-0.61,0.41782,-1.442,3.62,4.927,12.5,0.038,0.0,20.876,20.33,19.3,18.683,18.547,0.418
6277,1,9.85,-0.61,0.75924,-0.391,3.734,4.593,12.7,0.038,0.0,18.448,17.893,17.245,16.852,16.797,0.759
6278,1,9.85,-0.61,0.94712,0.25,3.801,4.314,12.8,0.038,0.0,16.944,16.509,16.052,15.803,15.775,0.947
6279,1,9.85,-0.61,0.70999,-0.556,3.712,4.639,12.9,0.038,0.0,19.059,18.488,17.766,17.315,17.25,0.71
6280,1,9.85,-0.61,0.89998,0.078,3.788,4.412,13.4,0.038,0.0,17.974,17.51,17.018,16.742,16.71,0.9
6281,1,9.85,-0.61,0.88072,0.011,3.782,4.446,14.5,0.038,0.0,19.241,18.765,18.256,17.968,17.933,0.881
6282,1,9.85,-0.61,0.73577,-0.469,3.724,4.615,14.8,0.038,0.0,20.743,20.177,19.495,19.077,19.017,0.736
6283,1,9.85,-0.59,0.2189,-2.027,3.585,5.091,11.5,0.036,0.0,21.339,20.817,19.659,19.092,18.917,0.219
6284,1,9.85,-0.59,1.01516,0.494,3.806,4.119,13.1,0.038,0.0,16.634,16.207,15.764,15.528,15.499,1.015
6285,1,9.85,-0.59,0.86809,-0.044,3.776,4.471,15.4,0.038,0.0,20.279,19.788,19.263,18.964,18.928,0.868
6286,1,9.85,-0.57,0.93794,0.179,3.795,4.359,12.5,0.038,0.0,16.823,16.372,15.901,15.642,15.612,0.938
6287,1,9.85,-0.57,1.00854,0.434,3.805,4.175,13.9,0.038,0.0,17.585,17.156,16.712,16.475,16.446,1.009
6288,1,9.85,-0.55,0.2854,-1.801,3.596,5.024,9.3,0.026,0.0,18.573,18.027,16.921,16.342,16.182,0.285
6289,1,9.85,-0.55,0.32781,-1.683,3.603,4.994,11.9,0.037,0.0,20.877,20.33,19.249,18.659,18.507,0.328
6290,1,9.85,-0.55,0.50126,-1.239,3.631,4.846,12.2,0.037,0.0,20.069,19.525,18.522,17.889,17.767,0.501
6291,1,9.85,-0.55,0.65899,-0.747,3.683,4.683,12.6,0.038,0.0,19.237,18.666,17.841,17.306,17.226,0.659
6292,1,9.85,-0.55,0.66949,-0.712,3.688,4.674,13.9,0.038,0.0,20.451,19.878,19.07,18.549,18.472,0.669
6293,1,9.85,-0.55,0.64207,-0.803,3.676,4.697,14.4,0.038,0.0,21.176,20.609,19.756,19.198,19.114,0.642
6294,1,9.85,-0.55,0.7566,-0.427,3.727,4.599,14.6,0.038,0.0,20.437,19.871,19.202,18.792,18.735,0.757
6295,1,9.85,-0.53,0.39056,-1.53,3.609,4.944,11.6,0.036,0.0,20.196,19.651,18.587,17.981,17.838,0.391
6296,1,9.85,-0.53,0.56694,-1.049,3.646,4.772,12.7,0.038,0.0,20.093,19.545,18.588,17.959,17.855,0.567
6297,1,9.85,-0.53,0.83794,-0.172,3.76,4.52,13.0,0.038,0.0,18.201,17.677,17.108,16.775,16.732,0.838
6298,1,9.85,-0.53,0.60321,-0.94,3.657,4.733,14.0,0.038,0.0,21.119,20.565,19.645,19.036,18.94,0.603
6299,1,9.85,-0.51,0.59119,-0.983,3.652,4.746,11.5,0.036,0.0,18.728,18.177,17.237,16.614,16.515,0.591
6300,1,9.85,-0.51,0.51645,-1.204,3.632,4.828,12.9,0.038,0.0,20.681,20.139,19.136,18.499,18.38,0.516
6301,1,9.85,-0.51,0.51508,-1.208,3.631,4.83,13.6,0.038,0.0,21.391,20.849,19.846,19.208,19.089,0.515
6302,1,9.85,-0.51,0.68932,-0.664,3.693,4.657,13.9,0.038,0.0,20.329,19.754,18.964,18.456,18.383,0.689
6303,1,9.85,-0.51,0.75879,-0.436,3.725,4.6,14.2,0.038,0.0,20.06,19.491,18.813,18.397,18.339,0.759
6304,1,9.85,-0.51,0.86333,-0.1,3.768,4.492,14.3,0.038,0.0,19.32,18.809,18.262,17.946,17.907,0.863
6305,1,9.85,-0.51,0.9447,0.16,3.792,4.369,14.4,0.038,0.0,18.77,18.308,17.831,17.566,17.535,0.945
6306,1,9.85,-0.51,0.91672,0.07,3.785,4.415,15.0,0.038,0.0,19.595,19.117,18.618,18.338,18.304,0.917
6307,1,9.85,-0.49,0.17752,-2.305,3.549,5.132,10.5,0.033,0.0,21.032,20.613,19.278,18.717,18.486,0.178
6308,1,9.85,-0.49,0.92398,0.084,3.785,4.407,10.8,0.034,0.0,15.36,14.879,14.384,14.106,14.073,0.924
6309,1,9.85,-0.49,1.08641,2.014,3.655,2.026,11.7,0.037,0.0,11.434,10.895,9.949,9.32,9.225,1.086
6310,1,9.85,-0.49,1.02182,0.46,3.804,4.149,12.7,0.038,0.0,16.319,15.881,15.436,15.198,15.169,1.022
6311,1,9.85,-0.49,0.57315,-1.042,3.645,4.766,14.1,0.038,0.0,21.476,20.929,19.968,19.336,19.231,0.573
6312,1,9.85,-0.49,0.76481,-0.424,3.726,4.596,14.4,0.038,0.0,20.231,19.662,18.987,18.574,18.517,0.765
6313,1,9.85,-0.47,0.12643,-2.733,3.5,5.217,9.0,0.024,0.0,20.602,20.33,18.723,18.154,17.916,0.126
6314,1,9.85,-0.47,0.24684,-1.952,3.581,5.053,10.2,0.031,0.0,19.849,19.334,18.153,17.589,17.41,0.247
6315,1,9.85,-0.47,0.62462,-0.888,3.662,4.715,10.9,0.034,0.0,17.891,17.331,16.427,15.829,15.737,0.625
6316,1,9.85,-0.47,0.36904,-1.605,3.602,4.963,11.1,0.035,0.0,19.883,19.34,18.248,17.651,17.502,0.369
6317,1,9.85,-0.47,0.54289,-1.137,3.636,4.798,12.2,0.037,0.0,19.811,19.269,18.277,17.638,17.524,0.543
6318,1,9.85,-0.47,0.54399,-1.133,3.636,4.797,12.9,0.038,0.0,20.503,19.961,18.969,18.331,18.217,0.544
6319,1,9.85,-0.47,0.73817,-0.519,3.712,4.619,14.0,0.038,0.0,20.067,19.492,18.77,18.318,18.254,0.738
6320,1,9.85,-0.45,0.96099,0.193,3.792,4.342,11.5,0.036,0.0,15.788,15.32,14.843,14.58,14.549,0.961
6321,1,9.85,-0.45,0.95125,0.157,3.79,4.364,11.8,0.037,0.0,16.177,15.705,15.221,14.952,14.92,0.951
6322,1,9.85,-0.45,0.34205,-1.684,3.596,4.987,12.0,0.037,0.0,20.98,20.445,19.328,18.74,18.583,0.342
6323,1,9.85,-0.45,0.81648,-0.271,3.746,4.552,12.2,0.037,0.0,17.648,17.098,16.488,16.125,16.077,0.816
6324,1,9.85,-0.45,1.03277,0.514,3.796,4.066,13.4,0.038,0.0,16.884,16.424,15.957,15.703,15.671,1.033
6325,1,9.85,-0.45,0.50628,-1.249,3.625,4.838,13.6,0.038,0.0,21.493,20.956,19.929,19.284,19.16,0.506
6326,1,9.85,-0.45,0.55969,-1.093,3.639,4.78,13.9,0.038,0.0,21.402,20.859,19.875,19.237,19.127,0.56
6327,1,9.85,-0.45,0.84919,-0.167,3.759,4.515,14.4,0.038,0.0,19.588,19.057,18.484,18.149,18.106,0.849
6328,1,9.85,-0.45,1.04825,0.585,3.783,3.951,14.7,0.038,0.0,18.007,17.521,17.018,16.739,16.703,1.048
6329,1,9.85,-0.43,0.26285,-1.913,3.581,5.04,10.1,0.031,0.0,19.651,19.139,17.951,17.385,17.207,0.263
6330,1,9.85,-0.43,0.24577,-1.969,3.578,5.053,11.4,0.036,0.0,21.091,20.589,19.382,18.821,18.637,0.246
6331,1,9.85,-0.43,0.3128,-1.766,3.59,5.005,12.1,0.037,0.0,21.285,20.761,19.613,19.034,18.868,0.313
6332,1,9.85,-0.43,0.33809,-1.702,3.594,4.99,12.5,0.038,0.0,21.524,20.995,19.864,19.279,19.119,0.338
6333,1,9.85,-0.43,0.99404,0.303,3.792,4.248,13.1,0.038,0.0,17.112,16.644,16.169,15.908,15.876,0.994
6334,1,9.85,-0.43,0.64029,-0.85,3.665,4.701,13.3,0.038,0.0,20.196,19.635,18.741,18.151,18.062,0.64
6335,1,9.85,-0.43,0.5892,-1.014,3.646,4.75,13.4,0.038,0.0,20.705,20.158,19.195,18.561,18.458,0.589
6336,1,9.85,-0.43,0.67262,-0.748,3.678,4.673,13.8,0.038,0.0,20.439,19.868,19.024,18.471,18.39,0.673
6337,1,9.85,-0.43,0.71219,-0.621,3.696,4.64,14.0,0.038,0.0,20.322,19.743,18.963,18.464,18.392,0.712
6338,1,9.85,-0.43,0.79245,-0.356,3.734,4.576,14.1,0.038,0.0,19.759,19.196,18.548,18.156,18.102,0.792
6339,1,9.85,-0.43,0.89152,-0.037,3.772,4.459,14.1,0.038,0.0,18.963,18.453,17.919,17.614,17.576,0.892
6340,1,9.85,-0.43,0.65532,-0.803,3.671,4.688,14.4,0.038,0.0,21.177,20.61,19.739,19.166,19.081,0.655
6341,1,9.85,-0.43,0.79833,-0.336,3.737,4.57,14.5,0.038,0.0,20.111,19.551,18.912,18.526,18.473,0.798
6342,1,9.85,-0.41,0.36863,-1.627,3.596,4.963,12.4,0.037,0.0,21.236,20.706,19.583,18.989,18.834,0.369
6343,1,9.85,-0.41,0.44845,-1.417,3.609,4.89,12.6,0.038,0.0,20.913,20.378,19.299,18.678,18.54,0.448
6344,1,9.85,-0.41,0.91273,0.028,3.777,4.425,13.0,0.038,0.0,17.7,17.198,16.68,16.387,16.351,0.913
6345,1,9.85,-0.41,0.91877,0.047,3.779,4.416,13.2,0.038,0.0,17.851,17.354,16.84,16.551,16.515,0.919
6346,1,9.85,-0.41,0.54151,-1.156,3.631,4.799,13.3,0.038,0.0,20.96,20.422,19.412,18.767,18.65,0.542
6347,1,9.85,-0.41,0.78855,-0.374,3.731,4.58,13.3,0.038,0.0,19.006,18.438,17.781,17.382,17.327,0.789
6348,1,9.85,-0.41,0.87823,-0.083,3.767,4.477,13.7,0.038,0.0,18.677,18.157,17.609,17.292,17.252,0.878
6349,1,9.85,-0.41,0.77211,-0.429,3.724,4.594,14.5,0.038,0.0,20.341,19.767,19.085,18.666,18.608,0.772
6350,1,9.85,-0.41,0.8197,-0.272,3.745,4.551,14.6,0.038,0.0,20.051,19.498,18.885,18.52,18.471,0.82
6351,1,9.85,-0.39,0.22106,-2.076,3.568,5.078,10.7,0.034,0.0,20.661,20.186,18.93,18.372,18.173,0.221
6352,1,9.85,-0.39,0.82181,-0.27,3.745,4.548,11.9,0.037,0.0,17.345,16.79,16.177,15.811,15.763,0.822
6353,1,9.85,-0.39,0.36343,-1.648,3.594,4.968,12.4,0.037,0.0,21.291,20.765,19.628,19.038,18.88,0.363
6354,1,9.85,-0.39,0.40113,-1.54,3.599,4.925,12.8,0.038,0.0,21.421,20.889,19.776,19.171,19.022,0.401
6355,1,9.85,-0.39,0.95886,0.195,3.787,4.32,12.9,0.038,0.0,17.182,16.701,16.211,15.94,15.907,0.959
6356,1,9.85,-0.39,0.80001,-0.341,3.736,4.572,14.0,0.038,0.0,19.623,19.06,18.417,18.029,17.977,0.8
6357,1,9.85,-0.39,0.90602,0.006,3.774,4.432,14.1,0.038,0.0,18.855,18.346,17.82,17.522,17.485,0.906
6358,1,9.85,-0.39,0.85662,-0.156,3.758,4.505,14.6,0.038,0.0,19.759,19.224,18.65,18.315,18.272,0.857
6359,1,9.85,-0.39,0.82003,-0.276,3.744,4.55,14.7,0.038,0.0,20.159,19.604,18.989,18.621,18.572,0.82
6360,1,9.85,-0.39,0.87041,-0.11,3.763,4.486,15.9,0.038,0.0,20.946,20.418,19.859,19.535,19.494,0.87
6361,1,9.85,-0.37,0.36085,-1.661,3.592,4.97,10.2,0.031,0.0,19.123,18.598,17.451,16.864,16.704,0.361
6362,1,9.85,-0.37,0.23747,-2.018,3.571,5.06,11.2,0.035,0.0,21.016,20.536,19.287,18.728,18.534,0.237
6363,1,9.85,-0.37,0.8182,-0.288,3.742,4.553,11.3,0.036,0.0,16.791,16.231,15.61,15.238,15.188,0.818
6364,1,9.85,-0.37,0.57698,-1.066,3.638,4.764,11.6,0.036,0.0,19.036,18.494,17.504,16.861,16.752,0.577
6365,1,9.85,-0.37,0.47664,-1.35,3.613,4.863,12.0,0.037,0.0,20.146,19.613,18.541,17.91,17.776,0.477
6366,1,9.85,-0.37,0.34974,-1.694,3.59,4.983,12.1,0.037,0.0,21.104,20.585,19.429,18.845,18.682,0.35
6367,1,9.85,-0.37,0.72356,-0.605,3.696,4.632,12.4,0.037,0.0,18.683,18.102,17.323,16.826,16.755,0.724
6368,1,9.85,-0.37,1.061,0.563,3.75,3.848,13.3,0.038,0.0,16.662,16.115,15.517,15.166,15.12,1.061
6369,1,9.85,-0.37,0.79126,-0.377,3.73,4.58,13.5,0.038,0.0,19.213,18.643,17.983,17.581,17.526,0.791
6370,1,9.85,-0.37,0.93986,0.134,3.785,4.361,13.5,0.038,0.0,17.934,17.445,16.949,16.672,16.638,0.94
6371,1,9.85,-0.37,0.5539,-1.131,3.632,4.787,13.6,0.038,0.0,21.197,20.66,19.65,19.002,18.886,0.554
6372,1,9.85,-0.37,0.57651,-1.068,3.638,4.765,13.8,0.038,0.0,21.239,20.698,19.708,19.064,18.955,0.577
6373,1,9.85,-0.37,0.94181,0.143,3.785,4.356,14.4,0.038,0.0,18.813,18.326,17.831,17.555,17.521,0.942
6374,1,9.85,-0.37,1.08658,1.719,3.664,2.359,14.6,0.038,0.0,15.073,14.52,13.612,13.018,12.928,1.087
6375,1,9.85,-0.37,0.85648,-0.163,3.757,4.507,14.8,0.038,0.0,19.977,19.438,18.861,18.523,18.479,0.856
6376,1,9.85,-0.37,0.72741,-0.592,3.698,4.63,15.0,0.038,0.0,21.25,20.668,19.897,19.406,19.336,0.727
6377,1,9.85,-0.37,0.87509,-0.102,3.763,4.481,15.6,0.038,0.0,20.624,20.096,19.538,19.215,19.174,0.875
6378,1,9.85,-0.35,0.31644,-1.781,3.584,5.001,9.8,0.029,0.0,19.022,18.51,17.325,16.751,16.579,0.316
6379,1,9.85,-0.35,0.46312,-1.391,3.609,4.875,10.7,0.034,0.0,18.948,18.414,17.328,16.702,16.565,0.463
6380,1,9.85,-0.35,0.6961,-0.705,3.68,4.653,10.8,0.034,0.0,17.332,16.755,15.919,15.374,15.295,0.696
6381,1,9.85,-0.35,0.52903,-1.207,3.624,4.812,11.3,0.036,0.0,19.089,18.554,17.519,16.866,16.744,0.529
6382,1,9.85,-0.35,0.25118,-1.97,3.572,5.044,11.4,0.036,0.0,21.095,20.611,19.368,18.808,18.618,0.251
6383,1,9.85,-0.35,0.31748,-1.778,3.584,5.001,11.8,0.037,0.0,21.016,20.508,19.321,18.746,18.574,0.317
6384,1,9.85,-0.35,0.88639,-0.083,3.764,4.472,12.8,0.038,0.0,17.777,17.249,16.695,16.374,16.333,0.886
6385,1,9.85,-0.35,0.71473,-0.643,3.689,4.639,13.2,0.038,0.0,19.578,19.0,18.196,17.679,17.604,0.715
6386,1,9.85,-0.35,0.60121,-1.004,3.644,4.741,13.2,0.038,0.0,20.479,19.935,18.962,18.322,18.218,0.601
6387,1,9.85,-0.35,0.66404,-0.803,3.668,4.681,13.3,0.038,0.0,20.078,19.513,18.629,18.047,17.96,0.664
6388,1,9.85,-0.35,0.76557,-0.473,3.715,4.602,13.3,0.038,0.0,19.253,18.673,17.963,17.521,17.459,0.766
6389,1,9.85,-0.35,0.82645,-0.274,3.743,4.547,13.4,0.038,0.0,18.854,18.296,17.677,17.307,17.257,0.826
6390,1,9.85,-0.35,0.51466,-1.249,3.621,4.827,13.5,0.038,0.0,21.393,20.86,19.812,19.165,19.039,0.515
6391,1,9.85,-0.35,0.54866,-1.151,3.629,4.792,13.5,0.038,0.0,21.147,20.611,19.592,18.94,18.823,0.549
6392,1,9.85,-0.35,0.9048,-0.024,3.77,4.445,13.7,0.038,0.0,18.531,18.012,17.475,17.167,17.129,0.905
6393,1,9.85,-0.35,0.67071,-0.783,3.671,4.675,13.8,0.038,0.0,20.527,19.959,19.085,18.51,18.425,0.671
6394,1,9.85,-0.35,0.71686,-0.636,3.691,4.638,13.9,0.038,0.0,20.26,19.681,18.882,18.368,18.294,0.717
6395,1,9.85,-0.35,0.61817,-0.95,3.65,4.725,14.2,0.038,0.0,21.344,20.795,19.844,19.212,19.114,0.618
6396,1,9.85,-0.35,0.69074,-0.721,3.678,4.658,14.4,0.038,0.0,20.973,20.4,19.555,19.002,18.922,0.691
6397,1,9.85,-0.35,0.96984,0.211,3.789,4.315,15.4,0.038,0.0,19.642,19.16,18.676,18.409,18.376,0.97
6398,1,9.85,-0.35,1.09876,1.728,3.687,2.443,15.5,0.038,0.0,15.949,15.37,14.553,14.036,13.959,1.099
6399,1,9.85,-0.33,0.19413,-2.213,3.554,5.101,10.5,0.033,0.0,20.801,20.374,19.044,18.486,18.263,0.194
6400,1,9.85,-0.33,0.2255,-2.071,3.565,5.07,10.6,0.033,0.0,20.548,20.085,18.808,18.248,18.046,0.225
6401,1,9.85,-0.33,0.31622,-1.785,3.583,5.0,11.9,0.037,0.0,21.132,20.628,19.432,18.858,18.685,0.316
6402,1,9.85,-0.33,0.78155,-0.43,3.721,4.59,12.2,0.037,0.0,18.045,17.466,16.775,16.349,16.29,0.782
6403,1,9.85,-0.33,0.54877,-1.155,3.628,4.792,12.5,0.038,0.0,20.158,19.624,18.6,17.946,17.828,0.549
6404,1,9.85,-0.33,0.52706,-1.218,3.623,4.815,12.7,0.038,0.0,20.515,19.983,18.94,18.288,18.165,0.527
6405,1,9.85,-0.33,0.40303,-1.545,3.596,4.919,12.7,0.038,0.0,21.333,20.812,19.673,19.07,18.919,0.403
6406,1,9.85,-0.33,0.48885,-1.326,3.613,4.852,13.2,0.038,0.0,21.285,20.755,19.68,19.043,18.911,0.489
6407,1,9.85,-0.33,0.99558,0.261,3.789,4.279,14.0,0.038,0.0,18.118,17.636,17.154,16.889,16.856,0.996
6408,1,9.85,-0.33,0.61499,-0.966,3.648,4.729,14.0,0.038,0.0,21.184,20.637,19.677,19.041,18.941,0.615
6409,1,9.85,-0.33,1.08584,0.634,3.707,3.612,14.3,0.038,0.0,17.484,16.905,16.161,15.697,15.631,1.086
6410,1,9.85,-0.33,0.86723,-0.158,3.756,4.502,14.7,0.038,0.0,19.864,19.321,18.741,18.401,18.357,0.867
6411,1,9.85,-0.33,0.93566,0.053,3.776,4.407,14.8,0.038,0.0,19.437,18.927,18.408,18.116,18.079,0.936
6412,1,9.85,-0.33,0.75833,-0.506,3.71,4.608,14.9,0.038,0.0,20.936,20.354,19.624,19.166,19.102,0.758
6413,1,9.85,-0.33,0.78519,-0.418,3.722,4.587,15.4,0.038,0.0,21.215,20.637,19.952,19.531,19.472,0.785
6414,1,9.85,-0.31,0.2072,-2.145,3.56,5.085,11.2,0.035,0.0,21.332,20.889,19.583,19.024,18.811,0.207
6415,1,9.85,-0.31,0.67438,-0.785,3.669,4.673,11.3,0.036,0.0,18.033,17.465,16.585,16.004,15.919,0.674
6416,1,9.85,-0.31,0.35052,-1.702,3.587,4.979,12.0,0.037,0.0,21.024,20.515,19.334,18.752,18.586,0.351
6417,1,9.85,-0.31,0.40429,-1.546,3.595,4.917,12.1,0.037,0.0,20.735,20.215,19.07,18.467,18.315,0.404
6418,1,9.85,-0.31,0.46986,-1.381,3.608,4.868,12.8,0.038,0.0,21.022,20.494,19.4,18.77,18.634,0.47
6419,1,9.85,-0.31,0.52358,-1.233,3.621,4.818,12.9,0.038,0.0,20.752,20.221,19.169,18.519,18.394,0.524
6420,1,9.85,-0.31,0.53566,-1.198,3.624,4.806,13.1,0.038,0.0,20.865,20.334,19.293,18.637,18.515,0.536
6421,1,9.85,-0.31,1.09207,0.609,3.708,3.644,13.4,0.038,0.0,16.648,16.068,15.328,14.868,14.802,1.092
6422,1,9.85,-0.31,0.57014,-1.101,3.633,4.772,13.4,0.038,0.0,20.923,20.387,19.375,18.724,18.611,0.57
6423,1,9.85,-0.31,0.81742,-0.323,3.735,4.561,13.7,0.038,0.0,19.278,18.71,18.066,17.678,17.625,0.817
6424,1,9.85,-0.31,0.76845,-0.482,3.712,4.601,14.4,0.038,0.0,20.376,19.794,19.073,18.624,18.561,0.768
6425,1,9.85,-0.31,0.6943,-0.725,3.676,4.656,14.6,0.038,0.0,21.183,20.61,19.757,19.198,19.117,0.694
6426,1,9.85,-0.29,0.34409,-1.721,3.585,4.982,9.9,0.03,0.0,18.973,18.465,17.273,16.695,16.526,0.344
6427,1,9.85,-0.29,0.81411,-0.344,3.731,4.565,10.5,0.033,0.0,16.13,15.554,14.9,14.504,14.449,0.814
6428,1,9.85,-0.29,0.68218,-0.769,3.67,4.667,10.9,0.034,0.0,17.592,17.022,16.146,15.57,15.485,0.682
6429,1,9.85,-0.29,0.24291,-2.011,3.567,5.049,11.5,0.036,0.0,21.298,20.835,19.558,18.997,18.798,0.243
6430,1,9.85,-0.29,0.36028,-1.676,3.587,4.967,11.7,0.037,0.0,20.661,20.153,18.97,18.385,18.22,0.36
6431,1,9.85,-0.29,0.47519,-1.371,3.608,4.863,12.1,0.037,0.0,20.297,19.77,18.674,18.042,17.906,0.475
6432,1,9.85,-0.29,0.56023,-1.134,3.629,4.782,12.4,0.037,0.0,20.004,19.471,18.446,17.79,17.674,0.56
6433,1,9.85,-0.29,0.45433,-1.426,3.603,4.881,12.6,0.038,0.0,20.936,20.41,19.298,18.674,18.534,0.454
6434,1,9.85,-0.29,0.55831,-1.139,3.628,4.784,12.6,0.038,0.0,20.218,19.685,18.658,18.001,17.885,0.558
6435,1,9.85,-0.29,1.10476,0.802,3.696,3.41,13.0,0.038,0.0,15.764,15.184,14.403,13.91,13.839,1.105
6436,1,9.85,-0.29,0.60487,-1.009,3.641,4.739,13.1,0.038,0.0,20.392,19.85,18.867,18.223,18.117,0.605
6437,1,9.85,-0.29,0.58124,-1.076,3.634,4.762,13.2,0.038,0.0,20.659,20.123,19.116,18.465,18.354,0.581
6438,1,9.85,-0.29,0.97796,0.159,3.783,4.348,13.2,0.038,0.0,17.573,17.075,16.576,16.298,16.263,0.978
6439,1,9.85,-0.29,0.88864,-0.116,3.758,4.482,13.5,0.038,0.0,18.561,18.02,17.448,17.116,17.073,0.889
6440,1,9.85,-0.29,0.58625,-1.062,3.636,4.757,13.5,0.038,0.0,20.925,20.387,19.385,18.735,18.625,0.586
6441,1,9.85,-0.29,0.94764,0.06,3.775,4.402,13.7,0.038,0.0,18.321,17.807,17.286,16.992,16.955,0.948
6442,1,9.85,-0.29,0.6349,-0.915,3.652,4.712,14.0,0.038,0.0,21.058,20.507,19.563,18.936,18.84,0.635
6443,1,9.85,-0.29,0.61593,-0.974,3.645,4.729,14.0,0.038,0.0,21.206,20.661,19.692,19.052,18.951,0.616
6444,1,9.85,-0.29,0.707,-0.693,3.68,4.646,14.2,0.038,0.0,20.702,20.126,19.287,18.741,18.661,0.707
6445,1,9.85,-0.29,1.0641,0.494,3.79,4.076,14.5,0.038,0.0,18.036,17.551,17.071,16.809,16.775,1.064
6446,1,9.85,-0.27,0.46587,-1.399,3.605,4.871,10.5,0.033,0.0,18.769,18.241,17.134,16.505,16.368,0.466
6447,1,9.85,-0.27,0.2056,-2.158,3.557,5.084,11.1,0.035,0.0,21.264,20.832,19.507,18.949,18.732,0.206
6448,1,9.85,-0.27,0.20886,-2.145,3.558,5.081,11.2,0.035,0.0,21.333,20.899,19.577,19.019,18.803,0.209
6449,1,9.85,-0.27,0.54514,-1.181,3.624,4.797,11.8,0.037,0.0,19.522,18.992,17.948,17.289,17.169,0.545
6450,1,9.85,-0.27,0.42583,-1.5,3.597,4.901,12.4,0.037,0.0,20.921,20.403,19.261,18.649,18.501,0.426
6451,1,9.85,-0.27,0.84148,-0.269,3.74,4.539,12.7,0.038,0.0,18.142,17.577,16.95,16.574,16.524,0.841
6452,1,9.85,-0.27,0.40587,-1.549,3.593,4.915,12.8,0.038,0.0,21.443,20.93,19.769,19.167,19.013,0.406
6453,1,9.85,-0.27,0.55801,-1.145,3.627,4.784,13.1,0.038,0.0,20.732,20.201,19.168,18.509,18.392,0.558
6454,1,9.85,-0.27,0.62129,-0.964,3.646,4.725,13.2,0.038,0.0,20.379,19.833,18.866,18.227,18.126,0.621
6455,1,9.85,-0.27,0.78999,-0.431,3.718,4.585,13.3,0.038,0.0,19.148,18.566,17.866,17.433,17.372,0.79
6456,1,9.85,-0.27,1.05232,0.372,3.782,4.162,13.3,0.038,0.0,17.141,16.639,16.137,15.859,15.823,1.052
6457,1,9.85,-0.27,0.86576,-0.196,3.749,4.512,13.4,0.038,0.0,18.66,18.103,17.503,17.148,17.101,0.866
6458,1,9.85,-0.27,0.65772,-0.851,3.659,4.691,13.4,0.038,0.0,20.297,19.739,18.822,18.214,18.123,0.658
6459,1,9.85,-0.27,0.70305,-0.713,3.676,4.649,14.0,0.038,0.0,20.553,19.979,19.126,18.568,18.486,0.703
6460,1,9.85,-0.27,0.79041,-0.43,3.718,4.585,14.2,0.038,0.0,20.045,19.463,18.763,18.331,18.271,0.79
6461,1,9.85,-0.27,0.66378,-0.832,3.662,4.685,14.3,0.038,0.0,21.151,20.59,19.681,19.08,18.99,0.664
6462,1,9.85,-0.27,0.68133,-0.779,3.668,4.668,14.6,0.038,0.0,21.316,20.749,19.865,19.283,19.196,0.681
6463,1,9.85,-0.27,1.01746,0.264,3.786,4.272,14.7,0.038,0.0,18.809,18.316,17.826,17.556,17.522,1.017
6464,1,9.85,-0.27,0.81803,-0.342,3.731,4.562,14.8,0.038,0.0,20.424,19.849,19.192,18.794,18.739,0.818
6465,1,9.85,-0.27,0.7435,-0.581,3.696,4.621,14.9,0.038,0.0,21.123,20.539,19.761,19.264,19.193,0.743
6466,1,9.85,-0.27,0.72647,-0.637,3.688,4.633,15.0,0.038,0.0,21.362,20.782,19.972,19.45,19.375,0.726
6467,1,9.85,-0.27,0.9602,0.084,3.777,4.388,15.3,0.038,0.0,19.859,19.346,18.829,18.538,18.502,0.96
6468,1,9.85,-0.25,0.78181,-0.466,3.712,4.592,10.4,0.032,0.0,16.336,15.748,15.029,14.581,14.518,0.782
6469,1,9.85,-0.25,0.43525,-1.481,3.598,4.894,11.3,0.036,0.0,19.773,19.254,18.113,17.498,17.352,0.435
6470,1,9.85,-0.25,0.25878,-1.964,3.568,5.033,11.5,0.036,0.0,21.181,20.718,19.439,18.877,18.68,0.259
6471,1,9.85,-0.25,0.28609,-1.882,3.573,5.014,11.8,0.037,0.0,21.275,20.797,19.54,18.977,18.789,0.286
6472,1,9.85,-0.25,0.71891,-0.669,3.682,4.639,12.1,0.037,0.0,18.544,17.965,17.135,16.595,16.517,0.719
6473,1,9.85,-0.25,0.47442,-1.381,3.606,4.863,12.3,0.037,0.0,20.522,19.999,18.89,18.257,18.121,0.474
6474,1,9.85,-0.25,0.43869,-1.473,3.598,4.892,12.4,0.037,0.0,20.852,20.333,19.195,18.578,18.433,0.439
6475,1,9.85,-0.25,0.80069,-0.406,3.721,4.577,13.1,0.038,0.0,18.886,18.304,17.613,17.188,17.129,0.801
6476,1,9.85,-0.25,0.7616,-0.531,3.703,4.608,13.2,0.038,0.0,19.298,18.711,17.958,17.482,17.414,0.762
6477,1,9.85,-0.25,0.52007,-1.257,3.616,4.822,13.5,0.038,0.0,21.411,20.885,19.813,19.164,19.037,0.52
6478,1,9.85,-0.25,0.58141,-1.085,3.632,4.762,13.9,0.038,0.0,21.383,20.849,19.832,19.176,19.064,0.581
6479,1,9.85,-0.25,0.70149,-0.726,3.674,4.651,14.4,0.038,0.0,20.985,20.412,19.549,18.983,18.901,0.701
6480,1,9.85,-0.25,0.94705,0.035,3.772,4.412,14.9,0.038,0.0,19.582,19.059,18.528,18.226,18.188,0.947
6481,1,9.85,-0.23,0.70938,-0.708,3.676,4.646,10.9,0.034,0.0,17.439,16.862,16.009,15.45,15.368,0.709
6482,1,9.85,-0.23,0.48673,-1.352,3.607,4.852,11.6,0.036,0.0,19.751,19.228,18.123,17.486,17.352,0.487
6483,1,9.85,-0.23,0.31925,-1.794,3.578,4.993,11.9,0.037,0.0,21.156,20.669,19.43,18.862,18.682,0.319
6484,1,9.85,-0.23,0.52856,-1.237,3.617,4.814,12.4,0.037,0.0,20.263,19.738,18.668,18.015,17.89,0.529
6485,1,9.85,-0.23,0.93092,-0.022,3.765,4.436,12.4,0.037,0.0,17.225,16.69,16.141,15.826,15.785,0.931
6486,1,9.85,-0.23,0.77855,-0.486,3.709,4.595,12.8,0.038,0.0,18.784,18.198,17.465,17.006,16.941,0.779
6487,1,9.85,-0.23,0.74465,-0.594,3.693,4.621,12.8,0.038,0.0,19.056,18.472,17.68,17.174,17.101,0.745
6488,1,9.85,-0.23,0.87465,-0.188,3.748,4.506,12.9,0.038,0.0,18.141,17.581,16.979,16.623,16.575,0.875
6489,1,9.85,-0.23,0.65393,-0.876,3.655,4.696,13.2,0.038,0.0,20.16,19.606,18.671,18.05,17.956,0.654
6490,1,9.85,-0.23,0.63668,-0.929,3.649,4.712,13.2,0.038,0.0,20.292,19.743,18.785,18.149,18.05,0.637
6491,1,9.85,-0.23,0.55794,-1.155,3.625,4.785,13.5,0.038,0.0,21.158,20.63,19.586,18.922,18.804,0.558
6492,1,9.85,-0.23,0.68979,-0.768,3.668,4.662,14.1,0.038,0.0,20.79,20.222,19.337,18.753,18.667,0.69
6493,1,9.85,-0.21,1.0277,0.244,3.783,4.283,9.8,0.029,0.0,13.961,13.45,12.955,12.681,12.646,1.028
6494,1,9.85,-0.21,0.42017,-1.525,3.593,4.903,11.7,0.037,0.0,20.283,19.776,18.603,17.997,17.844,0.42
6495,1,9.85,-0.21,0.62794,-0.961,3.644,4.721,12.1,0.037,0.0,19.274,18.729,17.754,17.111,17.01,0.628
6496,1,9.85,-0.21,0.74766,-0.593,3.692,4.619,12.7,0.038,0.0,18.952,18.367,17.574,17.066,16.993,0.748
6497,1,9.85,-0.21,1.00967,0.199,3.782,4.317,13.9,0.038,0.0,18.172,17.666,17.166,16.889,16.853,1.01
6498,1,9.85,-0.21,0.80563,-0.409,3.719,4.574,14.0,0.038,0.0,19.793,19.209,18.511,18.081,18.02,0.806
6499,1,9.85,-0.21,0.8763,-0.193,3.747,4.505,14.0,0.038,0.0,19.251,18.689,18.083,17.724,17.676,0.876
6500,1,9.85,-0.21,0.75703,-0.563,3.697,4.612,14.3,0.038,0.0,20.477,19.89,19.114,18.62,18.549,0.757
6501,1,9.85,-0.21,0.67727,-0.812,3.662,4.674,14.6,0.038,0.0,21.401,20.839,19.93,19.328,19.239,0.677
6502,1,9.85,-0.21,1.08709,0.498,3.785,4.061,14.6,0.038,0.0,18.124,17.623,17.131,16.862,16.826,1.087
6503,1,9.85,-0.21,0.81963,-0.365,3.725,4.563,15.4,0.038,0.0,21.083,20.5,19.824,19.412,19.355,0.82
6504,1,9.85,-0.19,0.22446,-2.099,3.557,5.062,10.1,0.031,0.0,20.118,19.689,18.352,17.794,17.577,0.224
6505,1,9.85,-0.19,0.83606,-0.323,3.73,4.549,10.3,0.032,0.0,15.878,15.295,14.637,14.238,14.183,0.836
6506,1,9.85,-0.19,0.75335,-0.583,3.693,4.615,11.6,0.036,0.0,17.826,17.24,16.45,15.945,15.873,0.753
6507,1,9.85,-0.19,0.40426,-1.567,3.589,4.912,11.8,0.037,0.0,20.488,19.989,18.792,18.196,18.036,0.404
6508,1,9.85,-0.19,0.37985,-1.636,3.585,4.939,12.0,0.037,0.0,20.861,20.367,19.152,18.566,18.4,0.38
6509,1,9.85,-0.19,0.91769,-0.078,3.758,4.457,12.4,0.037,0.0,17.365,16.817,16.246,15.915,15.872,0.918
6510,1,9.85,-0.19,0.45501,-1.443,3.598,4.878,12.5,0.038,0.0,20.878,20.365,19.218,18.594,18.452,0.455
6511,1,9.85,-0.19,0.51127,-1.295,3.611,4.83,12.5,0.038,0.0,20.507,19.987,18.889,18.242,18.112,0.511
6512,1,9.85,-0.19,0.4734,-1.395,3.602,4.863,12.6,0.038,0.0,20.859,20.341,19.213,18.579,18.442,0.473
6513,1,9.85,-0.19,0.71927,-0.691,3.677,4.64,12.7,0.038,0.0,19.198,18.62,17.77,17.215,17.134,0.719
6514,1,9.85,-0.19,0.57196,-1.126,3.626,4.772,12.9,0.038,0.0,20.486,19.958,18.917,18.251,18.134,0.572
6515,1,9.85,-0.19,0.76635,-0.541,3.699,4.606,13.7,0.038,0.0,19.823,19.234,18.467,17.981,17.912,0.766
6516,1,9.85,-0.19,0.63188,-0.956,3.644,4.718,14.0,0.038,0.0,21.159,20.615,19.64,18.995,18.894,0.632
6517,1,9.85,-0.19,0.72088,-0.686,3.678,4.639,14.1,0.038,0.0,20.585,20.007,19.16,18.607,18.526,0.721
6518,1,9.85,-0.19,0.86546,-0.234,3.741,4.519,15.1,0.038,0.0,20.454,19.885,19.262,18.89,18.84,0.865
6519,1,9.85,-0.17,0.40947,-1.558,3.588,4.908,10.3,0.032,0.0,18.966,18.465,17.266,16.669,16.51,0.409
6520,1,9.85,-0.17,0.2214,-2.114,3.555,5.064,10.9,0.034,0.0,20.955,20.536,19.187,18.629,18.409,0.221
6521,1,9.85,-0.17,0.22575,-2.098,3.556,5.059,11.2,0.035,0.0,21.214,20.792,19.447,18.889,18.67,0.226
6522,1,9.85,-0.17,1.04403,0.266,3.778,4.248,11.8,0.037,0.0,15.905,15.386,14.875,14.59,14.553,1.044
6523,1,9.85,-0.17,1.15888,2.413,5.052,6.951,12.5,0.038,0.0,11.237,18.17,18.635,18.797,18.899,0.589
6524,1,9.85,-0.17,0.43309,-1.501,3.593,4.893,12.7,0.038,0.0,21.223,20.719,19.541,18.931,18.78,0.433
6525,1,9.85,-0.17,0.54049,-1.219,3.617,4.802,13.0,0.038,0.0,20.816,20.294,19.217,18.559,18.435,0.54
6526,1,9.85,-0.17,0.5363,-1.23,3.616,4.807,13.5,0.038,0.0,21.345,20.824,19.743,19.086,18.962,0.536
6527,1,9.85,-0.17,0.61302,-1.018,3.637,4.736,13.6,0.038,0.0,20.915,20.379,19.374,18.718,18.611,0.613
6528,1,9.85,-0.17,0.70282,-0.751,3.668,4.652,14.1,0.038,0.0,20.748,20.179,19.292,18.708,18.622,0.703
6529,1,9.85,-0.17,0.74224,-0.626,3.686,4.624,14.1,0.038,0.0,20.434,19.852,19.035,18.508,18.432,0.742
6530,1,9.85,-0.17,0.79491,-0.46,3.71,4.584,14.1,0.038,0.0,20.02,19.432,18.703,18.249,18.184,0.795
6531,1,9.85,-0.17,0.62519,-0.982,3.641,4.725,14.2,0.038,0.0,21.425,20.884,19.894,19.244,19.141,0.625
6532,1,9.85,-0.15,1.03139,0.256,3.78,4.261,10.4,0.032,0.0,14.53,14.011,13.509,13.23,13.194,1.031
6533,1,9.85,-0.15,0.82343,-0.38,3.72,4.561,11.8,0.037,0.0,17.521,16.934,16.242,15.817,15.758,0.823
6534,1,9.85,-0.15,0.41723,-1.543,3.589,4.903,12.4,0.037,0.0,21.028,20.532,19.329,18.73,18.572,0.417
6535,1,9.85,-0.15,1.07793,0.414,3.784,4.139,12.6,0.038,0.0,16.335,15.828,15.335,15.065,15.029,1.078
6536,1,9.85,-0.15,0.92264,-0.079,3.756,4.453,13.4,0.038,0.0,18.367,17.814,17.238,16.904,16.859,0.923
6537,1,9.85,-0.15,0.53887,-1.228,3.615,4.804,13.4,0.038,0.0,21.24,20.72,19.635,18.977,18.853,0.539
6538,1,9.85,-0.15,0.95538,0.02,3.766,4.407,13.6,0.038,0.0,18.32,17.781,17.234,16.921,16.88,0.955
6539,1,9.85,-0.15,0.66783,-0.862,3.654,4.686,13.8,0.038,0.0,20.724,20.17,19.229,18.603,18.509,0.668
6540,1,9.85,-0.15,0.98622,0.114,3.773,4.357,13.8,0.038,0.0,18.284,17.757,17.233,16.938,16.9,0.986
6541,1,9.85,-0.15,0.60401,-1.05,3.632,4.745,13.9,0.038,0.0,21.296,20.765,19.742,19.08,18.97,0.604
6542,1,9.85,-0.15,1.0165,0.206,3.779,4.3,14.9,0.038,0.0,19.156,18.639,18.13,17.848,17.811,1.017
6543,1,9.85,-0.13,0.25694,-1.991,3.561,5.027,10.4,0.032,0.0,20.147,19.713,18.382,17.822,17.613,0.257
6544,1,9.85,-0.13,0.68803,-0.809,3.659,4.667,11.3,0.036,0.0,18.093,17.532,16.612,16.001,15.91,0.688
6545,1,9.85,-0.13,0.79523,-0.476,3.706,4.584,11.5,0.036,0.0,17.459,16.868,16.127,15.661,15.596,0.795
6546,1,9.85,-0.13,0.9877,0.115,3.772,4.353,11.6,0.036,0.0,16.084,15.552,15.026,14.729,14.691,0.988
6547,1,9.85,-0.13,0.63009,-0.979,3.64,4.722,12.3,0.037,0.0,19.518,18.98,17.984,17.331,17.227,0.63
6548,1,9.85,-0.13,0.48447,-1.378,3.601,4.853,13.1,0.038,0.0,21.316,20.804,19.664,19.025,18.889,0.484
6549,1,9.85,-0.13,0.49779,-1.345,3.604,4.842,13.1,0.038,0.0,21.232,20.719,19.59,18.946,18.813,0.498
6550,1,9.85,-0.13,1.1456,0.867,3.687,3.326,13.4,0.038,0.0,16.004,15.422,14.607,14.091,14.014,1.146
6551,1,9.85,-0.13,0.56537,-1.16,3.621,4.78,13.6,0.038,0.0,21.27,20.748,19.682,19.015,18.896,0.565
6552,1,9.85,-0.13,0.80796,-0.437,3.712,4.574,13.8,0.038,0.0,19.661,19.073,18.35,17.9,17.837,0.808
6553,1,9.85,-0.13,1.04092,0.285,3.778,4.229,14.0,0.038,0.0,18.058,17.538,17.028,16.745,16.708,1.041
6554,1,9.85,-0.13,0.65289,-0.912,3.647,4.7,14.0,0.038,0.0,21.051,20.504,19.537,18.895,18.797,0.653
6555,1,9.85,-0.13,1.00939,0.181,3.777,4.313,14.2,0.038,0.0,18.518,17.995,17.48,17.194,17.156,1.009
6556,1,9.85,-0.13,0.97224,0.066,3.769,4.38,14.4,0.038,0.0,19.004,18.468,17.93,17.625,17.585,0.972
6557,1,9.85,-0.13,0.83984,-0.339,3.725,4.547,14.6,0.038,0.0,20.217,19.631,18.955,18.544,18.487,0.84
6558,1,9.85,-0.13,0.73221,-0.673,3.678,4.632,15.0,0.038,0.0,21.452,20.872,20.025,19.471,19.391,0.732
6559,1,9.85,-0.11,0.17818,-2.363,3.528,5.109,10.5,0.033,0.0,21.177,20.835,19.339,18.798,18.563,0.178
6560,1,9.85,-0.11,0.5114,-1.312,3.606,4.83,11.6,0.036,0.0,19.651,19.138,18.015,17.366,17.235,0.511
6561,1,9.85,-0.11,0.58097,-1.123,3.624,4.766,11.7,0.037,0.0,19.277,18.754,17.698,17.026,16.91,0.581
6562,1,9.85,-0.11,0.60306,-1.064,3.63,4.747,11.9,0.037,0.0,19.331,18.802,17.768,17.1,16.988,0.603
6563,1,9.85,-0.11,0.80533,-0.453,3.708,4.577,12.2,0.037,0.0,18.102,17.512,16.778,16.32,16.255,0.805
6564,1,9.85,-0.11,0.64135,-0.953,3.642,4.712,12.3,0.037,0.0,19.452,18.91,17.923,17.273,17.171,0.641
6565,1,9.85,-0.11,0.57262,-1.145,3.622,4.773,12.5,0.038,0.0,20.132,19.611,18.546,17.877,17.759,0.573
6566,1,9.85,-0.11,1.0391,0.276,3.777,4.231,13.1,0.038,0.0,17.18,16.655,16.141,15.856,15.818,1.039
6567,1,9.85,-0.11,0.58496,-1.112,3.625,4.763,13.1,0.038,0.0,20.651,20.128,19.075,18.402,18.286,0.585
6568,1,9.85,-0.11,0.66906,-0.872,3.651,4.686,13.2,0.038,0.0,20.15,19.599,18.646,18.011,17.916,0.669
6569,1,9.85,-0.11,0.69811,-0.787,3.661,4.658,13.2,0.038,0.0,19.938,19.376,18.461,17.855,17.765,0.698
6570,1,9.85,-0.11,0.65224,-0.921,3.646,4.702,14.1,0.038,0.0,21.172,20.627,19.653,19.008,18.909,0.652
6571,1,9.85,-0.11,0.77784,-0.538,3.697,4.598,14.2,0.038,0.0,20.314,19.724,18.947,18.454,18.383,0.778
6572,1,9.85,-0.11,0.95486,0.006,3.762,4.407,14.3,0.038,0.0,19.054,18.507,17.951,17.632,17.59,0.955
6573,1,9.85,-0.11,0.86131,-0.282,3.732,4.528,14.6,0.038,0.0,20.075,19.494,18.841,18.447,18.393,0.861
6574,1,9.85,-0.11,0.89038,-0.193,3.742,4.496,14.7,0.038,0.0,19.953,19.381,18.762,18.395,18.345,0.89
6575,1,9.85,-0.09,0.18492,-2.317,3.533,5.099,10.3,0.032,0.0,20.864,20.509,19.035,18.493,18.259,0.185
6576,1,9.85,-0.09,0.4929,-1.365,3.601,4.845,11.1,0.035,0.0,19.283,18.773,17.628,16.985,16.85,0.493
6577,1,9.85,-0.09,0.69785,-0.795,3.659,4.659,12.0,0.037,0.0,18.758,18.198,17.276,16.664,16.573,0.698
6578,1,9.85,-0.09,0.3748,-1.668,3.578,4.94,12.2,0.037,0.0,21.14,20.667,19.4,18.825,18.651,0.375
6579,1,9.85,-0.09,0.37875,-1.657,3.579,4.935,12.5,0.038,0.0,21.412,20.937,19.674,19.097,18.924,0.379
6580,1,9.85,-0.09,0.9791,0.08,3.767,4.365,12.6,0.038,0.0,17.17,16.63,16.089,15.782,15.742,0.979
6581,1,9.85,-0.09,0.96797,0.044,3.765,4.385,13.0,0.038,0.0,17.661,17.116,16.567,16.253,16.212,0.968
6582,1,9.85,-0.09,0.70633,-0.769,3.662,4.652,13.4,0.038,0.0,20.092,19.528,18.62,18.019,17.931,0.706
6583,1,9.85,-0.09,0.94865,-0.019,3.759,4.417,14.0,0.038,0.0,18.817,18.264,17.698,17.372,17.329,0.949
6584,1,9.85,-0.09,0.77695,-0.548,3.694,4.599,14.6,0.038,0.0,20.741,20.151,19.366,18.865,18.794,0.777
6585,1,9.85,-0.07,0.83222,-0.388,3.716,4.555,12.5,0.038,0.0,18.239,17.648,16.941,16.504,16.443,0.832
6586,1,9.85,-0.07,0.63048,-0.996,3.636,4.723,12.7,0.038,0.0,19.961,19.427,18.414,17.752,17.646,0.63
6587,1,9.85,-0.07,0.45431,-1.467,3.592,4.874,12.8,0.038,0.0,21.237,20.744,19.543,18.928,18.778,0.454
6588,1,9.85,-0.07,0.69108,-0.822,3.655,4.666,13.0,0.038,0.0,19.825,19.269,18.331,17.707,17.614,0.691
6589,1,9.85,-0.07,0.99038,0.115,3.769,4.339,13.2,0.038,0.0,17.681,17.141,16.605,16.301,16.261,0.99
6590,1,9.85,-0.07,0.97112,0.05,3.764,4.377,14.0,0.038,0.0,18.644,18.097,17.547,17.232,17.191,0.971
6591,1,9.85,-0.07,0.60937,-1.057,3.629,4.742,14.1,0.038,0.0,21.513,20.986,19.948,19.276,19.165,0.609
6592,1,9.85,-0.07,1.11192,0.509,3.767,3.989,14.2,0.038,0.0,17.698,17.156,16.614,16.309,16.267,1.112
6593,1,9.85,-0.07,0.8922,-0.205,3.739,4.497,14.2,0.038,0.0,19.483,18.906,18.278,17.904,17.853,0.892
6594,1,9.85,-0.07,0.66001,-0.911,3.645,4.696,14.4,0.038,0.0,21.448,20.904,19.927,19.28,19.181,0.66
6595,1,9.85,-0.07,0.80505,-0.47,3.704,4.578,14.7,0.038,0.0,20.645,20.053,19.305,18.835,18.769,0.805
6596,1,9.85,-0.07,0.97292,0.056,3.765,4.374,14.8,0.038,0.0,19.429,18.883,18.334,18.02,17.979,0.973
6597,1,9.85,-0.05,0.24826,-2.032,3.554,5.028,11.5,0.036,0.0,21.351,20.943,19.571,19.013,18.792,0.248
6598,1,9.85,-0.05,0.51254,-1.323,3.603,4.829,12.2,0.037,0.0,20.277,19.771,18.628,17.977,17.846,0.513
6599,1,9.85,-0.05,0.66061,-0.916,3.644,4.696,12.8,0.038,0.0,19.86,19.317,18.335,17.685,17.585,0.661
6600,1,9.85,-0.05,0.64392,-0.964,3.639,4.711,13.0,0.038,0.0,20.179,19.643,18.64,17.982,17.878,0.644
6601,1,9.85,-0.05,0.9183,-0.13,3.747,4.463,13.1,0.038,0.0,18.195,17.623,17.019,16.663,16.615,0.918
6602,1,9.85,-0.05,0.81608,-0.445,3.707,4.569,13.9,0.038,0.0,19.781,19.189,18.45,17.989,17.924,0.816
6603,1,9.85,-0.05,0.76699,-0.595,3.686,4.608,14.5,0.038,0.0,20.757,20.171,19.354,18.828,18.752,0.767
6604,1,9.85,-0.05,0.81502,-0.448,3.707,4.57,15.2,0.038,0.0,21.089,20.497,19.757,19.294,19.229,0.815
6605,1,9.85,-0.03,0.50746,-1.341,3.601,4.833,10.7,0.034,0.0,18.823,18.316,17.163,16.514,16.382,0.507
6606,1,9.85,-0.03,0.46418,-1.448,3.592,4.865,11.6,0.036,0.0,19.989,19.5,18.292,17.674,17.526,0.464
6607,1,9.85,-0.03,0.399,-1.609,3.579,4.91,11.8,0.037,0.0,20.592,20.124,18.845,18.267,18.096,0.399
6608,1,9.85,-0.03,0.58299,-1.139,3.619,4.766,12.8,0.038,0.0,20.417,19.901,18.821,18.148,18.03,0.583
6609,1,9.85,-0.03,0.9766,0.065,3.763,4.36,13.1,0.038,0.0,17.709,17.157,16.603,16.286,16.244,0.977
6610,1,9.85,-0.03,1.13345,0.509,3.698,3.721,13.1,0.038,0.0,16.597,16.005,15.232,14.749,14.677,1.133
6611,1,9.85,-0.03,1.10984,0.495,3.759,3.972,13.6,0.038,0.0,17.133,16.577,16.013,15.691,15.647,1.11
6612,1,9.85,-0.03,0.67709,-0.876,3.648,4.68,14.0,0.038,0.0,20.959,20.412,19.443,18.799,18.702,0.677
6613,1,9.85,-0.03,0.88981,-0.231,3.735,4.504,15.2,0.038,0.0,20.548,19.965,19.322,18.938,18.885,0.89
6614,1,9.85,-0.01,0.53852,-1.263,3.607,4.806,11.6,0.036,0.0,19.528,19.021,17.889,17.229,17.102,0.539
6615,1,9.85,-0.01,0.43348,-1.527,3.584,4.886,12.0,0.037,0.0,20.588,20.113,18.86,18.264,18.103,0.433
6616,1,9.85,-0.01,0.42181,-1.556,3.582,4.894,12.4,0.037,0.0,21.06,20.588,19.323,18.734,18.569,0.422
6617,1,9.85,-0.01,0.48129,-1.408,3.594,4.852,12.8,0.038,0.0,21.091,20.599,19.404,18.775,18.631,0.481
6618,1,9.85,-0.01,0.77161,-0.596,3.684,4.605,13.1,0.038,0.0,19.359,18.772,17.95,17.418,17.342,0.772
6619,1,9.85,-0.01,0.91218,-0.167,3.741,4.475,13.6,0.038,0.0,18.788,18.209,17.587,17.218,17.168,0.912
6620,1,9.85,-0.01,0.7953,-0.523,3.695,4.586,13.8,0.038,0.0,19.877,19.285,18.501,18.003,17.932,0.795
6621,1,9.85,-0.01,1.0318,0.247,3.768,4.221,14.0,0.038,0.0,18.151,17.606,17.068,16.765,16.724,1.032
6622,1,9.85,-0.01,0.86811,-0.304,3.724,4.525,14.3,0.038,0.0,19.831,19.239,18.562,18.151,18.093,0.868
6623,1,9.85,0.01,0.90373,-0.205,3.736,4.49,12.0,0.037,0.0,17.282,16.698,16.061,15.68,15.628,0.904
6624,1,9.85,0.01,0.50823,-1.346,3.599,4.831,12.5,0.038,0.0,20.634,20.137,18.966,18.318,18.184,0.508
6625,1,9.85,0.01,0.77331,-0.601,3.682,4.601,12.8,0.038,0.0,19.073,18.488,17.655,17.115,17.037,0.773
6626,1,9.85,0.01,0.85501,-0.352,3.718,4.539,12.9,0.038,0.0,18.551,17.957,17.257,16.827,16.766,0.855
6627,1,9.85,0.01,0.71237,-0.785,3.657,4.648,14.2,0.038,0.0,20.933,20.375,19.441,18.821,18.73,0.712
6628,1,9.85,0.01,0.89516,-0.231,3.733,4.5,14.6,0.038,0.0,19.948,19.362,18.714,18.326,18.272,0.895
6629,1,9.85,0.03,0.58203,-1.154,3.616,4.768,10.1,0.031,0.0,17.756,17.241,16.143,15.471,15.352,0.582
6630,1,9.85,0.03,0.16516,-2.474,3.51,5.115,10.3,0.032,0.0,21.255,20.973,19.365,18.839,18.596,0.165
6631,1,9.85,0.03,0.35805,-1.717,3.57,4.934,11.3,0.036,0.0,20.363,19.92,18.593,18.025,17.837,0.358
6632,1,9.85,0.03,1.13235,0.493,3.696,3.73,12.2,0.037,0.0,15.737,15.143,14.364,13.879,13.806,1.132
6633,1,9.85,0.03,0.94842,-0.07,3.749,4.428,13.1,0.038,0.0,18.044,17.469,16.875,16.529,16.482,0.948
6634,1,9.85,0.03,0.68395,-0.871,3.646,4.674,14.1,0.038,0.0,21.048,20.503,19.525,18.878,18.78,0.684
6635,1,9.85,0.03,0.79959,-0.528,3.692,4.583,14.1,0.038,0.0,20.189,19.597,18.803,18.297,18.225,0.8
6636,1,9.85,0.03,0.74415,-0.694,3.668,4.623,14.2,0.038,0.0,20.704,20.13,19.244,18.663,18.578,0.744
6637,1,9.85,0.05,0.5471,-1.248,3.607,4.797,13.6,0.038,0.0,21.491,20.991,19.847,19.182,19.056,0.547
6638,1,9.85,0.05,0.67503,-0.899,3.643,4.683,14.3,0.038,0.0,21.318,20.778,19.785,19.132,19.032,0.675
6639,1,9.85,0.05,1.01468,0.129,3.763,4.314,15.0,0.038,0.0,19.447,18.89,18.339,18.028,17.985,1.015
6640,1,9.85,0.07,0.27192,-1.967,3.552,4.995,10.6,0.033,0.0,20.289,19.89,18.5,17.943,17.718,0.272
6641,1,9.85,0.07,0.52983,-1.295,3.602,4.811,12.8,0.038,0.0,20.808,20.315,19.147,18.486,18.356,0.53
6642,1,9.85,0.07,0.71048,-0.803,3.653,4.651,14.1,0.038,0.0,20.877,20.321,19.372,18.743,18.65,0.71
6643,1,9.85,0.07,0.9825,0.024,3.756,4.374,15.7,0.038,0.0,20.41,19.84,19.266,18.938,18.893,0.982
6644,1,9.85,0.09,0.21935,-2.158,3.54,5.044,11.1,0.035,0.0,21.266,20.898,19.45,18.904,18.673,0.219
6645,1,9.85,0.09,1.00665,0.091,3.759,4.333,11.2,0.035,0.0,15.744,15.176,14.615,14.297,14.253,1.007
6646,1,9.85,0.09,0.65089,-0.972,3.634,4.705,11.5,0.036,0.0,18.701,18.172,17.14,16.472,16.366,0.651
6647,1,9.85,0.09,0.73882,-0.722,3.663,4.628,12.3,0.037,0.0,18.876,18.306,17.399,16.803,16.715,0.739
6648,1,9.85,0.09,0.73127,-0.745,3.66,4.634,13.1,0.038,0.0,19.732,19.166,18.246,17.641,17.551,0.731
6649,1,9.85,0.11,0.79281,-0.568,3.684,4.587,13.0,0.038,0.0,19.19,18.599,17.774,17.247,17.169,0.793
6650,1,9.85,0.11,0.89076,-0.274,3.724,4.503,13.6,0.038,0.0,19.055,18.456,17.778,17.371,17.312,0.891
6651,1,9.85,0.13,0.28673,-1.933,3.552,4.983,10.9,0.034,0.0,20.502,20.104,18.713,18.155,17.931,0.287
6652,1,9.85,0.13,0.75471,-0.684,3.667,4.615,13.7,0.038,0.0,20.181,19.604,18.713,18.133,18.046,0.755
6653,1,9.85,0.15,0.3296,-1.815,3.56,4.956,9.3,0.026,0.0,18.608,18.19,16.822,16.259,16.051,0.33
6654,1,9.85,0.17,0.61251,-1.091,3.619,4.739,12.3,0.037,0.0,19.799,19.294,18.188,17.507,17.391,0.613
6655,1,9.85,0.19,0.63833,-1.022,3.626,4.715,12.4,0.037,0.0,19.726,19.212,18.137,17.456,17.344,0.638
6656,1,9.85,0.19,0.72176,-0.793,3.652,4.642,14.0,0.038,0.0,20.752,20.196,19.237,18.609,18.514,0.722
6657,1,9.85,0.21,0.22998,-2.134,3.537,5.027,9.4,0.027,0.0,19.504,19.141,17.677,17.135,16.903,0.23
6658,1,9.85,0.21,0.27726,-1.975,3.547,4.99,10.8,0.034,0.0,20.508,20.124,18.709,18.156,17.926,0.277
6659,1,9.85,0.21,0.85367,-0.408,3.704,4.538,15.1,0.038,0.0,20.891,20.284,19.535,19.075,19.006,0.854
6660,1,9.85,0.23,0.76989,-0.656,3.669,4.604,12.8,0.038,0.0,19.209,18.626,17.743,17.174,17.088,0.77
6661,1,9.85,0.23,0.75186,-0.708,3.662,4.617,13.3,0.038,0.0,19.839,19.266,18.352,17.76,17.67,0.752
6662,1,9.87,-0.77,0.23368,-1.943,3.598,5.087,11.7,0.037,0.0,21.328,20.782,19.691,19.116,18.953,0.234
6663,1,9.87,-0.77,0.80382,-0.177,3.768,4.536,12.2,0.037,0.0,17.413,16.916,16.364,16.045,16.004,0.804
6664,1,9.87,-0.75,0.87295,0.074,3.791,4.413,11.4,0.036,0.0,15.984,15.535,15.047,14.774,14.742,0.873
6665,1,9.87,-0.73,0.20766,-2.048,3.59,5.111,11.6,0.036,0.0,21.49,20.957,19.832,19.261,19.091,0.208
6666,1,9.87,-0.73,0.92888,0.301,3.805,4.269,12.3,0.037,0.0,16.317,15.899,15.449,15.206,15.178,0.929
6667,1,9.87,-0.73,0.72349,-0.465,3.729,4.625,13.0,0.038,0.0,18.932,18.376,17.711,17.307,17.249,0.723
6668,1,9.87,-0.71,0.47844,-1.266,3.636,4.875,12.5,0.038,0.0,20.436,19.886,18.907,18.291,18.17,0.478
6669,1,9.87,-0.69,0.38654,-1.504,3.622,4.962,12.4,0.037,0.0,20.93,20.38,19.36,18.751,18.613,0.387
6670,1,9.87,-0.69,0.5187,-1.153,3.644,4.828,13.0,0.038,0.0,20.652,20.101,19.144,18.528,18.417,0.519
6671,1,9.87,-0.69,0.46051,-1.317,3.632,4.894,13.4,0.038,0.0,21.463,20.914,19.923,19.306,19.181,0.461
6672,1,9.87,-0.69,1.01232,1.174,3.7,3.016,13.8,0.038,0.0,15.636,15.068,14.299,13.813,13.745,1.012
6673,1,9.87,-0.65,0.55135,-1.062,3.65,4.787,12.9,0.038,0.0,20.326,19.775,18.833,18.215,18.111,0.551
6674,1,9.87,-0.65,0.5388,-1.1,3.647,4.803,13.8,0.038,0.0,21.321,20.771,19.819,19.201,19.093,0.539
6675,1,9.87,-0.63,0.74327,-0.429,3.73,4.604,11.6,0.036,0.0,17.443,16.883,16.221,15.818,15.761,0.743
6676,1,9.87,-0.63,0.26127,-1.851,3.598,5.046,11.8,0.037,0.0,21.198,20.653,19.558,18.978,18.819,0.261
6677,1,9.87,-0.63,0.42948,-1.408,3.623,4.919,12.6,0.038,0.0,20.891,20.344,19.325,18.705,18.571,0.429
6678,1,9.87,-0.63,0.68658,-0.621,3.704,4.656,13.1,0.038,0.0,19.422,18.848,18.098,17.626,17.556,0.687
6679,1,9.87,-0.63,0.94096,0.273,3.801,4.289,13.7,0.038,0.0,17.787,17.354,16.897,16.649,16.62,0.941
6680,1,9.87,-0.63,0.53877,-1.106,3.645,4.803,13.8,0.038,0.0,21.334,20.785,19.829,19.208,19.1,0.539
6681,1,9.87,-0.61,0.95392,0.296,3.802,4.276,10.2,0.031,0.0,14.229,13.792,13.341,13.095,13.067,0.954
6682,1,9.87,-0.61,0.43003,-1.412,3.622,4.917,13.2,0.038,0.0,21.5,20.954,19.93,19.309,19.176,0.43
6683,1,9.87,-0.61,0.55554,-1.06,3.648,4.782,13.9,0.038,0.0,21.32,20.77,19.822,19.201,19.097,0.556
6684,1,9.87,-0.59,0.88107,0.013,3.781,4.441,13.5,0.038,0.0,18.238,17.758,17.247,16.958,16.923,0.881
6685,1,9.87,-0.59,0.60748,-0.903,3.664,4.725,14.0,0.038,0.0,21.027,20.468,19.572,18.984,18.891,0.607
6686,1,9.87,-0.59,1.06296,2.16,3.653,1.86,14.4,0.038,0.0,13.769,13.235,12.278,11.641,11.544,1.063
6687,1,9.87,-0.59,0.63954,-0.794,3.678,4.697,14.8,0.038,0.0,21.555,20.986,20.143,19.594,19.511,0.64
6688,1,9.87,-0.59,0.80738,-0.234,3.754,4.54,14.9,0.038,0.0,20.256,19.724,19.135,18.788,18.742,0.807
6689,1,9.87,-0.57,0.21931,-2.031,3.583,5.089,11.3,0.036,0.0,21.147,20.628,19.462,18.897,18.719,0.219
6690,1,9.87,-0.57,0.27388,-1.83,3.596,5.034,11.7,0.037,0.0,21.046,20.507,19.397,18.817,18.656,0.274
6691,1,9.87,-0.57,0.28529,-1.794,3.598,5.024,11.8,0.037,0.0,21.055,20.512,19.412,18.83,18.672,0.285
6692,1,9.87,-0.57,0.3978,-1.501,3.614,4.939,13.0,0.038,0.0,21.522,20.977,19.926,19.316,19.176,0.398
6693,1,9.87,-0.57,0.50178,-1.232,3.632,4.845,13.3,0.038,0.0,21.15,20.605,19.608,18.977,18.857,0.502
6694,1,9.87,-0.57,0.69848,-0.606,3.703,4.647,14.6,0.038,0.0,20.885,20.31,19.558,19.083,19.014,0.698
6695,1,9.87,-0.55,0.25749,-1.889,3.591,5.046,11.8,0.037,0.0,21.293,20.763,19.629,19.055,18.887,0.257
6696,1,9.87,-0.55,0.36363,-1.591,3.608,4.967,11.9,0.037,0.0,20.647,20.102,19.034,18.434,18.288,0.364
6697,1,9.87,-0.55,0.41706,-1.459,3.615,4.923,12.9,0.038,0.0,21.317,20.773,19.725,19.11,18.972,0.417
6698,1,9.87,-0.55,0.56958,-1.034,3.649,4.768,13.9,0.038,0.0,21.255,20.706,19.756,19.13,19.028,0.57
6699,1,9.87,-0.53,0.2497,-1.921,3.587,5.051,11.5,0.036,0.0,21.072,20.547,19.397,18.827,18.655,0.25
6700,1,9.87,-0.53,0.75539,-0.433,3.726,4.599,12.1,0.037,0.0,17.953,17.384,16.71,16.297,16.239,0.755
6701,1,9.87,-0.53,1.0287,0.544,3.798,4.045,12.6,0.038,0.0,16.011,15.562,15.1,14.849,14.819,1.029
6702,1,9.87,-0.53,0.51048,-1.216,3.632,4.834,13.3,0.038,0.0,21.11,20.567,19.565,18.93,18.811,0.51
6703,1,9.87,-0.53,0.69643,-0.629,3.698,4.649,13.3,0.038,0.0,19.642,19.065,18.296,17.806,17.735,0.696
6704,1,9.87,-0.53,0.85507,-0.107,3.767,4.493,13.4,0.038,0.0,18.437,17.927,17.378,17.061,17.022,0.855
6705,1,9.87,-0.53,0.94776,0.201,3.795,4.341,13.5,0.038,0.0,17.767,17.313,16.843,16.584,16.553,0.948
6706,1,9.87,-0.53,0.70402,-0.604,3.702,4.643,13.8,0.038,0.0,20.08,19.503,18.746,18.266,18.197,0.704
6707,1,9.87,-0.53,0.79551,-0.302,3.744,4.56,13.8,0.038,0.0,19.324,18.776,18.156,17.786,17.736,0.796
6708,1,9.87,-0.53,0.56628,-1.049,3.646,4.771,14.0,0.038,0.0,21.394,20.846,19.889,19.26,19.156,0.566
6709,1,9.87,-0.51,0.59947,-0.957,3.654,4.736,10.7,0.034,0.0,17.861,17.307,16.377,15.761,15.664,0.599
6710,1,9.87,-0.51,0.25498,-1.91,3.587,5.047,11.5,0.036,0.0,21.045,20.522,19.368,18.798,18.626,0.255
6711,1,9.87,-0.51,0.51583,-1.205,3.632,4.828,11.8,0.037,0.0,19.582,19.039,18.038,17.4,17.282,0.516
6712,1,9.87,-0.51,0.37257,-1.582,3.606,4.959,12.1,0.037,0.0,20.824,20.281,19.203,18.604,18.457,0.373
6713,1,9.87,-0.51,0.58105,-1.011,3.649,4.756,12.4,0.037,0.0,19.698,19.149,18.2,17.572,17.471,0.581
6714,1,9.87,-0.51,0.71694,-0.569,3.706,4.633,12.8,0.038,0.0,18.992,18.416,17.674,17.205,17.138,0.717
6715,1,9.87,-0.51,0.57346,-1.034,3.647,4.764,12.8,0.038,0.0,20.155,19.607,18.651,18.021,17.918,0.573
6716,1,9.87,-0.51,0.6374,-0.829,3.671,4.701,13.4,0.038,0.0,20.244,19.679,18.807,18.234,18.148,0.637
6717,1,9.87,-0.51,1.0798,1.869,3.688,2.301,13.8,0.038,0.0,13.897,13.323,12.511,11.994,11.92,1.08
6718,1,9.87,-0.49,0.41595,-1.477,3.61,4.92,12.3,0.037,0.0,20.762,20.221,19.154,18.542,18.401,0.416
6719,1,9.87,-0.49,0.5379,-1.145,3.636,4.803,12.5,0.038,0.0,20.132,19.589,18.598,17.96,17.847,0.538
6720,1,9.87,-0.49,0.79964,-0.304,3.742,4.56,12.7,0.038,0.0,18.231,17.679,17.056,16.682,16.632,0.8
6721,1,9.87,-0.49,0.68941,-0.667,3.691,4.656,13.0,0.038,0.0,19.439,18.863,18.068,17.556,17.482,0.689
6722,1,9.87,-0.49,0.64321,-0.817,3.672,4.696,13.4,0.038,0.0,20.214,19.648,18.779,18.208,18.122,0.643
6723,1,9.87,-0.49,0.62118,-0.89,3.662,4.716,13.9,0.038,0.0,20.895,20.338,19.434,18.837,18.746,0.621
6724,1,9.87,-0.49,0.85123,-0.137,3.763,4.503,14.0,0.038,0.0,19.112,18.591,18.03,17.704,17.663,0.851
6725,1,9.87,-0.49,1.07459,2.51,3.623,1.398,14.0,0.038,0.0,12.496,12.026,10.933,10.189,10.068,1.075
6726,1,9.87,-0.49,0.75206,-0.46,3.721,4.604,14.8,0.038,0.0,20.721,20.149,19.457,19.03,18.97,0.752
6727,1,9.87,-0.47,0.23488,-1.998,3.578,5.067,10.5,0.033,0.0,20.265,19.756,18.561,18.001,17.817,0.235
6728,1,9.87,-0.47,0.29577,-1.796,3.591,5.014,12.1,0.037,0.0,21.36,20.833,19.694,19.116,18.95,0.296
6729,1,9.87,-0.47,0.75233,-0.467,3.719,4.605,12.5,0.038,0.0,18.438,17.865,17.168,16.736,16.676,0.752
6730,1,9.87,-0.47,0.4804,-1.315,3.621,4.863,13.3,0.038,0.0,21.358,20.819,19.781,19.146,19.017,0.48
6731,1,9.87,-0.47,0.82961,-0.214,3.754,4.532,13.4,0.038,0.0,18.705,18.167,17.579,17.233,17.188,0.83
6732,1,9.87,-0.47,0.56961,-1.057,3.643,4.769,13.6,0.038,0.0,21.012,20.467,19.497,18.863,18.757,0.57
6733,1,9.87,-0.47,0.97136,0.249,3.795,4.305,13.9,0.038,0.0,18.049,17.591,17.122,16.865,16.835,0.971
6734,1,9.87,-0.47,0.8412,-0.177,3.758,4.517,14.0,0.038,0.0,19.211,18.681,18.106,17.769,17.725,0.841
6735,1,9.87,-0.47,0.70518,-0.624,3.697,4.643,14.1,0.038,0.0,20.431,19.853,19.076,18.58,18.509,0.705
6736,1,9.87,-0.47,0.96755,0.235,3.795,4.315,14.8,0.038,0.0,18.984,18.525,18.055,17.797,17.766,0.968
6737,1,9.87,-0.45,0.51949,-1.209,3.628,4.823,12.0,0.037,0.0,19.793,19.254,18.238,17.595,17.474,0.519
6738,1,9.87,-0.45,0.92615,0.092,3.784,4.394,12.0,0.037,0.0,16.539,16.055,15.555,15.275,15.241,0.926
6739,1,9.87,-0.45,1.05008,0.578,3.739,3.783,12.3,0.037,0.0,15.625,15.071,14.436,14.055,14.004,1.05
6740,1,9.87,-0.45,1.03058,0.54,3.788,4.008,12.8,0.038,0.0,16.221,15.745,15.255,14.985,14.951,1.031
6741,1,9.87,-0.45,0.8967,-0.003,3.776,4.442,13.1,0.038,0.0,17.878,17.376,16.852,16.554,16.518,0.897
6742,1,9.87,-0.45,0.52901,-1.181,3.631,4.812,13.1,0.038,0.0,20.823,20.283,19.275,18.632,18.514,0.529
6743,1,9.87,-0.45,0.5417,-1.144,3.634,4.798,13.2,0.038,0.0,20.83,20.288,19.29,18.649,18.534,0.542
6744,1,9.87,-0.45,0.76324,-0.438,3.723,4.596,13.4,0.038,0.0,19.266,18.693,18.009,17.587,17.529,0.763
6745,1,9.87,-0.45,0.74608,-0.495,3.715,4.611,13.5,0.038,0.0,19.508,18.933,18.22,17.776,17.713,0.746
6746,1,9.87,-0.45,0.9558,0.192,3.791,4.337,13.7,0.038,0.0,17.991,17.522,17.042,16.777,16.745,0.956
6747,1,9.87,-0.45,0.64171,-0.837,3.668,4.698,14.0,0.038,0.0,20.861,20.298,19.414,18.832,18.744,0.642
6748,1,9.87,-0.43,0.13215,-2.686,3.503,5.202,9.6,0.028,0.0,21.086,20.808,19.213,18.648,18.409,0.132
6749,1,9.87,-0.43,0.33824,-1.701,3.594,4.989,10.1,0.031,0.0,19.121,18.588,17.459,16.875,16.715,0.338
6750,1,9.87,-0.43,0.59332,-1.0,3.647,4.745,11.8,0.037,0.0,19.07,18.523,17.564,16.931,16.829,0.593
6751,1,9.87,-0.43,0.54728,-1.133,3.634,4.792,11.9,0.037,0.0,19.502,18.961,17.962,17.319,17.205,0.547
6752,1,9.87,-0.43,0.31297,-1.765,3.59,5.004,11.9,0.037,0.0,21.081,20.558,19.41,18.831,18.665,0.313
6753,1,9.87,-0.43,0.6826,-0.712,3.683,4.662,12.4,0.037,0.0,18.951,18.377,17.55,17.012,16.933,0.683
6754,1,9.87,-0.43,0.53927,-1.156,3.632,4.801,12.7,0.038,0.0,20.36,19.821,18.815,18.172,18.055,0.539
6755,1,9.87,-0.43,0.62765,-0.889,3.66,4.712,13.0,0.038,0.0,19.993,19.436,18.525,17.921,17.829,0.628
6756,1,9.87,-0.43,0.59379,-0.999,3.647,4.744,13.3,0.038,0.0,20.567,20.02,19.062,18.428,18.327,0.594
6757,1,9.87,-0.43,0.64137,-0.845,3.666,4.699,13.4,0.038,0.0,20.282,19.72,18.829,18.241,18.153,0.641
6758,1,9.87,-0.43,0.52308,-1.204,3.628,4.818,13.6,0.038,0.0,21.379,20.842,19.823,19.177,19.057,0.523
6759,1,9.87,-0.43,0.93898,0.131,3.786,4.369,13.6,0.038,0.0,18.041,17.56,17.066,16.79,16.757,0.939
6760,1,9.87,-0.43,0.85896,-0.131,3.762,4.496,13.8,0.038,0.0,18.898,18.371,17.808,17.48,17.438,0.859
6761,1,9.87,-0.43,0.67136,-0.748,3.678,4.672,14.0,0.038,0.0,20.641,20.07,19.225,18.672,18.591,0.671
6762,1,9.87,-0.43,0.61054,-0.946,3.653,4.728,14.1,0.038,0.0,21.235,20.684,19.746,19.124,19.027,0.611
6763,1,9.87,-0.43,0.97973,0.275,3.791,4.266,14.4,0.038,0.0,18.483,18.013,17.534,17.271,17.239,0.98
6764,1,9.87,-0.43,0.79795,-0.331,3.738,4.567,14.6,0.038,0.0,20.196,19.637,19.0,18.615,18.563,0.798
6765,1,9.87,-0.43,0.88916,-0.032,3.772,4.453,14.7,0.038,0.0,19.551,19.041,18.508,18.203,18.165,0.889
6766,1,9.87,-0.43,0.88923,-0.032,3.772,4.453,14.8,0.038,0.0,19.65,19.141,18.607,18.302,18.264,0.889
6767,1,9.87,-0.43,1.07515,1.853,3.684,2.299,15.6,0.038,0.0,15.738,15.163,14.335,13.808,13.73,1.075
6768,1,9.87,-0.41,0.67747,-0.736,3.679,4.667,11.7,0.037,0.0,18.311,17.738,16.896,16.346,16.265,0.677
6769,1,9.87,-0.41,0.28932,-1.837,3.584,5.019,11.8,0.037,0.0,21.163,20.651,19.473,18.901,18.727,0.289
6770,1,9.87,-0.41,0.57011,-1.073,3.639,4.769,12.3,0.037,0.0,19.751,19.209,18.224,17.584,17.475,0.57
6771,1,9.87,-0.41,0.81259,-0.288,3.743,4.554,12.5,0.038,0.0,17.989,17.434,16.815,16.445,16.395,0.813
6772,1,9.87,-0.41,0.77878,-0.4,3.727,4.585,12.6,0.038,0.0,18.371,17.799,17.13,16.721,16.665,0.779
6773,1,9.87,-0.41,0.45803,-1.391,3.611,4.881,13.0,0.038,0.0,21.247,20.711,19.64,19.015,18.878,0.458
6774,1,9.87,-0.41,0.97677,0.266,3.789,4.265,13.5,0.038,0.0,17.606,17.13,16.645,16.378,16.345,0.977
6775,1,9.87,-0.41,0.99858,0.365,3.791,4.183,13.7,0.038,0.0,17.557,17.085,16.607,16.344,16.311,0.999
6776,1,9.87,-0.41,0.87142,-0.094,3.765,4.479,14.3,0.038,0.0,19.305,18.782,18.229,17.909,17.869,0.871
6777,1,9.87,-0.41,0.68,-0.728,3.68,4.664,14.4,0.038,0.0,20.991,20.418,19.579,19.032,18.952,0.68
6778,1,9.87,-0.41,0.64807,-0.83,3.667,4.693,14.4,0.038,0.0,21.246,20.682,19.795,19.21,19.122,0.648
6779,1,9.87,-0.41,0.73175,-0.558,3.704,4.623,14.5,0.038,0.0,20.665,20.084,19.336,18.863,18.796,0.732
6780,1,9.87,-0.41,0.78727,-0.372,3.731,4.578,14.5,0.038,0.0,20.2,19.632,18.976,18.577,18.523,0.787
6781,1,9.87,-0.39,0.247,-1.976,3.574,5.049,11.4,0.036,0.0,21.109,20.616,19.388,18.829,18.641,0.247
6782,1,9.87,-0.39,0.37764,-1.607,3.596,4.951,11.7,0.037,0.0,20.486,19.958,18.83,18.235,18.08,0.378
6783,1,9.87,-0.39,0.75251,-0.495,3.713,4.608,11.8,0.037,0.0,17.806,17.227,16.51,16.063,16.0,0.753
6784,1,9.87,-0.39,0.36156,-1.653,3.594,4.97,12.4,0.037,0.0,21.302,20.777,19.638,19.049,18.891,0.362
6785,1,9.87,-0.39,0.60728,-0.97,3.649,4.732,12.6,0.038,0.0,19.795,19.247,18.293,17.66,17.561,0.607
6786,1,9.87,-0.39,0.48065,-1.334,3.615,4.86,12.7,0.038,0.0,20.805,20.271,19.208,18.575,18.443,0.481
6787,1,9.87,-0.39,0.5815,-1.046,3.641,4.758,12.7,0.038,0.0,20.085,19.542,18.562,17.922,17.815,0.581
6788,1,9.87,-0.39,0.44561,-1.428,3.607,4.891,13.1,0.038,0.0,21.441,20.907,19.821,19.2,19.061,0.446
6789,1,9.87,-0.39,0.77986,-0.402,3.727,4.586,13.2,0.038,0.0,18.975,18.402,17.731,17.322,17.265,0.78
6790,1,9.87,-0.39,0.77435,-0.421,3.724,4.59,13.7,0.038,0.0,19.522,18.947,18.267,17.85,17.792,0.774
6791,1,9.87,-0.39,1.02521,0.524,3.779,3.986,13.9,0.038,0.0,17.359,16.861,16.347,16.06,16.024,1.025
6792,1,9.87,-0.39,0.56986,-1.079,3.638,4.77,14.0,0.038,0.0,21.468,20.926,19.936,19.293,19.183,0.57
6793,1,9.87,-0.39,0.85388,-0.154,3.758,4.502,14.2,0.038,0.0,19.356,18.821,18.247,17.912,17.868,0.854
6794,1,9.87,-0.39,0.66348,-0.788,3.671,4.68,14.6,0.038,0.0,21.341,20.773,19.903,19.33,19.245,0.663
6795,1,9.87,-0.37,0.20437,-2.145,3.563,5.091,10.1,0.031,0.0,20.232,19.773,18.491,17.932,17.725,0.204
6796,1,9.87,-0.37,0.19346,-2.21,3.556,5.104,10.3,0.032,0.0,20.596,20.161,18.844,18.285,18.065,0.193
6797,1,9.87,-0.37,0.44549,-1.433,3.606,4.89,12.0,0.037,0.0,20.353,19.82,18.727,18.107,17.967,0.445
6798,1,9.87,-0.37,0.65734,-0.815,3.667,4.685,12.7,0.038,0.0,19.507,18.942,18.056,17.472,17.384,0.657
6799,1,9.87,-0.37,1.0461,0.548,3.755,3.878,13.0,0.038,0.0,16.4,15.861,15.279,14.94,14.896,1.046
6800,1,9.87,-0.37,0.88622,-0.053,3.768,4.455,13.3,0.038,0.0,18.203,17.682,17.136,16.823,16.784,0.886
6801,1,9.87,-0.37,0.77707,-0.419,3.724,4.589,13.3,0.038,0.0,19.117,18.541,17.86,17.443,17.385,0.777
6802,1,9.87,-0.37,0.84885,-0.178,3.755,4.51,13.5,0.038,0.0,18.715,18.173,17.59,17.248,17.203,0.849
6803,1,9.87,-0.37,1.06801,1.153,3.688,3.01,13.7,0.038,0.0,15.587,15.013,14.199,13.679,13.603,1.068
6804,1,9.87,-0.37,0.92759,0.101,3.781,4.375,14.0,0.038,0.0,18.518,18.022,17.516,17.232,17.196,0.928
6805,1,9.87,-0.37,0.56649,-1.094,3.636,4.773,14.0,0.038,0.0,21.505,20.966,19.967,19.322,19.21,0.566
6806,1,9.87,-0.37,1.06989,1.348,3.68,2.787,14.2,0.038,0.0,15.601,15.031,14.188,13.646,13.566,1.07
6807,1,9.87,-0.37,0.93781,0.145,3.784,4.348,14.3,0.038,0.0,18.707,18.218,17.721,17.444,17.409,0.938
6808,1,9.87,-0.37,0.66636,-0.786,3.671,4.677,14.6,0.038,0.0,21.336,20.769,19.896,19.321,19.236,0.666
6809,1,9.87,-0.37,0.77076,-0.44,3.721,4.594,14.9,0.038,0.0,20.77,20.193,19.502,19.076,19.016,0.771
6810,1,9.87,-0.35,0.24487,-1.993,3.571,5.05,10.0,0.03,0.0,19.751,19.268,18.02,17.461,17.269,0.245
6811,1,9.87,-0.35,0.55487,-1.132,3.631,4.785,11.1,0.035,0.0,18.699,18.161,17.148,16.499,16.383,0.555
6812,1,9.87,-0.35,0.83397,-0.241,3.747,4.533,11.2,0.035,0.0,16.573,16.017,15.41,15.05,15.002,0.834
6813,1,9.87,-0.35,0.36529,-1.651,3.592,4.964,11.7,0.037,0.0,20.597,20.078,18.923,18.335,18.174,0.365
6814,1,9.87,-0.35,0.37997,-1.608,3.594,4.946,12.0,0.037,0.0,20.789,20.268,19.122,18.528,18.371,0.38
6815,1,9.87,-0.35,0.65502,-0.829,3.665,4.688,12.2,0.037,0.0,19.042,18.48,17.584,16.993,16.904,0.655
6816,1,9.87,-0.35,0.68724,-0.729,3.677,4.659,12.3,0.037,0.0,18.891,18.318,17.47,16.915,16.834,0.687
6817,1,9.87,-0.35,0.76906,-0.456,3.718,4.596,12.6,0.038,0.0,18.509,17.931,17.228,16.794,16.733,0.769
6818,1,9.87,-0.35,0.45424,-1.414,3.607,4.882,12.7,0.038,0.0,21.006,20.475,19.381,18.758,18.619,0.454
6819,1,9.87,-0.35,0.49109,-1.315,3.615,4.849,12.7,0.038,0.0,20.757,20.225,19.158,18.52,18.389,0.491
6820,1,9.87,-0.35,0.79738,-0.361,3.732,4.573,12.9,0.038,0.0,18.572,18.002,17.346,16.948,16.894,0.797
6821,1,9.87,-0.35,0.41829,-1.504,3.6,4.909,12.9,0.038,0.0,21.429,20.9,19.784,19.173,19.027,0.418
6822,1,9.87,-0.35,0.55024,-1.145,3.63,4.789,13.2,0.038,0.0,20.832,20.296,19.278,18.627,18.511,0.55
6823,1,9.87,-0.35,0.49616,-1.301,3.616,4.844,13.4,0.038,0.0,21.422,20.891,19.827,19.188,19.058,0.496
6824,1,9.87,-0.35,0.61659,-0.952,3.65,4.725,13.6,0.038,0.0,20.751,20.202,19.25,18.618,18.519,0.617
6825,1,9.87,-0.35,1.02528,0.445,3.792,4.116,13.8,0.038,0.0,17.456,16.98,16.505,16.246,16.213,1.025
6826,1,9.87,-0.35,0.76346,-0.475,3.715,4.601,13.8,0.038,0.0,19.756,19.177,18.465,18.022,17.96,0.763
6827,1,9.87,-0.35,0.82243,-0.279,3.742,4.547,13.9,0.038,0.0,19.366,18.807,18.186,17.814,17.764,0.822
6828,1,9.87,-0.35,0.97352,0.232,3.789,4.296,14.2,0.038,0.0,18.391,17.909,17.425,17.158,17.124,0.974
6829,1,9.87,-0.35,1.01655,0.379,3.786,4.157,14.6,0.038,0.0,18.423,17.936,17.444,17.172,17.138,1.017
6830,1,9.87,-0.33,0.69346,-0.717,3.678,4.654,10.6,0.033,0.0,17.162,16.585,15.741,15.189,15.109,0.693
6831,1,9.87,-0.33,0.26312,-1.937,3.574,5.035,11.7,0.037,0.0,21.311,20.826,19.584,19.024,18.835,0.263
6832,1,9.87,-0.33,0.8266,-0.276,3.742,4.544,12.1,0.037,0.0,17.561,17.0,16.377,16.004,15.954,0.827
6833,1,9.87,-0.33,0.33278,-1.742,3.586,4.99,12.2,0.037,0.0,21.326,20.818,19.633,19.055,18.885,0.333
6834,1,9.87,-0.33,1.00298,0.291,3.785,4.233,12.5,0.038,0.0,16.543,16.051,15.555,15.281,15.246,1.003
6835,1,9.87,-0.33,0.5433,-1.17,3.627,4.797,12.8,0.038,0.0,20.495,19.961,18.932,18.278,18.159,0.543
6836,1,9.87,-0.33,0.44883,-1.432,3.604,4.886,12.9,0.038,0.0,21.251,20.722,19.619,18.997,18.857,0.449
6837,1,9.87,-0.33,0.55649,-1.132,3.631,4.784,13.1,0.038,0.0,20.701,20.166,19.148,18.496,18.38,0.556
6838,1,9.87,-0.33,0.6328,-0.907,3.655,4.711,13.1,0.038,0.0,20.136,19.583,18.649,18.029,17.934,0.633
6839,1,9.87,-0.33,0.52789,-1.214,3.623,4.813,13.5,0.038,0.0,21.306,20.774,19.732,19.079,18.956,0.528
6840,1,9.87,-0.33,0.60769,-0.987,3.645,4.734,13.6,0.038,0.0,20.837,20.292,19.323,18.684,18.582,0.608
6841,1,9.87,-0.33,0.62938,-0.917,3.653,4.714,13.8,0.038,0.0,20.864,20.312,19.373,18.749,18.653,0.629
6842,1,9.87,-0.33,0.98883,0.253,3.787,4.274,14.0,0.038,0.0,18.137,17.65,17.161,16.892,16.858,0.989
6843,1,9.87,-0.33,0.63956,-0.885,3.657,4.704,14.4,0.038,0.0,21.383,20.827,19.903,19.29,19.197,0.64
6844,1,9.87,-0.33,0.7323,-0.588,3.697,4.625,14.5,0.038,0.0,20.741,20.158,19.383,18.89,18.819,0.732
6845,1,9.87,-0.33,0.6743,-0.776,3.671,4.671,14.6,0.038,0.0,21.309,20.741,19.868,19.293,19.208,0.674
6846,1,9.87,-0.31,0.18355,-2.293,3.543,5.113,8.0,0.018,0.0,18.503,18.1,16.717,16.162,15.931,0.184
6847,1,9.87,-0.31,0.27542,-1.903,3.575,5.025,10.6,0.033,0.0,20.127,19.637,18.399,17.838,17.652,0.275
6848,1,9.87,-0.31,0.21093,-2.13,3.561,5.081,11.3,0.036,0.0,21.394,20.949,19.646,19.087,18.877,0.211
6849,1,9.87,-0.31,0.46044,-1.405,3.606,4.876,11.6,0.036,0.0,19.883,19.355,18.254,17.628,17.49,0.46
6850,1,9.87,-0.31,0.52069,-1.24,3.62,4.82,11.7,0.037,0.0,19.569,19.038,17.985,17.335,17.21,0.521
6851,1,9.87,-0.31,0.4478,-1.439,3.603,4.886,12.1,0.037,0.0,20.467,19.939,18.83,18.208,18.067,0.448
6852,1,9.87,-0.31,0.53467,-1.2,3.624,4.806,12.2,0.037,0.0,19.969,19.438,18.396,17.741,17.619,0.535
6853,1,9.87,-0.31,0.52577,-1.225,3.621,4.815,12.3,0.037,0.0,20.133,19.602,18.553,17.901,17.777,0.526
6854,1,9.87,-0.31,0.48499,-1.339,3.611,4.854,12.6,0.038,0.0,20.719,20.19,19.107,18.471,18.338,0.485
6855,1,9.87,-0.31,0.68189,-0.76,3.672,4.665,12.8,0.038,0.0,19.469,18.899,18.03,17.459,17.375,0.682
6856,1,9.87,-0.31,0.74505,-0.554,3.702,4.616,13.1,0.038,0.0,19.255,18.671,17.913,17.433,17.365,0.745
6857,1,9.87,-0.31,0.64918,-0.861,3.66,4.696,13.2,0.038,0.0,20.123,19.565,18.649,18.042,17.95,0.649
6858,1,9.87,-0.31,0.77144,-0.467,3.714,4.596,13.2,0.038,0.0,19.138,18.556,17.843,17.399,17.337,0.771
6859,1,9.87,-0.31,0.81156,-0.335,3.733,4.562,13.3,0.038,0.0,18.907,18.337,17.688,17.295,17.241,0.812
6860,1,9.87,-0.31,0.49997,-1.299,3.615,4.841,13.5,0.038,0.0,21.518,20.989,19.917,19.276,19.146,0.5
6861,1,9.87,-0.31,0.90927,-0.029,3.768,4.443,14.2,0.038,0.0,19.044,18.518,17.974,17.662,17.622,0.909
6862,1,9.87,-0.31,0.83774,-0.252,3.744,4.534,14.4,0.038,0.0,19.8,19.241,18.624,18.257,18.208,0.838
6863,1,9.87,-0.31,0.82555,-0.29,3.739,4.548,15.3,0.038,0.0,20.795,20.231,19.6,19.222,19.171,0.826
6864,1,9.87,-0.31,0.7969,-0.383,3.727,4.575,15.5,0.038,0.0,21.228,20.651,19.98,19.57,19.513,0.797
6865,1,9.87,-0.29,0.29262,-1.854,3.577,5.011,7.9,0.017,0.0,17.306,16.803,15.577,15.014,14.833,0.293
6866,1,9.87,-0.29,0.53211,-1.212,3.622,4.809,10.3,0.032,0.0,18.099,17.566,16.518,15.865,15.742,0.532
6867,1,9.87,-0.29,0.27785,-1.899,3.574,5.022,10.5,0.033,0.0,20.017,19.531,18.286,17.725,17.538,0.278
6868,1,9.87,-0.29,0.41578,-1.521,3.596,4.908,11.0,0.035,0.0,19.572,19.051,17.909,17.302,17.152,0.416
6869,1,9.87,-0.29,0.39357,-1.578,3.592,4.927,11.4,0.036,0.0,20.116,19.601,18.44,17.843,17.686,0.394
6870,1,9.87,-0.29,0.65315,-0.855,3.66,4.693,11.7,0.037,0.0,18.608,18.049,17.133,16.526,16.435,0.653
6871,1,9.87,-0.29,0.69895,-0.715,3.677,4.65,12.2,0.037,0.0,18.758,18.184,17.333,16.776,16.694,0.699
6872,1,9.87,-0.29,0.44245,-1.455,3.601,4.89,12.2,0.037,0.0,20.609,20.084,18.964,18.344,18.202,0.442
6873,1,9.87,-0.29,0.65646,-0.845,3.661,4.689,12.6,0.038,0.0,19.482,18.923,18.011,17.408,17.317,0.656
6874,1,9.87,-0.29,0.37283,-1.639,3.589,4.952,12.6,0.038,0.0,21.467,20.958,19.782,19.193,19.031,0.373
6875,1,9.87,-0.29,0.62886,-0.932,3.65,4.716,12.8,0.038,0.0,19.899,19.349,18.399,17.766,17.668,0.629
6876,1,9.87,-0.29,0.6644,-0.82,3.664,4.681,13.0,0.038,0.0,19.82,19.257,18.357,17.762,17.673,0.664
6877,1,9.87,-0.29,1.08664,0.614,3.705,3.625,13.1,0.038,0.0,16.334,15.753,15.003,14.535,14.468,1.087
6878,1,9.87,-0.29,0.56832,-1.11,3.631,4.773,13.5,0.038,0.0,21.045,20.51,19.493,18.838,18.724,0.568
6879,1,9.87,-0.29,0.84737,-0.233,3.745,4.525,13.8,0.038,0.0,19.152,18.592,17.981,17.617,17.569,0.847
6880,1,9.87,-0.29,0.6979,-0.718,3.676,4.651,14.2,0.038,0.0,20.766,20.192,19.339,18.781,18.7,0.698
6881,1,9.87,-0.27,0.82789,-0.302,3.736,4.549,11.7,0.037,0.0,17.226,16.656,16.016,15.63,15.578,0.828
6882,1,9.87,-0.27,0.3799,-1.622,3.589,4.942,12.1,0.037,0.0,20.924,20.417,19.237,18.646,18.485,0.38
6883,1,9.87,-0.27,0.94308,0.048,3.773,4.402,12.2,0.037,0.0,16.849,16.329,15.802,15.503,15.465,0.943
6884,1,9.87,-0.27,0.81794,-0.335,3.732,4.558,12.4,0.037,0.0,18.007,17.433,16.778,16.381,16.327,0.818
6885,1,9.87,-0.27,0.38386,-1.61,3.59,4.938,12.5,0.038,0.0,21.295,20.787,19.61,19.018,18.857,0.384
6886,1,9.87,-0.27,1.01911,0.28,3.783,4.242,12.5,0.038,0.0,16.57,16.069,15.569,15.292,15.257,1.019
6887,1,9.87,-0.27,0.77398,-0.477,3.711,4.595,12.9,0.038,0.0,18.863,18.279,17.555,17.103,17.04,0.774
6888,1,9.87,-0.27,0.71018,-0.686,3.68,4.643,12.9,0.038,0.0,19.386,18.809,17.971,17.426,17.347,0.71
6889,1,9.87,-0.27,0.58569,-1.067,3.635,4.757,13.0,0.038,0.0,20.438,19.902,18.894,18.242,18.131,0.586
6890,1,9.87,-0.27,0.45232,-1.435,3.602,4.882,13.1,0.038,0.0,21.456,20.933,19.814,19.19,19.049,0.452
6891,1,9.87,-0.27,0.63619,-0.915,3.652,4.71,13.2,0.038,0.0,20.257,19.706,18.76,18.131,18.034,0.636
6892,1,9.87,-0.27,0.54073,-1.192,3.623,4.8,13.7,0.038,0.0,21.45,20.921,19.874,19.216,19.095,0.541
6893,1,9.87,-0.27,1.01035,0.256,3.784,4.268,13.7,0.038,0.0,17.829,17.331,16.835,16.561,16.526,1.01
6894,1,9.87,-0.27,0.96518,0.115,3.778,4.367,13.7,0.038,0.0,18.183,17.673,17.161,16.874,16.837,0.965
6895,1,9.87,-0.27,0.63861,-0.907,3.653,4.707,13.9,0.038,0.0,20.938,20.387,19.444,18.817,18.721,0.639
6896,1,9.87,-0.27,0.9306,0.01,3.77,4.421,14.2,0.038,0.0,18.944,18.419,17.882,17.575,17.536,0.931
6897,1,9.87,-0.27,0.67994,-0.78,3.668,4.668,14.3,0.038,0.0,21.02,20.453,19.568,18.985,18.899,0.68
6898,1,9.87,-0.27,0.79946,-0.395,3.723,4.574,14.6,0.038,0.0,20.356,19.776,19.093,18.675,18.617,0.799
6899,1,9.87,-0.25,0.79599,-0.415,3.719,4.578,9.8,0.029,0.0,15.608,15.02,14.327,13.9,13.84,0.796
6900,1,9.87,-0.25,0.66093,-0.845,3.659,4.687,10.4,0.032,0.0,17.282,16.72,15.804,15.197,15.105,0.661
6901,1,9.87,-0.25,0.56256,-1.136,3.627,4.78,11.5,0.036,0.0,19.111,18.579,17.546,16.886,16.769,0.563
6902,1,9.87,-0.25,0.35994,-1.683,3.585,4.964,12.1,0.037,0.0,21.078,20.578,19.377,18.794,18.627,0.36
6903,1,9.87,-0.25,0.54428,-1.187,3.623,4.797,12.2,0.037,0.0,19.937,19.409,18.359,17.7,17.579,0.544
6904,1,9.87,-0.25,0.62035,-0.97,3.645,4.725,12.3,0.037,0.0,19.496,18.951,17.978,17.336,17.235,0.62
6905,1,9.87,-0.25,0.39955,-1.568,3.591,4.918,12.7,0.038,0.0,21.39,20.882,19.707,19.109,18.952,0.4
6906,1,9.87,-0.25,0.41433,-1.532,3.594,4.908,12.9,0.038,0.0,21.499,20.987,19.826,19.221,19.068,0.414
6907,1,9.87,-0.25,0.55635,-1.153,3.626,4.785,13.0,0.038,0.0,20.653,20.124,19.085,18.423,18.304,0.556
6908,1,9.87,-0.25,0.5508,-1.169,3.624,4.79,13.1,0.038,0.0,20.791,20.263,19.219,18.557,18.438,0.551
6909,1,9.87,-0.25,0.6102,-1.002,3.641,4.735,13.1,0.038,0.0,20.374,19.833,18.847,18.2,18.096,0.61
6910,1,9.87,-0.25,0.6402,-0.909,3.652,4.707,13.4,0.038,0.0,20.442,19.891,18.945,18.315,18.219,0.64
6911,1,9.87,-0.25,0.52756,-1.234,3.618,4.814,13.5,0.038,0.0,21.356,20.829,19.764,19.111,18.987,0.528
6912,1,9.87,-0.25,0.71521,-0.678,3.681,4.64,13.5,0.038,0.0,19.964,19.386,18.551,18.008,17.929,0.715
6913,1,9.87,-0.25,1.08325,0.542,3.76,3.916,15.4,0.038,0.0,18.815,18.275,17.708,17.382,17.338,1.083
6914,1,9.87,-0.23,0.86179,-0.218,3.744,4.515,11.4,0.036,0.0,16.715,16.15,15.537,15.173,15.124,0.862
6915,1,9.87,-0.23,0.87745,-0.171,3.75,4.496,12.1,0.037,0.0,17.296,16.738,16.141,15.79,15.743,0.877
6916,1,9.87,-0.23,0.48382,-1.359,3.607,4.854,12.8,0.038,0.0,20.968,20.446,19.338,18.702,18.567,0.484
6917,1,9.87,-0.23,0.52687,-1.241,3.617,4.814,13.0,0.038,0.0,20.872,20.347,19.276,18.623,18.498,0.527
6918,1,9.87,-0.23,0.55511,-1.162,3.624,4.787,13.2,0.038,0.0,20.875,20.347,19.301,18.638,18.519,0.555
6919,1,9.87,-0.23,0.53353,-1.222,3.619,4.808,13.4,0.038,0.0,21.225,20.7,19.634,18.979,18.855,0.534
6920,1,9.87,-0.23,0.55425,-1.164,3.624,4.788,13.8,0.038,0.0,21.48,20.953,19.906,19.244,19.124,0.554
6921,1,9.87,-0.23,0.55007,-1.176,3.623,4.791,13.8,0.038,0.0,21.509,20.982,19.931,19.27,19.15,0.55
6922,1,9.87,-0.23,0.87208,-0.187,3.748,4.503,14.0,0.038,0.0,19.237,18.677,18.075,17.719,17.671,0.872
6923,1,9.87,-0.23,0.74672,-0.583,3.694,4.617,14.0,0.038,0.0,20.227,19.642,18.857,18.356,18.284,0.747
6924,1,9.87,-0.23,0.67992,-0.794,3.665,4.669,14.1,0.038,0.0,20.855,20.291,19.393,18.8,18.712,0.68
6925,1,9.87,-0.23,0.68571,-0.777,3.667,4.664,14.3,0.038,0.0,21.012,20.446,19.556,18.969,18.883,0.686
6926,1,9.87,-0.23,0.97449,0.123,3.777,4.359,14.3,0.038,0.0,18.764,18.249,17.734,17.446,17.409,0.974
6927,1,9.87,-0.23,1.12549,1.713,3.68,2.442,14.3,0.038,0.0,14.788,14.21,13.365,12.832,12.748,1.125
6928,1,9.87,-0.23,0.68826,-0.769,3.668,4.662,14.4,0.038,0.0,21.094,20.526,19.64,19.056,18.97,0.688
6929,1,9.87,-0.23,0.74708,-0.582,3.694,4.617,14.6,0.038,0.0,20.824,20.239,19.455,18.954,18.883,0.747
6930,1,9.87,-0.23,0.82423,-0.334,3.73,4.554,14.9,0.038,0.0,20.505,19.928,19.268,18.868,18.812,0.824
6931,1,9.87,-0.21,0.42482,-1.513,3.594,4.9,10.2,0.031,0.0,18.753,18.241,17.075,16.467,16.316,0.425
6932,1,9.87,-0.21,0.47919,-1.375,3.605,4.858,11.3,0.036,0.0,19.509,18.988,17.871,17.236,17.1,0.479
6933,1,9.87,-0.21,0.23264,-2.064,3.56,5.054,11.5,0.036,0.0,21.429,20.993,19.671,19.112,18.9,0.233
6934,1,9.87,-0.21,0.36294,-1.681,3.583,4.959,12.4,0.037,0.0,21.373,20.88,19.662,19.082,18.912,0.363
6935,1,9.87,-0.21,0.70134,-0.738,3.671,4.651,12.4,0.037,0.0,19.015,18.444,17.57,16.994,16.91,0.701
6936,1,9.87,-0.21,1.0421,0.292,3.778,4.221,12.5,0.038,0.0,16.541,16.026,15.513,15.227,15.19,1.042
6937,1,9.87,-0.21,0.72374,-0.666,3.681,4.635,12.5,0.038,0.0,18.934,18.355,17.521,16.979,16.901,0.724
6938,1,9.87,-0.21,0.51696,-1.273,3.613,4.824,12.8,0.038,0.0,20.753,20.231,19.144,18.495,18.368,0.517
6939,1,9.87,-0.21,0.99703,0.182,3.78,4.321,12.9,0.038,0.0,17.216,16.705,16.2,15.918,15.882,0.997
6940,1,9.87,-0.21,0.51566,-1.277,3.613,4.825,12.9,0.038,0.0,20.863,20.34,19.252,18.604,18.476,0.516
6941,1,9.87,-0.21,0.7489,-0.584,3.693,4.616,13.1,0.038,0.0,19.33,18.745,17.957,17.453,17.38,0.749
6942,1,9.87,-0.21,0.5445,-1.196,3.62,4.797,13.2,0.038,0.0,20.961,20.435,19.374,18.715,18.593,0.544
6943,1,9.87,-0.21,0.86435,-0.219,3.743,4.513,13.6,0.038,0.0,18.919,18.353,17.736,17.37,17.32,0.864
6944,1,9.87,-0.21,0.62834,-0.958,3.645,4.719,13.7,0.038,0.0,20.865,20.32,19.347,18.704,18.602,0.628
6945,1,9.87,-0.21,0.66731,-0.839,3.659,4.682,13.9,0.038,0.0,20.767,20.209,19.288,18.677,18.585,0.667
6946,1,9.87,-0.21,0.7713,-0.512,3.704,4.599,14.1,0.038,0.0,20.15,19.562,18.813,18.341,18.274,0.771
6947,1,9.87,-0.21,0.72273,-0.669,3.681,4.635,14.1,0.038,0.0,20.542,19.963,19.128,18.584,18.506,0.723
6948,1,9.87,-0.21,0.87608,-0.184,3.747,4.5,14.4,0.038,0.0,19.63,19.068,18.464,18.107,18.06,0.876
6949,1,9.87,-0.21,0.78051,-0.483,3.708,4.591,14.8,0.038,0.0,20.777,20.19,19.455,18.995,18.93,0.781
6950,1,9.87,-0.19,0.47866,-1.381,3.603,4.858,10.5,0.033,0.0,18.722,18.201,17.079,16.443,16.308,0.479
6951,1,9.87,-0.19,0.42526,-1.516,3.593,4.899,11.6,0.036,0.0,20.159,19.654,18.477,17.871,17.718,0.425
6952,1,9.87,-0.19,0.36335,-1.683,3.582,4.957,12.1,0.037,0.0,21.079,20.589,19.363,18.783,18.612,0.363
6953,1,9.87,-0.19,0.78897,-0.465,3.71,4.585,12.9,0.038,0.0,18.831,18.244,17.516,17.061,16.996,0.789
6954,1,9.87,-0.19,1.09933,0.536,3.755,3.91,13.1,0.038,0.0,16.53,15.979,15.399,15.064,15.019,1.099
6955,1,9.87,-0.19,1.01208,0.212,3.779,4.292,13.6,0.038,0.0,17.84,17.326,16.816,16.533,16.496,1.012
6956,1,9.87,-0.19,0.81593,-0.379,3.722,4.563,13.7,0.038,0.0,19.418,18.834,18.148,17.727,17.668,0.816
6957,1,9.87,-0.19,0.68102,-0.805,3.662,4.669,13.8,0.038,0.0,20.582,20.02,19.111,18.509,18.42,0.681
6958,1,9.87,-0.19,0.80143,-0.425,3.715,4.575,14.3,0.038,0.0,20.133,19.547,18.838,18.399,18.337,0.801
6959,1,9.87,-0.19,0.97672,0.114,3.775,4.358,14.5,0.038,0.0,18.986,18.463,17.942,17.649,17.612,0.977
6960,1,9.87,-0.19,0.75622,-0.569,3.695,4.611,14.6,0.038,0.0,20.792,20.205,19.423,18.923,18.852,0.756
6961,1,9.87,-0.17,0.11694,-2.851,3.479,5.218,7.6,0.016,0.0,19.498,19.307,17.539,16.999,16.75,0.117
6962,1,9.87,-0.17,0.92417,-0.055,3.759,4.441,10.6,0.033,0.0,15.508,14.957,14.391,14.063,14.021,0.924
6963,1,9.87,-0.17,0.39182,-1.604,3.586,4.924,12.0,0.037,0.0,20.781,20.289,19.072,18.483,18.319,0.392
6964,1,9.87,-0.17,0.55426,-1.179,3.62,4.789,12.6,0.038,0.0,20.319,19.795,18.731,18.068,17.947,0.554
6965,1,9.87,-0.17,0.45324,-1.45,3.597,4.878,12.8,0.038,0.0,21.196,20.686,19.529,18.907,18.763,0.453
6966,1,9.87,-0.17,0.4578,-1.438,3.598,4.874,12.9,0.038,0.0,21.265,20.753,19.602,18.977,18.835,0.458
6967,1,9.87,-0.17,0.45979,-1.433,3.598,4.872,12.9,0.038,0.0,21.252,20.74,19.591,18.964,18.823,0.46
6968,1,9.87,-0.17,0.99802,0.173,3.777,4.32,13.0,0.038,0.0,17.337,16.818,16.306,16.02,15.983,0.998
6969,1,9.87,-0.17,1.03674,0.305,3.781,4.22,13.6,0.038,0.0,17.608,17.097,16.595,16.318,16.282,1.037
6970,1,9.87,-0.17,0.60583,-1.038,3.634,4.741,13.8,0.038,0.0,21.164,20.63,19.617,18.958,18.849,0.606
6971,1,9.87,-0.15,0.24636,-2.021,3.56,5.036,9.0,0.024,0.0,18.824,18.385,17.057,16.498,16.287,0.246
6972,1,9.87,-0.15,0.39194,-1.608,3.584,4.923,11.6,0.036,0.0,20.389,19.9,18.674,18.087,17.922,0.392
6973,1,9.87,-0.15,0.30613,-1.841,3.571,4.994,12.0,0.037,0.0,21.372,20.909,19.625,19.06,18.87,0.306
6974,1,9.87,-0.15,0.63006,-0.971,3.641,4.72,12.1,0.037,0.0,19.298,18.757,17.768,17.118,17.015,0.63
6975,1,9.87,-0.15,0.92322,-0.066,3.757,4.443,12.7,0.038,0.0,17.634,17.082,16.509,16.177,16.133,0.923
6976,1,9.87,-0.15,0.71777,-0.708,3.673,4.64,12.7,0.038,0.0,19.239,18.664,17.799,17.231,17.149,0.718
6977,1,9.87,-0.15,0.42623,-1.521,3.591,4.896,12.8,0.038,0.0,21.372,20.874,19.679,19.075,18.92,0.426
6978,1,9.87,-0.15,0.55825,-1.174,3.62,4.785,13.3,0.038,0.0,21.004,20.482,19.415,18.751,18.63,0.558
6979,1,9.87,-0.15,1.08879,0.482,3.776,4.044,13.9,0.038,0.0,17.466,16.944,16.428,16.142,16.104,1.089
6980,1,9.87,-0.15,1.12254,0.59,3.698,3.638,14.1,0.038,0.0,17.396,16.808,16.036,15.553,15.482,1.123
6981,1,9.87,-0.15,1.00901,0.203,3.777,4.293,14.4,0.038,0.0,18.663,18.142,17.629,17.343,17.306,1.009
6982,1,9.87,-0.15,1.00074,0.176,3.776,4.314,14.5,0.038,0.0,18.83,18.308,17.793,17.506,17.468,1.001
6983,1,9.87,-0.15,1.02573,0.261,3.778,4.246,14.7,0.038,0.0,18.818,18.299,17.788,17.504,17.467,1.026
6984,1,9.87,-0.15,0.75474,-0.59,3.69,4.613,15.1,0.038,0.0,21.344,20.759,19.959,19.446,19.372,0.755
6985,1,9.87,-0.13,0.14387,-2.617,3.499,5.155,8.6,0.021,0.0,19.912,19.654,18.005,17.47,17.224,0.144
6986,1,9.87,-0.13,0.24069,-2.047,3.557,5.041,10.7,0.034,0.0,20.586,20.163,18.817,18.258,18.042,0.241
6987,1,9.87,-0.13,0.62675,-0.987,3.639,4.723,11.0,0.035,0.0,18.237,17.698,16.7,16.046,15.941,0.627
6988,1,9.87,-0.13,0.61576,-1.019,3.635,4.734,12.1,0.037,0.0,19.419,18.884,17.872,17.213,17.105,0.616
6989,1,9.87,-0.13,0.38884,-1.62,3.583,4.925,12.2,0.037,0.0,21.02,20.536,19.298,18.714,18.546,0.389
6990,1,9.87,-0.13,0.56881,-1.15,3.622,4.776,12.4,0.037,0.0,20.045,19.522,18.46,17.792,17.674,0.569
6991,1,9.87,-0.13,0.80111,-0.452,3.709,4.577,12.5,0.038,0.0,18.4,17.811,17.08,16.623,16.559,0.801
6992,1,9.87,-0.13,0.44732,-1.473,3.593,4.881,12.6,0.038,0.0,21.053,20.552,19.37,18.755,18.606,0.447
6993,1,9.87,-0.13,0.68243,-0.822,3.658,4.67,12.7,0.038,0.0,19.525,18.967,18.04,17.424,17.333,0.682
6994,1,9.87,-0.13,0.46801,-1.418,3.598,4.864,13.0,0.038,0.0,21.315,20.807,19.651,19.021,18.88,0.468
6995,1,9.87,-0.13,0.53598,-1.24,3.613,4.806,13.6,0.038,0.0,21.469,20.951,19.857,19.2,19.075,0.536
6996,1,9.87,-0.13,1.00429,0.183,3.775,4.304,13.9,0.038,0.0,18.213,17.687,17.169,16.88,16.842,1.004
6997,1,9.87,-0.13,0.59983,-1.067,3.63,4.748,14.0,0.038,0.0,21.436,20.908,19.875,19.209,19.097,0.6
6998,1,9.87,-0.13,1.04925,0.337,3.777,4.177,15.5,0.038,0.0,19.427,18.905,18.393,18.109,18.071,1.049
6999,1,9.87,-0.11,0.4084,-1.571,3.585,4.906,11.2,0.035,0.0,19.897,19.411,18.181,17.589,17.426,0.408
7000,1,9.87,-0.11,0.36345,-1.697,3.578,4.953,11.7,0.037,0.0,20.712,20.236,18.972,18.4,18.224,0.363
7001,1,9.87,-0.11,0.92031,-0.09,3.753,4.449,12.1,0.037,0.0,17.094,16.533,15.949,15.608,15.562,0.92
7002,1,9.87,-0.11,0.44994,-1.47,3.593,4.879,12.5,0.038,0.0,20.946,20.448,19.26,18.645,18.496,0.45
7003,1,9.87,-0.11,0.49904,-1.345,3.603,4.84,13.0,0.038,0.0,21.132,20.621,19.487,18.842,18.709,0.499
7004,1,9.87,-0.11,0.53413,-1.249,3.612,4.808,13.5,0.038,0.0,21.394,20.878,19.776,19.119,18.993,0.534
7005,1,9.87,-0.11,0.60687,-1.051,3.631,4.742,13.6,0.038,0.0,20.998,20.469,19.44,18.774,18.663,0.607
7006,1,9.87,-0.11,0.91696,-0.1,3.752,4.454,14.4,0.038,0.0,19.421,18.858,18.27,17.927,17.881,0.917
7007,1,9.87,-0.11,0.95602,0.024,3.763,4.394,14.9,0.038,0.0,19.609,19.064,18.511,18.194,18.152,0.956
7008,1,9.87,-0.09,0.8645,-0.273,3.732,4.522,12.1,0.037,0.0,17.553,16.971,16.318,15.925,15.871,0.864
7009,1,9.87,-0.09,0.43465,-1.511,3.589,4.889,12.6,0.038,0.0,21.147,20.657,19.444,18.84,18.684,0.435
7010,1,9.87,-0.09,0.96663,0.055,3.765,4.374,12.6,0.038,0.0,17.233,16.689,16.14,15.828,15.786,0.967
7011,1,9.87,-0.09,0.65679,-0.911,3.646,4.696,12.8,0.038,0.0,19.848,19.303,18.33,17.684,17.586,0.657
7012,1,9.87,-0.09,0.55366,-1.201,3.615,4.79,13.1,0.038,0.0,20.873,20.357,19.267,18.603,18.481,0.554
7013,1,9.87,-0.09,0.55096,-1.209,3.615,4.793,13.1,0.038,0.0,20.892,20.375,19.283,18.62,18.497,0.551
7014,1,9.87,-0.09,0.55859,-1.188,3.617,4.786,13.4,0.038,0.0,21.14,20.622,19.537,18.872,18.751,0.559
7015,1,9.87,-0.09,0.6849,-0.829,3.655,4.669,13.6,0.038,0.0,20.443,19.888,18.95,18.327,18.234,0.685
7016,1,9.87,-0.09,0.86306,-0.278,3.731,4.523,13.7,0.038,0.0,19.165,18.582,17.927,17.532,17.478,0.863
7017,1,9.87,-0.09,0.71407,-0.741,3.666,4.644,13.8,0.038,0.0,20.423,19.855,18.962,18.373,18.287,0.714
7018,1,9.87,-0.09,0.82524,-0.394,3.716,4.557,13.8,0.038,0.0,19.555,18.966,18.257,17.82,17.759,0.825
7019,1,9.87,-0.09,0.6401,-0.96,3.64,4.712,14.1,0.038,0.0,21.27,20.731,19.737,19.083,18.98,0.64
7020,1,9.87,-0.07,0.36799,-1.69,3.576,4.946,11.8,0.037,0.0,20.796,20.327,19.047,18.476,18.299,0.368
7021,1,9.87,-0.07,0.56106,-1.186,3.616,4.784,12.9,0.038,0.0,20.636,20.12,19.031,18.365,18.243,0.561
7022,1,9.87,-0.07,0.50445,-1.339,3.602,4.835,13.0,0.038,0.0,21.118,20.61,19.467,18.82,18.687,0.504
7023,1,9.87,-0.07,0.61999,-1.025,3.633,4.732,13.5,0.038,0.0,20.831,20.301,19.276,18.61,18.501,0.62
7024,1,9.87,-0.07,0.70768,-0.769,3.662,4.65,13.8,0.038,0.0,20.492,19.929,19.017,18.414,18.325,0.708
7025,1,9.87,-0.07,0.6133,-1.044,3.631,4.738,14.0,0.038,0.0,21.38,20.852,19.819,19.15,19.039,0.613
7026,1,9.87,-0.07,0.77491,-0.558,3.692,4.599,14.6,0.038,0.0,20.764,20.175,19.381,18.874,18.801,0.775
7027,1,9.87,-0.07,0.71817,-0.736,3.667,4.642,14.6,0.038,0.0,21.209,20.64,19.748,19.159,19.073,0.718
7028,1,9.87,-0.07,0.73561,-0.681,3.674,4.629,14.8,0.038,0.0,21.272,20.694,19.833,19.269,19.187,0.736
7029,1,9.87,-0.05,0.41983,-1.553,3.584,4.896,9.7,0.028,0.0,18.353,17.87,16.625,16.034,15.871,0.42
7030,1,9.87,-0.05,0.67384,-0.876,3.648,4.681,12.7,0.038,0.0,19.659,19.111,18.146,17.503,17.407,0.674
7031,1,9.87,-0.05,0.81255,-0.45,3.706,4.569,12.9,0.038,0.0,18.794,18.201,17.46,16.996,16.931,0.813
7032,1,9.87,-0.05,0.69193,-0.824,3.654,4.664,13.2,0.038,0.0,20.029,19.474,18.532,17.904,17.811,0.692
7033,1,9.87,-0.05,0.93445,-0.065,3.753,4.43,13.3,0.038,0.0,18.232,17.667,17.082,16.741,16.696,0.934
7034,1,9.87,-0.05,0.64565,-0.957,3.639,4.708,13.3,0.038,0.0,20.461,19.924,18.924,18.267,18.164,0.646
7035,1,9.87,-0.05,0.6986,-0.805,3.656,4.657,13.6,0.038,0.0,20.381,19.824,18.89,18.269,18.177,0.699
7036,1,9.87,-0.05,1.02429,0.242,3.77,4.232,13.7,0.038,0.0,17.865,17.326,16.793,16.494,16.454,1.024
7037,1,9.87,-0.05,0.89739,-0.188,3.74,4.486,14.1,0.038,0.0,19.341,18.764,18.139,17.767,17.716,0.897
7038,1,9.87,-0.05,0.83729,-0.374,3.717,4.548,14.3,0.038,0.0,20.005,19.414,18.709,18.275,18.214,0.837
7039,1,9.87,-0.03,0.43857,-1.511,3.587,4.883,12.4,0.037,0.0,20.947,20.466,19.229,18.628,18.47,0.439
7040,1,9.87,-0.03,0.88626,-0.233,3.734,4.502,12.8,0.038,0.0,18.153,17.57,16.925,16.539,16.486,0.886
7041,1,9.87,-0.03,0.61761,-1.043,3.629,4.735,12.8,0.038,0.0,20.177,19.652,18.612,17.938,17.828,0.618
7042,1,9.87,-0.03,0.96367,0.034,3.76,4.374,13.3,0.038,0.0,17.986,17.43,16.868,16.545,16.501,0.964
7043,1,9.87,-0.03,1.1323,0.893,3.681,3.268,14.5,0.038,0.0,17.038,16.456,15.616,15.082,15.0,1.132
7044,1,9.87,-0.03,1.03245,0.268,3.769,4.205,15.0,0.038,0.0,19.101,18.558,18.022,17.72,17.68,1.032
7045,1,9.87,-0.01,0.91469,-0.148,3.743,4.464,13.1,0.038,0.0,18.241,17.664,17.048,16.683,16.633,0.915
7046,1,9.87,-0.01,0.72509,-0.736,3.664,4.638,13.6,0.038,0.0,20.209,19.641,18.74,18.145,18.058,0.725
7047,1,9.87,-0.01,0.89486,-0.216,3.736,4.494,13.8,0.038,0.0,19.109,18.526,17.886,17.503,17.451,0.895
7048,1,9.87,-0.01,1.10411,0.479,3.739,3.905,14.5,0.038,0.0,18.074,17.494,16.866,16.496,16.443,1.104
7049,1,9.87,0.01,0.92543,-0.126,3.744,4.454,8.8,0.023,0.0,13.884,13.298,12.692,12.334,12.286,0.925
7050,1,9.87,0.01,0.71882,-0.763,3.66,4.642,11.6,0.036,0.0,18.277,17.714,16.793,16.183,16.093,0.719
7051,1,9.87,0.01,0.2732,-1.951,3.556,4.993,11.7,0.037,0.0,21.346,20.94,19.564,19.004,18.786,0.273
7052,1,9.87,0.01,0.76781,-0.613,3.68,4.603,13.7,0.038,0.0,20.004,19.419,18.58,18.035,17.957,0.768
7053,1,9.87,0.01,0.9781,0.044,3.759,4.368,14.3,0.038,0.0,18.961,18.401,17.837,17.514,17.471,0.978
7054,1,9.87,0.01,0.90427,-0.194,3.737,4.483,14.9,0.038,0.0,20.155,19.572,18.938,18.56,18.508,0.904
7055,1,9.87,0.03,0.69616,-0.835,3.65,4.661,12.1,0.037,0.0,18.957,18.406,17.445,16.805,16.71,0.696
7056,1,9.87,0.03,0.50251,-1.362,3.597,4.834,12.8,0.038,0.0,20.975,20.484,19.296,18.653,18.516,0.503
7057,1,9.87,0.03,0.58193,-1.153,3.616,4.767,12.9,0.038,0.0,20.553,20.043,18.943,18.269,18.15,0.582
7058,1,9.87,0.03,0.63367,-1.009,3.631,4.72,14.0,0.038,0.0,21.292,20.767,19.729,19.057,18.948,0.634
7059,1,9.87,0.03,0.83851,-0.402,3.71,4.55,14.8,0.038,0.0,20.575,19.979,19.252,18.801,18.737,0.839
7060,1,9.87,0.05,0.19355,-2.274,3.533,5.075,9.8,0.029,0.0,20.254,19.902,18.417,17.879,17.646,0.194
7061,1,9.87,0.05,0.58701,-1.143,3.617,4.762,13.6,0.038,0.0,21.226,20.717,19.617,18.942,18.823,0.587
7062,1,9.87,0.07,0.58347,-1.154,3.615,4.765,11.4,0.036,0.0,19.056,18.549,17.439,16.765,16.645,0.583
7063,1,9.87,0.07,0.46611,-1.458,3.588,4.861,11.9,0.037,0.0,20.314,19.843,18.593,17.98,17.827,0.466
7064,1,9.87,0.07,0.60015,-1.111,3.619,4.751,12.0,0.037,0.0,19.547,19.036,17.945,17.267,17.15,0.6
7065,1,9.87,0.07,0.53698,-1.276,3.604,4.804,12.3,0.037,0.0,20.259,19.765,18.604,17.941,17.812,0.537
7066,1,9.87,0.07,0.99457,0.074,3.758,4.341,13.5,0.038,0.0,18.085,17.519,16.955,16.633,16.589,0.995
7067,1,9.87,0.07,1.05718,0.286,3.765,4.183,14.3,0.038,0.0,18.355,17.8,17.256,16.951,16.909,1.057
7068,1,9.87,0.09,0.4892,-1.401,3.592,4.843,12.5,0.038,0.0,20.773,20.299,19.067,18.438,18.293,0.489
7069,1,9.87,0.09,0.88398,-0.281,3.723,4.505,14.3,0.038,0.0,19.772,19.174,18.495,18.086,18.027,0.884
7070,1,9.87,0.09,0.94216,-0.096,3.744,4.429,14.8,0.038,0.0,19.811,19.228,18.616,18.259,18.209,0.942
7071,1,9.87,0.11,0.48627,-1.411,3.591,4.844,12.1,0.037,0.0,20.397,19.927,18.683,18.057,17.91,0.486
7072,1,9.87,0.11,0.92142,-0.169,3.735,4.46,12.2,0.037,0.0,17.393,16.802,16.163,15.787,15.733,0.921
7073,1,9.87,0.11,0.65803,-0.954,3.635,4.697,12.8,0.038,0.0,19.956,19.426,18.399,17.734,17.628,0.658
7074,1,9.87,0.11,0.9235,-0.163,3.736,4.457,13.0,0.038,0.0,18.177,17.586,16.95,16.575,16.521,0.924
7075,1,9.87,0.13,0.83027,-0.454,3.7,4.557,14.5,0.038,0.0,20.406,19.803,19.04,18.564,18.494,0.83
7076,1,9.87,0.15,0.56525,-1.212,3.608,4.779,11.3,0.036,0.0,19.099,18.608,17.45,16.778,16.654,0.565
7077,1,9.87,0.17,0.87346,-0.336,3.713,4.514,14.2,0.038,0.0,19.81,19.206,18.491,18.056,17.992,0.873
7078,1,9.87,0.21,0.55324,-1.246,3.604,4.787,13.0,0.038,0.0,20.884,20.407,19.216,18.543,18.416,0.553
7079,1,9.87,0.21,1.01907,0.104,3.753,4.302,13.9,0.038,0.0,18.409,17.826,17.249,16.924,16.876,1.019
7080,1,9.87,0.21,1.11773,0.435,3.734,3.933,15.6,0.038,0.0,19.282,18.682,18.04,17.67,17.613,1.118
7081,1,9.87,0.23,0.40658,-1.61,3.572,4.89,11.1,0.035,0.0,19.896,19.471,18.109,17.53,17.351,0.407
7082,1,9.87,0.23,0.56758,-1.201,3.609,4.776,12.8,0.038,0.0,20.572,20.087,18.923,18.246,18.123,0.568
7083,1,9.89,-0.81,0.511,-1.162,3.646,4.839,13.5,0.038,0.0,21.175,20.622,19.674,19.068,18.956,0.511
7084,1,9.89,-0.77,0.31753,-1.68,3.614,5.024,12.1,0.037,0.0,21.071,20.519,19.481,18.89,18.742,0.318
7085,1,9.89,-0.75,0.95005,0.447,3.806,4.14,14.7,0.038,0.0,18.353,17.939,17.494,17.255,17.227,0.95
7086,1,9.89,-0.73,0.54475,-1.067,3.652,4.795,12.1,0.037,0.0,19.537,18.984,18.052,17.445,17.341,0.545
7087,1,9.89,-0.73,0.40336,-1.455,3.625,4.943,12.4,0.037,0.0,20.809,20.259,19.248,18.636,18.5,0.403
7088,1,9.89,-0.71,0.735,-0.423,3.735,4.611,12.0,0.037,0.0,17.826,17.275,16.627,16.235,16.179,0.735
7089,1,9.89,-0.71,0.60595,-0.87,3.672,4.723,12.2,0.037,0.0,19.146,18.582,17.716,17.153,17.063,0.606
7090,1,9.89,-0.69,0.6145,-0.843,3.675,4.714,10.8,0.034,0.0,17.678,17.11,16.256,15.7,15.613,0.615
7091,1,9.89,-0.69,0.93077,0.324,3.802,4.236,12.6,0.038,0.0,16.559,16.131,15.675,15.427,15.398,0.931
7092,1,9.89,-0.69,0.42153,-1.414,3.626,4.928,12.9,0.038,0.0,21.205,20.657,19.649,19.033,18.9,0.422
7093,1,9.89,-0.69,0.49234,-1.229,3.638,4.859,13.3,0.038,0.0,21.143,20.593,19.619,19.002,18.884,0.492
7094,1,9.89,-0.69,0.53608,-1.098,3.648,4.805,13.5,0.038,0.0,21.016,20.465,19.52,18.905,18.798,0.536
7095,1,9.89,-0.69,0.75733,-0.349,3.744,4.587,13.6,0.038,0.0,19.242,18.701,18.082,17.712,17.661,0.757
7096,1,9.89,-0.69,0.56054,-1.022,3.655,4.775,14.2,0.038,0.0,21.525,20.971,20.048,19.445,19.344,0.561
7097,1,9.89,-0.67,0.58894,-0.935,3.663,4.741,13.9,0.038,0.0,21.007,20.449,19.552,18.966,18.871,0.589
7098,1,9.89,-0.65,0.24321,-1.909,3.596,5.063,11.4,0.036,0.0,20.942,20.399,19.296,18.719,18.557,0.243
7099,1,9.89,-0.65,0.36383,-1.555,3.617,4.967,12.6,0.038,0.0,21.257,20.709,19.672,19.067,18.926,0.364
7100,1,9.89,-0.65,0.40996,-1.45,3.622,4.934,13.1,0.038,0.0,21.494,20.946,19.925,19.309,19.174,0.41
7101,1,9.89,-0.65,0.67191,-0.658,3.699,4.666,13.8,0.038,0.0,20.215,19.64,18.874,18.39,18.317,0.672
7102,1,9.89,-0.65,0.75693,-0.366,3.739,4.585,14.1,0.038,0.0,19.785,19.237,18.602,18.221,18.168,0.757
7103,1,9.89,-0.65,0.78433,-0.271,3.751,4.553,14.5,0.038,0.0,19.947,19.414,18.817,18.463,18.415,0.784
7104,1,9.89,-0.65,0.79622,-0.23,3.756,4.538,15.5,0.038,0.0,20.844,20.32,19.736,19.393,19.348,0.796
7105,1,9.89,-0.63,0.36403,-1.561,3.615,4.967,10.7,0.034,0.0,19.374,18.823,17.782,17.178,17.036,0.364
7106,1,9.89,-0.63,0.45178,-1.353,3.627,4.899,11.8,0.037,0.0,19.953,19.406,18.397,17.773,17.644,0.452
7107,1,9.89,-0.63,0.51923,-1.163,3.641,4.825,12.0,0.037,0.0,19.678,19.129,18.16,17.537,17.424,0.519
7108,1,9.89,-0.63,0.43104,-1.404,3.624,4.917,12.8,0.038,0.0,21.079,20.533,19.515,18.894,18.761,0.431
7109,1,9.89,-0.63,1.03544,1.748,3.704,2.466,13.2,0.038,0.0,13.6,13.025,12.271,11.799,11.734,1.035
7110,1,9.89,-0.63,0.5077,-1.198,3.638,4.839,13.6,0.038,0.0,21.365,20.817,19.839,19.216,19.1,0.508
7111,1,9.89,-0.63,0.69052,-0.603,3.706,4.651,14.8,0.038,0.0,21.078,20.505,19.763,19.297,19.228,0.691
7112,1,9.89,-0.61,0.56344,-1.034,3.651,4.772,13.1,0.038,0.0,20.454,19.903,18.963,18.345,18.243,0.563
7113,1,9.89,-0.61,0.98325,0.457,3.802,4.128,14.5,0.038,0.0,18.128,17.694,17.241,16.997,16.967,0.983
7114,1,9.89,-0.61,0.62781,-0.824,3.675,4.705,14.6,0.038,0.0,21.429,20.862,20.007,19.448,19.363,0.628
7115,1,9.89,-0.61,0.97135,0.398,3.802,4.181,14.8,0.038,0.0,18.575,18.141,17.687,17.442,17.412,0.971
7116,1,9.89,-0.61,0.71289,-0.536,3.715,4.631,15.0,0.038,0.0,21.109,20.539,19.826,19.383,19.319,0.713
7117,1,9.89,-0.59,0.18208,-2.246,3.56,5.132,10.4,0.032,0.0,20.785,20.325,19.055,18.495,18.283,0.182
7118,1,9.89,-0.59,0.33183,-1.656,3.607,4.99,11.5,0.036,0.0,20.41,19.862,18.796,18.202,18.053,0.332
7119,1,9.89,-0.59,0.36797,-1.566,3.612,4.964,11.6,0.036,0.0,20.285,19.738,18.684,18.081,17.937,0.368
7120,1,9.89,-0.59,0.79014,-0.283,3.747,4.555,12.1,0.037,0.0,17.578,17.037,16.429,16.068,16.019,0.79
7121,1,9.89,-0.59,0.45191,-1.362,3.624,4.897,12.6,0.038,0.0,20.776,20.232,19.211,18.585,18.454,0.452
7122,1,9.89,-0.59,0.89804,0.089,3.787,4.397,12.8,0.038,0.0,17.347,16.88,16.386,16.109,16.076,0.898
7123,1,9.89,-0.59,0.69759,-0.596,3.705,4.646,13.9,0.038,0.0,20.16,19.586,18.842,18.373,18.305,0.698
7124,1,9.89,-0.59,0.70623,-0.567,3.71,4.638,14.9,0.038,0.0,21.087,20.515,19.784,19.327,19.26,0.706
7125,1,9.89,-0.57,0.58518,-0.978,3.655,4.748,11.5,0.036,0.0,18.716,18.162,17.235,16.623,16.524,0.585
7126,1,9.89,-0.57,0.66399,-0.716,3.688,4.674,11.8,0.037,0.0,18.359,17.786,16.979,16.46,16.382,0.664
7127,1,9.89,-0.57,0.39828,-1.499,3.614,4.938,12.2,0.037,0.0,20.717,20.171,19.121,18.511,18.371,0.398
7128,1,9.89,-0.57,0.40448,-1.483,3.615,4.933,12.9,0.038,0.0,21.379,20.834,19.786,19.175,19.035,0.404
7129,1,9.89,-0.57,0.43798,-1.402,3.62,4.907,13.1,0.038,0.0,21.375,20.831,19.798,19.176,19.042,0.438
7130,1,9.89,-0.57,0.68178,-0.657,3.696,4.659,13.2,0.038,0.0,19.612,19.036,18.259,17.764,17.691,0.682
7131,1,9.89,-0.57,0.45951,-1.347,3.624,4.888,13.4,0.038,0.0,21.536,20.993,19.971,19.342,19.212,0.46
7132,1,9.89,-0.57,0.50669,-1.216,3.634,4.839,13.4,0.038,0.0,21.21,20.665,19.671,19.041,18.922,0.507
7133,1,9.89,-0.57,0.98038,0.381,3.801,4.2,13.5,0.038,0.0,17.318,16.879,16.425,16.179,16.15,0.98
7134,1,9.89,-0.57,0.82118,-0.189,3.758,4.521,13.5,0.038,0.0,18.743,18.219,17.644,17.307,17.263,0.821
7135,1,9.89,-0.57,0.97218,0.343,3.801,4.233,13.7,0.038,0.0,17.613,17.174,16.719,16.472,16.443,0.972
7136,1,9.89,-0.55,0.47581,-1.307,3.626,4.871,12.1,0.037,0.0,20.137,19.595,18.577,17.944,17.816,0.476
7137,1,9.89,-0.55,0.52158,-1.176,3.636,4.821,12.6,0.038,0.0,20.311,19.766,18.778,18.147,18.031,0.522
7138,1,9.89,-0.55,0.94004,0.21,3.795,4.329,12.7,0.038,0.0,16.944,16.492,16.022,15.763,15.733,0.94
7139,1,9.89,-0.55,1.04202,0.63,3.723,3.663,12.7,0.038,0.0,15.894,15.33,14.642,14.219,14.162,1.042
7140,1,9.89,-0.55,0.66881,-0.707,3.689,4.671,12.8,0.038,0.0,19.338,18.765,17.96,17.44,17.364,0.669
7141,1,9.89,-0.55,0.5045,-1.227,3.632,4.841,12.8,0.038,0.0,20.639,20.095,19.095,18.462,18.341,0.504
7142,1,9.89,-0.55,0.96708,0.302,3.8,4.265,12.9,0.038,0.0,16.914,16.47,16.012,15.762,15.732,0.967
7143,1,9.89,-0.55,0.66605,-0.716,3.687,4.673,12.9,0.038,0.0,19.461,18.889,18.078,17.555,17.478,0.666
7144,1,9.89,-0.55,0.61164,-0.899,3.663,4.721,13.0,0.038,0.0,20.019,19.46,18.561,17.968,17.876,0.612
7145,1,9.89,-0.55,0.89093,0.036,3.782,4.424,14.5,0.038,0.0,19.179,18.697,18.189,17.902,17.867,0.891
7146,1,9.89,-0.53,0.34542,-1.644,3.604,4.981,11.3,0.036,0.0,20.179,19.633,18.553,17.959,17.81,0.345
7147,1,9.89,-0.53,0.92413,0.139,3.79,4.37,11.4,0.036,0.0,15.821,15.355,14.87,14.6,14.568,0.924
7148,1,9.89,-0.53,0.65333,-0.766,3.68,4.685,11.7,0.037,0.0,18.386,17.815,16.977,16.431,16.35,0.653
7149,1,9.89,-0.53,0.31012,-1.734,3.599,5.004,11.8,0.037,0.0,20.906,20.363,19.265,18.68,18.524,0.31
7150,1,9.89,-0.53,0.35326,-1.624,3.605,4.975,12.4,0.037,0.0,21.229,20.684,19.606,19.01,18.862,0.353
7151,1,9.89,-0.53,0.68611,-0.658,3.694,4.656,12.8,0.038,0.0,19.216,18.64,17.856,17.354,17.281,0.686
7152,1,9.89,-0.53,0.50473,-1.232,3.63,4.84,13.6,0.038,0.0,21.449,20.907,19.902,19.266,19.145,0.505
7153,1,9.89,-0.53,0.67542,-0.693,3.69,4.665,13.8,0.038,0.0,20.303,19.73,18.928,18.411,18.336,0.675
7154,1,9.89,-0.53,0.6014,-0.941,3.657,4.732,14.2,0.038,0.0,21.324,20.77,19.848,19.238,19.142,0.601
7155,1,9.89,-0.53,0.69755,-0.621,3.699,4.646,15.2,0.038,0.0,21.522,20.945,20.18,19.693,19.623,0.698
7156,1,9.89,-0.51,0.49776,-1.257,3.627,4.847,11.2,0.035,0.0,19.112,18.57,17.555,16.917,16.794,0.498
7157,1,9.89,-0.51,0.32981,-1.691,3.6,4.992,12.2,0.037,0.0,21.198,20.654,19.56,18.972,18.818,0.33
7158,1,9.89,-0.51,0.68614,-0.666,3.692,4.656,12.5,0.038,0.0,18.935,18.36,17.569,17.06,16.987,0.686
7159,1,9.89,-0.51,0.48312,-1.297,3.624,4.862,12.8,0.038,0.0,20.812,20.271,19.247,18.61,18.483,0.483
7160,1,9.89,-0.51,0.88887,0.008,3.778,4.437,13.0,0.038,0.0,17.751,17.258,16.74,16.446,16.411,0.889
7161,1,9.89,-0.51,0.81869,-0.225,3.753,4.533,13.2,0.038,0.0,18.533,17.996,17.405,17.055,17.01,0.819
7162,1,9.89,-0.51,0.92918,0.145,3.79,4.366,13.4,0.038,0.0,17.808,17.341,16.855,16.585,16.553,0.929
7163,1,9.89,-0.51,0.61852,-0.89,3.663,4.716,13.6,0.038,0.0,20.594,20.036,19.135,18.54,18.449,0.619
7164,1,9.89,-0.51,1.00614,0.457,3.8,4.129,13.9,0.038,0.0,17.528,17.082,16.625,16.377,16.347,1.006
7165,1,9.89,-0.51,0.88585,-0.002,3.777,4.442,14.9,0.038,0.0,19.676,19.182,18.661,18.365,18.329,0.886
7166,1,9.89,-0.49,0.24338,-1.958,3.582,5.057,11.0,0.035,0.0,20.664,20.148,18.973,18.408,18.23,0.243
7167,1,9.89,-0.49,0.23693,-1.983,3.581,5.065,11.3,0.036,0.0,21.028,20.515,19.333,18.77,18.589,0.237
7168,1,9.89,-0.49,0.57648,-1.029,3.647,4.76,11.4,0.036,0.0,18.742,18.194,17.237,16.606,16.503,0.576
7169,1,9.89,-0.49,0.3156,-1.735,3.596,5.001,11.5,0.036,0.0,20.608,20.07,18.957,18.374,18.215,0.316
7170,1,9.89,-0.49,0.81439,-0.248,3.749,4.54,11.9,0.037,0.0,17.289,16.745,16.145,15.789,15.742,0.814
7171,1,9.89,-0.49,0.32861,-1.702,3.598,4.993,12.2,0.037,0.0,21.224,20.684,19.579,18.993,18.837,0.329
7172,1,9.89,-0.49,0.44795,-1.397,3.615,4.894,12.4,0.037,0.0,20.663,20.122,19.071,18.448,18.313,0.448
7173,1,9.89,-0.49,0.34193,-1.668,3.6,4.985,12.5,0.038,0.0,21.439,20.896,19.8,19.21,19.058,0.342
7174,1,9.89,-0.49,0.62869,-0.863,3.666,4.708,12.6,0.038,0.0,19.527,18.966,18.075,17.488,17.399,0.629
7175,1,9.89,-0.49,0.5594,-1.079,3.642,4.778,12.7,0.038,0.0,20.169,19.623,18.651,18.016,17.908,0.559
7176,1,9.89,-0.49,0.51749,-1.204,3.631,4.825,13.1,0.038,0.0,20.879,20.338,19.332,18.693,18.574,0.517
7177,1,9.89,-0.49,0.6101,-0.925,3.658,4.725,13.4,0.038,0.0,20.483,19.928,19.009,18.399,18.305,0.61
7178,1,9.89,-0.49,0.60426,-0.945,3.655,4.73,13.4,0.038,0.0,20.532,19.98,19.051,18.435,18.339,0.604
7179,1,9.89,-0.49,0.86111,-0.093,3.767,4.482,13.6,0.038,0.0,18.603,18.09,17.542,17.225,17.186,0.861
7180,1,9.89,-0.49,0.85043,-0.129,3.764,4.497,13.7,0.038,0.0,18.792,18.272,17.713,17.388,17.347,0.85
7181,1,9.89,-0.49,0.89913,0.033,3.78,4.424,13.7,0.038,0.0,18.388,17.898,17.385,17.095,17.06,0.899
7182,1,9.89,-0.49,0.67848,-0.699,3.687,4.663,14.8,0.038,0.0,21.317,20.744,19.933,19.408,19.331,0.678
7183,1,9.89,-0.49,0.88738,-0.006,3.776,4.443,15.0,0.038,0.0,19.786,19.288,18.765,18.467,18.431,0.887
7184,1,9.89,-0.47,0.98031,0.298,3.793,4.251,11.2,0.035,0.0,15.224,14.76,14.287,14.027,13.995,0.98
7185,1,9.89,-0.47,0.4716,-1.338,3.619,4.871,12.4,0.037,0.0,20.515,19.976,18.933,18.302,18.171,0.472
7186,1,9.89,-0.47,0.7441,-0.489,3.716,4.609,12.5,0.038,0.0,18.492,17.918,17.21,16.769,16.708,0.744
7187,1,9.89,-0.47,0.57968,-1.026,3.646,4.757,12.7,0.038,0.0,20.034,19.487,18.527,17.895,17.791,0.58
7188,1,9.89,-0.47,0.55054,-1.111,3.638,4.787,12.8,0.038,0.0,20.347,19.804,18.819,18.181,18.07,0.551
7189,1,9.89,-0.47,0.66686,-0.744,3.68,4.673,12.9,0.038,0.0,19.53,18.959,18.122,17.577,17.496,0.667
7190,1,9.89,-0.47,0.42077,-1.469,3.609,4.914,13.0,0.038,0.0,21.443,20.903,19.832,19.218,19.078,0.421
7191,1,9.89,-0.47,1.05064,0.838,3.703,3.377,13.2,0.038,0.0,15.874,15.3,14.541,14.062,13.996,1.051
7192,1,9.89,-0.47,0.52197,-1.196,3.631,4.819,13.3,0.038,0.0,21.059,20.519,19.51,18.869,18.75,0.522
7193,1,9.89,-0.47,0.56447,-1.07,3.642,4.773,13.4,0.038,0.0,20.845,20.3,19.327,18.692,18.584,0.564
7194,1,9.89,-0.47,0.89798,0.021,3.778,4.428,13.4,0.038,0.0,18.117,17.621,17.104,16.811,16.775,0.898
7195,1,9.89,-0.47,0.9894,0.352,3.796,4.211,13.6,0.038,0.0,17.49,17.033,16.566,16.311,16.281,0.989
7196,1,9.89,-0.47,0.81672,-0.247,3.749,4.54,13.6,0.038,0.0,18.988,18.443,17.842,17.485,17.438,0.817
7197,1,9.89,-0.47,0.51622,-1.213,3.629,4.826,13.7,0.038,0.0,21.501,20.962,19.949,19.307,19.187,0.516
7198,1,9.89,-0.47,0.52505,-1.186,3.631,4.816,13.7,0.038,0.0,21.436,20.895,19.89,19.249,19.131,0.525
7199,1,9.89,-0.47,0.7571,-0.445,3.722,4.598,14.2,0.038,0.0,20.083,19.511,18.824,18.401,18.342,0.757
7200,1,9.89,-0.47,0.69353,-0.658,3.692,4.65,14.3,0.038,0.0,20.715,20.139,19.345,18.835,18.761,0.694
7201,1,9.89,-0.47,0.83543,-0.185,3.757,4.518,14.3,0.038,0.0,19.533,19.001,18.422,18.083,18.039,0.835
7202,1,9.89,-0.47,0.61494,-0.915,3.658,4.721,14.4,0.038,0.0,21.459,20.904,19.986,19.378,19.284,0.615
7203,1,9.89,-0.47,0.65968,-0.768,3.677,4.68,14.5,0.038,0.0,21.189,20.619,19.771,19.216,19.134,0.66
7204,1,9.89,-0.47,0.716,-0.583,3.703,4.632,15.0,0.038,0.0,21.228,20.649,19.894,19.416,19.348,0.716
7205,1,9.89,-0.47,0.76113,-0.432,3.724,4.594,15.4,0.038,0.0,21.25,20.678,19.998,19.58,19.522,0.761
7206,1,9.89,-0.47,0.80257,-0.294,3.743,4.554,15.7,0.038,0.0,21.206,20.654,20.033,19.662,19.612,0.803
7207,1,9.89,-0.45,0.35198,-1.657,3.598,4.978,11.0,0.035,0.0,19.912,19.374,18.264,17.674,17.519,0.352
7208,1,9.89,-0.45,0.26793,-1.889,3.584,5.035,12.0,0.037,0.0,21.491,20.977,19.803,19.234,19.058,0.268
7209,1,9.89,-0.45,0.49981,-1.266,3.623,4.843,12.4,0.037,0.0,20.335,19.797,18.766,18.124,17.998,0.5
7210,1,9.89,-0.45,0.70781,-0.619,3.697,4.639,12.5,0.038,0.0,18.817,18.238,17.462,16.966,16.895,0.708
7211,1,9.89,-0.45,0.51018,-1.235,3.626,4.832,12.6,0.038,0.0,20.459,19.921,18.898,18.253,18.13,0.51
7212,1,9.89,-0.45,0.94911,0.185,3.79,4.336,12.7,0.038,0.0,17.007,16.535,16.052,15.784,15.752,0.949
7213,1,9.89,-0.45,0.8156,-0.258,3.747,4.543,12.8,0.038,0.0,18.215,17.666,17.06,16.7,16.652,0.816
7214,1,9.89,-0.45,0.67547,-0.724,3.682,4.666,13.2,0.038,0.0,19.779,19.207,18.377,17.837,17.758,0.675
7215,1,9.89,-0.45,0.64885,-0.811,3.671,4.691,13.4,0.038,0.0,20.196,19.631,18.759,18.185,18.1,0.649
7216,1,9.89,-0.45,0.4939,-1.282,3.622,4.849,13.4,0.038,0.0,21.376,20.838,19.803,19.163,19.036,0.494
7217,1,9.89,-0.45,0.86981,-0.079,3.768,4.473,13.5,0.038,0.0,18.467,17.951,17.405,17.089,17.05,0.87
7218,1,9.89,-0.45,0.61767,-0.913,3.658,4.719,13.5,0.038,0.0,20.553,19.998,19.078,18.469,18.375,0.618
7219,1,9.89,-0.45,0.69729,-0.654,3.691,4.647,13.7,0.038,0.0,20.105,19.529,18.733,18.222,18.148,0.697
7220,1,9.89,-0.45,0.91312,0.066,3.781,4.403,13.7,0.038,0.0,18.306,17.816,17.308,17.022,16.987,0.913
7221,1,9.89,-0.45,0.85753,-0.119,3.763,4.49,14.1,0.038,0.0,19.168,18.646,18.087,17.762,17.721,0.858
7222,1,9.89,-0.45,0.58809,-1.007,3.647,4.749,14.1,0.038,0.0,21.388,20.841,19.883,19.25,19.148,0.588
7223,1,9.89,-0.45,0.76814,-0.416,3.726,4.589,15.4,0.038,0.0,21.21,20.639,19.964,19.551,19.494,0.768
7224,1,9.89,-0.43,0.33771,-1.701,3.594,4.989,10.6,0.033,0.0,19.623,19.091,17.961,17.376,17.216,0.338
7225,1,9.89,-0.43,0.2521,-1.944,3.579,5.045,11.2,0.035,0.0,20.83,20.324,19.125,18.562,18.38,0.252
7226,1,9.89,-0.43,0.24415,-1.973,3.577,5.054,11.7,0.037,0.0,21.403,20.901,19.693,19.132,18.948,0.244
7227,1,9.89,-0.43,0.26269,-1.911,3.581,5.039,11.8,0.037,0.0,21.348,20.84,19.65,19.084,18.905,0.263
7228,1,9.89,-0.43,0.3801,-1.586,3.6,4.949,12.2,0.037,0.0,20.936,20.399,19.294,18.694,18.545,0.38
7229,1,9.89,-0.43,0.4015,-1.527,3.603,4.926,12.9,0.038,0.0,21.488,20.952,19.855,19.249,19.103,0.401
7230,1,9.89,-0.43,0.51198,-1.235,3.625,4.829,13.1,0.038,0.0,20.958,20.421,19.394,18.747,18.624,0.512
7231,1,9.89,-0.43,0.65014,-0.814,3.67,4.69,13.2,0.038,0.0,20.004,19.439,18.563,17.986,17.9,0.65
7232,1,9.89,-0.43,0.69217,-0.678,3.687,4.652,13.3,0.038,0.0,19.766,19.191,18.38,17.856,17.779,0.692
7233,1,9.89,-0.43,0.77046,-0.415,3.725,4.588,13.6,0.038,0.0,19.408,18.835,18.16,17.746,17.689,0.77
7234,1,9.89,-0.43,0.66834,-0.754,3.677,4.673,13.6,0.038,0.0,20.256,19.685,18.837,18.282,18.201,0.668
7235,1,9.89,-0.43,0.51725,-1.22,3.627,4.824,13.7,0.038,0.0,21.519,20.982,19.959,19.313,19.191,0.517
7236,1,9.89,-0.43,0.69735,-0.662,3.69,4.647,14.4,0.038,0.0,20.824,20.248,19.446,18.928,18.853,0.697
7237,1,9.89,-0.43,1.02673,0.557,3.772,3.928,14.4,0.038,0.0,17.777,17.27,16.737,16.435,16.397,1.027
7238,1,9.89,-0.43,0.84108,-0.179,3.756,4.513,15.2,0.038,0.0,20.419,19.883,19.303,18.963,18.919,0.841
7239,1,9.89,-0.41,0.30657,-1.787,3.587,5.006,9.7,0.028,0.0,18.938,18.415,17.254,16.679,16.51,0.307
7240,1,9.89,-0.41,0.1963,-2.179,3.561,5.102,10.7,0.034,0.0,20.917,20.462,19.178,18.619,18.409,0.196
7241,1,9.89,-0.41,0.26433,-1.913,3.579,5.037,10.8,0.034,0.0,20.352,19.846,18.647,18.082,17.902,0.264
7242,1,9.89,-0.41,0.95875,0.225,3.788,4.293,11.1,0.035,0.0,15.308,14.828,14.341,14.071,14.038,0.959
7243,1,9.89,-0.41,0.20132,-2.146,3.565,5.095,11.3,0.036,0.0,21.435,20.968,19.702,19.143,18.939,0.201
7244,1,9.89,-0.41,0.47739,-1.337,3.616,4.863,12.4,0.037,0.0,20.513,19.977,18.919,18.286,18.154,0.477
7245,1,9.89,-0.41,0.46241,-1.378,3.612,4.877,12.5,0.038,0.0,20.715,20.179,19.111,18.484,18.349,0.462
7246,1,9.89,-0.41,0.38326,-1.584,3.598,4.945,12.5,0.038,0.0,21.229,20.696,19.582,18.982,18.832,0.383
7247,1,9.89,-0.41,0.88299,-0.043,3.77,4.452,12.5,0.038,0.0,17.377,16.862,16.323,16.013,15.975,0.883
7248,1,9.89,-0.41,0.44858,-1.415,3.609,4.889,12.7,0.038,0.0,21.008,20.473,19.395,18.774,18.635,0.449
7249,1,9.89,-0.41,0.64891,-0.825,3.668,4.691,12.9,0.038,0.0,19.732,19.168,18.284,17.701,17.613,0.649
7250,1,9.89,-0.41,0.66284,-0.78,3.673,4.678,13.4,0.038,0.0,20.119,19.551,18.687,18.12,18.036,0.663
7251,1,9.89,-0.41,1.01951,0.527,3.777,3.973,13.7,0.038,0.0,17.152,16.651,16.132,15.841,15.803,1.02
7252,1,9.89,-0.41,0.57359,-1.061,3.64,4.765,13.9,0.038,0.0,21.322,20.779,19.798,19.159,19.051,0.574
7253,1,9.89,-0.41,0.98489,0.327,3.788,4.204,14.0,0.038,0.0,17.953,17.475,16.988,16.719,16.686,0.985
7254,1,9.89,-0.41,0.64525,-0.837,3.666,4.695,14.3,0.038,0.0,21.161,20.599,19.709,19.122,19.033,0.645
7255,1,9.89,-0.41,0.82259,-0.246,3.748,4.537,14.5,0.038,0.0,19.885,19.335,18.731,18.373,18.326,0.823
7256,1,9.89,-0.41,0.64941,-0.823,3.668,4.691,14.5,0.038,0.0,21.328,20.764,19.88,19.298,19.21,0.649
7257,1,9.89,-0.41,0.75822,-0.463,3.718,4.6,14.7,0.038,0.0,20.627,20.052,19.351,18.917,18.857,0.758
7258,1,9.89,-0.39,0.19919,-2.162,3.563,5.096,9.9,0.03,0.0,20.076,19.616,18.335,17.777,17.569,0.199
7259,1,9.89,-0.39,0.20218,-2.148,3.564,5.093,10.7,0.034,0.0,20.84,20.378,19.102,18.544,18.338,0.202
7260,1,9.89,-0.39,0.23743,-2.012,3.572,5.06,11.5,0.036,0.0,21.299,20.813,19.575,19.016,18.824,0.237
7261,1,9.89,-0.39,0.31102,-1.783,3.586,5.004,11.9,0.037,0.0,21.128,20.614,19.442,18.867,18.696,0.311
7262,1,9.89,-0.39,0.68753,-0.709,3.682,4.656,13.4,0.038,0.0,19.941,19.368,18.535,17.993,17.914,0.688
7263,1,9.89,-0.39,0.69267,-0.692,3.684,4.652,13.5,0.038,0.0,20.001,19.426,18.602,18.066,17.988,0.693
7264,1,9.89,-0.39,0.65923,-0.799,3.67,4.682,14.0,0.038,0.0,20.767,20.201,19.325,18.749,18.663,0.659
7265,1,9.89,-0.39,0.63761,-0.868,3.661,4.702,14.0,0.038,0.0,20.941,20.382,19.474,18.873,18.782,0.638
7266,1,9.89,-0.39,0.68559,-0.715,3.681,4.658,14.1,0.038,0.0,20.657,20.083,19.248,18.703,18.624,0.686
7267,1,9.89,-0.39,0.77957,-0.396,3.727,4.582,14.1,0.038,0.0,19.861,19.289,18.62,18.212,18.155,0.78
7268,1,9.89,-0.39,0.75698,-0.474,3.716,4.602,14.1,0.038,0.0,20.054,19.477,18.769,18.33,18.269,0.757
7269,1,9.89,-0.39,0.97495,0.276,3.784,4.234,15.0,0.038,0.0,19.081,18.593,18.094,17.817,17.782,0.975
7270,1,9.89,-0.39,0.83183,-0.219,3.751,4.525,15.7,0.038,0.0,21.017,20.469,19.873,19.521,19.475,0.832
7271,1,9.89,-0.37,0.11944,-2.808,3.489,5.227,8.5,0.021,0.0,20.29,20.057,18.375,17.815,17.576,0.119
7272,1,9.89,-0.37,0.38203,-1.597,3.595,4.944,10.7,0.034,0.0,19.463,18.936,17.802,17.206,17.052,0.382
7273,1,9.89,-0.37,0.45294,-1.413,3.607,4.883,11.6,0.036,0.0,19.903,19.37,18.282,17.659,17.52,0.453
7274,1,9.89,-0.37,0.89639,-0.005,3.772,4.428,12.4,0.037,0.0,17.183,16.668,16.134,15.83,15.792,0.896
7275,1,9.89,-0.37,0.497,-1.293,3.617,4.843,13.1,0.038,0.0,21.103,20.57,19.513,18.873,18.744,0.497
7276,1,9.89,-0.37,0.9278,0.121,3.782,4.357,13.2,0.038,0.0,17.668,17.173,16.668,16.386,16.351,0.928
7277,1,9.89,-0.37,0.58187,-1.049,3.64,4.757,13.3,0.038,0.0,20.693,20.151,19.166,18.524,18.417,0.582
7278,1,9.89,-0.37,0.64824,-0.841,3.664,4.692,13.4,0.038,0.0,20.272,19.711,18.812,18.218,18.129,0.648
7279,1,9.89,-0.37,0.92982,0.13,3.782,4.352,13.8,0.038,0.0,18.246,17.752,17.249,16.968,16.933,0.93
7280,1,9.89,-0.37,0.80009,-0.333,3.736,4.565,13.9,0.038,0.0,19.503,18.938,18.297,17.91,17.858,0.8
7281,1,9.89,-0.37,0.76838,-0.442,3.72,4.593,14.3,0.038,0.0,20.175,19.598,18.905,18.478,18.418,0.768
7282,1,9.89,-0.37,0.61484,-0.95,3.651,4.725,14.4,0.038,0.0,21.544,20.995,20.047,19.416,19.318,0.615
7283,1,9.89,-0.37,0.65924,-0.806,3.668,4.682,14.6,0.038,0.0,21.385,20.82,19.938,19.356,19.27,0.659
7284,1,9.89,-0.35,0.28857,-1.855,3.579,5.017,10.4,0.032,0.0,19.808,19.305,18.097,17.53,17.351,0.289
7285,1,9.89,-0.35,0.63625,-0.886,3.658,4.705,10.8,0.034,0.0,17.786,17.227,16.307,15.696,15.603,0.636
7286,1,9.89,-0.35,0.51733,-1.239,3.621,4.823,11.1,0.035,0.0,18.967,18.433,17.389,16.74,16.616,0.517
7287,1,9.89,-0.35,0.78328,-0.401,3.725,4.581,11.5,0.036,0.0,17.274,16.696,16.022,15.609,15.552,0.783
7288,1,9.89,-0.35,0.61979,-0.94,3.651,4.721,12.1,0.037,0.0,19.219,18.669,17.723,17.093,16.996,0.62
7289,1,9.89,-0.35,0.48335,-1.335,3.613,4.856,12.4,0.037,0.0,20.506,19.975,18.902,18.268,18.135,0.483
7290,1,9.89,-0.35,0.37618,-1.618,3.593,4.95,12.6,0.038,0.0,21.415,20.895,19.747,19.154,18.996,0.376
7291,1,9.89,-0.35,0.6059,-0.985,3.646,4.734,12.8,0.038,0.0,20.032,19.486,18.52,17.883,17.781,0.606
7292,1,9.89,-0.35,0.81116,-0.307,3.739,4.555,13.0,0.038,0.0,18.538,17.975,17.342,16.961,16.91,0.811
7293,1,9.89,-0.35,0.65186,-0.836,3.664,4.69,13.1,0.038,0.0,19.96,19.398,18.499,17.905,17.816,0.652
7294,1,9.89,-0.35,0.6361,-0.887,3.658,4.705,13.4,0.038,0.0,20.387,19.831,18.909,18.297,18.204,0.636
7295,1,9.89,-0.35,0.80689,-0.321,3.737,4.56,13.4,0.038,0.0,18.973,18.408,17.77,17.385,17.333,0.807
7296,1,9.89,-0.35,0.8333,-0.234,3.747,4.528,13.5,0.038,0.0,18.855,18.302,17.696,17.337,17.289,0.833
7297,1,9.89,-0.35,0.53483,-1.188,3.626,4.805,13.6,0.038,0.0,21.34,20.807,19.776,19.123,19.002,0.535
7298,1,9.89,-0.35,0.5699,-1.088,3.635,4.77,13.7,0.038,0.0,21.19,20.651,19.651,19.004,18.893,0.57
7299,1,9.89,-0.35,0.95607,0.193,3.785,4.313,14.5,0.038,0.0,18.788,18.299,17.805,17.531,17.497,0.956
7300,1,9.89,-0.35,0.68101,-0.745,3.675,4.663,14.6,0.038,0.0,21.231,20.659,19.804,19.243,19.161,0.681
7301,1,9.89,-0.35,1.01545,0.436,3.789,4.111,14.7,0.038,0.0,18.38,17.899,17.416,17.151,17.118,1.015
7302,1,9.89,-0.35,0.68071,-0.746,3.675,4.664,14.7,0.038,0.0,21.334,20.762,19.906,19.344,19.262,0.681
7303,1,9.89,-0.35,0.70908,-0.654,3.688,4.639,14.9,0.038,0.0,21.305,20.727,19.918,19.395,19.319,0.709
7304,1,9.89,-0.35,1.05116,0.576,3.71,3.67,15.5,0.038,0.0,18.831,18.254,17.522,17.067,17.003,1.051
7305,1,9.89,-0.35,0.82847,-0.25,3.745,4.534,15.5,0.038,0.0,20.895,20.339,19.728,19.365,19.316,0.828
7306,1,9.89,-0.33,0.1876,-2.26,3.548,5.109,9.0,0.024,0.0,19.419,19.005,17.648,17.092,16.861,0.188
7307,1,9.89,-0.33,0.69335,-0.714,3.679,4.653,9.9,0.03,0.0,16.454,15.875,15.034,14.483,14.403,0.693
7308,1,9.89,-0.33,0.15691,-2.487,3.519,5.144,10.3,0.032,0.0,21.288,20.963,19.449,18.895,18.658,0.157
7309,1,9.89,-0.33,0.24784,-1.984,3.571,5.044,10.6,0.033,0.0,20.329,19.85,18.597,18.037,17.843,0.248
7310,1,9.89,-0.33,0.34434,-1.712,3.587,4.983,11.3,0.036,0.0,20.35,19.839,18.663,18.082,17.915,0.344
7311,1,9.89,-0.33,0.36341,-1.659,3.59,4.964,11.7,0.037,0.0,20.617,20.102,18.938,18.35,18.188,0.363
7312,1,9.89,-0.33,0.26213,-1.939,3.573,5.035,11.8,0.037,0.0,21.417,20.931,19.689,19.129,18.94,0.262
7313,1,9.89,-0.33,0.47914,-1.35,3.611,4.859,11.8,0.037,0.0,19.945,19.415,18.334,17.701,17.567,0.479
7314,1,9.89,-0.33,0.53691,-1.187,3.625,4.803,12.1,0.037,0.0,19.837,19.304,18.271,17.615,17.495,0.537
7315,1,9.89,-0.33,0.73183,-0.585,3.698,4.624,12.4,0.037,0.0,18.632,18.049,17.277,16.785,16.714,0.732
7316,1,9.89,-0.33,0.37419,-1.627,3.592,4.951,12.5,0.038,0.0,21.338,20.821,19.664,19.073,18.913,0.374
7317,1,9.89,-0.33,0.39853,-1.556,3.595,4.922,12.8,0.038,0.0,21.46,20.939,19.798,19.196,19.044,0.399
7318,1,9.89,-0.33,0.64659,-0.859,3.66,4.695,13.2,0.038,0.0,20.119,19.56,18.648,18.043,17.952,0.647
7319,1,9.89,-0.33,0.56716,-1.101,3.633,4.773,13.2,0.038,0.0,20.723,20.185,19.178,18.528,18.415,0.567
7320,1,9.89,-0.33,0.49384,-1.31,3.614,4.846,13.4,0.038,0.0,21.446,20.916,19.845,19.206,19.076,0.494
7321,1,9.89,-0.33,0.997,0.287,3.781,4.222,13.5,0.038,0.0,17.554,17.055,16.55,16.269,16.233,0.997
7322,1,9.89,-0.33,1.06079,0.632,3.704,3.593,13.7,0.038,0.0,16.89,16.31,15.557,15.085,15.018,1.061
7323,1,9.89,-0.33,0.54515,-1.163,3.628,4.794,13.8,0.038,0.0,21.478,20.944,19.917,19.263,19.144,0.545
7324,1,9.89,-0.33,1.06632,0.86,3.695,3.332,13.9,0.038,0.0,16.52,15.942,15.156,14.658,14.587,1.066
7325,1,9.89,-0.33,0.74441,-0.542,3.704,4.614,14.0,0.038,0.0,20.126,19.543,18.793,18.32,18.253,0.744
7326,1,9.89,-0.33,0.63794,-0.887,3.657,4.704,14.2,0.038,0.0,21.188,20.633,19.708,19.094,19.0,0.638
7327,1,9.89,-0.33,0.82149,-0.284,3.741,4.545,14.3,0.038,0.0,19.781,19.219,18.592,18.217,18.166,0.821
7328,1,9.89,-0.33,0.70932,-0.661,3.686,4.64,14.5,0.038,0.0,20.923,20.346,19.53,19.001,18.925,0.709
7329,1,9.89,-0.33,1.04949,0.531,3.75,3.876,14.5,0.038,0.0,17.943,17.394,16.797,16.448,16.402,1.049
7330,1,9.89,-0.33,0.95498,0.166,3.783,4.331,14.6,0.038,0.0,18.956,18.461,17.961,17.683,17.648,0.955
7331,1,9.89,-0.33,1.02023,0.428,3.789,4.119,14.7,0.038,0.0,18.4,17.917,17.433,17.168,17.134,1.02
7332,1,9.89,-0.33,0.74585,-0.538,3.705,4.613,14.7,0.038,0.0,20.814,20.231,19.484,19.013,18.946,0.746
7333,1,9.89,-0.33,0.87778,-0.102,3.761,4.473,14.8,0.038,0.0,19.826,19.291,18.726,18.399,18.357,0.878
7334,1,9.89,-0.33,1.01175,0.392,3.79,4.155,14.9,0.038,0.0,18.689,18.208,17.726,17.463,17.43,1.012
7335,1,9.89,-0.33,0.97714,0.232,3.785,4.282,15.0,0.038,0.0,19.189,18.698,18.204,17.931,17.896,0.977
7336,1,9.89,-0.31,0.3569,-1.681,3.588,4.97,11.4,0.036,0.0,20.373,19.862,18.686,18.101,17.937,0.357
7337,1,9.89,-0.31,0.2801,-1.888,3.576,5.021,11.8,0.037,0.0,21.289,20.8,19.564,19.002,18.818,0.28
7338,1,9.89,-0.31,0.96392,0.168,3.782,4.33,11.8,0.037,0.0,16.149,15.651,15.15,14.871,14.836,0.964
7339,1,9.89,-0.31,0.35035,-1.7,3.587,4.977,12.2,0.037,0.0,21.221,20.712,19.531,18.949,18.782,0.35
7340,1,9.89,-0.31,0.53937,-1.185,3.625,4.8,13.0,0.038,0.0,20.732,20.2,19.163,18.506,18.385,0.539
7341,1,9.89,-0.31,0.95109,0.116,3.779,4.362,13.1,0.038,0.0,17.579,17.074,16.563,16.277,16.241,0.951
7342,1,9.89,-0.31,0.66859,-0.797,3.667,4.676,13.2,0.038,0.0,19.964,19.398,18.512,17.927,17.84,0.669
7343,1,9.89,-0.31,0.49426,-1.314,3.613,4.845,13.3,0.038,0.0,21.354,20.825,19.749,19.11,18.979,0.494
7344,1,9.89,-0.31,0.48858,-1.329,3.612,4.85,13.3,0.038,0.0,21.392,20.863,19.783,19.146,19.014,0.489
7345,1,9.89,-0.31,0.65931,-0.826,3.664,4.684,13.6,0.038,0.0,20.435,19.873,18.973,18.378,18.289,0.659
7346,1,9.89,-0.31,0.89919,-0.048,3.765,4.447,14.2,0.038,0.0,19.09,18.561,18.011,17.694,17.653,0.899
7347,1,9.89,-0.31,1.04745,0.52,3.771,3.97,14.5,0.038,0.0,17.969,17.451,16.918,16.617,16.578,1.047
7348,1,9.89,-0.31,0.88053,-0.107,3.76,4.474,14.6,0.038,0.0,19.638,19.1,18.532,18.201,18.159,0.881
7349,1,9.89,-0.31,0.82488,-0.284,3.74,4.544,15.6,0.038,0.0,21.08,20.516,19.887,19.51,19.459,0.825
7350,1,9.89,-0.29,0.16518,-2.431,3.525,5.134,10.0,0.03,0.0,20.848,20.505,19.019,18.468,18.232,0.165
7351,1,9.89,-0.29,0.36587,-1.658,3.588,4.959,10.3,0.032,0.0,19.216,18.704,17.526,16.94,16.777,0.366
7352,1,9.89,-0.29,0.32477,-1.768,3.582,4.992,11.8,0.037,0.0,20.991,20.492,19.284,18.71,18.536,0.325
7353,1,9.89,-0.29,0.50098,-1.3,3.614,4.839,12.3,0.037,0.0,20.319,19.791,18.715,18.073,17.943,0.501
7354,1,9.89,-0.29,1.00886,0.281,3.78,4.226,12.4,0.037,0.0,16.467,15.962,15.454,15.171,15.135,1.009
7355,1,9.89,-0.29,0.43012,-1.485,3.599,4.898,12.5,0.038,0.0,20.982,20.459,19.331,18.715,18.57,0.43
7356,1,9.89,-0.29,0.55847,-1.136,3.629,4.782,12.8,0.038,0.0,20.409,19.876,18.85,18.194,18.078,0.558
7357,1,9.89,-0.29,0.45375,-1.426,3.603,4.88,13.0,0.038,0.0,21.335,20.81,19.698,19.074,18.934,0.454
7358,1,9.89,-0.29,0.58575,-1.06,3.636,4.756,13.2,0.038,0.0,20.62,20.082,19.081,18.431,18.321,0.586
7359,1,9.89,-0.29,0.54953,-1.161,3.626,4.79,13.3,0.038,0.0,20.971,20.44,19.406,18.748,18.629,0.55
7360,1,9.89,-0.29,0.59516,-1.034,3.638,4.746,13.4,0.038,0.0,20.755,20.215,19.222,18.575,18.467,0.595
7361,1,9.89,-0.29,0.54144,-1.184,3.624,4.799,13.6,0.038,0.0,21.329,20.799,19.758,19.1,18.979,0.541
7362,1,9.89,-0.29,1.06996,0.525,3.718,3.759,13.9,0.038,0.0,17.356,16.778,16.074,15.643,15.582,1.07
7363,1,9.89,-0.29,0.95894,0.126,3.779,4.356,14.0,0.038,0.0,18.455,17.948,17.437,17.151,17.115,0.959
7364,1,9.89,-0.29,0.60382,-1.008,3.641,4.738,14.2,0.038,0.0,21.491,20.949,19.966,19.321,19.216,0.604
7365,1,9.89,-0.27,0.18286,-2.304,3.54,5.111,9.9,0.03,0.0,20.43,20.044,18.637,18.083,17.851,0.183
7366,1,9.89,-0.27,0.42701,-1.496,3.597,4.9,11.6,0.036,0.0,20.111,19.591,18.451,17.839,17.691,0.427
7367,1,9.89,-0.27,0.62674,-0.942,3.649,4.717,12.0,0.037,0.0,19.125,18.576,17.618,16.982,16.883,0.627
7368,1,9.89,-0.27,0.4296,-1.49,3.598,4.898,12.2,0.037,0.0,20.695,20.175,19.037,18.423,18.277,0.43
7369,1,9.89,-0.27,0.92061,-0.006,3.768,4.425,12.4,0.037,0.0,17.185,16.657,16.114,15.803,15.764,0.921
7370,1,9.89,-0.27,0.54461,-1.18,3.624,4.796,12.8,0.038,0.0,20.519,19.99,18.946,18.287,18.166,0.545
7371,1,9.89,-0.27,0.81431,-0.339,3.731,4.557,13.1,0.038,0.0,18.717,18.143,17.485,17.086,17.031,0.814
7372,1,9.89,-0.27,1.02059,0.298,3.778,4.207,13.1,0.038,0.0,17.124,16.614,16.101,15.815,15.778,1.021
7373,1,9.89,-0.27,0.48365,-1.35,3.609,4.854,13.3,0.038,0.0,21.446,20.921,19.825,19.189,19.055,0.484
7374,1,9.89,-0.27,0.54091,-1.19,3.623,4.799,13.4,0.038,0.0,21.145,20.616,19.569,18.912,18.79,0.541
7375,1,9.89,-0.27,0.74378,-0.571,3.698,4.616,14.0,0.038,0.0,20.197,19.612,18.839,18.347,18.277,0.744
7376,1,9.89,-0.27,0.73448,-0.602,3.693,4.623,14.2,0.038,0.0,20.474,19.891,19.101,18.595,18.522,0.734
7377,1,9.89,-0.27,1.09612,1.706,3.659,2.353,14.3,0.038,0.0,14.806,14.257,13.325,12.716,12.62,1.096
7378,1,9.89,-0.27,0.94768,0.078,3.775,4.381,14.5,0.038,0.0,19.074,18.558,18.035,17.741,17.703,0.948
7379,1,9.89,-0.27,0.88416,-0.119,3.757,4.476,14.6,0.038,0.0,19.668,19.123,18.547,18.21,18.167,0.884
7380,1,9.89,-0.27,0.90959,-0.04,3.764,4.441,14.6,0.038,0.0,19.471,18.938,18.385,18.067,18.026,0.91
7381,1,9.89,-0.27,1.00079,0.241,3.782,4.271,14.7,0.038,0.0,18.866,18.365,17.863,17.585,17.549,1.001
7382,1,9.89,-0.27,1.09786,2.461,3.611,1.408,14.8,0.038,0.0,13.416,12.978,11.823,11.047,10.908,1.098
7383,1,9.89,-0.27,1.0511,0.479,3.781,4.049,15.0,0.038,0.0,18.572,18.067,17.561,17.281,17.245,1.051
7384,1,9.89,-0.27,0.84992,-0.226,3.745,4.519,15.0,0.038,0.0,20.335,19.774,19.162,18.798,18.749,0.85
7385,1,9.89,-0.25,0.94036,0.044,3.771,4.398,9.6,0.028,0.0,14.259,13.729,13.2,12.899,12.861,0.94
7386,1,9.89,-0.25,0.22734,-2.076,3.561,5.062,9.8,0.029,0.0,19.761,19.314,18.006,17.447,17.238,0.227
7387,1,9.89,-0.25,0.73337,-0.614,3.69,4.625,10.1,0.031,0.0,16.404,15.817,15.02,14.507,14.434,0.733
7388,1,9.89,-0.25,0.15356,-2.522,3.513,5.143,10.2,0.031,0.0,21.275,20.974,19.413,18.865,18.625,0.154
7389,1,9.89,-0.25,0.88378,-0.131,3.755,4.479,10.5,0.033,0.0,15.597,15.044,14.464,14.124,14.08,0.884
7390,1,9.89,-0.25,0.62227,-0.962,3.646,4.722,11.3,0.036,0.0,18.475,17.928,16.96,16.319,16.218,0.622
7391,1,9.89,-0.25,0.55707,-1.15,3.626,4.784,11.7,0.037,0.0,19.345,18.814,17.777,17.115,16.997,0.557
7392,1,9.89,-0.25,0.70787,-0.698,3.678,4.643,11.7,0.037,0.0,18.214,17.638,16.791,16.238,16.158,0.708
7393,1,9.89,-0.25,0.56495,-1.128,3.628,4.777,12.0,0.037,0.0,19.59,19.059,18.028,17.369,17.252,0.565
7394,1,9.89,-0.25,0.68508,-0.769,3.669,4.663,12.8,0.038,0.0,19.491,18.923,18.041,17.46,17.374,0.685
7395,1,9.89,-0.25,0.51986,-1.255,3.616,4.82,13.0,0.038,0.0,20.907,20.381,19.309,18.66,18.533,0.52
7396,1,9.89,-0.25,0.49197,-1.332,3.61,4.847,13.2,0.038,0.0,21.301,20.777,19.682,19.043,18.91,0.492
7397,1,9.89,-0.25,0.57839,-1.091,3.632,4.764,13.3,0.038,0.0,20.798,20.264,19.245,18.589,18.476,0.578
7398,1,9.89,-0.25,0.63849,-0.911,3.652,4.707,13.3,0.038,0.0,20.348,19.798,18.85,18.219,18.123,0.638
7399,1,9.89,-0.25,0.99489,0.207,3.781,4.3,13.8,0.038,0.0,18.052,17.547,17.044,16.764,16.728,0.995
7400,1,9.89,-0.25,0.71302,-0.681,3.68,4.64,13.9,0.038,0.0,20.372,19.795,18.958,18.412,18.333,0.713
7401,1,9.89,-0.25,0.82744,-0.306,3.734,4.545,13.9,0.038,0.0,19.435,18.863,18.217,17.828,17.775,0.827
7402,1,9.89,-0.25,0.76242,-0.518,3.704,4.602,14.0,0.038,0.0,20.065,19.479,18.731,18.26,18.194,0.762
7403,1,9.89,-0.25,1.10826,1.738,3.681,2.414,14.7,0.038,0.0,15.125,14.546,13.706,13.175,13.092,1.108
7404,1,9.89,-0.25,0.73767,-0.599,3.693,4.621,15.0,0.038,0.0,21.268,20.685,19.894,19.386,19.314,0.738
7405,1,9.89,-0.25,1.06859,0.523,3.765,3.948,15.7,0.038,0.0,19.161,18.628,18.075,17.76,17.719,1.069
7406,1,9.89,-0.23,0.65786,-0.858,3.657,4.688,10.5,0.033,0.0,17.414,16.855,15.93,15.315,15.223,0.658
7407,1,9.89,-0.23,0.1874,-2.277,3.542,5.103,10.7,0.034,0.0,21.162,20.775,19.371,18.818,18.586,0.187
7408,1,9.89,-0.23,0.26972,-1.933,3.569,5.024,11.0,0.035,0.0,20.603,20.138,18.86,18.297,18.103,0.27
7409,1,9.89,-0.23,0.21637,-2.122,3.557,5.071,11.2,0.035,0.0,21.274,20.844,19.515,18.956,18.74,0.216
7410,1,9.89,-0.23,0.22656,-2.083,3.56,5.061,11.3,0.036,0.0,21.277,20.84,19.52,18.961,18.749,0.227
7411,1,9.89,-0.23,0.34105,-1.737,3.581,4.979,11.8,0.037,0.0,20.913,20.421,19.198,18.623,18.449,0.341
7412,1,9.89,-0.23,0.39133,-1.595,3.589,4.926,11.9,0.037,0.0,20.657,20.154,18.964,18.371,18.211,0.391
7413,1,9.89,-0.23,0.37592,-1.639,3.586,4.944,12.3,0.037,0.0,21.169,20.669,19.469,18.882,18.717,0.376
7414,1,9.89,-0.23,0.44843,-1.451,3.599,4.883,12.5,0.038,0.0,20.898,20.38,19.244,18.621,18.479,0.448
7415,1,9.89,-0.23,0.53997,-1.203,3.62,4.801,12.6,0.038,0.0,20.377,19.85,18.791,18.134,18.011,0.54
7416,1,9.89,-0.23,0.62071,-0.973,3.644,4.724,12.8,0.038,0.0,20.002,19.459,18.482,17.838,17.735,0.621
7417,1,9.89,-0.23,0.74937,-0.569,3.696,4.613,13.1,0.038,0.0,19.293,18.707,17.93,17.435,17.364,0.749
7418,1,9.89,-0.23,0.79221,-0.43,3.716,4.578,13.8,0.038,0.0,19.646,19.062,18.355,17.918,17.857,0.792
7419,1,9.89,-0.23,1.08032,0.526,3.749,3.888,13.8,0.038,0.0,17.254,16.697,16.098,15.748,15.701,1.08
7420,1,9.89,-0.23,0.82578,-0.322,3.731,4.548,13.9,0.038,0.0,19.474,18.898,18.243,17.846,17.791,0.826
7421,1,9.89,-0.23,0.66991,-0.821,3.661,4.677,14.4,0.038,0.0,21.222,20.661,19.752,19.149,19.059,0.67
7422,1,9.89,-0.23,0.79651,-0.416,3.718,4.575,14.5,0.038,0.0,20.311,19.728,19.028,18.596,18.536,0.797
7423,1,9.89,-0.23,0.86262,-0.206,3.745,4.508,14.7,0.038,0.0,19.985,19.423,18.813,18.451,18.403,0.863
7424,1,9.89,-0.23,0.76175,-0.529,3.702,4.603,14.9,0.038,0.0,20.992,20.405,19.649,19.172,19.104,0.762
7425,1,9.89,-0.23,0.98268,0.166,3.779,4.327,15.8,0.038,0.0,20.155,19.644,19.135,18.851,18.815,0.983
7426,1,9.89,-0.21,0.2415,-2.029,3.562,5.044,10.3,0.032,0.0,20.142,19.697,18.386,17.826,17.619,0.242
7427,1,9.89,-0.21,0.20025,-2.187,3.553,5.083,11.1,0.035,0.0,21.337,20.923,19.569,19.012,18.786,0.2
7428,1,9.89,-0.21,0.4701,-1.398,3.603,4.865,11.2,0.035,0.0,19.465,18.945,17.822,17.19,17.052,0.47
7429,1,9.89,-0.21,0.34839,-1.722,3.581,4.973,11.6,0.036,0.0,20.675,20.184,18.958,18.382,18.209,0.348
7430,1,9.89,-0.21,0.40168,-1.569,3.589,4.914,11.8,0.037,0.0,20.492,19.991,18.8,18.204,18.045,0.402
7431,1,9.89,-0.21,1.09238,0.502,3.717,3.787,11.9,0.037,0.0,15.416,14.832,14.126,13.692,13.631,1.092
7432,1,9.89,-0.21,0.44936,-1.453,3.598,4.882,12.0,0.037,0.0,20.402,19.886,18.743,18.121,17.977,0.449
7433,1,9.89,-0.21,0.32999,-1.769,3.578,4.984,12.2,0.037,0.0,21.392,20.906,19.666,19.095,18.917,0.33
7434,1,9.89,-0.21,0.32233,-1.788,3.577,4.988,12.2,0.037,0.0,21.441,20.957,19.711,19.143,18.963,0.322
7435,1,9.89,-0.21,0.70546,-0.721,3.673,4.646,12.6,0.038,0.0,19.173,18.599,17.734,17.166,17.083,0.705
7436,1,9.89,-0.21,0.58169,-1.093,3.63,4.762,12.7,0.038,0.0,20.202,19.67,18.644,17.983,17.87,0.582
7437,1,9.89,-0.21,1.10508,0.904,3.689,3.278,12.8,0.038,0.0,15.31,14.73,13.92,13.407,13.331,1.105
7438,1,9.89,-0.21,0.86984,-0.193,3.746,4.501,13.1,0.038,0.0,18.353,17.79,17.182,16.822,16.774,0.87
7439,1,9.89,-0.21,0.9036,-0.089,3.757,4.457,13.1,0.038,0.0,18.092,17.544,16.97,16.637,16.593,0.904
7440,1,9.89,-0.21,0.68051,-0.796,3.664,4.668,13.6,0.038,0.0,20.361,19.798,18.896,18.3,18.211,0.681
7441,1,9.89,-0.21,0.98459,0.164,3.778,4.325,13.7,0.038,0.0,18.06,17.545,17.034,16.748,16.712,0.985
7442,1,9.89,-0.21,0.8701,-0.192,3.746,4.501,13.9,0.038,0.0,19.151,18.588,17.981,17.621,17.573,0.87
7443,1,9.89,-0.21,0.5834,-1.088,3.631,4.76,14.0,0.038,0.0,21.49,20.958,19.933,19.273,19.16,0.583
7444,1,9.89,-0.21,0.68758,-0.776,3.666,4.661,14.1,0.038,0.0,20.809,20.243,19.351,18.762,18.675,0.688
7445,1,9.89,-0.21,0.657,-0.867,3.655,4.69,14.6,0.038,0.0,21.538,20.983,20.049,19.428,19.335,0.657
7446,1,9.89,-0.21,1.04545,0.389,3.784,4.15,14.9,0.038,0.0,18.698,18.195,17.7,17.428,17.393,1.045
7447,1,9.89,-0.19,0.25948,-1.971,3.565,5.028,11.0,0.035,0.0,20.698,20.249,18.945,18.383,18.181,0.259
7448,1,9.89,-0.19,0.93741,0.007,3.765,4.41,11.5,0.036,0.0,16.252,15.714,15.166,14.851,14.811,0.937
7449,1,9.89,-0.19,0.85834,-0.238,3.74,4.516,12.0,0.037,0.0,17.365,16.795,16.169,15.795,15.744,0.858
7450,1,9.89,-0.19,0.42312,-1.52,3.592,4.9,12.1,0.037,0.0,20.671,20.166,18.988,18.382,18.228,0.423
7451,1,9.89,-0.19,0.39838,-1.581,3.588,4.916,12.3,0.037,0.0,21.023,20.526,19.324,18.73,18.569,0.398
7452,1,9.89,-0.19,0.60053,-1.046,3.634,4.744,12.4,0.037,0.0,19.786,19.252,18.238,17.58,17.47,0.601
7453,1,9.89,-0.19,0.68159,-0.8,3.662,4.667,12.6,0.038,0.0,19.371,18.808,17.901,17.301,17.212,0.682
7454,1,9.89,-0.19,0.40841,-1.556,3.589,4.909,12.6,0.038,0.0,21.26,20.761,19.567,18.969,18.811,0.408
7455,1,9.89,-0.19,0.56546,-1.142,3.625,4.777,12.7,0.038,0.0,20.326,19.799,18.753,18.086,17.968,0.565
7456,1,9.89,-0.19,1.00034,0.208,3.778,4.29,12.9,0.038,0.0,17.15,16.635,16.125,15.841,15.805,1.0
7457,1,9.89,-0.19,0.59505,-1.062,3.632,4.75,13.1,0.038,0.0,20.524,19.991,18.972,18.312,18.201,0.595
7458,1,9.89,-0.19,0.63081,-0.954,3.645,4.716,13.3,0.038,0.0,20.455,19.911,18.936,18.292,18.191,0.631
7459,1,9.89,-0.19,0.53533,-1.226,3.617,4.806,13.4,0.038,0.0,21.234,20.711,19.636,18.979,18.855,0.535
7460,1,9.89,-0.19,0.61619,-0.999,3.639,4.73,13.6,0.038,0.0,20.867,20.327,19.333,18.682,18.577,0.616
7461,1,9.89,-0.19,0.58282,-1.095,3.629,4.761,13.6,0.038,0.0,21.107,20.577,19.547,18.884,18.77,0.583
7462,1,9.89,-0.19,0.75871,-0.555,3.697,4.607,13.6,0.038,0.0,19.759,19.171,18.396,17.903,17.832,0.759
7463,1,9.89,-0.19,0.8374,-0.304,3.732,4.539,13.8,0.038,0.0,19.33,18.752,18.099,17.705,17.651,0.837
7464,1,9.89,-0.19,0.69176,-0.771,3.666,4.658,14.4,0.038,0.0,21.096,20.53,19.637,19.047,18.96,0.692
7465,1,9.89,-0.19,0.95787,0.072,3.771,4.376,14.5,0.038,0.0,19.09,18.562,18.029,17.727,17.688,0.958
7466,1,9.89,-0.19,0.79706,-0.433,3.714,4.575,14.6,0.038,0.0,20.452,19.866,19.153,18.71,18.648,0.797
7467,1,9.89,-0.19,0.78494,-0.472,3.709,4.585,15.3,0.038,0.0,21.249,20.662,19.929,19.471,19.406,0.785
7468,1,9.89,-0.17,0.69943,-0.756,3.667,4.652,11.3,0.036,0.0,17.959,17.39,16.501,15.914,15.828,0.699
7469,1,9.89,-0.17,0.54294,-1.209,3.618,4.799,12.3,0.037,0.0,20.093,19.571,18.496,17.837,17.714,0.543
7470,1,9.89,-0.17,0.39876,-1.584,3.587,4.915,12.3,0.037,0.0,21.029,20.536,19.324,18.732,18.57,0.399
7471,1,9.89,-0.17,0.53515,-1.231,3.616,4.806,12.6,0.038,0.0,20.447,19.926,18.844,18.188,18.063,0.535
7472,1,9.89,-0.17,0.56496,-1.149,3.623,4.778,13.1,0.038,0.0,20.742,20.217,19.164,18.497,18.379,0.565
7473,1,9.89,-0.17,1.05524,0.397,3.78,4.128,13.1,0.038,0.0,16.877,16.363,15.856,15.576,15.539,1.055
7474,1,9.89,-0.17,0.64954,-0.903,3.65,4.699,13.5,0.038,0.0,20.528,19.979,19.022,18.385,18.288,0.65
7475,1,9.89,-0.17,0.90337,-0.107,3.754,4.461,13.5,0.038,0.0,18.538,17.981,17.398,17.056,17.011,0.903
7476,1,9.89,-0.17,1.02322,0.283,3.778,4.223,13.7,0.038,0.0,17.763,17.245,16.734,16.45,16.413,1.023
7477,1,9.89,-0.17,1.05093,0.382,3.779,4.141,13.7,0.038,0.0,17.515,17.001,16.494,16.213,16.176,1.051
7478,1,9.89,-0.17,0.59448,-1.069,3.631,4.751,13.9,0.038,0.0,21.341,20.811,19.785,19.123,19.011,0.594
7479,1,9.89,-0.17,1.09619,0.513,3.74,3.87,14.0,0.038,0.0,17.488,16.918,16.29,15.918,15.866,1.096
7480,1,9.89,-0.17,0.95944,0.07,3.77,4.375,14.1,0.038,0.0,18.696,18.164,17.628,17.324,17.285,0.959
7481,1,9.89,-0.17,0.78305,-0.486,3.706,4.588,14.2,0.038,0.0,20.186,19.597,18.854,18.388,18.322,0.783
7482,1,9.89,-0.17,0.65406,-0.89,3.651,4.694,14.3,0.038,0.0,21.294,20.743,19.793,19.16,19.064,0.654
7483,1,9.89,-0.17,0.74683,-0.602,3.689,4.616,14.3,0.038,0.0,20.576,19.992,19.187,18.67,18.596,0.747
7484,1,9.89,-0.17,0.74272,-0.616,3.687,4.62,14.5,0.038,0.0,20.809,20.226,19.414,18.891,18.816,0.743
7485,1,9.89,-0.17,0.70328,-0.743,3.669,4.649,14.5,0.038,0.0,21.128,20.559,19.676,19.094,19.009,0.703
7486,1,9.89,-0.17,0.78147,-0.491,3.705,4.589,14.8,0.038,0.0,20.798,20.209,19.464,18.996,18.93,0.781
7487,1,9.89,-0.17,0.98077,0.139,3.774,4.335,15.9,0.038,0.0,20.323,19.799,19.278,18.985,18.947,0.981
7488,1,9.89,-0.15,0.71134,-0.725,3.671,4.643,11.6,0.036,0.0,18.182,17.609,16.734,16.159,16.075,0.711
7489,1,9.89,-0.15,1.12485,1.506,3.663,2.58,11.7,0.037,0.0,12.704,12.146,11.231,10.639,10.544,1.125
7490,1,9.89,-0.15,0.77629,-0.516,3.701,4.594,12.0,0.037,0.0,18.06,17.47,16.709,16.229,16.161,0.776
7491,1,9.89,-0.15,0.58015,-1.113,3.626,4.765,12.1,0.037,0.0,19.652,19.126,18.082,17.412,17.297,0.58
7492,1,9.89,-0.15,0.59969,-1.06,3.631,4.746,12.3,0.037,0.0,19.72,19.189,18.163,17.499,17.388,0.6
7493,1,9.89,-0.15,0.96564,0.083,3.77,4.364,12.7,0.038,0.0,17.262,16.729,16.193,15.89,15.85,0.966
7494,1,9.89,-0.15,0.65348,-0.898,3.65,4.696,13.0,0.038,0.0,20.015,19.466,18.508,17.871,17.774,0.653
7495,1,9.89,-0.15,0.6629,-0.87,3.653,4.687,13.6,0.038,0.0,20.544,19.992,19.047,18.418,18.323,0.663
7496,1,9.89,-0.15,0.95609,0.052,3.767,4.381,13.9,0.038,0.0,18.539,18.002,17.46,17.151,17.111,0.956
7497,1,9.89,-0.15,0.79924,-0.443,3.711,4.575,14.1,0.038,0.0,19.979,19.39,18.666,18.215,18.151,0.799
7498,1,9.89,-0.15,0.65233,-0.902,3.649,4.697,14.1,0.038,0.0,21.124,20.575,19.616,18.978,18.881,0.652
7499,1,9.89,-0.15,0.7359,-0.646,3.682,4.625,14.3,0.038,0.0,20.684,20.103,19.272,18.733,18.655,0.736
7500,1,9.89,-0.15,0.81619,-0.39,3.719,4.56,14.6,0.038,0.0,20.344,19.758,19.06,18.63,18.57,0.816
7501,1,9.89,-0.15,0.84567,-0.297,3.731,4.533,15.2,0.038,0.0,20.711,20.132,19.476,19.08,19.026,0.846
7502,1,9.89,-0.13,0.77224,-0.537,3.697,4.597,9.5,0.027,0.0,15.613,15.016,14.246,13.755,13.686,0.772
7503,1,9.89,-0.13,0.89097,-0.163,3.746,4.481,11.8,0.037,0.0,16.978,16.41,15.803,15.444,15.396,0.891
7504,1,9.89,-0.13,1.11867,0.76,3.689,3.43,11.9,0.037,0.0,14.769,14.186,13.379,12.869,12.793,1.119
7505,1,9.89,-0.13,0.56407,-1.162,3.621,4.78,13.2,0.038,0.0,20.874,20.353,19.286,18.62,18.5,0.564
7506,1,9.89,-0.13,0.48799,-1.367,3.602,4.848,13.2,0.038,0.0,21.388,20.875,19.739,19.098,18.963,0.488
7507,1,9.89,-0.13,0.56165,-1.168,3.62,4.782,13.4,0.038,0.0,21.091,20.569,19.501,18.835,18.715,0.562
7508,1,9.89,-0.13,1.0069,0.214,3.774,4.27,13.4,0.038,0.0,17.634,17.107,16.586,16.294,16.256,1.007
7509,1,9.89,-0.13,0.56648,-1.155,3.621,4.778,13.8,0.038,0.0,21.458,20.936,19.872,19.205,19.086,0.566
7510,1,9.89,-0.13,0.59034,-1.091,3.628,4.756,13.9,0.038,0.0,21.397,20.87,19.829,19.16,19.046,0.59
7511,1,9.89,-0.13,0.61003,-1.035,3.633,4.738,14.0,0.038,0.0,21.356,20.824,19.805,19.143,19.034,0.61
7512,1,9.89,-0.13,1.08427,0.483,3.77,4.016,14.3,0.038,0.0,17.862,17.329,16.795,16.495,16.455,1.084
7513,1,9.89,-0.13,0.7266,-0.683,3.676,4.633,14.8,0.038,0.0,21.278,20.7,19.846,19.287,19.206,0.727
7514,1,9.89,-0.13,0.95049,0.028,3.764,4.391,14.9,0.038,0.0,19.601,19.058,18.507,18.191,18.15,0.95
7515,1,9.89,-0.11,0.42205,-1.537,3.588,4.897,11.4,0.036,0.0,20.013,19.522,18.306,17.707,17.549,0.422
7516,1,9.89,-0.11,0.4272,-1.525,3.589,4.894,11.6,0.036,0.0,20.182,19.69,18.479,17.877,17.72,0.427
7517,1,9.89,-0.11,0.79542,-0.472,3.705,4.579,12.3,0.037,0.0,18.251,17.66,16.916,16.449,16.383,0.795
7518,1,9.89,-0.11,0.47644,-1.399,3.599,4.856,12.5,0.038,0.0,20.768,20.261,19.107,18.471,18.333,0.476
7519,1,9.89,-0.11,0.93158,-0.041,3.757,4.423,12.6,0.038,0.0,17.473,16.918,16.346,16.015,15.971,0.932
7520,1,9.89,-0.11,0.43699,-1.501,3.59,4.887,12.7,0.038,0.0,21.222,20.728,19.527,18.919,18.766,0.437
7521,1,9.89,-0.11,0.52347,-1.277,3.609,4.817,12.9,0.038,0.0,20.864,20.349,19.237,18.584,18.456,0.523
7522,1,9.89,-0.11,0.44488,-1.482,3.592,4.882,13.0,0.038,0.0,21.474,20.978,19.785,19.173,19.022,0.445
7523,1,9.89,-0.11,0.80171,-0.453,3.708,4.573,13.1,0.038,0.0,19.002,18.411,17.677,17.218,17.153,0.802
7524,1,9.89,-0.11,0.55282,-1.197,3.617,4.79,13.4,0.038,0.0,21.163,20.645,19.561,18.898,18.776,0.553
7525,1,9.89,-0.11,0.84074,-0.33,3.725,4.539,14.5,0.038,0.0,20.096,19.509,18.833,18.422,18.364,0.841
7526,1,9.89,-0.11,1.08555,0.481,3.768,4.009,14.5,0.038,0.0,18.066,17.528,16.988,16.684,16.642,1.086
7527,1,9.89,-0.09,0.51857,-1.295,3.607,4.822,9.1,0.025,0.0,17.109,16.588,15.47,14.82,14.691,0.519
7528,1,9.89,-0.09,0.16185,-2.482,3.513,5.126,9.8,0.029,0.0,20.775,20.479,18.899,18.364,18.123,0.162
7529,1,9.89,-0.09,0.46388,-1.436,3.595,4.866,10.7,0.034,0.0,19.06,18.558,17.38,16.757,16.612,0.464
7530,1,9.89,-0.09,0.33958,-1.765,3.573,4.972,12.1,0.037,0.0,21.282,20.818,19.53,18.963,18.779,0.34
7531,1,9.89,-0.09,0.60363,-1.065,3.629,4.745,12.3,0.037,0.0,19.732,19.205,18.167,17.496,17.384,0.604
7532,1,9.89,-0.09,0.79678,-0.476,3.704,4.578,13.0,0.038,0.0,18.961,18.369,17.62,17.149,17.083,0.797
7533,1,9.89,-0.09,0.5741,-1.145,3.621,4.772,13.2,0.038,0.0,20.833,20.313,19.244,18.574,18.455,0.574
7534,1,9.89,-0.09,0.6385,-0.962,3.64,4.712,13.2,0.038,0.0,20.375,19.837,18.841,18.187,18.084,0.638
7535,1,9.89,-0.09,0.98204,0.126,3.769,4.326,13.2,0.038,0.0,17.655,17.117,16.581,16.277,16.237,0.982
7536,1,9.89,-0.09,0.48857,-1.374,3.6,4.847,13.3,0.038,0.0,21.504,20.996,19.847,19.205,19.069,0.489
7537,1,9.89,-0.09,0.60626,-1.057,3.63,4.742,13.8,0.038,0.0,21.212,20.685,19.65,18.981,18.869,0.606
7538,1,9.89,-0.09,0.84756,-0.318,3.726,4.533,14.2,0.038,0.0,19.765,19.177,18.504,18.095,18.038,0.848
7539,1,9.89,-0.09,1.14584,2.342,5.037,6.956,15.2,0.038,0.0,14.114,20.936,21.4,21.561,21.662,0.583
7540,1,9.89,-0.07,0.25147,-2.016,3.556,5.025,10.8,0.034,0.0,20.61,20.195,18.834,18.276,18.058,0.251
7541,1,9.89,-0.07,0.31032,-1.843,3.567,4.986,11.0,0.035,0.0,20.378,19.931,18.616,18.052,17.856,0.31
7542,1,9.89,-0.07,0.59765,-1.087,3.626,4.751,11.3,0.036,0.0,18.788,18.264,17.213,16.538,16.424,0.598
7543,1,9.89,-0.07,0.29337,-1.89,3.564,4.996,11.9,0.037,0.0,21.394,20.957,19.63,19.066,18.864,0.293
7544,1,9.89,-0.07,1.09363,0.489,3.752,3.942,12.1,0.037,0.0,15.648,15.084,14.497,14.157,14.111,1.094
7545,1,9.89,-0.07,0.79431,-0.492,3.701,4.58,12.5,0.038,0.0,18.5,17.907,17.148,16.669,16.601,0.794
7546,1,9.89,-0.07,0.8814,-0.221,3.737,4.5,12.8,0.038,0.0,18.123,17.545,16.91,16.53,16.478,0.881
7547,1,9.89,-0.07,0.557,-1.196,3.615,4.787,13.3,0.038,0.0,21.061,20.546,19.453,18.788,18.665,0.557
7548,1,9.89,-0.07,0.84413,-0.337,3.722,4.537,13.5,0.038,0.0,19.113,18.524,17.839,17.421,17.362,0.844
7549,1,9.89,-0.07,0.65243,-0.928,3.643,4.7,13.6,0.038,0.0,20.689,20.147,19.163,18.513,18.412,0.652
7550,1,9.89,-0.07,0.75239,-0.624,3.682,4.614,14.1,0.038,0.0,20.43,19.846,19.017,18.478,18.401,0.752
7551,1,9.89,-0.07,0.63517,-0.978,3.638,4.716,14.1,0.038,0.0,21.315,20.78,19.774,19.115,19.01,0.635
7552,1,9.89,-0.07,0.73969,-0.664,3.677,4.624,14.3,0.038,0.0,20.731,20.15,19.299,18.742,18.661,0.74
7553,1,9.89,-0.07,0.78441,-0.523,3.697,4.589,14.6,0.038,0.0,20.678,20.086,19.31,18.818,18.748,0.784
7554,1,9.89,-0.07,1.04264,0.327,3.771,4.161,14.7,0.038,0.0,18.653,18.117,17.588,17.293,17.253,1.043
7555,1,9.89,-0.07,1.09699,0.495,3.747,3.918,14.9,0.038,0.0,18.432,17.863,17.26,16.908,16.86,1.097
7556,1,9.89,-0.07,0.93808,-0.033,3.756,4.413,15.3,0.038,0.0,20.152,19.593,19.018,18.685,18.64,0.938
7557,1,9.89,-0.05,0.8962,-0.182,3.741,4.481,11.7,0.037,0.0,16.926,16.348,15.725,15.355,15.304,0.896
7558,1,9.89,-0.05,0.48815,-1.382,3.598,4.846,12.2,0.037,0.0,20.426,19.925,18.757,18.119,17.981,0.488
7559,1,9.89,-0.05,0.49482,-1.367,3.599,4.842,12.4,0.037,0.0,20.587,20.084,18.924,18.28,18.145,0.495
7560,1,9.89,-0.05,0.70875,-0.77,3.661,4.648,13.6,0.038,0.0,20.294,19.732,18.816,18.21,18.121,0.709
7561,1,9.89,-0.05,1.03578,0.301,3.769,4.177,14.3,0.038,0.0,18.319,17.778,17.244,16.944,16.904,1.036
7562,1,9.89,-0.03,1.11602,0.765,3.684,3.402,11.4,0.036,0.0,14.258,13.674,12.846,12.321,12.241,1.116
7563,1,9.89,-0.03,0.49572,-1.369,3.598,4.841,12.6,0.038,0.0,20.792,20.292,19.124,18.482,18.345,0.496
7564,1,9.89,-0.03,0.62852,-1.01,3.633,4.724,12.9,0.038,0.0,20.194,19.665,18.638,17.97,17.862,0.629
7565,1,9.89,-0.03,0.89144,-0.208,3.737,4.491,12.9,0.038,0.0,18.191,17.61,16.975,16.595,16.543,0.891
7566,1,9.89,-0.03,0.8162,-0.44,3.707,4.563,13.4,0.038,0.0,19.271,18.678,17.937,17.475,17.41,0.816
7567,1,9.89,-0.03,0.68913,-0.835,3.652,4.665,13.5,0.038,0.0,20.358,19.806,18.854,18.22,18.125,0.689
7568,1,9.89,-0.03,0.77696,-0.562,3.69,4.596,14.1,0.038,0.0,20.274,19.686,18.884,18.369,18.296,0.777
7569,1,9.89,-0.03,1.13298,1.706,3.667,2.4,14.2,0.038,0.0,14.706,14.137,13.237,12.668,12.572,1.133
7570,1,9.89,-0.03,0.69608,-0.816,3.654,4.659,14.3,0.038,0.0,21.11,20.555,19.612,18.984,18.891,0.696
7571,1,9.89,-0.01,0.98347,0.12,3.763,4.309,11.1,0.035,0.0,15.569,15.015,14.464,14.149,14.107,0.983
7572,1,9.89,-0.01,0.25854,-2.005,3.554,5.017,11.2,0.035,0.0,20.983,20.579,19.199,18.641,18.42,0.259
7573,1,9.89,-0.01,0.52306,-1.302,3.603,4.818,12.7,0.038,0.0,20.725,20.221,19.075,18.419,18.29,0.523
7574,1,9.89,-0.01,0.66756,-0.904,3.644,4.687,13.3,0.038,0.0,20.33,19.788,18.803,18.151,18.051,0.668
7575,1,9.89,-0.01,0.65101,-0.951,3.639,4.703,13.6,0.038,0.0,20.748,20.213,19.207,18.547,18.444,0.651
7576,1,9.89,-0.01,0.6814,-0.865,3.648,4.673,14.0,0.038,0.0,20.931,20.384,19.416,18.771,18.675,0.681
7577,1,9.89,0.01,0.18094,-2.358,3.524,5.096,10.4,0.032,0.0,21.066,20.739,19.208,18.676,18.441,0.181
7578,1,9.89,0.01,0.31722,-1.817,3.564,4.957,11.4,0.036,0.0,20.713,20.284,18.939,18.375,18.174,0.317
7579,1,9.89,0.01,1.0328,0.243,3.767,4.223,12.9,0.038,0.0,17.062,16.513,15.973,15.669,15.628,1.033
7580,1,9.89,0.01,0.6185,-1.047,3.628,4.733,13.9,0.038,0.0,21.289,20.767,19.716,19.038,18.927,0.619
7581,1,9.89,0.01,0.83563,-0.399,3.711,4.55,15.0,0.038,0.0,20.766,20.172,19.448,19.0,18.937,0.836
7582,1,9.89,0.03,1.05043,0.303,3.766,4.168,10.3,0.032,0.0,14.314,13.759,13.219,12.916,12.874,1.05
7583,1,9.89,0.03,0.69081,-0.847,3.649,4.665,12.5,0.038,0.0,19.386,18.837,17.871,17.229,17.133,0.691
7584,1,9.89,0.05,0.68368,-0.87,3.646,4.671,12.1,0.037,0.0,19.044,18.499,17.519,16.872,16.774,0.684
7585,1,9.89,0.05,0.45489,-1.483,3.586,4.87,12.6,0.038,0.0,21.077,20.607,19.351,18.745,18.589,0.455
7586,1,9.89,0.05,0.63544,-1.006,3.631,4.717,12.7,0.038,0.0,19.984,19.459,18.419,17.747,17.638,0.635
7587,1,9.89,0.05,0.66032,-0.935,3.639,4.694,13.4,0.038,0.0,20.509,19.974,18.965,18.305,18.202,0.66
7588,1,9.89,0.05,1.08463,0.426,3.754,4.008,14.0,0.038,0.0,17.705,17.136,16.555,16.224,16.177,1.085
7589,1,9.89,0.05,0.94568,-0.061,3.748,4.414,14.1,0.038,0.0,19.021,18.444,17.848,17.501,17.453,0.946
7590,1,9.89,0.05,1.07236,0.381,3.761,4.079,14.3,0.038,0.0,18.117,17.558,17.001,16.687,16.643,1.072
7591,1,9.89,0.07,0.64248,-0.989,3.632,4.711,13.8,0.038,0.0,21.043,20.516,19.48,18.81,18.702,0.642
7592,1,9.89,0.09,1.01687,0.154,3.76,4.279,12.8,0.038,0.0,17.186,16.622,16.063,15.747,15.703,1.017
7593,1,9.89,0.09,0.71192,-0.797,3.653,4.647,12.9,0.038,0.0,19.662,19.105,18.157,17.53,17.437,0.712
7594,1,9.89,0.11,0.21977,-2.158,3.539,5.041,11.1,0.035,0.0,21.265,20.9,19.446,18.901,18.67,0.22
7595,1,9.89,0.11,1.03136,0.198,3.76,4.242,13.0,0.038,0.0,17.276,16.711,16.153,15.839,15.795,1.031
7596,1,9.89,0.11,0.62281,-1.05,3.625,4.728,13.2,0.038,0.0,20.596,20.081,19.01,18.327,18.214,0.623
7597,1,9.89,0.11,0.68461,-0.878,3.643,4.671,13.4,0.038,0.0,20.365,19.823,18.831,18.181,18.081,0.685
7598,1,9.89,0.13,0.6552,-0.963,3.634,4.699,13.4,0.038,0.0,20.579,20.052,19.016,18.349,18.242,0.655
7599,1,9.89,0.15,1.06452,0.304,3.758,4.141,13.9,0.038,0.0,17.91,17.338,16.775,16.459,16.413,1.065
7600,1,9.89,0.17,0.80653,-0.532,3.688,4.574,14.7,0.038,0.0,20.799,20.202,19.393,18.881,18.805,0.807
7601,1,9.89,0.19,0.74603,-0.716,3.662,4.62,13.8,0.038,0.0,20.359,19.789,18.873,18.277,18.187,0.746
7602,1,9.91,-0.85,0.78311,-0.211,3.765,4.55,13.9,0.038,0.0,19.199,18.703,18.143,17.818,17.775,0.783
7603,1,9.91,-0.81,0.55683,-1.016,3.659,4.782,13.3,0.038,0.0,20.61,20.053,19.147,18.559,18.458,0.557
7604,1,9.91,-0.79,0.63832,-0.739,3.692,4.697,13.0,0.038,0.0,19.618,19.048,18.258,17.756,17.677,0.638
7605,1,9.91,-0.77,0.68336,-0.585,3.713,4.657,14.6,0.038,0.0,20.833,20.267,19.55,19.106,19.039,0.683
7606,1,9.91,-0.77,0.75899,-0.317,3.75,4.581,14.9,0.038,0.0,20.463,19.934,19.333,18.977,18.928,0.759
7607,1,9.91,-0.75,0.20254,-2.065,3.59,5.115,11.4,0.036,0.0,21.333,20.8,19.672,19.103,18.931,0.203
7608,1,9.91,-0.75,0.235,-1.937,3.598,5.084,11.7,0.037,0.0,21.313,20.768,19.676,19.1,18.937,0.235
7609,1,9.91,-0.75,0.91223,0.288,3.802,4.265,13.1,0.038,0.0,17.149,16.726,16.27,16.022,15.993,0.912
7610,1,9.91,-0.75,0.82525,-0.079,3.776,4.484,14.2,0.038,0.0,19.166,18.686,18.158,17.856,17.82,0.825
7611,1,9.91,-0.71,0.28661,-1.768,3.608,5.041,11.6,0.036,0.0,20.79,20.24,19.181,18.593,18.441,0.287
7612,1,9.91,-0.71,0.52784,-1.12,3.647,4.815,13.9,0.038,0.0,21.469,20.917,19.97,19.356,19.248,0.528
7613,1,9.91,-0.69,0.50649,-1.187,3.641,4.841,11.6,0.036,0.0,19.338,18.787,17.822,17.205,17.091,0.506
7614,1,9.91,-0.69,0.73859,-0.407,3.736,4.603,13.8,0.038,0.0,19.587,19.037,18.393,18.005,17.95,0.739
7615,1,9.91,-0.69,0.76852,-0.301,3.75,4.57,14.5,0.038,0.0,20.022,19.489,18.888,18.532,18.484,0.769
7616,1,9.91,-0.67,0.3305,-1.629,3.614,4.99,11.0,0.035,0.0,19.844,19.292,18.251,17.653,17.508,0.33
7617,1,9.91,-0.67,0.47915,-1.267,3.635,4.872,12.3,0.037,0.0,20.238,19.689,18.705,18.086,17.965,0.479
7618,1,9.91,-0.67,0.53029,-1.118,3.646,4.811,12.4,0.037,0.0,19.965,19.414,18.462,17.845,17.736,0.53
7619,1,9.91,-0.67,0.88407,0.128,3.791,4.365,13.5,0.038,0.0,17.949,17.496,17.009,16.738,16.706,0.884
7620,1,9.91,-0.67,0.522,-1.143,3.644,4.822,13.7,0.038,0.0,21.328,20.778,19.82,19.202,19.091,0.522
7621,1,9.91,-0.67,0.96761,0.553,3.788,3.966,14.2,0.038,0.0,17.586,17.126,16.631,16.356,16.322,0.968
7622,1,9.91,-0.65,0.22931,-1.965,3.593,5.081,11.7,0.037,0.0,21.383,20.847,19.728,19.154,18.987,0.229
7623,1,9.91,-0.65,0.42635,-1.409,3.625,4.921,12.4,0.037,0.0,20.693,20.146,19.131,18.511,18.378,0.426
7624,1,9.91,-0.63,0.53149,-1.125,3.644,4.809,12.9,0.038,0.0,20.481,19.932,18.972,18.35,18.24,0.531
7625,1,9.91,-0.63,0.83939,-0.078,3.772,4.474,13.3,0.038,0.0,18.266,17.77,17.233,16.924,16.886,0.839
7626,1,9.91,-0.63,0.47382,-1.292,3.631,4.876,13.3,0.038,0.0,21.299,20.753,19.755,19.131,19.007,0.474
7627,1,9.91,-0.63,0.56887,-1.009,3.654,4.764,13.6,0.038,0.0,20.892,20.339,19.411,18.801,18.701,0.569
7628,1,9.91,-0.63,0.64922,-0.739,3.687,4.684,14.8,0.038,0.0,21.417,20.846,20.036,19.515,19.436,0.649
7629,1,9.91,-0.61,0.88543,0.076,3.786,4.399,11.7,0.037,0.0,16.281,15.812,15.313,15.034,15.0,0.885
7630,1,9.91,-0.61,0.27667,-1.806,3.6,5.031,12.1,0.037,0.0,21.386,20.839,19.75,19.167,19.011,0.277
7631,1,9.91,-0.61,0.55954,-1.044,3.65,4.775,12.7,0.038,0.0,20.08,19.529,18.586,17.966,17.863,0.56
7632,1,9.91,-0.61,0.99779,0.588,3.783,3.926,13.7,0.038,0.0,16.999,16.524,16.017,15.734,15.699,0.998
7633,1,9.91,-0.61,1.03456,3.058,3.596,0.723,14.7,0.038,0.0,11.825,11.441,10.206,9.367,9.214,1.035
7634,1,9.91,-0.59,0.38504,-1.524,3.614,4.95,11.6,0.036,0.0,20.181,19.634,18.586,17.979,17.837,0.385
7635,1,9.91,-0.59,0.33218,-1.655,3.607,4.989,11.7,0.037,0.0,20.607,20.059,18.992,18.398,18.25,0.332
7636,1,9.91,-0.59,0.90856,0.149,3.791,4.358,12.7,0.038,0.0,17.099,16.64,16.157,15.888,15.856,0.909
7637,1,9.91,-0.59,0.84065,-0.1,3.769,4.483,13.0,0.038,0.0,18.02,17.515,16.969,16.654,16.615,0.841
7638,1,9.91,-0.59,0.45123,-1.363,3.624,4.897,13.2,0.038,0.0,21.379,20.834,19.814,19.187,19.056,0.451
7639,1,9.91,-0.59,1.04557,2.292,5.045,7.05,13.5,0.038,0.0,12.54,19.421,19.886,20.047,20.149,0.597
7640,1,9.91,-0.59,0.85114,-0.063,3.773,4.468,15.3,0.038,0.0,20.228,19.73,19.196,18.889,18.851,0.851
7641,1,9.91,-0.57,0.51475,-1.19,3.636,4.829,10.3,0.032,0.0,18.046,17.497,16.511,15.882,15.766,0.515
7642,1,9.91,-0.57,0.17129,-2.336,3.547,5.142,10.8,0.034,0.0,21.41,20.994,19.657,19.093,18.864,0.171
7643,1,9.91,-0.57,0.43802,-1.401,3.62,4.907,12.0,0.037,0.0,20.272,19.728,18.696,18.074,17.94,0.438
7644,1,9.91,-0.57,0.66038,-0.724,3.687,4.676,13.2,0.038,0.0,19.78,19.208,18.397,17.873,17.795,0.66
7645,1,9.91,-0.57,0.65245,-0.75,3.683,4.682,14.0,0.038,0.0,20.646,20.076,19.251,18.716,18.637,0.652
7646,1,9.91,-0.57,0.60911,-0.899,3.663,4.721,14.0,0.038,0.0,21.017,20.459,19.562,18.971,18.879,0.609
7647,1,9.91,-0.57,0.76668,-0.364,3.736,4.578,15.7,0.038,0.0,21.38,20.826,20.183,19.795,19.741,0.767
7648,1,9.91,-0.55,0.42243,-1.444,3.616,4.918,9.7,0.028,0.0,18.08,17.53,16.488,15.873,15.736,0.422
7649,1,9.91,-0.55,0.74054,-0.462,3.722,4.605,10.9,0.034,0.0,16.824,16.253,15.568,15.146,15.087,0.741
7650,1,9.91,-0.55,0.4552,-1.362,3.621,4.891,12.0,0.037,0.0,20.176,19.633,18.604,17.976,17.845,0.455
7651,1,9.91,-0.55,0.34447,-1.638,3.606,4.981,12.5,0.038,0.0,21.365,20.819,19.745,19.149,19.001,0.344
7652,1,9.91,-0.55,0.46821,-1.327,3.624,4.878,12.7,0.038,0.0,20.787,20.244,19.223,18.59,18.462,0.468
7653,1,9.91,-0.55,0.5592,-1.062,3.646,4.777,13.2,0.038,0.0,20.624,20.076,19.118,18.491,18.386,0.559
7654,1,9.91,-0.55,0.53839,-1.125,3.64,4.8,13.4,0.038,0.0,20.981,20.435,19.461,18.83,18.719,0.538
7655,1,9.91,-0.55,0.83613,-0.138,3.764,4.499,13.8,0.038,0.0,18.915,18.399,17.839,17.513,17.472,0.836
7656,1,9.91,-0.55,0.6563,-0.745,3.683,4.68,14.4,0.038,0.0,21.033,20.462,19.637,19.102,19.022,0.656
7657,1,9.91,-0.55,0.62053,-0.867,3.667,4.712,14.4,0.038,0.0,21.337,20.775,19.891,19.31,19.22,0.621
7658,1,9.91,-0.55,0.79187,-0.288,3.745,4.553,14.7,0.038,0.0,20.191,19.646,19.032,18.666,18.617,0.792
7659,1,9.91,-0.55,0.75954,-0.397,3.731,4.586,15.1,0.038,0.0,20.864,20.302,19.644,19.243,19.188,0.76
7660,1,9.91,-0.53,0.27789,-1.83,3.593,5.029,10.6,0.033,0.0,19.944,19.408,18.285,17.708,17.544,0.278
7661,1,9.91,-0.53,0.20374,-2.103,3.576,5.101,11.4,0.036,0.0,21.428,20.921,19.721,19.164,18.977,0.204
7662,1,9.91,-0.53,0.26453,-1.872,3.59,5.039,12.0,0.037,0.0,21.45,20.921,19.784,19.21,19.042,0.265
7663,1,9.91,-0.53,0.53088,-1.152,3.637,4.809,12.9,0.038,0.0,20.551,20.006,19.021,18.387,18.273,0.531
7664,1,9.91,-0.53,0.71709,-0.55,3.709,4.627,13.7,0.038,0.0,19.845,19.271,18.54,18.081,18.015,0.717
7665,1,9.91,-0.53,0.87914,-0.001,3.777,4.438,15.2,0.038,0.0,19.971,19.479,18.958,18.663,18.627,0.879
7666,1,9.91,-0.51,0.99173,0.419,3.798,4.155,12.2,0.037,0.0,15.922,15.473,15.012,14.762,14.732,0.992
7667,1,9.91,-0.51,0.9922,0.422,3.798,4.152,12.6,0.038,0.0,16.316,15.866,15.405,15.155,15.125,0.992
7668,1,9.91,-0.51,0.95252,0.246,3.795,4.297,14.1,0.038,0.0,18.256,17.8,17.329,17.071,17.04,0.953
7669,1,9.91,-0.51,0.69145,-0.644,3.695,4.65,14.2,0.038,0.0,20.581,20.005,19.224,18.725,18.653,0.691
7670,1,9.91,-0.51,0.77441,-0.365,3.734,4.575,14.2,0.038,0.0,19.882,19.323,18.674,18.281,18.228,0.774
7671,1,9.91,-0.51,0.7147,-0.566,3.706,4.63,14.5,0.038,0.0,20.686,20.11,19.368,18.901,18.834,0.715
7672,1,9.91,-0.51,0.91953,0.131,3.788,4.368,15.0,0.038,0.0,19.444,18.973,18.482,18.208,18.175,0.92
7673,1,9.91,-0.51,0.79566,-0.293,3.744,4.553,15.0,0.038,0.0,20.503,19.955,19.336,18.966,18.916,0.796
7674,1,9.91,-0.51,0.71272,-0.573,3.705,4.632,15.3,0.038,0.0,21.503,20.926,20.182,19.711,19.644,0.713
7675,1,9.91,-0.51,0.84649,-0.122,3.765,4.492,15.7,0.038,0.0,20.774,20.257,19.701,19.378,19.338,0.846
7676,1,9.91,-0.49,0.62649,-0.867,3.665,4.708,10.8,0.034,0.0,17.739,17.176,16.284,15.695,15.606,0.626
7677,1,9.91,-0.49,0.6975,-0.633,3.696,4.645,11.5,0.036,0.0,17.852,17.274,16.496,15.999,15.928,0.698
7678,1,9.91,-0.49,0.4105,-1.489,3.609,4.923,11.7,0.037,0.0,20.191,19.649,18.581,17.97,17.828,0.411
7679,1,9.91,-0.49,0.44046,-1.415,3.614,4.9,12.3,0.037,0.0,20.607,20.066,19.012,18.391,18.255,0.44
7680,1,9.91,-0.49,0.94672,0.215,3.793,4.316,12.5,0.038,0.0,16.733,16.27,15.794,15.531,15.5,0.947
7681,1,9.91,-0.49,0.51189,-1.219,3.629,4.83,13.4,0.038,0.0,21.218,20.677,19.667,19.027,18.906,0.512
7682,1,9.91,-0.49,0.56985,-1.047,3.645,4.766,13.4,0.038,0.0,20.787,20.24,19.277,18.645,18.54,0.57
7683,1,9.91,-0.49,0.70129,-0.62,3.698,4.642,13.6,0.038,0.0,19.921,19.343,18.571,18.079,18.009,0.701
7684,1,9.91,-0.49,0.91684,0.111,3.786,4.378,13.8,0.038,0.0,18.294,17.816,17.32,17.042,17.008,0.917
7685,1,9.91,-0.49,0.57331,-1.036,3.646,4.762,13.9,0.038,0.0,21.261,20.714,19.754,19.122,19.019,0.573
7686,1,9.91,-0.49,0.91533,0.105,3.785,4.381,14.1,0.038,0.0,18.607,18.129,17.631,17.352,17.319,0.915
7687,1,9.91,-0.47,0.48571,-1.299,3.622,4.857,11.0,0.035,0.0,19.016,18.476,17.443,16.806,16.678,0.486
7688,1,9.91,-0.47,0.70218,-0.625,3.696,4.641,11.7,0.037,0.0,18.033,17.455,16.678,16.182,16.11,0.702
7689,1,9.91,-0.47,0.42815,-1.45,3.611,4.908,12.0,0.037,0.0,20.395,19.855,18.788,18.172,18.033,0.428
7690,1,9.91,-0.47,0.40118,-1.517,3.606,4.928,12.1,0.037,0.0,20.662,20.122,19.041,18.433,18.289,0.401
7691,1,9.91,-0.47,0.46687,-1.35,3.618,4.875,12.4,0.037,0.0,20.545,20.006,18.96,18.33,18.198,0.467
7692,1,9.91,-0.47,0.47142,-1.338,3.619,4.871,12.9,0.038,0.0,21.014,20.475,19.432,18.801,18.669,0.471
7693,1,9.91,-0.47,0.98889,0.402,3.796,4.161,13.7,0.038,0.0,17.465,17.008,16.541,16.287,16.256,0.989
7694,1,9.91,-0.47,0.55476,-1.097,3.639,4.782,13.7,0.038,0.0,21.212,20.669,19.687,19.05,18.94,0.555
7695,1,9.91,-0.47,0.59707,-0.972,3.651,4.737,13.9,0.038,0.0,21.101,20.551,19.608,18.981,18.883,0.597
7696,1,9.91,-0.47,0.70506,-0.615,3.698,4.639,14.6,0.038,0.0,20.909,20.33,19.559,19.066,18.996,0.705
7697,1,9.91,-0.45,0.38388,-1.569,3.602,4.945,11.3,0.036,0.0,19.992,19.452,18.358,17.756,17.609,0.384
7698,1,9.91,-0.45,0.40102,-1.522,3.604,4.927,11.8,0.037,0.0,20.376,19.837,18.749,18.142,17.997,0.401
7699,1,9.91,-0.45,0.33886,-1.69,3.596,4.987,12.0,0.037,0.0,20.994,20.46,19.341,18.754,18.597,0.339
7700,1,9.91,-0.45,0.51189,-1.229,3.627,4.829,12.5,0.038,0.0,20.343,19.805,18.783,18.139,18.016,0.512
7701,1,9.91,-0.45,0.4327,-1.444,3.61,4.903,13.1,0.038,0.0,21.48,20.942,19.87,19.252,19.113,0.433
7702,1,9.91,-0.45,0.52491,-1.191,3.63,4.815,13.4,0.038,0.0,21.146,20.607,19.596,18.953,18.834,0.525
7703,1,9.91,-0.45,0.56597,-1.07,3.641,4.771,13.4,0.038,0.0,20.844,20.3,19.323,18.686,18.578,0.566
7704,1,9.91,-0.45,0.54548,-1.13,3.635,4.792,13.6,0.038,0.0,21.194,20.652,19.658,19.017,18.904,0.545
7705,1,9.91,-0.45,0.74998,-0.471,3.718,4.602,13.9,0.038,0.0,19.846,19.272,18.571,18.136,18.075,0.75
7706,1,9.91,-0.45,0.62999,-0.87,3.663,4.706,14.4,0.038,0.0,21.344,20.785,19.885,19.291,19.2,0.63
7707,1,9.91,-0.45,0.82794,-0.207,3.754,4.523,14.7,0.038,0.0,19.988,19.448,18.86,18.514,18.469,0.828
7708,1,9.91,-0.45,0.76185,-0.43,3.724,4.591,15.1,0.038,0.0,20.946,20.374,19.692,19.273,19.215,0.762
7709,1,9.91,-0.45,0.84765,-0.141,3.761,4.496,15.2,0.038,0.0,20.322,19.795,19.228,18.898,18.856,0.848
7710,1,9.91,-0.43,0.63909,-0.847,3.666,4.698,11.6,0.036,0.0,18.487,17.924,17.033,16.444,16.356,0.639
7711,1,9.91,-0.43,0.34043,-1.693,3.594,4.986,11.8,0.037,0.0,20.803,20.273,19.144,18.558,18.399,0.34
7712,1,9.91,-0.43,0.59678,-0.986,3.648,4.739,12.0,0.037,0.0,19.235,18.687,17.733,17.101,17.0,0.597
7713,1,9.91,-0.43,0.68041,-0.712,3.683,4.66,12.4,0.037,0.0,18.95,18.376,17.549,17.012,16.933,0.68
7714,1,9.91,-0.43,0.38898,-1.561,3.601,4.939,12.5,0.038,0.0,21.172,20.635,19.534,18.931,18.783,0.389
7715,1,9.91,-0.43,0.50737,-1.248,3.624,4.833,12.7,0.038,0.0,20.589,20.052,19.022,18.376,18.252,0.507
7716,1,9.91,-0.43,0.90272,0.042,3.778,4.408,13.0,0.038,0.0,17.664,17.165,16.648,16.355,16.32,0.903
7717,1,9.91,-0.43,0.61709,-0.919,3.656,4.719,13.2,0.038,0.0,20.268,19.714,18.789,18.175,18.08,0.617
7718,1,9.91,-0.43,0.48752,-1.303,3.619,4.853,13.3,0.038,0.0,21.329,20.792,19.747,19.11,18.981,0.488
7719,1,9.91,-0.43,0.53403,-1.169,3.631,4.805,13.3,0.038,0.0,20.992,20.453,19.444,18.799,18.682,0.534
7720,1,9.91,-0.43,0.93702,0.161,3.786,4.34,13.6,0.038,0.0,17.967,17.487,16.993,16.719,16.685,0.937
7721,1,9.91,-0.43,0.6358,-0.858,3.664,4.701,13.7,0.038,0.0,20.614,20.054,19.157,18.564,18.474,0.636
7722,1,9.91,-0.43,0.77547,-0.391,3.729,4.58,13.8,0.038,0.0,19.548,18.979,18.314,17.908,17.852,0.775
7723,1,9.91,-0.43,0.77119,-0.406,3.727,4.584,14.2,0.038,0.0,19.985,19.414,18.742,18.331,18.274,0.771
7724,1,9.91,-0.43,0.62324,-0.899,3.659,4.713,14.4,0.038,0.0,21.417,20.861,19.945,19.338,19.245,0.623
7725,1,9.91,-0.43,0.80141,-0.303,3.741,4.554,14.5,0.038,0.0,20.028,19.472,18.845,18.469,18.418,0.801
7726,1,9.91,-0.43,0.71828,-0.586,3.701,4.629,14.6,0.038,0.0,20.835,20.255,19.494,19.01,18.941,0.718
7727,1,9.91,-0.43,0.74647,-0.49,3.715,4.606,14.9,0.038,0.0,20.895,20.319,19.606,19.162,19.1,0.746
7728,1,9.91,-0.43,0.85479,-0.122,3.762,4.487,14.9,0.038,0.0,19.975,19.449,18.887,18.56,18.519,0.855
7729,1,9.91,-0.41,0.35217,-1.67,3.594,4.978,12.3,0.037,0.0,21.246,20.718,19.586,18.997,18.839,0.352
7730,1,9.91,-0.41,0.37803,-1.597,3.598,4.95,12.6,0.038,0.0,21.363,20.831,19.714,19.117,18.965,0.378
7731,1,9.91,-0.41,0.63339,-0.872,3.662,4.704,12.8,0.038,0.0,19.751,19.193,18.286,17.686,17.594,0.633
7732,1,9.91,-0.41,0.51249,-1.237,3.624,4.828,13.3,0.038,0.0,21.164,20.628,19.596,18.948,18.824,0.512
7733,1,9.91,-0.41,0.72036,-0.587,3.7,4.628,13.6,0.038,0.0,19.837,19.255,18.492,18.006,17.937,0.72
7734,1,9.91,-0.41,0.58238,-1.034,3.643,4.754,13.6,0.038,0.0,20.955,20.41,19.438,18.8,18.694,0.582
7735,1,9.91,-0.41,1.0481,2.594,5.07,6.838,13.8,0.038,0.0,12.084,19.148,19.615,19.777,19.878,0.585
7736,1,9.91,-0.41,0.7308,-0.551,3.705,4.619,13.8,0.038,0.0,19.947,19.367,18.622,18.151,18.084,0.731
7737,1,9.91,-0.41,0.60569,-0.964,3.65,4.731,13.9,0.038,0.0,21.081,20.532,19.583,18.952,18.853,0.606
7738,1,9.91,-0.41,0.68901,-0.692,3.685,4.653,14.3,0.038,0.0,20.8,20.226,19.405,18.873,18.795,0.689
7739,1,9.91,-0.41,0.74082,-0.516,3.71,4.611,14.7,0.038,0.0,20.761,20.183,19.455,18.999,18.934,0.741
7740,1,9.91,-0.39,0.87328,-0.064,3.767,4.455,12.2,0.037,0.0,17.13,16.608,16.059,15.743,15.703,0.873
7741,1,9.91,-0.39,0.62025,-0.922,3.655,4.717,12.9,0.038,0.0,19.976,19.423,18.49,17.871,17.775,0.62
7742,1,9.91,-0.39,0.76941,-0.424,3.723,4.588,13.3,0.038,0.0,19.131,18.556,17.873,17.453,17.395,0.769
7743,1,9.91,-0.39,0.47832,-1.338,3.615,4.86,13.4,0.038,0.0,21.516,20.982,19.918,19.285,19.153,0.478
7744,1,9.91,-0.39,0.79032,-0.352,3.734,4.568,13.4,0.038,0.0,19.05,18.484,17.835,17.441,17.388,0.79
7745,1,9.91,-0.39,1.04044,1.731,3.686,2.415,13.5,0.038,0.0,13.943,13.366,12.546,12.026,11.949,1.04
7746,1,9.91,-0.39,0.86055,-0.108,3.762,4.476,13.9,0.038,0.0,18.941,18.412,17.851,17.525,17.483,0.861
7747,1,9.91,-0.39,0.88129,-0.036,3.769,4.441,13.9,0.038,0.0,18.759,18.242,17.701,17.39,17.351,0.881
7748,1,9.91,-0.39,0.92068,0.107,3.78,4.361,14.2,0.038,0.0,18.701,18.204,17.694,17.408,17.372,0.921
7749,1,9.91,-0.39,1.00419,0.496,3.774,3.986,14.3,0.038,0.0,17.831,17.323,16.796,16.499,16.46,1.004
7750,1,9.91,-0.39,0.62095,-0.92,3.655,4.716,14.4,0.038,0.0,21.47,20.917,19.985,19.366,19.271,0.621
7751,1,9.91,-0.39,0.9607,0.247,3.783,4.252,15.2,0.038,0.0,19.352,18.862,18.361,18.081,18.046,0.961
7752,1,9.91,-0.37,0.2293,-2.047,3.569,5.067,11.3,0.036,0.0,21.188,20.714,19.457,18.898,18.7,0.229
7753,1,9.91,-0.37,0.30573,-1.802,3.584,5.006,11.7,0.037,0.0,20.974,20.465,19.279,18.706,18.532,0.306
7754,1,9.91,-0.37,0.49379,-1.301,3.617,4.845,11.8,0.037,0.0,19.822,19.289,18.23,17.591,17.461,0.494
7755,1,9.91,-0.37,0.28152,-1.872,3.579,5.023,12.0,0.037,0.0,21.45,20.949,19.742,19.176,18.996,0.282
7756,1,9.91,-0.37,0.60571,-0.977,3.647,4.732,12.5,0.038,0.0,19.713,19.166,18.206,17.571,17.47,0.606
7757,1,9.91,-0.37,0.49031,-1.31,3.616,4.849,12.7,0.038,0.0,20.746,20.213,19.151,18.514,18.383,0.49
7758,1,9.91,-0.37,0.52175,-1.22,3.624,4.817,12.8,0.038,0.0,20.62,20.087,19.051,18.4,18.277,0.522
7759,1,9.91,-0.37,0.47326,-1.357,3.612,4.864,13.2,0.038,0.0,21.362,20.83,19.756,19.125,18.991,0.473
7760,1,9.91,-0.37,0.59005,-1.024,3.642,4.748,13.3,0.038,0.0,20.63,20.087,19.11,18.47,18.365,0.59
7761,1,9.91,-0.37,0.93716,0.171,3.784,4.319,13.5,0.038,0.0,17.841,17.351,16.852,16.574,16.539,0.937
7762,1,9.91,-0.37,0.6314,-0.893,3.658,4.707,13.8,0.038,0.0,20.802,20.246,19.324,18.712,18.619,0.631
7763,1,9.91,-0.37,0.75235,-0.491,3.713,4.603,13.8,0.038,0.0,19.798,19.218,18.5,18.051,17.988,0.752
7764,1,9.91,-0.37,0.91205,0.07,3.777,4.381,14.1,0.038,0.0,18.694,18.189,17.671,17.379,17.342,0.912
7765,1,9.91,-0.37,0.70865,-0.643,3.69,4.637,14.6,0.038,0.0,20.977,20.399,19.598,19.082,19.008,0.709
7766,1,9.91,-0.37,0.64999,-0.833,3.665,4.69,14.7,0.038,0.0,21.551,20.989,20.095,19.504,19.415,0.65
7767,1,9.91,-0.37,0.99568,0.414,3.788,4.12,15.1,0.038,0.0,18.835,18.353,17.866,17.599,17.565,0.996
7768,1,9.91,-0.35,0.28871,-1.854,3.579,5.016,8.5,0.021,0.0,17.904,17.394,16.19,15.625,15.446,0.289
7769,1,9.91,-0.35,0.43302,-1.466,3.603,4.897,11.2,0.035,0.0,19.635,19.104,17.998,17.382,17.239,0.433
7770,1,9.91,-0.35,0.29788,-1.826,3.581,5.009,11.6,0.036,0.0,20.935,20.432,19.231,18.661,18.484,0.298
7771,1,9.91,-0.35,0.43623,-1.458,3.603,4.895,12.1,0.037,0.0,20.515,19.985,18.881,18.263,18.121,0.436
7772,1,9.91,-0.35,0.72758,-0.586,3.698,4.624,12.2,0.037,0.0,18.434,17.852,17.081,16.591,16.521,0.728
7773,1,9.91,-0.35,0.476,-1.353,3.612,4.862,12.4,0.037,0.0,20.554,20.022,18.945,18.313,18.179,0.476
7774,1,9.91,-0.35,0.62893,-0.907,3.655,4.71,12.9,0.038,0.0,19.938,19.385,18.453,17.834,17.739,0.629
7775,1,9.91,-0.35,0.50545,-1.272,3.618,4.834,13.1,0.038,0.0,21.051,20.519,19.463,18.82,18.692,0.505
7776,1,9.91,-0.35,0.73853,-0.548,3.704,4.615,14.3,0.038,0.0,20.44,19.858,19.107,18.633,18.566,0.739
7777,1,9.91,-0.35,1.00732,0.434,3.787,4.099,14.4,0.038,0.0,18.085,17.599,17.108,16.838,16.804,1.007
7778,1,9.91,-0.35,0.78739,-0.38,3.728,4.573,14.5,0.038,0.0,20.22,19.647,18.981,18.575,18.519,0.787
7779,1,9.91,-0.35,1.02732,0.513,3.756,3.908,14.6,0.038,0.0,18.087,17.548,16.969,16.633,16.588,1.027
7780,1,9.91,-0.35,0.6779,-0.751,3.675,4.665,14.7,0.038,0.0,21.347,20.776,19.917,19.354,19.272,0.678
7781,1,9.91,-0.33,0.42988,-1.478,3.601,4.899,11.4,0.036,0.0,19.864,19.335,18.221,17.605,17.462,0.43
7782,1,9.91,-0.33,0.45487,-1.415,3.606,4.88,12.6,0.038,0.0,20.907,20.378,19.279,18.655,18.516,0.455
7783,1,9.91,-0.33,0.92556,0.069,3.775,4.384,12.8,0.038,0.0,17.398,16.887,16.366,16.071,16.034,0.926
7784,1,9.91,-0.33,0.59293,-1.027,3.641,4.746,13.1,0.038,0.0,20.438,19.896,18.912,18.268,18.162,0.593
7785,1,9.91,-0.33,0.47119,-1.371,3.609,4.866,13.1,0.038,0.0,21.296,20.767,19.68,19.049,18.914,0.471
7786,1,9.91,-0.33,0.57405,-1.08,3.635,4.765,13.3,0.038,0.0,20.77,20.232,19.231,18.583,18.472,0.574
7787,1,9.91,-0.33,0.89383,-0.037,3.767,4.439,13.6,0.038,0.0,18.462,17.937,17.39,17.076,17.036,0.894
7788,1,9.91,-0.33,0.65455,-0.831,3.664,4.687,13.7,0.038,0.0,20.549,19.987,19.087,18.493,18.404,0.655
7789,1,9.91,-0.33,0.92722,0.074,3.776,4.38,13.9,0.038,0.0,18.484,17.974,17.454,17.16,17.124,0.927
7790,1,9.91,-0.33,0.70196,-0.682,3.683,4.643,14.0,0.038,0.0,20.475,19.899,19.071,18.533,18.455,0.702
7791,1,9.91,-0.33,0.66526,-0.798,3.668,4.677,14.5,0.038,0.0,21.265,20.699,19.815,19.233,19.146,0.665
7792,1,9.91,-0.33,0.92235,0.058,3.775,4.389,14.7,0.038,0.0,19.325,18.812,18.289,17.992,17.955,0.922
7793,1,9.91,-0.31,0.18315,-2.295,3.543,5.113,10.2,0.031,0.0,20.708,20.314,18.925,18.369,18.137,0.183
7794,1,9.91,-0.31,0.30617,-1.811,3.58,5.002,11.0,0.035,0.0,20.297,19.798,18.586,18.017,17.839,0.306
7795,1,9.91,-0.31,0.97802,0.227,3.782,4.275,11.2,0.035,0.0,15.402,14.902,14.4,14.121,14.086,0.978
7796,1,9.91,-0.31,0.40729,-1.537,3.596,4.914,12.2,0.037,0.0,20.812,20.292,19.15,18.545,18.394,0.407
7797,1,9.91,-0.31,0.78036,-0.425,3.72,4.582,12.3,0.037,0.0,18.132,17.552,16.859,16.432,16.373,0.78
7798,1,9.91,-0.31,0.54697,-1.161,3.627,4.792,12.5,0.038,0.0,20.173,19.641,18.611,17.954,17.836,0.547
7799,1,9.91,-0.31,0.43242,-1.475,3.6,4.897,12.5,0.038,0.0,20.957,20.431,19.312,18.695,18.551,0.432
7800,1,9.91,-0.31,0.53757,-1.189,3.625,4.801,12.8,0.038,0.0,20.541,20.01,18.972,18.315,18.194,0.538
7801,1,9.91,-0.31,0.42691,-1.489,3.599,4.901,12.9,0.038,0.0,21.391,20.866,19.743,19.128,18.983,0.427
7802,1,9.91,-0.31,0.75397,-0.514,3.707,4.604,13.3,0.038,0.0,19.355,18.772,18.033,17.57,17.504,0.754
7803,1,9.91,-0.31,1.05552,0.624,3.702,3.592,13.6,0.038,0.0,16.809,16.228,15.469,14.994,14.926,1.056
7804,1,9.91,-0.31,0.87534,-0.112,3.759,4.473,13.6,0.038,0.0,18.649,18.11,17.539,17.207,17.164,0.875
7805,1,9.91,-0.31,0.56167,-1.12,3.631,4.777,13.7,0.038,0.0,21.27,20.735,19.718,19.065,18.95,0.562
7806,1,9.91,-0.31,0.81295,-0.314,3.736,4.551,14.2,0.038,0.0,19.756,19.188,18.546,18.159,18.106,0.813
7807,1,9.91,-0.31,0.6534,-0.842,3.662,4.688,14.3,0.038,0.0,21.174,20.614,19.707,19.106,19.016,0.653
7808,1,9.91,-0.31,0.62699,-0.926,3.652,4.714,14.4,0.038,0.0,21.485,20.935,19.989,19.36,19.263,0.627
7809,1,9.91,-0.31,0.9501,0.132,3.779,4.347,14.9,0.038,0.0,19.34,18.836,18.325,18.039,18.003,0.95
7810,1,9.91,-0.31,1.03986,0.511,3.76,3.93,15.3,0.038,0.0,18.792,18.256,17.688,17.361,17.318,1.04
7811,1,9.91,-0.31,0.77536,-0.442,3.718,4.586,15.7,0.038,0.0,21.574,20.994,20.292,19.858,19.798,0.775
7812,1,9.91,-0.29,0.37194,-1.64,3.589,4.951,10.1,0.031,0.0,18.97,18.456,17.283,16.694,16.533,0.372
7813,1,9.91,-0.29,0.58016,-1.074,3.635,4.76,11.7,0.037,0.0,19.154,18.617,17.611,16.96,16.849,0.58
7814,1,9.91,-0.29,0.70856,-0.676,3.682,4.64,12.7,0.038,0.0,19.159,18.582,17.753,17.214,17.135,0.709
7815,1,9.91,-0.29,0.6815,-0.762,3.671,4.663,13.0,0.038,0.0,19.674,19.104,18.232,17.658,17.573,0.682
7816,1,9.91,-0.29,0.6754,-0.78,3.669,4.669,13.1,0.038,0.0,19.821,19.254,18.372,17.792,17.706,0.675
7817,1,9.91,-0.29,0.8675,-0.149,3.754,4.487,13.1,0.038,0.0,18.243,17.695,17.111,16.768,16.723,0.868
7818,1,9.91,-0.29,0.82593,-0.282,3.739,4.539,13.3,0.038,0.0,18.775,18.21,17.579,17.2,17.149,0.826
7819,1,9.91,-0.29,0.97589,0.2,3.782,4.3,14.0,0.038,0.0,18.27,17.769,17.266,16.986,16.95,0.976
7820,1,9.91,-0.29,0.71973,-0.638,3.688,4.632,14.0,0.038,0.0,20.365,19.785,18.977,18.456,18.38,0.72
7821,1,9.91,-0.29,0.84396,-0.225,3.746,4.518,14.0,0.038,0.0,19.331,18.773,18.163,17.8,17.752,0.844
7822,1,9.91,-0.29,0.64633,-0.871,3.658,4.696,14.1,0.038,0.0,21.046,20.49,19.566,18.954,18.861,0.646
7823,1,9.91,-0.29,0.99428,0.254,3.779,4.244,14.6,0.038,0.0,18.736,18.23,17.719,17.434,17.398,0.994
7824,1,9.91,-0.29,0.82672,-0.28,3.739,4.539,14.9,0.038,0.0,20.369,19.804,19.174,18.796,18.745,0.827
7825,1,9.91,-0.27,0.6275,-0.937,3.649,4.715,11.5,0.036,0.0,18.612,18.063,17.107,16.472,16.373,0.627
7826,1,9.91,-0.27,0.83871,-0.252,3.742,4.526,11.7,0.037,0.0,17.099,16.534,15.912,15.541,15.491,0.839
7827,1,9.91,-0.27,0.32782,-1.763,3.581,4.988,11.8,0.037,0.0,20.978,20.481,19.267,18.693,18.519,0.328
7828,1,9.91,-0.27,0.34076,-1.73,3.583,4.981,12.0,0.037,0.0,21.096,20.596,19.391,18.814,18.643,0.341
7829,1,9.91,-0.27,0.42997,-1.488,3.598,4.897,12.9,0.038,0.0,21.391,20.871,19.734,19.119,18.973,0.43
7830,1,9.91,-0.27,0.62479,-0.945,3.648,4.717,12.9,0.038,0.0,20.034,19.486,18.526,17.889,17.79,0.625
7831,1,9.91,-0.27,0.68425,-0.76,3.67,4.661,13.3,0.038,0.0,19.971,19.402,18.527,17.951,17.866,0.684
7832,1,9.91,-0.27,1.03359,0.437,3.783,4.093,13.4,0.038,0.0,17.078,16.578,16.079,15.803,15.767,1.034
7833,1,9.91,-0.27,0.99627,0.241,3.779,4.258,13.5,0.038,0.0,17.667,17.16,16.65,16.366,16.329,0.996
7834,1,9.91,-0.27,0.68953,-0.744,3.672,4.656,14.1,0.038,0.0,20.731,20.159,19.292,18.722,18.638,0.69
7835,1,9.91,-0.27,0.79537,-0.394,3.723,4.57,14.3,0.038,0.0,20.055,19.475,18.791,18.372,18.314,0.795
7836,1,9.91,-0.25,0.54327,-1.187,3.623,4.796,12.1,0.037,0.0,19.838,19.309,18.259,17.6,17.479,0.543
7837,1,9.91,-0.25,0.62017,-0.966,3.645,4.723,12.2,0.037,0.0,19.385,18.84,17.869,17.228,17.126,0.62
7838,1,9.91,-0.25,1.04362,0.456,3.779,4.061,12.3,0.037,0.0,15.931,15.421,14.91,14.626,14.589,1.044
7839,1,9.91,-0.25,0.36898,-1.655,3.587,4.953,12.5,0.038,0.0,21.408,20.907,19.711,19.126,18.96,0.369
7840,1,9.91,-0.25,0.67288,-0.802,3.665,4.672,12.6,0.038,0.0,19.376,18.812,17.914,17.321,17.232,0.673
7841,1,9.91,-0.25,0.4155,-1.527,3.594,4.906,12.9,0.038,0.0,21.489,20.977,19.817,19.211,19.059,0.416
7842,1,9.91,-0.25,0.56181,-1.135,3.627,4.778,13.1,0.038,0.0,20.708,20.177,19.144,18.484,18.367,0.562
7843,1,9.91,-0.25,0.60613,-1.01,3.64,4.736,13.8,0.038,0.0,21.096,20.556,19.566,18.918,18.812,0.606
7844,1,9.91,-0.25,0.57866,-1.089,3.632,4.763,13.8,0.038,0.0,21.292,20.758,19.74,19.084,18.971,0.579
7845,1,9.91,-0.25,0.60497,-1.014,3.639,4.737,13.9,0.038,0.0,21.205,20.665,19.673,19.025,18.919,0.605
7846,1,9.91,-0.25,0.5935,-1.048,3.636,4.748,13.9,0.038,0.0,21.289,20.752,19.748,19.096,18.986,0.593
7847,1,9.91,-0.25,0.68033,-0.78,3.667,4.666,14.3,0.038,0.0,21.019,20.453,19.565,18.98,18.893,0.68
7848,1,9.91,-0.25,0.69705,-0.729,3.673,4.65,14.4,0.038,0.0,20.992,20.419,19.556,18.989,18.906,0.697
7849,1,9.91,-0.25,0.67451,-0.797,3.665,4.671,14.5,0.038,0.0,21.263,20.699,19.803,19.212,19.124,0.675
7850,1,9.91,-0.25,0.8343,-0.275,3.738,4.534,14.9,0.038,0.0,20.358,19.79,19.156,18.777,18.725,0.834
7851,1,9.91,-0.25,1.07008,0.509,3.715,3.765,15.3,0.038,0.0,18.798,18.217,17.505,17.066,17.004,1.07
7852,1,9.91,-0.25,0.98683,0.201,3.779,4.293,15.4,0.038,0.0,19.668,19.159,18.649,18.364,18.328,0.987
7853,1,9.91,-0.23,0.23996,-2.03,3.563,5.046,10.2,0.031,0.0,20.046,19.597,18.293,17.733,17.527,0.24
7854,1,9.91,-0.23,0.49855,-1.318,3.61,4.84,11.1,0.035,0.0,19.165,18.641,17.546,16.904,16.773,0.499
7855,1,9.91,-0.23,0.71346,-0.683,3.679,4.638,11.8,0.037,0.0,18.277,17.7,16.859,16.311,16.231,0.713
7856,1,9.91,-0.23,0.5075,-1.293,3.612,4.831,11.9,0.037,0.0,19.903,19.379,18.291,17.646,17.516,0.507
7857,1,9.91,-0.23,0.36895,-1.659,3.585,4.952,12.2,0.037,0.0,21.117,20.619,19.415,18.83,18.664,0.369
7858,1,9.91,-0.23,0.76462,-0.514,3.704,4.598,12.5,0.038,0.0,18.555,17.969,17.219,16.748,16.681,0.765
7859,1,9.91,-0.23,0.70669,-0.705,3.676,4.643,13.0,0.038,0.0,19.533,18.958,18.104,17.545,17.464,0.707
7860,1,9.91,-0.23,0.43897,-1.474,3.597,4.889,13.0,0.038,0.0,21.454,20.938,19.793,19.176,19.03,0.439
7861,1,9.91,-0.23,0.87441,-0.159,3.75,4.486,14.3,0.038,0.0,19.467,18.909,18.315,17.966,17.92,0.874
7862,1,9.91,-0.23,0.69322,-0.748,3.67,4.654,14.3,0.038,0.0,20.94,20.37,19.494,18.918,18.833,0.693
7863,1,9.91,-0.23,0.96892,0.143,3.777,4.334,14.4,0.038,0.0,18.813,18.297,17.781,17.492,17.456,0.969
7864,1,9.91,-0.21,0.20097,-2.183,3.553,5.082,9.8,0.029,0.0,20.029,19.61,18.259,17.702,17.478,0.201
7865,1,9.91,-0.21,0.18979,-2.262,3.543,5.098,10.8,0.034,0.0,21.225,20.836,19.435,18.882,18.65,0.19
7866,1,9.91,-0.21,0.85838,-0.219,3.743,4.509,11.3,0.036,0.0,16.617,16.05,15.433,15.066,15.016,0.858
7867,1,9.91,-0.21,0.60907,-1.013,3.638,4.735,11.7,0.037,0.0,19.001,18.462,17.466,16.814,16.708,0.609
7868,1,9.91,-0.21,0.3497,-1.718,3.581,4.971,11.8,0.037,0.0,20.864,20.373,19.148,18.571,18.399,0.35
7869,1,9.91,-0.21,0.4309,-1.497,3.595,4.894,12.0,0.037,0.0,20.513,20.002,18.84,18.229,18.079,0.431
7870,1,9.91,-0.21,0.41355,-1.539,3.592,4.906,12.6,0.038,0.0,21.219,20.714,19.535,18.932,18.777,0.414
7871,1,9.91,-0.21,0.42911,-1.501,3.594,4.896,12.7,0.038,0.0,21.223,20.714,19.55,18.939,18.79,0.429
7872,1,9.91,-0.21,0.48409,-1.36,3.606,4.852,13.3,0.038,0.0,21.47,20.95,19.837,19.2,19.065,0.484
7873,1,9.91,-0.21,1.01669,0.305,3.78,4.208,13.5,0.038,0.0,17.508,16.998,16.493,16.214,16.177,1.017
7874,1,9.91,-0.21,0.88334,-0.14,3.752,4.476,13.6,0.038,0.0,18.72,18.164,17.573,17.227,17.181,0.883
7875,1,9.91,-0.21,0.95155,0.077,3.771,4.37,14.1,0.038,0.0,18.677,18.151,17.619,17.318,17.28,0.952
7876,1,9.91,-0.21,1.10502,1.71,3.679,2.433,14.2,0.038,0.0,14.696,14.117,13.268,12.733,12.648,1.105
7877,1,9.91,-0.19,1.08684,0.511,3.709,3.744,13.2,0.038,0.0,16.693,16.108,15.372,14.916,14.851,1.087
7878,1,9.91,-0.19,0.6151,-1.0,3.639,4.73,13.9,0.038,0.0,21.169,20.63,19.636,18.984,18.879,0.615
7879,1,9.91,-0.19,0.88816,-0.134,3.751,4.472,14.1,0.038,0.0,19.206,18.647,18.056,17.71,17.664,0.888
7880,1,9.91,-0.19,0.93704,0.022,3.766,4.398,14.2,0.038,0.0,18.916,18.38,17.833,17.52,17.479,0.937
7881,1,9.91,-0.19,0.62901,-0.957,3.644,4.716,14.2,0.038,0.0,21.362,20.819,19.842,19.197,19.096,0.629
7882,1,9.91,-0.19,0.8818,-0.154,3.749,4.481,15.3,0.038,0.0,20.456,19.895,19.297,18.946,18.899,0.882
7883,1,9.91,-0.19,0.86192,-0.217,3.742,4.506,15.8,0.038,0.0,21.113,20.545,19.926,19.557,19.507,0.862
7884,1,9.91,-0.17,0.38312,-1.628,3.584,4.933,10.8,0.034,0.0,19.641,19.148,17.927,17.342,17.176,0.383
7885,1,9.91,-0.17,0.41433,-1.545,3.59,4.904,11.8,0.037,0.0,20.432,19.933,18.737,18.137,17.98,0.414
7886,1,9.91,-0.17,0.3168,-1.808,3.574,4.988,12.1,0.037,0.0,21.391,20.917,19.649,19.083,18.899,0.317
7887,1,9.91,-0.17,0.73328,-0.642,3.683,4.625,12.4,0.037,0.0,18.774,18.193,17.367,16.831,16.754,0.733
7888,1,9.91,-0.17,0.95335,0.067,3.769,4.371,13.0,0.038,0.0,17.602,17.069,16.53,16.224,16.185,0.953
7889,1,9.91,-0.17,0.91489,-0.058,3.758,4.435,13.2,0.038,0.0,18.115,17.566,16.995,16.664,16.621,0.915
7890,1,9.91,-0.17,0.91882,-0.046,3.759,4.429,13.7,0.038,0.0,18.584,18.036,17.469,17.141,17.098,0.919
7891,1,9.91,-0.17,0.85343,-0.253,3.737,4.518,13.9,0.038,0.0,19.303,18.73,18.095,17.714,17.662,0.853
7892,1,9.91,-0.17,1.10131,0.862,3.688,3.315,14.1,0.038,0.0,16.714,16.134,15.32,14.804,14.727,1.101
7893,1,9.91,-0.17,1.11875,2.497,5.058,6.885,14.3,0.038,0.0,12.827,19.799,20.265,20.427,20.529,0.584
7894,1,9.91,-0.15,1.02464,0.307,3.775,4.188,11.5,0.036,0.0,15.502,14.976,14.458,14.169,14.131,1.025
7895,1,9.91,-0.15,0.25895,-1.979,3.562,5.025,11.7,0.037,0.0,21.417,20.979,19.657,19.096,18.889,0.259
7896,1,9.91,-0.15,0.65156,-0.901,3.649,4.696,12.5,0.038,0.0,19.522,18.973,18.014,17.376,17.279,0.652
7897,1,9.91,-0.15,0.80502,-0.419,3.714,4.566,12.6,0.038,0.0,18.416,17.829,17.116,16.675,16.613,0.805
7898,1,9.91,-0.15,0.58899,-1.087,3.629,4.756,12.9,0.038,0.0,20.388,19.86,18.824,18.158,18.044,0.589
7899,1,9.91,-0.15,0.83846,-0.311,3.729,4.535,14.1,0.038,0.0,19.648,19.066,18.404,18.003,17.947,0.838
7900,1,9.91,-0.15,0.61143,-1.023,3.635,4.734,14.2,0.038,0.0,21.526,20.992,19.981,19.323,19.215,0.611
7901,1,9.91,-0.15,0.66496,-0.86,3.654,4.682,14.3,0.038,0.0,21.22,20.667,19.726,19.1,19.006,0.665
7902,1,9.91,-0.15,0.68543,-0.8,3.661,4.664,14.6,0.038,0.0,21.371,20.809,19.896,19.29,19.2,0.685
7903,1,9.91,-0.15,0.83685,-0.316,3.728,4.536,15.0,0.038,0.0,20.561,19.979,19.314,18.911,18.855,0.837
7904,1,9.91,-0.13,0.32131,-1.804,3.572,4.983,11.4,0.036,0.0,20.679,20.213,18.931,18.365,18.179,0.321
7905,1,9.91,-0.13,0.33402,-1.771,3.574,4.976,11.7,0.037,0.0,20.898,20.426,19.152,18.586,18.403,0.334
7906,1,9.91,-0.13,0.85925,-0.254,3.736,4.514,12.3,0.037,0.0,17.705,17.128,16.487,16.102,16.049,0.859
7907,1,9.91,-0.13,0.89582,-0.136,3.748,4.467,12.7,0.038,0.0,17.811,17.246,16.647,16.295,16.248,0.896
7908,1,9.91,-0.13,0.65117,-0.909,3.648,4.697,13.0,0.038,0.0,20.042,19.494,18.529,17.887,17.789,0.651
7909,1,9.91,-0.13,0.56622,-1.154,3.621,4.777,13.4,0.038,0.0,21.056,20.534,19.47,18.803,18.684,0.566
7910,1,9.91,-0.13,0.77365,-0.527,3.698,4.593,14.4,0.038,0.0,20.488,19.898,19.128,18.641,18.571,0.774
7911,1,9.91,-0.13,0.95315,0.053,3.766,4.372,14.7,0.038,0.0,19.337,18.797,18.249,17.937,17.896,0.953
7912,1,9.91,-0.13,1.04149,0.361,3.775,4.139,14.8,0.038,0.0,18.667,18.14,17.62,17.33,17.292,1.041
7913,1,9.91,-0.13,0.78917,-0.478,3.705,4.58,15.3,0.038,0.0,21.265,20.675,19.93,19.462,19.396,0.789
7914,1,9.91,-0.11,0.40353,-1.582,3.584,4.908,10.6,0.033,0.0,19.324,18.837,17.603,17.015,16.85,0.404
7915,1,9.91,-0.11,0.56729,-1.157,3.62,4.776,12.2,0.037,0.0,19.862,19.341,18.272,17.604,17.485,0.567
7916,1,9.91,-0.11,0.5311,-1.255,3.611,4.81,13.2,0.038,0.0,21.108,20.593,19.489,18.833,18.706,0.531
7917,1,9.91,-0.11,0.5406,-1.229,3.614,4.801,13.3,0.038,0.0,21.143,20.627,19.532,18.872,18.748,0.541
7918,1,9.91,-0.11,1.00971,0.243,3.772,4.232,14.3,0.038,0.0,18.463,17.93,17.402,17.105,17.066,1.01
7919,1,9.91,-0.11,0.70187,-0.767,3.663,4.65,14.6,0.038,0.0,21.287,20.722,19.817,19.219,19.13,0.702
7920,1,9.91,-0.09,0.68357,-0.827,3.655,4.667,11.0,0.035,0.0,17.837,17.279,16.344,15.721,15.629,0.684
7921,1,9.91,-0.09,0.67169,-0.861,3.651,4.678,12.7,0.038,0.0,19.622,19.071,18.119,17.485,17.39,0.672
7922,1,9.91,-0.09,0.65153,-0.921,3.645,4.698,12.8,0.038,0.0,19.872,19.328,18.35,17.703,17.604,0.652
7923,1,9.91,-0.09,0.50491,-1.331,3.604,4.833,12.9,0.038,0.0,20.999,20.489,19.353,18.706,18.573,0.505
7924,1,9.91,-0.09,1.0524,0.389,3.772,4.107,14.8,0.038,0.0,18.599,18.065,17.539,17.245,17.206,1.052
7925,1,9.91,-0.07,0.21449,-2.155,3.548,5.062,11.1,0.035,0.0,21.258,20.867,19.468,18.915,18.685,0.214
7926,1,9.91,-0.07,0.70586,-0.769,3.662,4.648,12.4,0.037,0.0,19.092,18.528,17.616,17.013,16.924,0.706
7927,1,9.91,-0.07,0.5364,-1.251,3.61,4.805,13.0,0.038,0.0,20.897,20.384,19.272,18.613,18.487,0.536
7928,1,9.91,-0.07,0.61233,-1.043,3.631,4.736,13.9,0.038,0.0,21.277,20.749,19.716,19.047,18.937,0.612
7929,1,9.91,-0.07,0.81336,-0.426,3.71,4.561,14.5,0.038,0.0,20.336,19.745,19.017,18.563,18.499,0.813
7930,1,9.91,-0.07,1.04351,0.353,3.77,4.131,15.6,0.038,0.0,19.488,18.95,18.419,18.121,18.08,1.044
7931,1,9.91,-0.05,0.54377,-1.236,3.611,4.799,9.7,0.028,0.0,17.559,17.042,15.933,15.273,15.148,0.544
7932,1,9.91,-0.05,0.73991,-0.667,3.675,4.622,13.7,0.038,0.0,20.138,19.557,18.701,18.141,18.06,0.74
7933,1,9.91,-0.05,0.69068,-0.821,3.654,4.661,14.0,0.038,0.0,20.822,20.267,19.326,18.699,18.606,0.691
7934,1,9.91,-0.05,0.70021,-0.794,3.657,4.653,14.2,0.038,0.0,20.955,20.397,19.467,18.85,18.759,0.7
7935,1,9.91,-0.05,0.67989,-0.851,3.651,4.671,14.6,0.038,0.0,21.498,20.946,19.992,19.355,19.26,0.68
7936,1,9.91,-0.03,0.43378,-1.52,3.586,4.885,12.5,0.038,0.0,21.071,20.592,19.35,18.751,18.592,0.434
7937,1,9.91,-0.03,0.49751,-1.364,3.599,4.839,13.3,0.038,0.0,21.479,20.978,19.813,19.169,19.033,0.498
7938,1,9.91,-0.03,0.56798,-1.176,3.616,4.778,13.5,0.038,0.0,21.21,20.696,19.602,18.932,18.812,0.568
7939,1,9.91,-0.03,0.65295,-0.936,3.641,4.699,13.7,0.038,0.0,20.811,20.272,19.277,18.621,18.519,0.653
7940,1,9.91,-0.03,0.64007,-0.974,3.637,4.711,14.2,0.038,0.0,21.404,20.87,19.859,19.197,19.092,0.64
7941,1,9.91,-0.03,0.93564,-0.04,3.753,4.407,14.6,0.038,0.0,19.47,18.904,18.32,17.981,17.935,0.936
7942,1,9.91,-0.03,0.86052,-0.295,3.726,4.517,14.6,0.038,0.0,20.108,19.518,18.846,18.438,18.381,0.861
7943,1,9.91,-0.03,1.02192,0.271,3.766,4.187,14.8,0.038,0.0,18.892,18.346,17.802,17.495,17.453,1.022
7944,1,9.91,-0.01,0.7708,-0.584,3.686,4.598,11.4,0.036,0.0,17.63,17.041,16.225,15.698,15.623,0.771
7945,1,9.91,-0.01,0.4229,-1.551,3.583,4.891,12.1,0.037,0.0,20.747,20.275,19.011,18.421,18.257,0.423
7946,1,9.91,-0.01,0.70691,-0.787,3.657,4.649,12.6,0.038,0.0,19.338,18.779,17.848,17.229,17.138,0.707
7947,1,9.91,-0.01,0.61824,-1.043,3.629,4.733,12.9,0.038,0.0,20.277,19.753,18.709,18.033,17.923,0.618
7948,1,9.91,-0.01,0.85369,-0.325,3.721,4.525,14.1,0.038,0.0,19.683,19.091,18.402,17.981,17.922,0.854
7949,1,9.91,-0.01,1.0855,0.423,3.713,3.847,14.1,0.038,0.0,17.811,17.219,16.499,16.059,15.995,1.086
7950,1,9.91,-0.01,0.73918,-0.684,3.672,4.624,14.3,0.038,0.0,20.781,20.204,19.332,18.759,18.676,0.739
7951,1,9.91,0.01,0.3141,-1.824,3.563,4.957,11.2,0.035,0.0,20.529,20.101,18.754,18.191,17.989,0.314
7952,1,9.91,0.01,0.76476,-0.613,3.68,4.603,13.8,0.038,0.0,20.104,19.519,18.681,18.137,18.059,0.765
7953,1,9.91,0.03,0.92006,-0.127,3.743,4.446,13.7,0.038,0.0,18.788,18.208,17.592,17.229,17.179,0.92
7954,1,9.91,0.05,0.53648,-1.273,3.604,4.804,11.3,0.036,0.0,19.252,18.753,17.6,16.938,16.81,0.536
7955,1,9.91,0.05,0.72921,-0.732,3.663,4.631,14.5,0.038,0.0,21.101,20.533,19.624,19.026,18.938,0.729
7956,1,9.91,0.07,0.8957,-0.221,3.731,4.481,10.9,0.034,0.0,16.222,15.628,14.975,14.585,14.53,0.896
7957,1,9.91,0.11,0.63688,-1.009,3.629,4.715,13.8,0.038,0.0,21.094,20.573,19.52,18.844,18.734,0.637
7958,1,9.91,0.13,0.57815,-1.173,3.612,4.767,12.6,0.038,0.0,20.303,19.806,18.671,17.996,17.875,0.578
7959,2,10.03,-0.89,0.43336,-1.363,3.633,4.917,13.2,0.038,0.0,21.378,20.825,19.844,19.243,19.113,0.433
7960,2,10.03,-0.85,0.93151,0.746,4.737,7.368,13.0,0.038,0.0,15.906,20.64,21.066,21.214,21.307,0.604
7961,2,10.03,-0.83,0.38841,-1.482,3.625,4.956,12.4,0.037,0.0,20.874,20.322,19.317,18.714,18.575,0.388
7962,2,10.03,-0.83,0.61075,-0.808,3.683,4.711,13.5,0.038,0.0,20.291,19.724,18.902,18.375,18.29,0.611
7963,2,10.03,-0.81,0.79109,-0.104,3.773,4.478,14.3,0.038,0.0,19.33,18.847,18.309,17.999,17.96,0.791
7964,2,10.03,-0.79,0.66578,-0.609,3.71,4.657,12.9,0.038,0.0,19.193,18.626,17.898,17.445,17.376,0.666
7965,2,10.03,-0.79,0.68879,-0.523,3.722,4.635,13.7,0.038,0.0,19.777,19.216,18.53,18.11,18.047,0.689
7966,2,10.03,-0.77,0.92371,1.917,4.944,7.015,12.6,0.038,0.0,12.579,18.726,19.18,19.337,19.436,0.592
7967,2,10.03,-0.77,0.60925,-0.824,3.679,4.709,14.0,0.038,0.0,20.831,20.265,19.427,18.886,18.8,0.609
7968,2,10.03,-0.77,0.8746,0.325,3.793,4.173,14.6,0.038,0.0,18.558,18.116,17.634,17.367,17.335,0.875
7969,2,10.03,-0.75,0.58878,-0.901,3.669,4.731,13.4,0.038,0.0,20.422,19.86,18.986,18.419,18.327,0.589
7970,2,10.03,-0.75,0.6375,-0.722,3.693,4.682,14.6,0.038,0.0,21.176,20.605,19.816,19.315,19.237,0.638
7971,2,10.03,-0.75,0.78224,-0.159,3.766,4.499,14.9,0.038,0.0,20.069,19.568,19.011,18.687,18.646,0.782
7972,2,10.03,-0.71,0.38185,-1.507,3.622,4.961,12.4,0.037,0.0,20.938,20.388,19.369,18.761,18.623,0.382
7973,2,10.03,-0.67,0.28725,-1.747,3.607,5.019,12.4,0.037,0.0,21.538,20.989,19.926,19.337,19.186,0.287
7974,2,10.03,-0.67,0.57402,-0.964,3.66,4.747,13.2,0.038,0.0,20.381,19.824,18.917,18.324,18.227,0.574
7975,2,10.03,-0.67,0.59006,-0.911,3.665,4.727,13.7,0.038,0.0,20.746,20.187,19.298,18.718,18.625,0.59
7976,2,10.03,-0.65,0.88594,0.299,3.788,4.186,13.9,0.038,0.0,17.923,17.463,16.971,16.696,16.663,0.886
7977,2,10.03,-0.61,0.85289,0.073,3.781,4.365,14.6,0.038,0.0,19.187,18.707,18.195,17.905,17.87,0.853
7978,2,10.03,-0.61,0.71033,-0.498,3.72,4.612,14.6,0.038,0.0,20.615,20.047,19.351,18.921,18.859,0.71
7979,2,10.03,-0.61,0.69666,-0.549,3.713,4.626,15.4,0.038,0.0,21.542,20.971,20.251,19.803,19.738,0.697
7980,2,10.03,-0.59,0.80148,-0.161,3.76,4.488,13.1,0.038,0.0,18.272,17.751,17.18,16.845,16.802,0.801
7981,2,10.03,-0.57,0.49076,-1.252,3.631,4.85,13.4,0.038,0.0,21.3,20.756,19.754,19.123,19.001,0.491
7982,2,10.03,-0.57,0.60956,-0.878,3.666,4.71,14.0,0.038,0.0,20.966,20.406,19.517,18.932,18.841,0.61
7983,2,10.03,-0.55,0.61055,-0.882,3.665,4.71,11.3,0.036,0.0,18.275,17.714,16.821,16.233,16.142,0.611
7984,2,10.03,-0.55,0.92705,0.389,3.784,4.099,13.2,0.038,0.0,16.997,16.521,16.019,15.739,15.704,0.927
7985,2,10.03,-0.49,0.75223,-0.4,3.728,4.573,15.3,0.038,0.0,21.069,20.503,19.835,19.427,19.371,0.752
7986,2,10.03,-0.45,0.68541,-0.658,3.691,4.642,14.2,0.038,0.0,20.616,20.04,19.242,18.729,18.654,0.685
7987,2,10.03,-0.45,0.90742,0.199,3.781,4.268,15.0,0.038,0.0,19.272,18.783,18.275,17.99,17.955,0.907
7988,2,10.05,-1.05,0.28484,-1.743,3.614,5.039,10.5,0.033,0.0,19.628,19.07,18.043,17.467,17.312,0.285
7989,2,10.05,-1.05,0.23613,-1.904,3.605,5.08,11.7,0.037,0.0,21.23,20.675,19.618,19.048,18.885,0.236
7990,2,10.05,-1.05,0.74604,-0.216,3.768,4.545,13.1,0.038,0.0,18.41,17.932,17.377,17.055,17.012,0.746
7991,2,10.05,-1.05,0.58235,-0.871,3.682,4.749,13.6,0.038,0.0,20.547,19.982,19.16,18.64,18.55,0.582
7992,2,10.05,-1.05,0.67625,-0.507,3.732,4.651,15.0,0.038,0.0,21.038,20.497,19.841,19.447,19.386,0.676
7993,2,10.05,-1.03,0.7117,-0.369,3.75,4.605,14.1,0.038,0.0,19.791,19.275,18.671,18.314,18.263,0.712
7994,2,10.05,-1.01,0.42553,-1.372,3.635,4.925,8.5,0.021,0.0,16.701,16.135,15.168,14.579,14.448,0.426
7995,2,10.05,-1.01,0.3283,-1.628,3.621,5.011,12.5,0.038,0.0,21.34,20.784,19.773,19.191,19.042,0.328
7996,2,10.05,-1.01,0.35941,-1.548,3.625,4.988,12.8,0.038,0.0,21.44,20.883,19.885,19.298,19.153,0.359
7997,2,10.05,-1.01,0.47944,-1.223,3.646,4.87,13.3,0.038,0.0,21.128,20.572,19.63,19.038,18.919,0.479
7998,2,10.05,-1.01,0.7072,-0.392,3.747,4.612,13.9,0.038,0.0,19.65,19.128,18.514,18.15,18.097,0.707
7999,2,10.05,-1.01,0.73455,-0.277,3.76,4.567,14.3,0.038,0.0,19.763,19.266,18.69,18.353,18.307,0.735
8000,2,10.05,-1.01,0.59927,-0.816,3.688,4.728,14.4,0.038,0.0,21.211,20.645,19.841,19.332,19.246,0.599
8001,2,10.05,-1.01,0.67928,-0.504,3.732,4.646,14.6,0.038,0.0,20.63,20.086,19.429,19.032,18.971,0.679
8002,2,10.05,-0.99,0.50472,-1.149,3.651,4.841,11.6,0.036,0.0,19.241,18.685,17.758,17.167,17.056,0.505
8003,2,10.05,-0.99,0.63121,-0.696,3.704,4.696,12.8,0.038,0.0,19.31,18.744,17.997,17.532,17.456,0.631
8004,2,10.05,-0.99,0.52379,-1.085,3.657,4.817,13.1,0.038,0.0,20.582,20.024,19.117,18.537,18.43,0.524
8005,2,10.05,-0.99,0.7936,-0.011,3.786,4.437,13.6,0.038,0.0,18.398,17.956,17.448,17.161,17.127,0.794
8006,2,10.05,-0.99,0.55643,-0.974,3.668,4.777,14.2,0.038,0.0,21.405,20.843,19.972,19.414,19.316,0.556
8007,2,10.05,-0.99,0.61393,-0.763,3.694,4.713,14.3,0.038,0.0,20.977,20.411,19.63,19.139,19.058,0.614
8008,2,10.05,-0.99,0.67436,-0.528,3.728,4.651,14.4,0.038,0.0,20.489,19.94,19.27,18.865,18.802,0.674
8009,2,10.05,-0.99,0.80474,0.046,3.79,4.403,15.6,0.038,0.0,20.255,19.822,19.326,19.047,19.014,0.805
8010,2,10.05,-0.97,0.42227,-1.384,3.633,4.927,12.7,0.038,0.0,20.929,20.375,19.397,18.803,18.67,0.422
8011,2,10.05,-0.97,0.63421,-0.688,3.704,4.692,13.0,0.038,0.0,19.49,18.925,18.178,17.714,17.639,0.634
8012,2,10.05,-0.97,0.65668,-0.601,3.717,4.669,13.1,0.038,0.0,19.372,18.814,18.109,17.676,17.608,0.657
8013,2,10.05,-0.95,0.7224,-0.344,3.751,4.589,12.4,0.037,0.0,18.029,17.51,16.909,16.553,16.503,0.722
8014,2,10.05,-0.95,0.54951,-1.004,3.664,4.784,13.9,0.038,0.0,21.18,20.621,19.734,19.164,19.064,0.55
8015,2,10.05,-0.95,0.86219,0.404,3.796,4.099,14.3,0.038,0.0,18.059,17.637,17.159,16.895,16.863,0.862
8016,2,10.05,-0.95,0.60204,-0.816,3.686,4.722,14.6,0.038,0.0,21.411,20.845,20.033,19.516,19.431,0.602
8017,2,10.05,-0.95,0.61729,-0.757,3.694,4.707,14.8,0.038,0.0,21.463,20.896,20.113,19.62,19.54,0.617
8018,2,10.05,-0.95,0.73032,-0.31,3.754,4.576,15.1,0.038,0.0,20.646,20.135,19.544,19.196,19.148,0.73
8019,2,10.05,-0.95,0.78826,-0.051,3.781,4.456,15.1,0.038,0.0,19.998,19.543,19.024,18.728,18.693,0.788
8020,2,10.05,-0.95,0.66738,-0.563,3.721,4.657,15.2,0.038,0.0,21.379,20.822,20.133,19.712,19.646,0.667
8021,2,10.05,-0.95,0.77929,-0.094,3.777,4.479,15.6,0.038,0.0,20.605,20.141,19.612,19.308,19.271,0.779
8022,2,10.05,-0.93,0.77641,-0.114,3.775,4.487,10.7,0.034,0.0,15.755,15.281,14.748,14.441,14.403,0.776
8023,2,10.05,-0.93,0.70241,-0.43,3.739,4.618,12.4,0.037,0.0,18.246,17.71,17.076,16.696,16.64,0.702
8024,2,10.05,-0.93,0.7786,-0.104,3.776,4.482,13.8,0.038,0.0,18.829,18.36,17.828,17.522,17.484,0.779
8025,2,10.05,-0.93,0.71333,-0.386,3.745,4.602,14.2,0.038,0.0,19.934,19.406,18.788,18.42,18.367,0.713
8026,2,10.05,-0.93,0.77229,-0.133,3.773,4.497,14.2,0.038,0.0,19.303,18.828,18.289,17.978,17.939,0.772
8027,2,10.05,-0.93,0.5598,-0.97,3.667,4.771,14.3,0.038,0.0,21.496,20.935,20.059,19.495,19.398,0.56
8028,2,10.05,-0.93,0.59036,-0.862,3.68,4.735,14.4,0.038,0.0,21.325,20.759,19.925,19.392,19.303,0.59
8029,2,10.05,-0.93,0.88691,0.911,3.713,3.274,14.6,0.038,0.0,17.094,16.542,15.817,15.363,15.301,0.887
8030,2,10.05,-0.93,0.8382,0.216,3.797,4.281,15.2,0.038,0.0,19.43,19.009,18.535,18.273,18.242,0.838
8031,2,10.05,-0.91,0.33943,-1.606,3.621,5.003,12.3,0.037,0.0,21.085,20.53,19.515,18.927,18.78,0.339
8032,2,10.05,-0.91,0.4083,-1.423,3.63,4.937,13.0,0.038,0.0,21.329,20.775,19.785,19.187,19.051,0.408
8033,2,10.05,-0.91,0.54634,-1.02,3.661,4.787,13.3,0.038,0.0,20.62,20.062,19.165,18.588,18.487,0.546
8034,2,10.05,-0.91,0.5727,-0.928,3.671,4.755,13.8,0.038,0.0,20.889,20.326,19.464,18.909,18.815,0.573
8035,2,10.05,-0.91,0.86536,0.403,3.794,4.094,14.0,0.038,0.0,17.762,17.332,16.85,16.582,16.55,0.865
8036,2,10.05,-0.91,0.68718,-0.495,3.73,4.635,14.6,0.038,0.0,20.607,20.058,19.395,18.993,18.933,0.687
8037,2,10.05,-0.91,0.59684,-0.842,3.681,4.726,14.6,0.038,0.0,21.476,20.91,20.081,19.551,19.463,0.597
8038,2,10.05,-0.91,0.68983,-0.484,3.731,4.632,14.8,0.038,0.0,20.781,20.234,19.575,19.177,19.117,0.69
8039,2,10.05,-0.91,0.87528,0.5,3.779,3.94,15.2,0.038,0.0,18.719,18.256,17.73,17.431,17.395,0.875
8040,2,10.05,-0.91,0.89585,1.737,3.718,2.471,15.4,0.038,0.0,15.826,15.27,14.563,14.127,14.068,0.896
8041,2,10.05,-0.89,0.21695,-1.99,3.597,5.098,11.3,0.036,0.0,21.046,20.499,19.409,18.838,18.672,0.217
8042,2,10.05,-0.89,0.22744,-1.949,3.599,5.087,11.9,0.037,0.0,21.542,20.992,19.913,19.34,19.176,0.227
8043,2,10.05,-0.89,0.56987,-0.941,3.669,4.758,12.8,0.038,0.0,19.922,19.36,18.49,17.929,17.834,0.57
8044,2,10.05,-0.89,0.62493,-0.739,3.695,4.697,12.8,0.038,0.0,19.417,18.848,18.068,17.575,17.496,0.625
8045,2,10.05,-0.89,0.66075,-0.601,3.714,4.662,13.1,0.038,0.0,19.373,18.811,18.097,17.657,17.588,0.661
8046,2,10.05,-0.89,0.47994,-1.233,3.642,4.868,13.4,0.038,0.0,21.253,20.7,19.744,19.143,19.024,0.48
8047,2,10.05,-0.89,0.62402,-0.742,3.694,4.698,13.9,0.038,0.0,20.526,19.957,19.175,18.681,18.602,0.624
8048,2,10.05,-0.89,0.60462,-0.817,3.684,4.717,14.6,0.038,0.0,21.412,20.846,20.026,19.502,19.417,0.605
8049,2,10.05,-0.89,0.60897,-0.8,3.686,4.713,14.7,0.038,0.0,21.47,20.903,20.092,19.575,19.491,0.609
8050,2,10.05,-0.89,0.77418,-0.137,3.772,4.496,14.9,0.038,0.0,20.012,19.531,18.988,18.675,18.635,0.774
8051,2,10.05,-0.89,0.813,0.052,3.787,4.39,15.1,0.038,0.0,19.74,19.294,18.793,18.51,18.476,0.813
8052,2,10.05,-0.89,0.76372,-0.183,3.767,4.517,15.7,0.038,0.0,20.928,20.438,19.882,19.559,19.517,0.764
8053,2,10.05,-0.89,0.771,-0.151,3.77,4.502,15.8,0.038,0.0,20.947,20.464,19.917,19.6,19.56,0.771
8054,2,10.05,-0.87,0.42353,-1.388,3.631,4.924,12.0,0.037,0.0,20.24,19.688,18.7,18.098,17.966,0.424
8055,2,10.05,-0.87,0.60115,-0.834,3.681,4.719,12.1,0.037,0.0,18.954,18.388,17.557,17.025,16.938,0.601
8056,2,10.05,-0.87,0.49379,-1.195,3.645,4.852,12.6,0.038,0.0,20.358,19.804,18.855,18.252,18.137,0.494
8057,2,10.05,-0.87,0.35112,-1.578,3.622,4.994,12.7,0.038,0.0,21.416,20.862,19.849,19.256,19.112,0.351
8058,2,10.05,-0.87,0.66203,-0.6,3.714,4.66,12.8,0.038,0.0,19.071,18.508,17.793,17.351,17.282,0.662
8059,2,10.05,-0.87,0.39286,-1.466,3.627,4.951,12.9,0.038,0.0,21.336,20.783,19.783,19.182,19.044,0.393
8060,2,10.05,-0.87,0.5382,-1.052,3.657,4.796,13.0,0.038,0.0,20.4,19.844,18.933,18.345,18.242,0.538
8061,2,10.05,-0.87,0.62377,-0.747,3.693,4.697,13.1,0.038,0.0,19.737,19.169,18.382,17.884,17.804,0.624
8062,2,10.05,-0.87,0.44908,-1.324,3.635,4.902,13.3,0.038,0.0,21.381,20.828,19.852,19.249,19.122,0.449
8063,2,10.05,-0.87,0.56583,-0.958,3.667,4.762,13.6,0.038,0.0,20.765,20.204,19.325,18.758,18.662,0.566
8064,2,10.05,-0.87,0.57908,-0.911,3.672,4.746,13.7,0.038,0.0,20.749,20.185,19.324,18.768,18.676,0.579
8065,2,10.05,-0.87,0.77678,-0.131,3.772,4.491,13.8,0.038,0.0,18.897,18.416,17.873,17.559,17.52,0.777
8066,2,10.05,-0.87,0.78522,-0.091,3.775,4.471,14.0,0.038,0.0,18.999,18.524,17.991,17.685,17.647,0.785
8067,2,10.05,-0.87,0.80901,0.024,3.785,4.406,14.0,0.038,0.0,18.71,18.257,17.749,17.462,17.427,0.809
8068,2,10.05,-0.87,0.73653,-0.305,3.753,4.567,14.1,0.038,0.0,19.632,19.113,18.519,18.168,18.119,0.737
8069,2,10.05,-0.87,0.81189,0.039,3.786,4.397,14.2,0.038,0.0,18.873,18.422,17.917,17.632,17.598,0.812
8070,2,10.05,-0.87,0.71877,-0.378,3.744,4.594,14.3,0.038,0.0,20.014,19.483,18.862,18.493,18.44,0.719
8071,2,10.05,-0.87,0.66176,-0.602,3.714,4.66,14.6,0.038,0.0,20.874,20.311,19.595,19.152,19.084,0.662
8072,2,10.05,-0.87,0.64311,-0.673,3.703,4.679,14.8,0.038,0.0,21.252,20.684,19.934,19.465,19.391,0.643
8073,2,10.05,-0.87,0.69966,-0.455,3.734,4.621,14.8,0.038,0.0,20.707,20.163,19.513,19.121,19.063,0.7
8074,2,10.05,-0.87,0.77524,-0.138,3.771,4.495,15.2,0.038,0.0,20.315,19.832,19.287,18.972,18.933,0.775
8075,2,10.05,-0.85,0.23156,-1.935,3.599,5.082,7.6,0.016,0.0,17.208,16.645,15.572,15.0,14.839,0.232
8076,2,10.05,-0.85,0.39475,-1.463,3.626,4.948,10.5,0.033,0.0,18.926,18.371,17.371,16.769,16.632,0.395
8077,2,10.05,-0.85,0.40451,-1.437,3.628,4.939,11.9,0.037,0.0,20.263,19.71,18.713,18.11,17.974,0.405
8078,2,10.05,-0.85,0.35075,-1.581,3.621,4.994,12.4,0.037,0.0,21.122,20.568,19.553,18.959,18.815,0.351
8079,2,10.05,-0.85,0.41778,-1.404,3.63,4.928,12.7,0.038,0.0,20.98,20.428,19.436,18.832,18.699,0.418
8080,2,10.05,-0.85,0.60216,-0.833,3.68,4.717,12.8,0.038,0.0,19.653,19.087,18.254,17.719,17.632,0.602
8081,2,10.05,-0.85,0.36491,-1.543,3.623,4.98,12.8,0.038,0.0,21.427,20.873,19.863,19.266,19.124,0.365
8082,2,10.05,-0.85,0.71171,-0.411,3.739,4.605,12.9,0.038,0.0,18.698,18.159,17.524,17.144,17.089,0.712
8083,2,10.05,-0.85,0.49123,-1.205,3.644,4.854,13.0,0.038,0.0,20.781,20.229,19.275,18.671,18.554,0.491
8084,2,10.05,-0.85,0.7557,-0.229,3.761,4.535,13.4,0.038,0.0,18.742,18.239,17.667,17.332,17.287,0.756
8085,2,10.05,-0.85,0.88469,0.532,3.749,3.796,13.4,0.038,0.0,16.839,16.319,15.712,15.35,15.303,0.885
8086,2,10.05,-0.85,0.54813,-1.022,3.659,4.783,13.7,0.038,0.0,21.026,20.469,19.564,18.98,18.878,0.548
8087,2,10.05,-0.85,0.82553,0.105,3.789,4.352,13.8,0.038,0.0,18.307,17.863,17.368,17.09,17.058,0.826
8088,2,10.05,-0.85,0.61183,-0.796,3.685,4.708,13.8,0.038,0.0,20.56,19.993,19.179,18.659,18.575,0.612
8089,2,10.05,-0.85,0.69835,-0.465,3.732,4.622,13.8,0.038,0.0,19.731,19.183,18.528,18.132,18.073,0.698
8090,2,10.05,-0.85,0.78651,-0.092,3.774,4.469,13.9,0.038,0.0,18.9,18.422,17.888,17.581,17.543,0.787
8091,2,10.05,-0.85,0.57024,-0.945,3.668,4.756,14.0,0.038,0.0,21.134,20.573,19.696,19.13,19.034,0.57
8092,2,10.05,-0.85,0.54154,-1.044,3.657,4.791,14.1,0.038,0.0,21.48,20.923,20.012,19.424,19.321,0.542
8093,2,10.05,-0.85,0.58177,-0.905,3.672,4.742,14.1,0.038,0.0,21.133,20.569,19.708,19.152,19.06,0.582
8094,2,10.05,-0.85,0.76012,-0.21,3.763,4.527,14.3,0.038,0.0,19.595,19.096,18.529,18.199,18.155,0.76
8095,2,10.05,-0.85,0.59251,-0.868,3.676,4.729,14.3,0.038,0.0,21.239,20.674,19.826,19.28,19.191,0.593
8096,2,10.05,-0.85,0.77736,-0.134,3.771,4.491,14.4,0.038,0.0,19.506,19.021,18.476,18.161,18.122,0.777
8097,2,10.05,-0.85,0.73153,-0.33,3.749,4.575,14.6,0.038,0.0,20.196,19.67,19.066,18.707,18.657,0.732
8098,2,10.05,-0.85,0.74427,-0.278,3.755,4.555,14.7,0.038,0.0,20.164,19.65,19.063,18.717,18.67,0.744
8099,2,10.05,-0.85,0.80734,0.008,3.783,4.414,14.9,0.038,0.0,19.649,19.191,18.679,18.389,18.354,0.807
8100,2,10.05,-0.85,0.76025,-0.21,3.763,4.526,15.0,0.038,0.0,20.294,19.794,19.228,18.898,18.854,0.76
8101,2,10.05,-0.85,0.70077,-0.455,3.734,4.619,15.3,0.038,0.0,21.208,20.661,20.01,19.616,19.558,0.701
8102,2,10.05,-0.85,0.78579,-0.095,3.774,4.471,15.4,0.038,0.0,20.408,19.93,19.395,19.087,19.049,0.786
8103,2,10.05,-0.85,0.8486,0.241,3.795,4.251,15.8,0.038,0.0,19.967,19.535,19.056,18.79,18.759,0.849
8104,2,10.05,-0.83,0.80692,-0.001,3.782,4.418,10.3,0.032,0.0,15.073,14.606,14.093,13.801,13.766,0.807
8105,2,10.05,-0.83,0.20941,-2.024,3.594,5.104,11.2,0.035,0.0,21.031,20.49,19.384,18.813,18.644,0.209
8106,2,10.05,-0.83,0.42834,-1.379,3.631,4.919,11.3,0.036,0.0,19.518,18.965,17.977,17.371,17.24,0.428
8107,2,10.05,-0.83,0.75226,-0.249,3.758,4.541,12.1,0.037,0.0,17.492,16.982,16.402,16.062,16.017,0.752
8108,2,10.05,-0.83,0.44402,-1.34,3.634,4.906,12.2,0.037,0.0,20.32,19.769,18.786,18.18,18.053,0.444
8109,2,10.05,-0.83,0.37763,-1.51,3.624,4.966,12.6,0.038,0.0,21.144,20.592,19.584,18.982,18.842,0.378
8110,2,10.05,-0.83,0.39755,-1.456,3.626,4.945,13.1,0.038,0.0,21.511,20.959,19.957,19.352,19.215,0.398
8111,2,10.05,-0.83,0.44703,-1.333,3.634,4.903,13.3,0.038,0.0,21.402,20.85,19.869,19.263,19.136,0.447
8112,2,10.05,-0.83,0.48095,-1.236,3.641,4.866,13.5,0.038,0.0,21.36,20.808,19.846,19.24,19.121,0.481
8113,2,10.05,-0.83,0.85412,0.269,3.794,4.223,14.1,0.038,0.0,18.198,17.763,17.282,17.016,16.984,0.854
8114,2,10.05,-0.83,0.55217,-1.011,3.66,4.777,14.2,0.038,0.0,21.499,20.941,20.038,19.454,19.353,0.552
8115,2,10.05,-0.83,0.70484,-0.443,3.735,4.614,14.2,0.038,0.0,20.078,19.532,18.884,18.492,18.435,0.705
8116,2,10.05,-0.83,0.63226,-0.722,3.695,4.687,14.8,0.038,0.0,21.375,20.805,20.026,19.533,19.455,0.632
8117,2,10.05,-0.83,0.72909,-0.345,3.747,4.579,15.1,0.038,0.0,20.734,20.203,19.592,19.228,19.177,0.729
8118,2,10.05,-0.83,0.77256,-0.161,3.767,4.503,15.2,0.038,0.0,20.373,19.881,19.327,19.006,18.965,0.773
8119,2,10.05,-0.83,0.66863,-0.583,3.715,4.652,15.2,0.038,0.0,21.428,20.865,20.153,19.714,19.646,0.669
8120,2,10.05,-0.83,0.90175,1.733,3.712,2.456,15.4,0.038,0.0,15.838,15.275,14.55,14.099,14.038,0.902
8121,2,10.05,-0.83,0.71805,-0.39,3.741,4.595,15.5,0.038,0.0,21.245,20.708,20.08,19.704,19.65,0.718
8122,2,10.05,-0.83,0.73507,-0.321,3.75,4.57,15.5,0.038,0.0,21.072,20.546,19.943,19.586,19.536,0.735
8123,2,10.05,-0.83,0.88374,0.509,3.763,3.873,15.6,0.038,0.0,19.098,18.601,18.033,17.702,17.66,0.884
8124,2,10.05,-0.81,0.16182,-2.365,3.55,5.156,10.2,0.031,0.0,20.882,20.453,19.145,18.574,18.352,0.162
8125,2,10.05,-0.81,0.34587,-1.595,3.62,4.997,11.1,0.035,0.0,19.858,19.304,18.284,17.69,17.546,0.346
8126,2,10.05,-0.81,0.76516,-0.199,3.763,4.519,11.4,0.036,0.0,16.668,16.165,15.6,15.27,15.227,0.765
8127,2,10.05,-0.81,0.64618,-0.673,3.702,4.673,12.5,0.038,0.0,18.952,18.381,17.624,17.149,17.076,0.646
8128,2,10.05,-0.81,0.81694,0.043,3.784,4.389,12.6,0.038,0.0,17.263,16.804,16.296,16.009,15.974,0.817
8129,2,10.05,-0.81,0.86364,0.324,3.793,4.168,12.7,0.038,0.0,16.661,16.221,15.738,15.47,15.438,0.864
8130,2,10.05,-0.81,0.46213,-1.292,3.636,4.887,13.1,0.038,0.0,21.1,20.549,19.574,18.966,18.843,0.462
8131,2,10.05,-0.81,0.62073,-0.769,3.688,4.698,13.2,0.038,0.0,19.893,19.325,18.519,18.005,17.923,0.621
8132,2,10.05,-0.81,0.5932,-0.872,3.674,4.726,13.4,0.038,0.0,20.35,19.785,18.93,18.377,18.288,0.593
8133,2,10.05,-0.81,0.46738,-1.277,3.638,4.881,13.5,0.038,0.0,21.463,20.911,19.939,19.331,19.209,0.467
8134,2,10.05,-0.81,0.6648,-0.602,3.712,4.655,13.6,0.038,0.0,19.875,19.309,18.587,18.138,18.069,0.665
8135,2,10.05,-0.81,0.80762,-0.005,3.781,4.418,13.6,0.038,0.0,18.382,17.915,17.399,17.105,17.069,0.808
8136,2,10.05,-0.81,0.53124,-1.082,3.653,4.804,13.8,0.038,0.0,21.276,20.722,19.795,19.195,19.09,0.531
8137,2,10.05,-0.81,0.63595,-0.712,3.696,4.683,13.9,0.038,0.0,20.449,19.879,19.102,18.612,18.535,0.636
8138,2,10.05,-0.81,0.63366,-0.72,3.695,4.685,14.0,0.038,0.0,20.571,20.001,19.22,18.726,18.648,0.634
8139,2,10.05,-0.81,0.58873,-0.887,3.673,4.732,14.3,0.038,0.0,21.288,20.724,19.864,19.308,19.217,0.589
8140,2,10.05,-0.81,0.72925,-0.35,3.746,4.579,14.5,0.038,0.0,20.144,19.612,18.997,18.631,18.58,0.729
8141,2,10.05,-0.81,0.60991,-0.811,3.682,4.708,14.5,0.038,0.0,21.296,20.729,19.903,19.372,19.287,0.61
8142,2,10.05,-0.81,0.59713,-0.858,3.676,4.721,14.6,0.038,0.0,21.516,20.95,20.101,19.552,19.463,0.597
8143,2,10.05,-0.81,0.76687,-0.192,3.764,4.515,14.6,0.038,0.0,19.85,19.349,18.785,18.457,18.414,0.767
8144,2,10.05,-0.81,0.89853,1.159,3.701,2.981,14.7,0.038,0.0,16.574,16.01,15.243,14.756,14.689,0.899
8145,2,10.05,-0.81,0.83803,0.16,3.791,4.311,14.8,0.038,0.0,19.171,18.728,18.238,17.965,17.933,0.838
8146,2,10.05,-0.81,0.89747,1.023,3.704,3.132,14.8,0.038,0.0,17.012,16.451,15.698,15.222,15.156,0.897
8147,2,10.05,-0.81,0.71754,-0.397,3.74,4.596,14.9,0.038,0.0,20.662,20.122,19.49,19.11,19.056,0.718
8148,2,10.05,-0.81,0.65149,-0.653,3.704,4.668,15.0,0.038,0.0,21.402,20.832,20.085,19.618,19.545,0.651
8149,2,10.05,-0.81,0.87712,0.433,3.784,4.031,15.5,0.038,0.0,19.187,18.729,18.222,17.936,17.902,0.877
8150,2,10.05,-0.79,0.61216,-0.805,3.682,4.705,10.7,0.034,0.0,17.484,16.914,16.089,15.558,15.474,0.612
8151,2,10.05,-0.79,0.44899,-1.331,3.633,4.901,10.9,0.034,0.0,18.998,18.445,17.462,16.853,16.726,0.449
8152,2,10.05,-0.79,0.38115,-1.503,3.623,4.962,11.0,0.035,0.0,19.527,18.974,17.964,17.36,17.221,0.381
8153,2,10.05,-0.79,0.6581,-0.631,3.707,4.661,11.9,0.037,0.0,18.249,17.679,16.941,16.479,16.408,0.658
8154,2,10.05,-0.79,0.38664,-1.488,3.624,4.956,12.0,0.037,0.0,20.491,19.939,18.93,18.324,18.186,0.387
8155,2,10.05,-0.79,0.42457,-1.392,3.629,4.922,12.7,0.038,0.0,20.949,20.398,19.403,18.795,18.663,0.425
8156,2,10.05,-0.79,0.37415,-1.522,3.623,4.969,12.8,0.038,0.0,21.374,20.822,19.809,19.206,19.066,0.374
8157,2,10.05,-0.79,0.5555,-1.006,3.659,4.772,12.9,0.038,0.0,20.184,19.627,18.721,18.133,18.033,0.555
8158,2,10.05,-0.79,0.70045,-0.47,3.73,4.618,13.0,0.038,0.0,18.944,18.39,17.728,17.325,17.266,0.7
8159,2,10.05,-0.79,0.4485,-1.332,3.633,4.901,13.2,0.038,0.0,21.301,20.75,19.765,19.156,19.029,0.449
8160,2,10.05,-0.79,0.52968,-1.09,3.652,4.805,13.3,0.038,0.0,20.795,20.241,19.31,18.706,18.6,0.53
8161,2,10.05,-0.79,0.5994,-0.854,3.675,4.717,13.3,0.038,0.0,20.204,19.639,18.788,18.238,18.149,0.599
8162,2,10.05,-0.79,0.79563,-0.069,3.775,4.453,13.3,0.038,0.0,18.242,17.762,17.229,16.924,16.886,0.796
8163,2,10.05,-0.79,0.52942,-1.091,3.652,4.806,13.4,0.038,0.0,20.897,20.343,19.412,18.808,18.702,0.529
8164,2,10.05,-0.79,0.65558,-0.641,3.705,4.663,13.5,0.038,0.0,19.873,19.303,18.56,18.094,18.023,0.656
8165,2,10.05,-0.79,0.47554,-1.256,3.639,4.872,13.5,0.038,0.0,21.409,20.858,19.888,19.279,19.158,0.476
8166,2,10.05,-0.79,0.756,-0.244,3.757,4.536,13.5,0.038,0.0,18.879,18.366,17.785,17.444,17.398,0.756
8167,2,10.05,-0.79,0.58536,-0.902,3.67,4.735,13.7,0.038,0.0,20.726,20.163,19.295,18.732,18.64,0.585
8168,2,10.05,-0.79,0.54247,-1.049,3.655,4.789,13.8,0.038,0.0,21.192,20.637,19.717,19.121,19.018,0.542
8169,2,10.05,-0.79,0.61039,-0.812,3.681,4.707,13.8,0.038,0.0,20.601,20.034,19.204,18.67,18.585,0.61
8170,2,10.05,-0.79,0.57759,-0.929,3.668,4.745,14.2,0.038,0.0,21.293,20.732,19.853,19.284,19.19,0.578
8171,2,10.05,-0.79,0.63941,-0.702,3.697,4.679,14.3,0.038,0.0,20.826,20.255,19.481,18.992,18.915,0.639
8172,2,10.05,-0.79,0.61964,-0.777,3.686,4.698,14.4,0.038,0.0,21.113,20.545,19.732,19.213,19.13,0.62
8173,2,10.05,-0.79,0.82831,0.096,3.787,4.353,14.5,0.038,0.0,19.03,18.576,18.075,17.794,17.76,0.828
8174,2,10.05,-0.79,0.82337,0.07,3.785,4.37,14.6,0.038,0.0,19.196,18.738,18.233,17.949,17.914,0.823
8175,2,10.05,-0.79,0.87072,0.364,3.79,4.121,14.6,0.038,0.0,18.459,18.013,17.523,17.25,17.217,0.871
8176,2,10.05,-0.79,0.67873,-0.553,3.718,4.641,14.8,0.038,0.0,20.953,20.389,19.688,19.256,19.191,0.679
8177,2,10.05,-0.79,0.69724,-0.482,3.728,4.622,14.8,0.038,0.0,20.775,20.219,19.551,19.145,19.085,0.697
8178,2,10.05,-0.79,0.66129,-0.619,3.709,4.658,15.1,0.038,0.0,21.418,20.851,20.117,19.66,19.59,0.661
8179,2,10.05,-0.79,0.73236,-0.342,3.746,4.575,15.1,0.038,0.0,20.724,20.191,19.578,19.213,19.162,0.732
8180,2,10.05,-0.79,0.82575,0.082,3.786,4.361,15.4,0.038,0.0,19.964,19.508,19.005,18.722,18.688,0.826
8181,2,10.05,-0.79,0.68939,-0.512,3.724,4.63,15.5,0.038,0.0,21.55,20.99,20.308,19.892,19.83,0.689
8182,2,10.05,-0.79,0.75837,-0.234,3.759,4.532,15.5,0.038,0.0,20.854,20.343,19.765,19.427,19.382,0.758
8183,2,10.05,-0.79,0.75591,-0.244,3.757,4.536,15.6,0.038,0.0,20.98,20.467,19.886,19.545,19.499,0.756
8184,2,10.05,-0.77,0.23343,-1.933,3.598,5.079,10.3,0.032,0.0,19.903,19.353,18.266,17.691,17.529,0.233
8185,2,10.05,-0.77,0.77735,-0.158,3.766,4.496,12.4,0.037,0.0,17.564,17.066,16.509,16.186,16.144,0.777
8186,2,10.05,-0.77,0.69419,-0.498,3.725,4.624,12.4,0.037,0.0,18.415,17.855,17.178,16.765,16.704,0.694
8187,2,10.05,-0.77,0.55878,-0.997,3.66,4.767,12.4,0.037,0.0,19.663,19.105,18.2,17.612,17.513,0.559
8188,2,10.05,-0.77,0.67693,-0.564,3.716,4.642,12.5,0.038,0.0,18.68,18.115,17.407,16.969,16.903,0.677
8189,2,10.05,-0.77,0.33914,-1.615,3.618,5.001,12.7,0.038,0.0,21.507,20.954,19.927,19.332,19.187,0.339
8190,2,10.05,-0.77,0.76926,-0.193,3.762,4.512,13.1,0.038,0.0,18.352,17.847,17.28,16.949,16.906,0.769
8191,2,10.05,-0.77,0.77881,-0.151,3.767,4.493,13.1,0.038,0.0,18.248,17.751,17.196,16.874,16.833,0.779
8192,2,10.05,-0.77,0.68694,-0.526,3.721,4.632,13.2,0.038,0.0,19.285,18.722,18.032,17.609,17.546,0.687
8193,2,10.05,-0.77,0.62243,-0.77,3.686,4.694,13.2,0.038,0.0,19.895,19.327,18.516,17.996,17.915,0.622
8194,2,10.05,-0.77,0.43558,-1.366,3.631,4.912,13.3,0.038,0.0,21.485,20.935,19.942,19.332,19.202,0.436
8195,2,10.05,-0.77,0.76859,-0.196,3.762,4.514,13.3,0.038,0.0,18.559,18.053,17.486,17.154,17.111,0.769
8196,2,10.05,-0.77,0.56972,-0.959,3.664,4.754,13.3,0.038,0.0,20.468,19.909,19.018,18.438,18.342,0.57
8197,2,10.05,-0.77,0.58005,-0.924,3.667,4.741,13.4,0.038,0.0,20.479,19.918,19.039,18.469,18.375,0.58
8198,2,10.05,-0.77,0.75061,-0.272,3.754,4.546,13.5,0.038,0.0,18.949,18.427,17.837,17.488,17.441,0.751
8199,2,10.05,-0.77,0.50564,-1.17,3.645,4.836,13.6,0.038,0.0,21.294,20.742,19.789,19.178,19.066,0.506
8200,2,10.05,-0.77,0.64366,-0.69,3.698,4.674,13.6,0.038,0.0,20.095,19.523,18.753,18.267,18.192,0.644
8201,2,10.05,-0.77,0.6256,-0.758,3.688,4.691,13.7,0.038,0.0,20.365,19.796,18.991,18.477,18.396,0.626
8202,2,10.05,-0.77,0.65826,-0.635,3.706,4.66,13.8,0.038,0.0,20.157,19.587,18.844,18.38,18.309,0.658
8203,2,10.05,-0.77,0.69376,-0.5,3.725,4.625,14.6,0.038,0.0,20.619,20.059,19.381,18.968,18.906,0.694
8204,2,10.05,-0.77,0.61057,-0.815,3.68,4.706,14.7,0.038,0.0,21.508,20.941,20.107,19.569,19.484,0.611
8205,2,10.05,-0.77,0.74358,-0.301,3.75,4.558,14.8,0.038,0.0,20.322,19.794,19.193,18.838,18.789,0.744
8206,2,10.05,-0.77,0.83553,0.128,3.788,4.329,14.8,0.038,0.0,19.25,18.797,18.3,18.021,17.988,0.836
8207,2,10.05,-0.77,0.86082,0.282,3.791,4.202,14.8,0.038,0.0,18.865,18.42,17.933,17.662,17.63,0.861
8208,2,10.05,-0.77,0.66088,-0.625,3.707,4.657,14.9,0.038,0.0,21.232,20.663,19.925,19.464,19.394,0.661
8209,2,10.05,-0.77,0.68057,-0.55,3.718,4.638,15.0,0.038,0.0,21.145,20.582,19.88,19.447,19.382,0.681
8210,2,10.05,-0.77,0.77649,-0.161,3.766,4.498,15.1,0.038,0.0,20.273,19.774,19.217,18.892,18.851,0.776
8211,2,10.05,-0.77,0.82646,0.078,3.785,4.362,15.8,0.038,0.0,20.374,19.915,19.41,19.125,19.091,0.826
8212,2,10.05,-0.75,0.39944,-1.457,3.625,4.941,9.5,0.027,0.0,17.912,17.356,16.349,15.74,15.604,0.399
8213,2,10.05,-0.75,0.22246,-1.978,3.595,5.09,11.6,0.036,0.0,21.316,20.774,19.67,19.096,18.931,0.222
8214,2,10.05,-0.75,0.34598,-1.599,3.619,4.996,11.7,0.037,0.0,20.466,19.914,18.888,18.291,18.147,0.346
8215,2,10.05,-0.75,0.26324,-1.828,3.605,5.051,12.1,0.037,0.0,21.44,20.89,19.822,19.239,19.084,0.263
8216,2,10.05,-0.75,0.28682,-1.755,3.609,5.034,12.1,0.037,0.0,21.258,20.708,19.653,19.066,18.914,0.287
8217,2,10.05,-0.75,0.85217,0.214,3.79,4.262,12.3,0.037,0.0,16.535,16.086,15.597,15.324,15.291,0.852
8218,2,10.05,-0.75,0.39862,-1.459,3.625,4.942,12.4,0.037,0.0,20.817,20.268,19.257,18.647,18.511,0.399
8219,2,10.05,-0.75,0.45984,-1.304,3.634,4.888,12.5,0.038,0.0,20.53,19.98,18.997,18.384,18.26,0.46
8220,2,10.05,-0.75,0.80282,-0.048,3.775,4.438,12.7,0.038,0.0,17.59,17.108,16.578,16.274,16.237,0.803
8221,2,10.05,-0.75,0.40243,-1.449,3.625,4.939,12.8,0.038,0.0,21.193,20.644,19.635,19.024,18.888,0.402
8222,2,10.05,-0.75,0.47335,-1.266,3.637,4.873,12.8,0.038,0.0,20.734,20.184,19.208,18.596,18.475,0.473
8223,2,10.05,-0.75,0.63828,-0.714,3.694,4.678,12.9,0.038,0.0,19.455,18.884,18.099,17.601,17.524,0.638
8224,2,10.05,-0.75,0.79207,-0.098,3.771,4.464,13.0,0.038,0.0,18.014,17.524,16.982,16.669,16.63,0.792
8225,2,10.05,-0.75,0.42849,-1.385,3.629,4.918,13.3,0.038,0.0,21.533,20.983,19.985,19.373,19.242,0.428
8226,2,10.05,-0.75,0.76544,-0.215,3.76,4.521,13.4,0.038,0.0,18.707,18.195,17.621,17.284,17.24,0.765
8227,2,10.05,-0.75,0.54925,-1.032,3.656,4.779,13.4,0.038,0.0,20.751,20.196,19.276,18.678,18.576,0.549
8228,2,10.05,-0.75,0.68049,-0.555,3.717,4.638,13.5,0.038,0.0,19.657,19.092,18.385,17.949,17.884,0.68
8229,2,10.05,-0.75,0.50015,-1.189,3.643,4.842,13.6,0.038,0.0,21.343,20.792,19.832,19.22,19.105,0.5
8230,2,10.05,-0.75,0.59565,-0.873,3.672,4.72,13.7,0.038,0.0,20.653,20.09,19.226,18.665,18.575,0.596
8231,2,10.05,-0.75,0.62166,-0.777,3.685,4.694,13.8,0.038,0.0,20.511,19.943,19.126,18.602,18.52,0.622
8232,2,10.05,-0.75,0.58317,-0.916,3.668,4.736,13.8,0.038,0.0,20.86,20.299,19.42,18.849,18.756,0.583
8233,2,10.05,-0.75,0.58803,-0.9,3.669,4.73,13.8,0.038,0.0,20.819,20.257,19.384,18.816,18.724,0.588
8234,2,10.05,-0.75,0.80925,-0.017,3.778,4.421,13.9,0.038,0.0,18.713,18.237,17.713,17.415,17.378,0.809
8235,2,10.05,-0.75,0.84251,0.159,3.789,4.305,14.0,0.038,0.0,18.373,17.921,17.427,17.15,17.117,0.843
8236,2,10.05,-0.75,0.53775,-1.069,3.653,4.794,14.0,0.038,0.0,21.443,20.89,19.959,19.354,19.25,0.538
8237,2,10.05,-0.75,0.68835,-0.525,3.721,4.63,14.1,0.038,0.0,20.182,19.619,18.927,18.502,18.439,0.688
8238,2,10.05,-0.75,0.74302,-0.308,3.749,4.559,14.1,0.038,0.0,19.64,19.109,18.504,18.146,18.097,0.743
8239,2,10.05,-0.75,0.56079,-0.993,3.66,4.764,14.2,0.038,0.0,21.452,20.896,19.989,19.4,19.301,0.561
8240,2,10.05,-0.75,0.90528,1.589,3.682,2.48,14.3,0.038,0.0,15.096,14.535,13.7,13.158,13.082,0.905
8241,2,10.05,-0.75,0.66137,-0.627,3.706,4.656,14.3,0.038,0.0,20.637,20.067,19.326,18.862,18.792,0.661
8242,2,10.05,-0.75,0.5739,-0.948,3.664,4.748,14.4,0.038,0.0,21.54,20.981,20.09,19.511,19.416,0.574
8243,2,10.05,-0.75,0.72697,-0.373,3.741,4.583,14.4,0.038,0.0,20.103,19.562,18.933,18.556,18.503,0.727
8244,2,10.05,-0.75,0.63933,-0.71,3.694,4.677,14.5,0.038,0.0,21.045,20.474,19.691,19.194,19.117,0.639
8245,2,10.05,-0.75,0.68198,-0.549,3.717,4.636,14.5,0.038,0.0,20.642,20.078,19.374,18.94,18.876,0.682
8246,2,10.05,-0.75,0.58825,-0.899,3.669,4.73,14.5,0.038,0.0,21.517,20.955,20.082,19.515,19.423,0.588
8247,2,10.05,-0.75,0.8562,0.24,3.791,4.239,14.8,0.038,0.0,18.971,18.522,18.034,17.762,17.729,0.856
8248,2,10.05,-0.75,0.63695,-0.719,3.693,4.679,14.9,0.038,0.0,21.467,20.897,20.109,19.609,19.531,0.637
8249,2,10.05,-0.75,0.66124,-0.627,3.706,4.656,14.9,0.038,0.0,21.239,20.669,19.927,19.463,19.393,0.661
8250,2,10.05,-0.75,0.83529,0.118,3.786,4.333,14.9,0.038,0.0,19.374,18.917,18.417,18.136,18.103,0.835
8251,2,10.05,-0.75,0.74858,-0.285,3.752,4.55,15.0,0.038,0.0,20.483,19.956,19.36,19.007,18.959,0.749
8252,2,10.05,-0.75,0.75011,-0.279,3.752,4.548,15.2,0.038,0.0,20.667,20.142,19.548,19.196,19.149,0.75
8253,2,10.05,-0.75,0.7624,-0.227,3.758,4.526,15.4,0.038,0.0,20.739,20.224,19.646,19.306,19.262,0.762
8254,2,10.05,-0.75,0.70321,-0.468,3.729,4.614,15.5,0.038,0.0,21.439,20.883,20.217,19.812,19.753,0.703
8255,2,10.05,-0.75,0.79885,-0.067,3.774,4.449,16.0,0.038,0.0,20.937,20.452,19.918,19.611,19.573,0.799
8256,2,10.05,-0.73,0.28028,-1.777,3.607,5.038,10.7,0.034,0.0,19.912,19.359,18.3,17.714,17.562,0.28
8257,2,10.05,-0.73,0.49923,-1.194,3.642,4.843,11.4,0.036,0.0,19.155,18.604,17.641,17.027,16.912,0.499
8258,2,10.05,-0.73,0.28485,-1.763,3.608,5.035,12.1,0.037,0.0,21.277,20.726,19.669,19.081,18.929,0.285
8259,2,10.05,-0.73,0.40332,-1.449,3.625,4.937,12.3,0.037,0.0,20.691,20.142,19.132,18.519,18.383,0.403
8260,2,10.05,-0.73,0.63917,-0.714,3.693,4.676,12.5,0.038,0.0,19.056,18.485,17.697,17.196,17.119,0.639
8261,2,10.05,-0.73,0.85907,0.248,3.79,4.228,12.6,0.038,0.0,16.749,16.297,15.806,15.533,15.5,0.859
8262,2,10.05,-0.73,0.63428,-0.733,3.691,4.681,12.8,0.038,0.0,19.402,18.831,18.035,17.526,17.447,0.634
8263,2,10.05,-0.73,0.61639,-0.8,3.681,4.698,13.0,0.038,0.0,19.77,19.203,18.371,17.835,17.751,0.616
8264,2,10.05,-0.73,0.39271,-1.476,3.624,4.948,13.0,0.038,0.0,21.46,20.91,19.897,19.287,19.15,0.393
8265,2,10.05,-0.73,0.55932,-1.001,3.658,4.765,13.0,0.038,0.0,20.272,19.716,18.805,18.211,18.111,0.559
8266,2,10.05,-0.73,0.81664,0.012,3.779,4.401,13.2,0.038,0.0,17.939,17.464,16.945,16.65,16.614,0.817
8267,2,10.05,-0.73,0.4367,-1.366,3.63,4.91,13.3,0.038,0.0,21.486,20.937,19.94,19.327,19.197,0.437
8268,2,10.05,-0.73,0.50863,-1.164,3.644,4.831,13.4,0.038,0.0,21.081,20.53,19.574,18.96,18.848,0.509
8269,2,10.05,-0.73,0.4537,-1.323,3.633,4.895,13.4,0.038,0.0,21.478,20.929,19.94,19.326,19.2,0.454
8270,2,10.05,-0.73,0.91415,2.123,4.978,6.938,13.5,0.038,0.0,12.963,19.354,19.812,19.97,20.07,0.584
8271,2,10.05,-0.73,0.79007,-0.113,3.769,4.471,13.5,0.038,0.0,18.552,18.057,17.509,17.193,17.153,0.79
8272,2,10.05,-0.73,0.57059,-0.962,3.662,4.751,13.6,0.038,0.0,20.776,20.218,19.32,18.735,18.638,0.571
8273,2,10.05,-0.73,0.52267,-1.12,3.648,4.813,13.6,0.038,0.0,21.169,20.618,19.672,19.06,18.951,0.523
8274,2,10.05,-0.73,0.66264,-0.626,3.706,4.654,13.8,0.038,0.0,20.135,19.565,18.822,18.356,18.286,0.663
8275,2,10.05,-0.73,0.50736,-1.168,3.644,4.833,13.8,0.038,0.0,21.491,20.94,19.983,19.369,19.257,0.507
8276,2,10.05,-0.73,0.72961,-0.367,3.741,4.579,13.8,0.038,0.0,19.488,18.946,18.318,17.942,17.889,0.73
8277,2,10.05,-0.73,0.86442,0.284,3.79,4.195,14.0,0.038,0.0,18.059,17.607,17.116,16.843,16.81,0.864
8278,2,10.05,-0.73,0.55493,-1.016,3.657,4.771,14.0,0.038,0.0,21.31,20.755,19.838,19.24,19.14,0.555
8279,2,10.05,-0.73,0.58242,-0.922,3.666,4.736,14.0,0.038,0.0,21.075,20.514,19.631,19.055,18.962,0.582
8280,2,10.05,-0.73,0.64535,-0.691,3.696,4.671,14.2,0.038,0.0,20.698,20.126,19.35,18.859,18.784,0.645
8281,2,10.05,-0.73,0.76712,-0.213,3.759,4.519,14.3,0.038,0.0,19.602,19.089,18.514,18.177,18.132,0.767
8282,2,10.05,-0.73,0.59412,-0.882,3.67,4.721,14.3,0.038,0.0,21.275,20.712,19.843,19.277,19.186,0.594
8283,2,10.05,-0.73,0.83274,0.096,3.785,4.347,14.4,0.038,0.0,18.93,18.467,17.963,17.678,17.644,0.833
8284,2,10.05,-0.73,0.84795,0.18,3.789,4.286,14.5,0.038,0.0,18.819,18.365,17.871,17.595,17.563,0.848
8285,2,10.05,-0.73,0.84389,0.158,3.788,4.304,14.5,0.038,0.0,18.876,18.42,17.925,17.647,17.614,0.844
8286,2,10.05,-0.73,0.64928,-0.676,3.699,4.667,14.6,0.038,0.0,21.061,20.488,19.72,19.235,19.161,0.649
8287,2,10.05,-0.73,0.77383,-0.184,3.762,4.505,14.6,0.038,0.0,19.83,19.322,18.756,18.425,18.382,0.774
8288,2,10.05,-0.73,0.82006,0.029,3.78,4.39,14.7,0.038,0.0,19.396,18.925,18.409,18.116,18.08,0.82
8289,2,10.05,-0.73,0.62246,-0.777,3.684,4.692,14.8,0.038,0.0,21.513,20.944,20.125,19.598,19.516,0.622
8290,2,10.05,-0.73,0.90018,0.721,3.709,3.454,14.8,0.038,0.0,17.767,17.205,16.469,16.007,15.943,0.9
8291,2,10.05,-0.73,0.67207,-0.591,3.711,4.645,15.0,0.038,0.0,21.246,20.678,19.952,19.501,19.433,0.672
8292,2,10.05,-0.73,0.90851,2.4,3.64,1.501,15.1,0.038,0.0,13.87,13.362,12.348,11.662,11.557,0.909
8293,2,10.05,-0.73,0.64944,-0.676,3.699,4.667,15.1,0.038,0.0,21.559,20.987,20.219,19.734,19.66,0.649
8294,2,10.05,-0.73,0.84912,0.187,3.789,4.281,15.2,0.038,0.0,19.502,19.049,18.556,18.28,18.248,0.849
8295,2,10.05,-0.71,0.38745,-1.491,3.623,4.954,10.8,0.034,0.0,19.298,18.746,17.73,17.121,16.984,0.387
8296,2,10.05,-0.71,0.19002,-2.146,3.578,5.121,10.9,0.034,0.0,21.036,20.522,19.341,18.781,18.596,0.19
8297,2,10.05,-0.71,0.25099,-1.869,3.601,5.058,11.4,0.036,0.0,20.841,20.292,19.212,18.632,18.474,0.251
8298,2,10.05,-0.71,0.20614,-2.046,3.59,5.105,11.5,0.036,0.0,21.384,20.851,19.724,19.154,18.983,0.206
8299,2,10.05,-0.71,0.21901,-1.995,3.593,5.093,11.7,0.037,0.0,21.457,20.919,19.806,19.232,19.065,0.219
8300,2,10.05,-0.71,0.30148,-1.713,3.611,5.022,12.3,0.037,0.0,21.353,20.803,19.753,19.162,19.013,0.301
8301,2,10.05,-0.71,0.75159,-0.283,3.751,4.546,12.3,0.037,0.0,17.777,17.247,16.649,16.294,16.246,0.752
8302,2,10.05,-0.71,0.61267,-0.818,3.678,4.701,12.5,0.038,0.0,19.314,18.747,17.904,17.358,17.273,0.613
8303,2,10.05,-0.71,0.41261,-1.427,3.626,4.93,12.5,0.038,0.0,20.838,20.289,19.281,18.666,18.532,0.413
8304,2,10.05,-0.71,0.37202,-1.532,3.621,4.97,12.8,0.038,0.0,21.401,20.85,19.829,19.223,19.084,0.372
8305,2,10.05,-0.71,0.45873,-1.311,3.633,4.889,13.0,0.038,0.0,21.047,20.498,19.51,18.894,18.769,0.459
8306,2,10.05,-0.71,0.79854,-0.081,3.771,4.453,13.1,0.038,0.0,18.073,17.581,17.04,16.729,16.69,0.799
8307,2,10.05,-0.71,0.52375,-1.119,3.647,4.811,13.1,0.038,0.0,20.667,20.116,19.168,18.554,18.446,0.524
8308,2,10.05,-0.71,0.80457,-0.053,3.774,4.437,13.2,0.038,0.0,18.102,17.614,17.08,16.774,16.736,0.805
8309,2,10.05,-0.71,0.53183,-1.093,3.649,4.801,13.3,0.038,0.0,20.803,20.251,19.31,18.696,18.59,0.532
8310,2,10.05,-0.71,0.68533,-0.545,3.717,4.632,13.7,0.038,0.0,19.832,19.265,18.56,18.124,18.059,0.685
8311,2,10.05,-0.71,0.86233,0.26,3.789,4.215,13.7,0.038,0.0,17.821,17.366,16.873,16.598,16.565,0.862
8312,2,10.05,-0.71,0.53039,-1.098,3.649,4.803,13.7,0.038,0.0,21.214,20.663,19.72,19.107,19.0,0.53
8313,2,10.05,-0.71,0.66116,-0.636,3.704,4.655,13.8,0.038,0.0,20.159,19.587,18.837,18.366,18.295,0.661
8314,2,10.05,-0.71,0.63447,-0.736,3.689,4.68,13.8,0.038,0.0,20.409,19.839,19.038,18.526,18.447,0.634
8315,2,10.05,-0.71,0.54693,-1.045,3.653,4.781,13.9,0.038,0.0,21.283,20.73,19.801,19.195,19.092,0.547
8316,2,10.05,-0.71,0.68352,-0.551,3.716,4.633,14.0,0.038,0.0,20.149,19.582,18.873,18.435,18.37,0.684
8317,2,10.05,-0.71,0.75787,-0.257,3.754,4.535,14.0,0.038,0.0,19.412,18.887,18.297,17.949,17.902,0.758
8318,2,10.05,-0.71,0.83989,0.127,3.786,4.324,14.0,0.038,0.0,18.452,17.99,17.489,17.207,17.173,0.84
8319,2,10.05,-0.71,0.77803,-0.172,3.763,4.498,14.3,0.038,0.0,19.499,18.992,18.427,18.098,18.055,0.778
8320,2,10.05,-0.71,0.58146,-0.928,3.665,4.737,14.3,0.038,0.0,21.391,20.831,19.943,19.363,19.269,0.581
8321,2,10.05,-0.71,0.69936,-0.491,3.724,4.618,14.3,0.038,0.0,20.299,19.736,19.056,18.641,18.58,0.699
8322,2,10.05,-0.71,0.76479,-0.228,3.757,4.523,14.3,0.038,0.0,19.64,19.122,18.54,18.199,18.153,0.765
8323,2,10.05,-0.71,0.79792,-0.084,3.771,4.454,14.4,0.038,0.0,19.38,18.887,18.346,18.034,17.995,0.798
8324,2,10.05,-0.71,0.63208,-0.745,3.688,4.682,14.5,0.038,0.0,21.131,20.562,19.756,19.24,19.16,0.632
8325,2,10.05,-0.71,0.68635,-0.541,3.717,4.631,14.5,0.038,0.0,20.622,20.056,19.352,18.918,18.854,0.686
8326,2,10.05,-0.71,0.62632,-0.766,3.685,4.688,14.5,0.038,0.0,21.186,20.617,19.8,19.275,19.194,0.626
8327,2,10.05,-0.71,0.61112,-0.823,3.677,4.702,14.5,0.038,0.0,21.328,20.762,19.916,19.368,19.282,0.611
8328,2,10.05,-0.71,0.88827,0.454,3.773,3.971,14.5,0.038,0.0,18.135,17.648,17.111,16.804,16.766,0.888
8329,2,10.05,-0.71,0.89626,0.507,3.733,3.761,14.7,0.038,0.0,18.203,17.656,16.998,16.599,16.545,0.896
8330,2,10.05,-0.71,0.81978,0.021,3.779,4.394,14.8,0.038,0.0,19.518,19.042,18.523,18.228,18.192,0.82
8331,2,10.05,-0.71,0.77428,-0.188,3.761,4.505,15.0,0.038,0.0,20.24,19.729,19.159,18.827,18.783,0.774
8332,2,10.05,-0.71,0.65228,-0.669,3.699,4.663,15.0,0.038,0.0,21.442,20.869,20.103,19.619,19.545,0.652
8333,2,10.05,-0.71,0.90342,0.848,3.705,3.311,15.1,0.038,0.0,17.751,17.187,16.435,15.96,15.894,0.903
8334,2,10.05,-0.71,0.76129,-0.243,3.755,4.529,15.1,0.038,0.0,20.477,19.955,19.369,19.024,18.978,0.761
8335,2,10.05,-0.71,0.73806,-0.338,3.744,4.567,15.2,0.038,0.0,20.815,20.276,19.658,19.288,19.237,0.738
8336,2,10.05,-0.71,0.70736,-0.46,3.729,4.608,15.3,0.038,0.0,21.22,20.662,19.996,19.59,19.531,0.707
8337,2,10.05,-0.71,0.70641,-0.464,3.728,4.609,15.6,0.038,0.0,21.53,20.971,20.303,19.896,19.837,0.706
8338,2,10.05,-0.69,0.75805,-0.261,3.753,4.536,10.6,0.033,0.0,16.023,15.493,14.901,14.551,14.504,0.758
8339,2,10.05,-0.69,0.25785,-1.849,3.602,5.053,11.0,0.035,0.0,20.392,19.841,18.764,18.182,18.026,0.258
8340,2,10.05,-0.69,0.46282,-1.301,3.633,4.884,11.5,0.036,0.0,19.522,18.973,17.985,17.368,17.244,0.463
8341,2,10.05,-0.69,0.31936,-1.669,3.614,5.012,11.8,0.037,0.0,20.743,20.192,19.149,18.554,18.408,0.319
8342,2,10.05,-0.69,0.45225,-1.331,3.631,4.896,11.9,0.037,0.0,19.997,19.448,18.454,17.837,17.711,0.452
8343,2,10.05,-0.69,0.50278,-1.187,3.641,4.838,12.2,0.037,0.0,19.938,19.388,18.423,17.806,17.691,0.503
8344,2,10.05,-0.69,0.26912,-1.814,3.605,5.046,12.2,0.037,0.0,21.505,20.955,19.885,19.299,19.145,0.269
8345,2,10.05,-0.69,0.69811,-0.501,3.722,4.618,12.4,0.037,0.0,18.421,17.857,17.171,16.75,16.689,0.698
8346,2,10.05,-0.69,0.47823,-1.258,3.636,4.867,12.5,0.038,0.0,20.414,19.865,18.885,18.267,18.147,0.478
8347,2,10.05,-0.69,0.49692,-1.205,3.64,4.845,12.9,0.038,0.0,20.682,20.133,19.163,18.546,18.43,0.497
8348,2,10.05,-0.69,0.85823,0.222,3.788,4.247,13.0,0.038,0.0,17.215,16.757,16.262,15.986,15.953,0.858
8349,2,10.05,-0.69,0.50224,-1.189,3.641,4.839,13.1,0.038,0.0,20.843,20.293,19.327,18.709,18.595,0.502
8350,2,10.05,-0.69,0.4526,-1.33,3.631,4.895,13.2,0.038,0.0,21.295,20.746,19.752,19.135,19.009,0.453
8351,2,10.05,-0.69,0.51435,-1.151,3.644,4.823,13.5,0.038,0.0,21.147,20.597,19.64,19.023,18.912,0.514
8352,2,10.05,-0.69,0.53858,-1.074,3.65,4.791,13.6,0.038,0.0,21.056,20.504,19.565,18.951,18.847,0.539
8353,2,10.05,-0.69,0.49085,-1.222,3.639,4.852,13.6,0.038,0.0,21.425,20.876,19.903,19.285,19.168,0.491
8354,2,10.05,-0.69,0.74935,-0.297,3.749,4.55,13.6,0.038,0.0,19.113,18.578,17.973,17.614,17.565,0.749
8355,2,10.05,-0.69,0.8134,-0.017,3.776,4.415,13.6,0.038,0.0,18.413,17.929,17.401,17.1,17.063,0.813
8356,2,10.05,-0.69,0.51157,-1.16,3.644,4.827,13.7,0.038,0.0,21.369,20.819,19.86,19.243,19.131,0.512
8357,2,10.05,-0.69,0.67117,-0.602,3.708,4.645,13.8,0.038,0.0,20.075,19.504,18.769,18.309,18.24,0.671
8358,2,10.05,-0.69,0.63129,-0.751,3.687,4.682,13.8,0.038,0.0,20.448,19.878,19.067,18.546,18.465,0.631
8359,2,10.05,-0.69,0.87433,0.329,3.787,4.147,13.8,0.038,0.0,17.749,17.289,16.793,16.516,16.483,0.874
8360,2,10.05,-0.69,0.5459,-1.051,3.652,4.781,13.9,0.038,0.0,21.298,20.745,19.813,19.203,19.1,0.546
8361,2,10.05,-0.69,0.91717,2.35,5.019,6.871,13.9,0.038,0.0,12.796,19.487,19.949,20.109,20.21,0.575
8362,2,10.05,-0.69,0.51399,-1.152,3.644,4.824,13.9,0.038,0.0,21.55,21.0,20.042,19.426,19.315,0.514
8363,2,10.05,-0.69,0.901,0.592,3.714,3.601,13.9,0.038,0.0,17.189,16.628,15.907,15.457,15.395,0.901
8364,2,10.05,-0.69,0.72675,-0.388,3.737,4.583,14.0,0.038,0.0,19.74,19.192,18.552,18.167,18.113,0.727
8365,2,10.05,-0.69,0.74314,-0.322,3.746,4.559,14.1,0.038,0.0,19.676,19.137,18.523,18.157,18.106,0.743
8366,2,10.05,-0.69,0.60718,-0.842,3.674,4.705,14.1,0.038,0.0,20.974,20.409,19.551,18.993,18.906,0.607
8367,2,10.05,-0.69,0.70312,-0.481,3.725,4.613,14.1,0.038,0.0,20.073,19.51,18.833,18.419,18.359,0.703
8368,2,10.05,-0.69,0.62987,-0.756,3.686,4.683,14.2,0.038,0.0,20.861,20.292,19.478,18.954,18.874,0.63
8369,2,10.05,-0.69,0.90588,0.94,3.701,3.207,14.2,0.038,0.0,16.62,16.053,15.29,14.806,14.739,0.906
8370,2,10.05,-0.69,0.684,-0.554,3.715,4.632,14.2,0.038,0.0,20.355,19.787,19.075,18.633,18.568,0.684
8371,2,10.05,-0.69,0.58902,-0.906,3.667,4.726,14.3,0.038,0.0,21.335,20.774,19.89,19.314,19.221,0.589
8372,2,10.05,-0.69,0.81272,-0.021,3.776,4.417,14.5,0.038,0.0,19.322,18.837,18.308,18.007,17.97,0.813
8373,2,10.05,-0.69,0.88765,0.434,3.776,4.002,14.6,0.038,0.0,18.286,17.803,17.274,16.973,16.936,0.888
8374,2,10.05,-0.69,0.62092,-0.79,3.681,4.692,14.6,0.038,0.0,21.345,20.777,19.946,19.409,19.325,0.621
8375,2,10.05,-0.69,0.79568,-0.1,3.769,4.461,14.7,0.038,0.0,19.72,19.223,18.676,18.36,18.32,0.796
8376,2,10.05,-0.69,0.61541,-0.811,3.678,4.697,14.7,0.038,0.0,21.497,20.93,20.088,19.542,19.457,0.615
8377,2,10.05,-0.69,0.88562,0.417,3.779,4.029,14.7,0.038,0.0,18.428,17.95,17.43,17.135,17.098,0.886
8378,2,10.05,-0.69,0.65952,-0.646,3.702,4.656,14.8,0.038,0.0,21.184,20.611,19.854,19.377,19.305,0.66
8379,2,10.05,-0.69,0.64121,-0.714,3.692,4.673,14.9,0.038,0.0,21.455,20.884,20.092,19.586,19.509,0.641
8380,2,10.05,-0.69,0.82684,0.05,3.78,4.373,15.0,0.038,0.0,19.646,19.171,18.656,18.364,18.329,0.827
8381,2,10.05,-0.69,0.68329,-0.556,3.714,4.633,15.1,0.038,0.0,21.261,20.693,19.98,19.538,19.472,0.683
8382,2,10.05,-0.69,0.65109,-0.677,3.697,4.663,15.1,0.038,0.0,21.563,20.99,20.217,19.727,19.653,0.651
8383,2,10.05,-0.69,0.69557,-0.51,3.721,4.621,15.2,0.038,0.0,21.245,20.68,19.99,19.565,19.503,0.696
8384,2,10.05,-0.69,0.73484,-0.356,3.742,4.572,15.3,0.038,0.0,20.959,20.416,19.79,19.414,19.362,0.735
8385,2,10.05,-0.69,0.78392,-0.152,3.764,4.488,15.3,0.038,0.0,20.451,19.944,19.384,19.058,19.016,0.784
8386,2,10.05,-0.69,0.89847,0.511,3.726,3.733,15.4,0.038,0.0,18.894,18.338,17.661,17.246,17.189,0.898
8387,2,10.05,-0.69,0.73297,-0.363,3.741,4.575,15.6,0.038,0.0,21.278,20.734,20.104,19.726,19.674,0.733
8388,2,10.05,-0.69,0.72597,-0.391,3.737,4.584,15.7,0.038,0.0,21.448,20.899,20.258,19.872,19.818,0.726
8389,2,10.05,-0.67,0.33003,-1.627,3.614,4.987,10.7,0.034,0.0,19.538,18.986,17.945,17.347,17.202,0.33
8390,2,10.05,-0.67,0.5247,-1.122,3.646,4.809,11.2,0.035,0.0,18.774,18.223,17.27,16.653,16.544,0.525
8391,2,10.05,-0.67,0.25963,-1.836,3.602,5.042,11.3,0.036,0.0,20.66,20.111,19.032,18.449,18.293,0.26
8392,2,10.05,-0.67,0.21905,-1.995,3.592,5.088,11.6,0.036,0.0,21.357,20.821,19.701,19.128,18.96,0.219
8393,2,10.05,-0.67,0.37769,-1.513,3.62,4.955,12.1,0.037,0.0,20.652,20.103,19.077,18.468,18.33,0.378
8394,2,10.05,-0.67,0.25805,-1.841,3.602,5.043,12.1,0.037,0.0,21.473,20.925,19.844,19.261,19.105,0.258
8395,2,10.05,-0.67,0.26483,-1.819,3.603,5.038,12.2,0.037,0.0,21.518,20.969,19.893,19.309,19.154,0.265
8396,2,10.05,-0.67,0.64299,-0.713,3.691,4.671,12.4,0.037,0.0,18.953,18.381,17.587,17.079,17.002,0.643
8397,2,10.05,-0.67,0.50162,-1.194,3.64,4.839,12.5,0.038,0.0,20.256,19.707,18.737,18.117,18.002,0.502
8398,2,10.05,-0.67,0.54008,-1.073,3.65,4.789,12.6,0.038,0.0,20.053,19.502,18.56,17.944,17.84,0.54
8399,2,10.05,-0.67,0.58989,-0.908,3.666,4.725,12.6,0.038,0.0,19.639,19.079,18.192,17.612,17.519,0.59
8400,2,10.05,-0.67,0.37721,-1.514,3.62,4.955,12.8,0.038,0.0,21.355,20.806,19.78,19.171,19.032,0.377
8401,2,10.05,-0.67,0.80378,-0.068,3.771,4.44,12.9,0.038,0.0,17.841,17.345,16.803,16.49,16.451,0.804
8402,2,10.05,-0.67,0.41121,-1.435,3.624,4.93,13.0,0.038,0.0,21.357,20.81,19.795,19.178,19.044,0.411
8403,2,10.05,-0.67,0.54958,-1.043,3.652,4.776,13.1,0.038,0.0,20.479,19.926,18.993,18.381,18.278,0.55
8404,2,10.05,-0.67,0.64621,-0.701,3.693,4.668,13.1,0.038,0.0,19.623,19.051,18.263,17.76,17.684,0.646
8405,2,10.05,-0.67,0.70513,-0.48,3.725,4.61,13.2,0.038,0.0,19.169,18.605,17.926,17.511,17.451,0.705
8406,2,10.05,-0.67,0.79998,-0.086,3.769,4.449,13.2,0.038,0.0,18.184,17.685,17.139,16.823,16.783,0.8
8407,2,10.05,-0.67,0.58952,-0.909,3.666,4.725,13.3,0.038,0.0,20.342,19.782,18.894,18.314,18.221,0.59
8408,2,10.05,-0.67,0.46252,-1.305,3.632,4.884,13.3,0.038,0.0,21.332,20.784,19.792,19.173,19.049,0.463
8409,2,10.05,-0.67,0.77129,-0.212,3.757,4.51,13.4,0.038,0.0,18.7,18.179,17.597,17.255,17.21,0.771
8410,2,10.05,-0.67,0.92177,2.378,5.028,6.876,13.5,0.038,0.0,12.325,19.08,19.543,19.704,19.805,0.573
8411,2,10.05,-0.67,0.67817,-0.582,3.71,4.638,13.6,0.038,0.0,19.825,19.255,18.527,18.072,18.005,0.678
8412,2,10.05,-0.67,0.52986,-1.105,3.647,4.803,13.7,0.038,0.0,21.234,20.683,19.734,19.117,19.009,0.53
8413,2,10.05,-0.67,0.75947,-0.262,3.751,4.531,13.7,0.038,0.0,19.124,18.592,17.995,17.641,17.594,0.759
8414,2,10.05,-0.67,0.57318,-0.964,3.66,4.746,13.8,0.038,0.0,20.98,20.423,19.517,18.923,18.826,0.573
8415,2,10.05,-0.67,0.6604,-0.648,3.701,4.655,14.0,0.038,0.0,20.391,19.816,19.056,18.576,18.504,0.66
8416,2,10.05,-0.67,0.59098,-0.904,3.666,4.723,14.3,0.038,0.0,21.33,20.77,19.884,19.304,19.212,0.591
8417,2,10.05,-0.67,0.75395,-0.284,3.749,4.54,14.3,0.038,0.0,19.781,19.246,18.641,18.282,18.233,0.754
8418,2,10.05,-0.67,0.75673,-0.273,3.75,4.535,14.3,0.038,0.0,19.752,19.218,18.618,18.261,18.213,0.757
8419,2,10.05,-0.67,0.68618,-0.552,3.714,4.63,14.4,0.038,0.0,20.55,19.981,19.268,18.825,18.76,0.686
8420,2,10.05,-0.67,0.72477,-0.402,3.734,4.584,14.4,0.038,0.0,20.175,19.623,18.975,18.582,18.527,0.725
8421,2,10.05,-0.67,0.60494,-0.855,3.672,4.707,14.5,0.038,0.0,21.408,20.844,19.977,19.412,19.324,0.605
8422,2,10.05,-0.67,0.75881,-0.264,3.751,4.532,14.6,0.038,0.0,20.031,19.499,18.9,18.546,18.499,0.759
8423,2,10.05,-0.67,0.67725,-0.585,3.71,4.639,14.6,0.038,0.0,20.833,20.263,19.533,19.077,19.01,0.677
8424,2,10.05,-0.67,0.62175,-0.792,3.68,4.691,14.7,0.038,0.0,21.45,20.882,20.048,19.507,19.423,0.622
8425,2,10.05,-0.67,0.83358,0.078,3.781,4.352,14.7,0.038,0.0,19.274,18.8,18.288,17.998,17.963,0.834
8426,2,10.05,-0.67,0.6918,-0.531,3.718,4.625,14.7,0.038,0.0,20.797,20.23,19.527,19.092,19.029,0.692
8427,2,10.05,-0.67,0.68203,-0.567,3.712,4.634,14.7,0.038,0.0,20.889,20.319,19.598,19.15,19.083,0.682
8428,2,10.05,-0.67,0.63471,-0.744,3.687,4.679,14.8,0.038,0.0,21.43,20.86,20.05,19.529,19.449,0.635
8429,2,10.05,-0.67,0.65654,-0.663,3.699,4.658,14.8,0.038,0.0,21.227,20.653,19.885,19.399,19.325,0.657
8430,2,10.05,-0.67,0.89439,0.457,3.767,3.947,14.8,0.038,0.0,18.427,17.927,17.374,17.054,17.014,0.894
8431,2,10.05,-0.67,0.84078,0.116,3.784,4.327,14.8,0.038,0.0,19.279,18.81,18.304,18.019,17.985,0.841
8432,2,10.05,-0.67,0.79323,-0.116,3.766,4.464,15.3,0.038,0.0,20.36,19.856,19.302,18.98,18.939,0.793
8433,2,10.05,-0.67,0.68545,-0.555,3.714,4.631,15.3,0.038,0.0,21.456,20.888,20.173,19.729,19.664,0.685
8434,2,10.05,-0.67,0.71992,-0.421,3.732,4.591,15.3,0.038,0.0,21.124,20.568,19.912,19.515,19.458,0.72
8435,2,10.05,-0.67,0.85616,0.203,3.786,4.258,15.3,0.038,0.0,19.563,19.099,18.599,18.319,18.286,0.856
8436,2,10.05,-0.67,0.84758,0.153,3.785,4.3,15.5,0.038,0.0,19.886,19.421,18.92,18.639,18.605,0.848
8437,2,10.05,-0.67,0.87956,0.345,3.785,4.125,15.6,0.038,0.0,19.508,19.043,18.542,18.261,18.227,0.88
8438,2,10.05,-0.65,0.17802,-2.247,3.562,5.13,10.6,0.033,0.0,20.987,20.521,19.262,18.701,18.493,0.178
8439,2,10.05,-0.65,0.48987,-1.233,3.636,4.852,11.2,0.035,0.0,19.052,18.503,17.522,16.9,16.782,0.49
8440,2,10.05,-0.65,0.48947,-1.234,3.636,4.853,11.9,0.037,0.0,19.755,19.207,18.225,17.603,17.485,0.489
8441,2,10.05,-0.65,0.50399,-1.192,3.639,4.836,11.9,0.037,0.0,19.65,19.101,18.128,17.507,17.392,0.504
8442,2,10.05,-0.65,0.30719,-1.693,3.609,5.002,12.0,0.037,0.0,21.003,20.454,19.396,18.804,18.655,0.307
8443,2,10.05,-0.65,0.86967,0.249,3.786,4.219,12.0,0.037,0.0,16.149,15.683,15.185,14.906,14.872,0.87
8444,2,10.05,-0.65,0.7217,-0.425,3.731,4.59,12.2,0.037,0.0,18.033,17.475,16.815,16.414,16.357,0.722
8445,2,10.05,-0.65,0.78606,-0.164,3.761,4.487,12.4,0.037,0.0,17.581,17.066,16.497,16.164,16.121,0.786
8446,2,10.05,-0.65,0.33722,-1.616,3.614,4.982,12.7,0.038,0.0,21.509,20.96,19.915,19.315,19.171,0.337
8447,2,10.05,-0.65,0.4785,-1.265,3.634,4.865,12.7,0.038,0.0,20.632,20.085,19.097,18.475,18.353,0.478
8448,2,10.05,-0.65,0.36516,-1.548,3.617,4.963,12.9,0.038,0.0,21.539,20.991,19.955,19.349,19.208,0.365
8449,2,10.05,-0.65,0.55408,-1.034,3.652,4.771,12.9,0.038,0.0,20.255,19.703,18.769,18.156,18.054,0.554
8450,2,10.05,-0.65,0.69758,-0.519,3.718,4.62,13.0,0.038,0.0,19.067,18.499,17.8,17.367,17.304,0.698
8451,2,10.05,-0.65,0.49499,-1.218,3.637,4.847,13.1,0.038,0.0,20.916,20.368,19.389,18.768,18.65,0.495
8452,2,10.05,-0.65,0.8205,-0.011,3.775,4.408,13.3,0.038,0.0,18.097,17.607,17.077,16.774,16.737,0.821
8453,2,10.05,-0.65,0.57724,-0.957,3.66,4.742,13.5,0.038,0.0,20.662,20.105,19.198,18.603,18.507,0.577
8454,2,10.05,-0.65,0.81464,-0.038,3.772,4.423,13.8,0.038,0.0,18.665,18.172,17.635,17.327,17.289,0.815
8455,2,10.05,-0.65,0.64984,-0.696,3.693,4.665,13.8,0.038,0.0,20.31,19.737,18.95,18.447,18.371,0.65
8456,2,10.05,-0.65,0.68163,-0.578,3.71,4.636,13.9,0.038,0.0,20.115,19.544,18.816,18.36,18.293,0.682
8457,2,10.05,-0.65,0.87247,0.265,3.786,4.205,14.0,0.038,0.0,18.107,17.643,17.145,16.866,16.832,0.872
8458,2,10.05,-0.65,0.54695,-1.057,3.65,4.78,14.0,0.038,0.0,21.413,20.862,19.921,19.303,19.2,0.547
8459,2,10.05,-0.65,0.77748,-0.201,3.757,4.504,14.2,0.038,0.0,19.472,18.95,18.37,18.029,17.984,0.777
8460,2,10.05,-0.65,0.58961,-0.915,3.664,4.726,14.3,0.038,0.0,21.359,20.8,19.906,19.321,19.228,0.59
8461,2,10.05,-0.65,0.65087,-0.692,3.694,4.664,14.4,0.038,0.0,20.9,20.328,19.542,19.04,18.965,0.651
8462,2,10.05,-0.65,0.92827,2.438,5.035,6.844,14.4,0.038,0.0,13.075,19.881,20.345,20.506,20.607,0.573
8463,2,10.05,-0.65,0.61824,-0.813,3.677,4.695,14.4,0.038,0.0,21.202,20.635,19.788,19.236,19.151,0.618
8464,2,10.05,-0.65,0.88096,0.315,3.787,4.161,14.5,0.038,0.0,18.483,18.019,17.522,17.245,17.211,0.881
8465,2,10.05,-0.65,0.61104,-0.84,3.673,4.702,14.5,0.038,0.0,21.369,20.804,19.943,19.381,19.294,0.611
8466,2,10.05,-0.65,0.7607,-0.27,3.749,4.533,14.6,0.038,0.0,20.045,19.51,18.908,18.55,18.502,0.761
8467,2,10.05,-0.65,0.61772,-0.815,3.677,4.696,14.6,0.038,0.0,21.407,20.84,19.991,19.439,19.354,0.618
8468,2,10.05,-0.65,0.69639,-0.523,3.718,4.621,14.6,0.038,0.0,20.678,20.11,19.408,18.974,18.911,0.696
8469,2,10.05,-0.65,0.70903,-0.475,3.724,4.607,14.7,0.038,0.0,20.656,20.092,19.412,18.995,18.936,0.709
8470,2,10.05,-0.65,0.8085,-0.066,3.77,4.438,14.7,0.038,0.0,19.635,19.137,18.594,18.281,18.242,0.809
8471,2,10.05,-0.65,0.74329,-0.34,3.741,4.56,14.8,0.038,0.0,20.42,19.875,19.247,18.871,18.819,0.743
8472,2,10.05,-0.65,0.772,-0.224,3.755,4.514,14.8,0.038,0.0,20.129,19.603,19.016,18.67,18.624,0.772
8473,2,10.05,-0.65,0.66955,-0.623,3.704,4.647,15.0,0.038,0.0,21.327,20.754,20.003,19.53,19.46,0.67
8474,2,10.05,-0.65,0.79148,-0.141,3.763,4.477,15.1,0.038,0.0,20.223,19.713,19.15,18.822,18.78,0.791
8475,2,10.05,-0.65,0.84909,0.132,3.784,4.318,15.1,0.038,0.0,19.541,19.072,18.567,18.284,18.249,0.849
8476,2,10.05,-0.65,0.75956,-0.275,3.749,4.535,15.1,0.038,0.0,20.556,20.021,19.417,19.058,19.01,0.76
8477,2,10.05,-0.65,0.8235,0.004,3.776,4.399,15.3,0.038,0.0,20.061,19.573,19.046,18.745,18.709,0.824
8478,2,10.05,-0.65,0.81286,-0.046,3.772,4.428,15.6,0.038,0.0,20.486,19.991,19.452,19.143,19.105,0.813
8479,2,10.05,-0.65,0.88603,0.349,3.785,4.123,15.8,0.038,0.0,19.697,19.23,18.728,18.448,18.413,0.886
8480,2,10.05,-0.65,0.91765,1.034,3.698,3.104,15.9,0.038,0.0,18.086,17.518,16.741,16.248,16.179,0.918
8481,2,10.05,-0.63,0.69042,-0.555,3.713,4.628,11.0,0.035,0.0,17.157,16.585,15.866,15.417,15.352,0.69
8482,2,10.05,-0.63,0.43115,-1.396,3.624,4.911,11.3,0.036,0.0,19.561,19.013,17.997,17.375,17.243,0.431
8483,2,10.05,-0.63,0.21088,-2.04,3.587,5.095,11.5,0.036,0.0,21.369,20.843,19.696,19.128,18.954,0.211
8484,2,10.05,-0.63,0.35719,-1.573,3.615,4.968,11.6,0.036,0.0,20.302,19.754,18.71,18.106,17.964,0.357
8485,2,10.05,-0.63,0.26234,-1.84,3.599,5.039,11.6,0.036,0.0,20.97,20.424,19.332,18.751,18.593,0.262
8486,2,10.05,-0.63,0.29221,-1.744,3.605,5.013,11.7,0.037,0.0,20.83,20.281,19.209,18.621,18.469,0.292
8487,2,10.05,-0.63,0.27104,-1.812,3.601,5.032,11.8,0.037,0.0,21.1,20.552,19.467,18.884,18.728,0.271
8488,2,10.05,-0.63,0.80931,-0.08,3.768,4.445,12.2,0.037,0.0,17.17,16.667,16.12,15.803,15.763,0.809
8489,2,10.05,-0.63,0.84616,0.091,3.781,4.346,12.4,0.037,0.0,16.942,16.465,15.954,15.665,15.63,0.846
8490,2,10.05,-0.63,0.48844,-1.242,3.635,4.853,12.4,0.037,0.0,20.275,19.728,18.74,18.116,17.996,0.488
8491,2,10.05,-0.63,0.41736,-1.43,3.622,4.922,12.8,0.038,0.0,21.145,20.599,19.576,18.957,18.823,0.417
8492,2,10.05,-0.63,0.64729,-0.714,3.69,4.669,12.9,0.038,0.0,19.454,18.882,18.083,17.57,17.492,0.647
8493,2,10.05,-0.63,0.68353,-0.58,3.709,4.635,13.0,0.038,0.0,19.22,18.649,17.916,17.458,17.39,0.684
8494,2,10.05,-0.63,0.67245,-0.621,3.703,4.645,13.1,0.038,0.0,19.422,18.848,18.096,17.622,17.552,0.672
8495,2,10.05,-0.63,0.75562,-0.303,3.745,4.545,13.1,0.038,0.0,18.627,18.086,17.47,17.102,17.052,0.756
8496,2,10.05,-0.63,0.87951,0.272,3.786,4.202,13.2,0.038,0.0,17.29,16.824,16.327,16.049,16.015,0.88
8497,2,10.05,-0.63,0.54303,-1.075,3.648,4.785,13.3,0.038,0.0,20.757,20.207,19.258,18.638,18.533,0.543
8498,2,10.05,-0.63,0.61847,-0.82,3.675,4.696,13.3,0.038,0.0,20.119,19.553,18.699,18.142,18.057,0.618
8499,2,10.05,-0.63,0.86057,0.163,3.785,4.296,13.3,0.038,0.0,17.662,17.194,16.693,16.412,16.378,0.861
8500,2,10.05,-0.63,0.4601,-1.322,3.629,4.885,13.4,0.038,0.0,21.474,20.928,19.924,19.3,19.174,0.46
8501,2,10.05,-0.63,0.92632,1.242,3.691,2.873,13.4,0.038,0.0,15.064,14.498,13.697,13.183,13.111,0.926
8502,2,10.05,-0.63,0.67224,-0.622,3.703,4.645,13.6,0.038,0.0,19.924,19.35,18.598,18.123,18.053,0.672
8503,2,10.05,-0.63,0.61262,-0.841,3.672,4.702,13.6,0.038,0.0,20.473,19.909,19.044,18.48,18.392,0.613
8504,2,10.05,-0.63,0.86688,0.199,3.786,4.265,13.7,0.038,0.0,17.972,17.504,17.005,16.725,16.691,0.867
8505,2,10.05,-0.63,0.51158,-1.173,3.64,4.826,13.8,0.038,0.0,21.503,20.955,19.983,19.36,19.246,0.512
8506,2,10.05,-0.63,0.76408,-0.269,3.749,4.531,13.8,0.038,0.0,19.243,18.706,18.102,17.743,17.695,0.764
8507,2,10.05,-0.63,0.91609,0.52,3.722,3.714,13.9,0.038,0.0,17.37,16.809,16.118,15.692,15.633,0.916
8508,2,10.05,-0.63,0.58855,-0.926,3.662,4.728,14.0,0.038,0.0,21.084,20.527,19.627,19.036,18.942,0.589
8509,2,10.05,-0.63,0.67766,-0.602,3.706,4.64,14.0,0.038,0.0,20.274,19.701,18.959,18.492,18.423,0.678
8510,2,10.05,-0.63,0.58569,-0.935,3.661,4.732,14.0,0.038,0.0,21.108,20.551,19.648,19.055,18.96,0.586
8511,2,10.05,-0.63,0.81321,-0.063,3.77,4.437,14.1,0.038,0.0,19.028,18.528,17.985,17.671,17.632,0.813
8512,2,10.05,-0.63,0.65531,-0.684,3.694,4.661,14.1,0.038,0.0,20.58,20.007,19.223,18.722,18.647,0.655
8513,2,10.05,-0.63,0.79044,-0.161,3.761,4.485,14.3,0.038,0.0,19.473,18.956,18.386,18.053,18.01,0.79
8514,2,10.05,-0.63,0.62544,-0.794,3.679,4.689,14.4,0.038,0.0,21.155,20.587,19.746,19.2,19.116,0.625
8515,2,10.05,-0.63,0.77925,-0.208,3.756,4.506,14.5,0.038,0.0,19.789,19.264,18.68,18.336,18.291,0.779
8516,2,10.05,-0.63,0.74904,-0.329,3.742,4.555,14.6,0.038,0.0,20.192,19.647,19.021,18.646,18.595,0.749
8517,2,10.05,-0.63,0.70278,-0.509,3.719,4.615,14.8,0.038,0.0,20.842,20.274,19.576,19.145,19.082,0.703
8518,2,10.05,-0.63,0.64689,-0.715,3.69,4.669,14.9,0.038,0.0,21.458,20.886,20.086,19.572,19.495,0.647
8519,2,10.05,-0.63,0.90818,0.468,3.764,3.932,15.2,0.038,0.0,18.8,18.293,17.732,17.408,17.367,0.908
8520,2,10.05,-0.63,0.7491,-0.329,3.742,4.554,15.5,0.038,0.0,21.092,20.547,19.921,19.546,19.494,0.749
8521,2,10.05,-0.63,0.74097,-0.361,3.738,4.567,15.5,0.038,0.0,21.172,20.622,19.985,19.601,19.547,0.741
8522,2,10.05,-0.63,0.90479,0.446,3.773,3.987,15.5,0.038,0.0,19.156,18.664,18.128,17.823,17.785,0.905
8523,2,10.05,-0.61,0.30496,-1.713,3.605,5.003,10.3,0.032,0.0,19.353,18.801,17.731,17.142,16.991,0.305
8524,2,10.05,-0.61,0.20758,-2.059,3.584,5.097,10.8,0.034,0.0,20.717,20.194,19.036,18.47,18.293,0.208
8525,2,10.05,-0.61,0.77196,-0.25,3.75,4.523,10.9,0.034,0.0,16.296,15.757,15.159,14.804,14.757,0.772
8526,2,10.05,-0.61,0.39475,-1.49,3.617,4.939,11.0,0.035,0.0,19.496,18.948,17.91,17.299,17.161,0.395
8527,2,10.05,-0.61,0.29657,-1.737,3.604,5.009,11.1,0.035,0.0,20.212,19.663,18.588,18.0,17.848,0.297
8528,2,10.05,-0.61,0.69425,-0.55,3.712,4.625,11.6,0.036,0.0,17.745,17.173,16.453,16.004,15.939,0.694
8529,2,10.05,-0.61,0.21516,-2.028,3.586,5.089,11.6,0.036,0.0,21.439,20.915,19.764,19.196,19.022,0.215
8530,2,10.05,-0.61,0.87691,0.222,3.786,4.251,11.7,0.037,0.0,15.915,15.447,14.951,14.673,14.64,0.877
8531,2,10.05,-0.61,0.64744,-0.721,3.688,4.669,11.9,0.037,0.0,18.473,17.901,17.095,16.576,16.499,0.647
8532,2,10.05,-0.61,0.62444,-0.805,3.677,4.691,12.2,0.037,0.0,18.983,18.416,17.567,17.013,16.929,0.624
8533,2,10.05,-0.61,0.32048,-1.673,3.608,4.993,12.3,0.037,0.0,21.253,20.705,19.64,19.047,18.897,0.32
8534,2,10.05,-0.61,0.57822,-0.966,3.657,4.742,12.4,0.037,0.0,19.586,19.031,18.114,17.51,17.413,0.578
8535,2,10.05,-0.61,0.31769,-1.68,3.607,4.995,12.5,0.038,0.0,21.471,20.923,19.857,19.264,19.115,0.318
8536,2,10.05,-0.61,0.41555,-1.44,3.62,4.923,12.5,0.038,0.0,20.869,20.323,19.294,18.676,18.541,0.416
8537,2,10.05,-0.61,0.73626,-0.39,3.734,4.575,12.7,0.038,0.0,18.445,17.889,17.238,16.843,16.788,0.736
8538,2,10.05,-0.61,0.4123,-1.448,3.62,4.925,12.9,0.038,0.0,21.289,20.743,19.712,19.096,18.959,0.412
8539,2,10.05,-0.61,0.83625,0.023,3.776,4.389,12.9,0.038,0.0,17.613,17.124,16.599,16.3,16.263,0.836
8540,2,10.05,-0.61,0.84418,0.06,3.779,4.366,12.9,0.038,0.0,17.52,17.037,16.519,16.226,16.19,0.844
8541,2,10.05,-0.61,0.46897,-1.302,3.629,4.874,13.0,0.038,0.0,21.024,20.479,19.475,18.848,18.723,0.469
8542,2,10.05,-0.61,0.44654,-1.363,3.625,4.897,13.1,0.038,0.0,21.279,20.734,19.718,19.091,18.961,0.447
8543,2,10.05,-0.61,0.47919,-1.273,3.631,4.863,13.1,0.038,0.0,21.052,20.507,19.509,18.882,18.759,0.479
8544,2,10.05,-0.61,0.55659,-1.037,3.65,4.768,13.1,0.038,0.0,20.463,19.912,18.97,18.351,18.248,0.557
8545,2,10.05,-0.61,0.52592,-1.134,3.642,4.807,13.3,0.038,0.0,20.904,20.356,19.39,18.765,18.654,0.526
8546,2,10.05,-0.61,0.76266,-0.287,3.746,4.538,13.3,0.038,0.0,18.788,18.247,17.635,17.269,17.22,0.763
8547,2,10.05,-0.61,0.94361,2.397,5.033,6.876,13.4,0.038,0.0,12.177,18.965,19.428,19.589,19.69,0.574
8548,2,10.05,-0.61,0.58767,-0.935,3.66,4.73,13.4,0.038,0.0,20.509,19.952,19.045,18.449,18.354,0.588
8549,2,10.05,-0.61,0.49402,-1.231,3.634,4.846,13.6,0.038,0.0,21.448,20.902,19.913,19.286,19.167,0.494
8550,2,10.05,-0.61,0.78283,-0.207,3.755,4.505,13.7,0.038,0.0,18.987,18.459,17.874,17.529,17.484,0.783
8551,2,10.05,-0.61,0.65452,-0.695,3.692,4.663,13.9,0.038,0.0,20.408,19.835,19.043,18.535,18.459,0.655
8552,2,10.05,-0.61,0.88729,0.286,3.787,4.193,13.9,0.038,0.0,17.956,17.489,16.993,16.715,16.682,0.887
8553,2,10.05,-0.61,0.66297,-0.664,3.696,4.655,14.0,0.038,0.0,20.431,19.857,19.08,18.585,18.511,0.663
8554,2,10.05,-0.61,0.80347,-0.121,3.764,4.466,14.2,0.038,0.0,19.273,18.762,18.201,17.875,17.834,0.803
8555,2,10.05,-0.61,0.71902,-0.456,3.725,4.597,14.2,0.038,0.0,20.111,19.545,18.867,18.453,18.394,0.719
8556,2,10.05,-0.61,0.6222,-0.814,3.676,4.694,14.2,0.038,0.0,21.004,20.437,19.584,19.027,18.942,0.622
8557,2,10.05,-0.61,0.64998,-0.712,3.69,4.667,14.3,0.038,0.0,20.85,20.278,19.476,18.962,18.884,0.65
8558,2,10.05,-0.61,0.84448,0.061,3.779,4.365,14.3,0.038,0.0,18.917,18.434,17.916,17.623,17.587,0.844
8559,2,10.05,-0.61,0.78944,-0.18,3.758,4.493,14.3,0.038,0.0,19.519,18.997,18.42,18.081,18.037,0.789
8560,2,10.05,-0.61,0.69973,-0.53,3.715,4.62,14.3,0.038,0.0,20.395,19.825,19.114,18.673,18.609,0.7
8561,2,10.05,-0.61,0.84257,0.052,3.778,4.371,14.5,0.038,0.0,19.139,18.655,18.136,17.841,17.805,0.843
8562,2,10.05,-0.61,0.73408,-0.398,3.732,4.578,14.6,0.038,0.0,20.366,19.809,19.154,18.757,18.702,0.734
8563,2,10.05,-0.61,0.64261,-0.739,3.686,4.674,14.7,0.038,0.0,21.317,20.746,19.931,19.405,19.326,0.643
8564,2,10.05,-0.61,0.72628,-0.428,3.729,4.588,14.8,0.038,0.0,20.641,20.08,19.413,19.007,18.95,0.726
8565,2,10.05,-0.61,0.76147,-0.292,3.745,4.539,14.9,0.038,0.0,20.4,19.858,19.244,18.877,18.828,0.761
8566,2,10.05,-0.61,0.75306,-0.325,3.742,4.552,15.1,0.038,0.0,20.682,20.135,19.509,19.133,19.082,0.753
8567,2,10.05,-0.61,0.82982,-0.007,3.774,4.406,15.2,0.038,0.0,19.987,19.493,18.962,18.658,18.621,0.83
8568,2,10.05,-0.61,0.804,-0.119,3.764,4.465,15.4,0.038,0.0,20.468,19.956,19.397,19.071,19.03,0.804
8569,2,10.05,-0.61,0.82474,-0.03,3.772,4.419,15.6,0.038,0.0,20.444,19.947,19.411,19.103,19.065,0.825
8570,2,10.05,-0.61,0.87284,0.2,3.786,4.268,15.7,0.038,0.0,19.969,19.501,19.002,18.723,18.69,0.873
8571,2,10.05,-0.61,0.80677,-0.107,3.765,4.459,15.7,0.038,0.0,20.738,20.229,19.672,19.349,19.308,0.807
8572,2,10.05,-0.61,0.90777,0.424,3.777,4.027,15.8,0.038,0.0,19.51,19.024,18.501,18.205,18.168,0.908
8573,2,10.05,-0.61,0.82057,-0.048,3.771,4.429,15.9,0.038,0.0,20.79,20.29,19.749,19.438,19.399,0.821
8574,2,10.05,-0.61,0.77664,-0.232,3.752,4.515,15.9,0.038,0.0,21.249,20.717,20.123,19.773,19.726,0.777
8575,2,10.05,-0.59,0.25753,-1.868,3.594,5.041,9.7,0.028,0.0,19.14,18.597,17.486,16.909,16.747,0.258
8576,2,10.05,-0.59,0.23357,-1.959,3.589,5.067,11.3,0.036,0.0,20.967,20.438,19.299,18.728,18.557,0.234
8577,2,10.05,-0.59,0.64478,-0.739,3.685,4.673,11.4,0.036,0.0,18.017,17.445,16.628,16.1,16.021,0.645
8578,2,10.05,-0.59,0.65667,-0.696,3.691,4.662,11.7,0.037,0.0,18.209,17.636,16.84,16.33,16.254,0.657
8579,2,10.05,-0.59,0.48575,-1.26,3.631,4.855,11.9,0.037,0.0,19.819,19.274,18.274,17.645,17.523,0.486
8580,2,10.05,-0.59,0.38921,-1.509,3.615,4.942,12.1,0.037,0.0,20.643,20.097,19.051,18.442,18.301,0.389
8581,2,10.05,-0.59,0.86636,0.144,3.784,4.312,12.3,0.037,0.0,16.711,16.236,15.732,15.448,15.414,0.866
8582,2,10.05,-0.59,0.46507,-1.318,3.627,4.877,12.4,0.037,0.0,20.464,19.919,18.908,18.279,18.152,0.465
8583,2,10.05,-0.59,0.36236,-1.574,3.612,4.964,12.5,0.038,0.0,21.206,20.659,19.604,19.001,18.857,0.362
8584,2,10.05,-0.59,0.78356,-0.217,3.753,4.508,12.5,0.038,0.0,17.812,17.28,16.69,16.342,16.296,0.784
8585,2,10.05,-0.59,0.47226,-1.297,3.629,4.87,12.6,0.038,0.0,20.613,20.069,19.062,18.433,18.307,0.472
8586,2,10.05,-0.59,0.60788,-0.873,3.667,4.709,12.8,0.038,0.0,19.754,19.193,18.308,17.727,17.637,0.608
8587,2,10.05,-0.59,0.58136,-0.963,3.657,4.739,12.8,0.038,0.0,19.976,19.422,18.503,17.897,17.8,0.581
8588,2,10.05,-0.59,0.58667,-0.945,3.659,4.733,12.9,0.038,0.0,20.034,19.478,18.565,17.963,17.867,0.587
8589,2,10.05,-0.59,0.9114,0.41,3.78,4.053,12.9,0.038,0.0,16.645,16.163,15.647,15.357,15.321,0.911
8590,2,10.05,-0.59,0.40721,-1.465,3.617,4.928,13.0,0.038,0.0,21.433,20.888,19.849,19.234,19.097,0.407
8591,2,10.05,-0.59,0.51037,-1.187,3.637,4.827,13.1,0.038,0.0,20.838,20.292,19.309,18.681,18.565,0.51
8592,2,10.05,-0.59,0.69093,-0.571,3.709,4.629,13.2,0.038,0.0,19.398,18.825,18.091,17.631,17.565,0.691
8593,2,10.05,-0.59,0.68785,-0.582,3.707,4.632,13.3,0.038,0.0,19.526,18.952,18.213,17.749,17.681,0.688
8594,2,10.05,-0.59,0.825,-0.045,3.77,4.427,13.4,0.038,0.0,18.283,17.781,17.24,16.928,16.89,0.825
8595,2,10.05,-0.59,0.60829,-0.872,3.667,4.708,13.5,0.038,0.0,20.45,19.889,19.005,18.425,18.334,0.608
8596,2,10.05,-0.59,0.54543,-1.078,3.646,4.782,13.8,0.038,0.0,21.266,20.717,19.761,19.136,19.03,0.545
8597,2,10.05,-0.59,0.7404,-0.385,3.733,4.572,13.9,0.038,0.0,19.632,19.075,18.424,18.029,17.974,0.74
8598,2,10.05,-0.59,0.53225,-1.119,3.642,4.799,13.9,0.038,0.0,21.468,20.921,19.954,19.328,19.218,0.532
8599,2,10.05,-0.59,0.58212,-0.96,3.657,4.738,14.0,0.038,0.0,21.17,20.616,19.697,19.092,18.995,0.582
8600,2,10.05,-0.59,0.78628,-0.206,3.755,4.504,14.2,0.038,0.0,19.485,18.955,18.369,18.023,17.977,0.786
8601,2,10.05,-0.59,0.83331,-0.009,3.773,4.407,14.2,0.038,0.0,18.992,18.496,17.963,17.658,17.621,0.833
8602,2,10.05,-0.59,0.7787,-0.236,3.751,4.516,14.2,0.038,0.0,19.56,19.024,18.428,18.075,18.028,0.779
8603,2,10.05,-0.59,0.63167,-0.787,3.679,4.685,14.3,0.038,0.0,21.036,20.468,19.626,19.077,18.994,0.632
8604,2,10.05,-0.59,0.61895,-0.833,3.672,4.698,14.3,0.038,0.0,21.153,20.588,19.723,19.156,19.069,0.619
8605,2,10.05,-0.59,0.79683,-0.163,3.759,4.485,14.6,0.038,0.0,19.778,19.256,18.683,18.347,18.303,0.797
8606,2,10.05,-0.59,0.6108,-0.863,3.668,4.706,14.6,0.038,0.0,21.527,20.965,20.086,19.508,19.419,0.611
8607,2,10.05,-0.59,0.77145,-0.265,3.748,4.528,14.7,0.038,0.0,20.131,19.591,18.985,18.625,18.576,0.771
8608,2,10.05,-0.59,0.92239,0.481,3.757,3.894,14.7,0.038,0.0,18.268,17.745,17.162,16.821,16.777,0.922
8609,2,10.05,-0.59,0.70061,-0.536,3.714,4.62,14.7,0.038,0.0,20.81,20.239,19.522,19.076,19.011,0.701
8610,2,10.05,-0.59,0.83311,-0.01,3.773,4.408,14.7,0.038,0.0,19.494,18.998,18.465,18.16,18.123,0.833
8611,2,10.05,-0.59,0.71798,-0.47,3.722,4.6,14.9,0.038,0.0,20.846,20.278,19.591,19.169,19.109,0.718
8612,2,10.05,-0.59,0.63994,-0.756,3.683,4.677,14.9,0.038,0.0,21.561,20.991,20.165,19.628,19.548,0.64
8613,2,10.05,-0.59,0.71006,-0.5,3.718,4.609,15.3,0.038,0.0,21.321,20.751,20.051,19.618,19.556,0.71
8614,2,10.05,-0.59,0.73148,-0.419,3.729,4.583,15.3,0.038,0.0,21.117,20.555,19.89,19.485,19.428,0.731
8615,2,10.05,-0.59,0.87266,0.174,3.785,4.29,15.5,0.038,0.0,19.835,19.363,18.863,18.582,18.548,0.873
8616,2,10.05,-0.57,0.85028,0.051,3.777,4.373,10.1,0.031,0.0,14.743,14.249,13.731,13.436,13.4,0.85
8617,2,10.05,-0.57,0.16942,-2.335,3.547,5.136,10.4,0.032,0.0,21.008,20.591,19.254,18.69,18.461,0.169
8618,2,10.05,-0.57,0.23172,-1.972,3.587,5.068,10.6,0.033,0.0,20.3,19.774,18.625,18.056,17.883,0.232
8619,2,10.05,-0.57,0.38837,-1.517,3.613,4.942,10.7,0.034,0.0,19.262,18.715,17.664,17.056,16.914,0.388
8620,2,10.05,-0.57,0.36812,-1.567,3.611,4.959,11.6,0.036,0.0,20.287,19.741,18.682,18.079,17.935,0.368
8621,2,10.05,-0.57,0.52401,-1.15,3.639,4.809,12.1,0.037,0.0,19.745,19.199,18.221,17.592,17.479,0.524
8622,2,10.05,-0.57,0.91005,0.367,3.783,4.108,12.1,0.037,0.0,15.952,15.475,14.97,14.686,14.652,0.91
8623,2,10.05,-0.57,0.36227,-1.581,3.61,4.964,12.4,0.037,0.0,21.123,20.577,19.516,18.914,18.769,0.362
8624,2,10.05,-0.57,0.31283,-1.707,3.603,4.998,12.4,0.037,0.0,21.437,20.89,19.809,19.221,19.068,0.313
8625,2,10.05,-0.57,0.57379,-0.993,3.653,4.749,12.6,0.038,0.0,19.853,19.302,18.368,17.752,17.653,0.574
8626,2,10.05,-0.57,0.8538,0.067,3.779,4.363,12.7,0.038,0.0,17.303,16.816,16.298,16.004,15.969,0.854
8627,2,10.05,-0.57,0.38035,-1.537,3.612,4.949,12.7,0.038,0.0,21.312,20.767,19.711,19.105,18.962,0.38
8628,2,10.05,-0.57,0.44992,-1.365,3.622,4.892,12.8,0.038,0.0,20.982,20.439,19.413,18.787,18.655,0.45
8629,2,10.05,-0.57,0.41054,-1.462,3.616,4.924,13.0,0.038,0.0,21.426,20.881,19.837,19.223,19.085,0.411
8630,2,10.05,-0.57,0.624,-0.822,3.673,4.694,13.1,0.038,0.0,19.925,19.36,18.497,17.932,17.847,0.624
8631,2,10.05,-0.57,0.61085,-0.87,3.667,4.707,13.2,0.038,0.0,20.145,19.584,18.699,18.117,18.027,0.611
8632,2,10.05,-0.57,0.66679,-0.667,3.694,4.653,13.3,0.038,0.0,19.739,19.164,18.38,17.878,17.805,0.667
8633,2,10.05,-0.57,0.84603,0.032,3.776,4.384,13.4,0.038,0.0,18.09,17.598,17.073,16.775,16.738,0.846
8634,2,10.05,-0.57,0.63616,-0.778,3.679,4.682,13.4,0.038,0.0,20.115,19.546,18.706,18.158,18.076,0.636
8635,2,10.05,-0.57,0.53091,-1.129,3.641,4.801,13.5,0.038,0.0,21.092,20.545,19.573,18.944,18.833,0.531
8636,2,10.05,-0.57,0.64452,-0.748,3.683,4.674,13.7,0.038,0.0,20.34,19.769,18.944,18.409,18.329,0.645
8637,2,10.05,-0.57,0.78849,-0.209,3.754,4.505,13.9,0.038,0.0,19.194,18.661,18.072,17.724,17.679,0.788
8638,2,10.05,-0.57,0.95496,2.474,5.042,6.836,13.9,0.038,0.0,12.484,19.338,19.803,19.964,20.065,0.575
8639,2,10.05,-0.57,0.73756,-0.406,3.73,4.577,14.0,0.038,0.0,19.785,19.223,18.561,18.158,18.101,0.738
8640,2,10.05,-0.57,0.74531,-0.377,3.734,4.568,14.0,0.038,0.0,19.711,19.154,18.504,18.109,18.055,0.745
8641,2,10.05,-0.57,0.90362,0.326,3.786,4.157,14.0,0.038,0.0,17.956,17.485,16.986,16.708,16.674,0.904
8642,2,10.05,-0.57,0.62551,-0.817,3.674,4.692,14.0,0.038,0.0,20.812,20.245,19.386,18.823,18.737,0.626
8643,2,10.05,-0.57,0.70591,-0.525,3.714,4.615,14.0,0.038,0.0,20.083,19.512,18.797,18.352,18.288,0.706
8644,2,10.05,-0.57,0.86301,0.108,3.781,4.337,14.1,0.038,0.0,18.6,18.118,17.608,17.32,17.285,0.863
8645,2,10.05,-0.57,0.67918,-0.623,3.701,4.641,14.2,0.038,0.0,20.527,19.95,19.189,18.707,18.636,0.679
8646,2,10.05,-0.57,0.69777,-0.555,3.71,4.623,14.3,0.038,0.0,20.459,19.886,19.157,18.7,18.635,0.698
8647,2,10.05,-0.57,0.64718,-0.738,3.685,4.671,14.5,0.038,0.0,21.116,20.545,19.724,19.193,19.114,0.647
8648,2,10.05,-0.57,0.80355,-0.149,3.76,4.478,14.5,0.038,0.0,19.643,19.122,18.551,18.217,18.174,0.804
8649,2,10.05,-0.57,0.71679,-0.484,3.72,4.602,14.6,0.038,0.0,20.581,20.012,19.316,18.886,18.825,0.717
8650,2,10.05,-0.57,0.74991,-0.359,3.736,4.562,14.6,0.038,0.0,20.268,19.713,19.069,18.68,18.627,0.75
8651,2,10.05,-0.57,0.90771,0.352,3.784,4.127,14.8,0.038,0.0,18.69,18.216,17.714,17.433,17.398,0.908
8652,2,10.05,-0.57,0.82162,-0.074,3.767,4.442,14.9,0.038,0.0,19.856,19.347,18.797,18.479,18.439,0.822
8653,2,10.05,-0.57,0.72572,-0.451,3.724,4.592,15.1,0.038,0.0,20.997,20.43,19.749,19.331,19.272,0.726
8654,2,10.05,-0.57,0.84537,0.029,3.776,4.386,15.2,0.038,0.0,19.898,19.405,18.88,18.581,18.544,0.845
8655,2,10.05,-0.57,0.81711,-0.093,3.765,4.451,15.6,0.038,0.0,20.602,20.091,19.536,19.214,19.173,0.817
8656,2,10.05,-0.55,0.23678,-1.958,3.586,5.061,11.8,0.037,0.0,21.465,20.941,19.788,19.219,19.045,0.237
8657,2,10.05,-0.55,0.53099,-1.134,3.639,4.801,11.9,0.037,0.0,19.504,18.958,17.981,17.35,17.239,0.531
8658,2,10.05,-0.55,0.29924,-1.749,3.599,5.005,12.3,0.037,0.0,21.442,20.898,19.803,19.219,19.063,0.299
8659,2,10.05,-0.55,0.67511,-0.646,3.697,4.646,12.4,0.037,0.0,18.785,18.209,17.433,16.938,16.866,0.675
8660,2,10.05,-0.55,0.60721,-0.89,3.663,4.711,12.5,0.038,0.0,19.496,18.937,18.04,17.448,17.356,0.607
8661,2,10.05,-0.55,0.33381,-1.66,3.604,4.984,12.5,0.038,0.0,21.42,20.874,19.796,19.203,19.053,0.334
8662,2,10.05,-0.55,0.35133,-1.615,3.607,4.972,12.6,0.038,0.0,21.408,20.863,19.792,19.194,19.046,0.351
8663,2,10.05,-0.55,0.37353,-1.56,3.609,4.954,12.7,0.038,0.0,21.369,20.825,19.761,19.157,19.013,0.374
8664,2,10.05,-0.55,0.71983,-0.483,3.719,4.6,12.7,0.038,0.0,18.677,18.106,17.409,16.977,16.916,0.72
8665,2,10.05,-0.55,0.88682,0.206,3.785,4.265,13.2,0.038,0.0,17.456,16.981,16.481,16.201,16.167,0.887
8666,2,10.05,-0.55,0.81479,-0.116,3.763,4.462,14.0,0.038,0.0,19.059,18.542,17.98,17.652,17.611,0.815
8667,2,10.05,-0.55,0.60786,-0.888,3.664,4.711,14.4,0.038,0.0,21.39,20.831,19.935,19.344,19.252,0.608
8668,2,10.05,-0.55,0.67363,-0.651,3.696,4.647,14.5,0.038,0.0,20.898,20.323,19.544,19.047,18.974,0.674
8669,2,10.05,-0.55,0.89867,0.271,3.785,4.208,14.6,0.038,0.0,18.693,18.219,17.721,17.442,17.408,0.899
8670,2,10.05,-0.55,0.88929,0.218,3.785,4.255,14.6,0.038,0.0,18.826,18.351,17.852,17.572,17.538,0.889
8671,2,10.05,-0.55,0.7718,-0.286,3.744,4.534,14.9,0.038,0.0,20.385,19.839,19.221,18.851,18.802,0.772
8672,2,10.05,-0.55,0.91553,0.373,3.782,4.101,14.9,0.038,0.0,18.738,18.258,17.75,17.465,17.43,0.916
8673,2,10.05,-0.55,0.66575,-0.68,3.692,4.654,14.9,0.038,0.0,21.369,20.795,20.002,19.492,19.417,0.666
8674,2,10.05,-0.55,0.7642,-0.315,3.741,4.545,15.1,0.038,0.0,20.657,20.107,19.478,19.1,19.049,0.764
8675,2,10.05,-0.55,0.71264,-0.51,3.715,4.608,15.2,0.038,0.0,21.244,20.672,19.962,19.52,19.457,0.713
8676,2,10.05,-0.55,0.78228,-0.245,3.749,4.518,15.6,0.038,0.0,20.983,20.442,19.839,19.481,19.434,0.782
8677,2,10.05,-0.55,0.93468,0.482,3.746,3.856,15.6,0.038,0.0,19.165,18.625,18.01,17.645,17.597,0.935
8678,2,10.05,-0.53,0.32413,-1.692,3.601,4.99,11.2,0.035,0.0,20.2,19.653,18.565,17.976,17.824,0.324
8679,2,10.05,-0.53,0.24017,-1.95,3.585,5.056,11.7,0.037,0.0,21.346,20.824,19.666,19.097,18.923,0.24
8680,2,10.05,-0.53,0.54958,-1.082,3.643,4.778,13.0,0.038,0.0,20.474,19.928,18.961,18.33,18.222,0.55
8681,2,10.05,-0.53,0.58354,-0.975,3.653,4.739,13.2,0.038,0.0,20.408,19.857,18.923,18.304,18.206,0.584
8682,2,10.05,-0.53,0.49046,-1.261,3.628,4.848,13.4,0.038,0.0,21.323,20.781,19.769,19.133,19.009,0.49
8683,2,10.05,-0.53,0.6933,-0.59,3.704,4.629,13.5,0.038,0.0,19.744,19.168,18.417,17.942,17.874,0.693
8684,2,10.05,-0.53,0.52439,-1.159,3.636,4.809,13.8,0.038,0.0,21.469,20.925,19.937,19.303,19.189,0.524
8685,2,10.05,-0.53,0.59053,-0.953,3.655,4.73,13.9,0.038,0.0,21.053,20.5,19.574,18.961,18.864,0.591
8686,2,10.05,-0.53,0.91664,0.354,3.783,4.124,14.2,0.038,0.0,18.086,17.605,17.1,16.817,16.782,0.917
8687,2,10.05,-0.53,0.7866,-0.239,3.749,4.515,14.2,0.038,0.0,19.568,19.026,18.424,18.066,18.019,0.787
8688,2,10.05,-0.53,0.68321,-0.626,3.699,4.639,14.3,0.038,0.0,20.634,20.057,19.288,18.799,18.728,0.683
8689,2,10.05,-0.53,0.84259,-0.012,3.772,4.409,14.5,0.038,0.0,19.301,18.798,18.262,17.954,17.917,0.843
8690,2,10.05,-0.53,0.86723,0.097,3.78,4.344,14.6,0.038,0.0,19.128,18.64,18.127,17.836,17.801,0.867
8691,2,10.05,-0.53,0.76789,-0.311,3.74,4.542,14.7,0.038,0.0,20.248,19.697,19.067,18.689,18.638,0.768
8692,2,10.05,-0.53,0.68908,-0.605,3.702,4.633,14.7,0.038,0.0,20.982,20.405,19.646,19.166,19.096,0.689
8693,2,10.05,-0.53,0.93084,0.446,3.77,3.989,14.8,0.038,0.0,18.456,17.952,17.411,17.102,17.063,0.931
8694,2,10.05,-0.53,0.7137,-0.515,3.714,4.608,14.9,0.038,0.0,20.957,20.385,19.669,19.223,19.159,0.714
8695,2,10.05,-0.53,0.69414,-0.587,3.704,4.628,15.0,0.038,0.0,21.236,20.66,19.911,19.437,19.369,0.694
8696,2,10.05,-0.53,0.862,0.073,3.778,4.359,15.1,0.038,0.0,19.687,19.197,18.679,18.385,18.35,0.862
8697,2,10.05,-0.53,0.92172,0.386,3.78,4.084,15.1,0.038,0.0,18.905,18.419,17.907,17.619,17.583,0.922
8698,2,10.05,-0.53,0.86673,0.095,3.78,4.345,15.7,0.038,0.0,20.233,19.746,19.232,18.941,18.905,0.867
8699,2,10.05,-0.51,0.44366,-1.395,3.617,4.894,11.4,0.036,0.0,19.658,19.116,18.071,17.448,17.313,0.444
8700,2,10.05,-0.51,0.28359,-1.812,3.592,5.018,11.5,0.036,0.0,20.8,20.267,19.14,18.562,18.398,0.284
8701,2,10.05,-0.51,0.55779,-1.062,3.644,4.769,12.3,0.037,0.0,19.724,19.178,18.213,17.581,17.475,0.558
8702,2,10.05,-0.51,0.80428,-0.18,3.755,4.49,13.0,0.038,0.0,18.221,17.688,17.104,16.76,16.715,0.804
8703,2,10.05,-0.51,0.67171,-0.675,3.691,4.65,13.1,0.038,0.0,19.558,18.983,18.186,17.673,17.599,0.672
8704,2,10.05,-0.51,0.74615,-0.403,3.728,4.573,13.1,0.038,0.0,18.878,18.312,17.644,17.236,17.18,0.746
8705,2,10.05,-0.51,0.51119,-1.205,3.632,4.824,13.3,0.038,0.0,21.083,20.541,19.538,18.901,18.782,0.511
8706,2,10.05,-0.51,0.90218,0.25,3.784,4.225,13.4,0.038,0.0,17.546,17.066,16.564,16.283,16.248,0.902
8707,2,10.05,-0.51,0.94135,0.475,3.748,3.876,13.5,0.038,0.0,17.083,16.543,15.936,15.577,15.531,0.941
8708,2,10.05,-0.51,0.87681,0.128,3.781,4.322,13.8,0.038,0.0,18.251,17.764,17.254,16.966,16.931,0.877
8709,2,10.05,-0.51,0.55997,-1.055,3.645,4.766,13.9,0.038,0.0,21.307,20.761,19.798,19.167,19.061,0.56
8710,2,10.05,-0.51,0.60371,-0.917,3.659,4.716,14.1,0.038,0.0,21.163,20.608,19.692,19.086,18.992,0.604
8711,2,10.05,-0.51,0.86559,0.076,3.778,4.356,14.1,0.038,0.0,18.679,18.187,17.668,17.374,17.338,0.866
8712,2,10.05,-0.51,0.95213,0.704,3.704,3.475,14.4,0.038,0.0,17.411,16.839,16.085,15.61,15.544,0.952
8713,2,10.05,-0.51,0.64703,-0.763,3.679,4.674,14.4,0.038,0.0,21.076,20.507,19.666,19.116,19.035,0.647
8714,2,10.05,-0.51,0.64812,-0.759,3.68,4.673,14.4,0.038,0.0,21.067,20.497,19.658,19.11,19.029,0.648
8715,2,10.05,-0.51,0.81631,-0.133,3.76,4.469,14.5,0.038,0.0,19.602,19.078,18.508,18.176,18.133,0.816
8716,2,10.05,-0.51,0.70502,-0.556,3.707,4.618,14.5,0.038,0.0,20.66,20.085,19.347,18.882,18.816,0.705
8717,2,10.05,-0.51,0.62012,-0.858,3.666,4.7,14.6,0.038,0.0,21.516,20.955,20.068,19.482,19.393,0.62
8718,2,10.05,-0.51,0.91132,0.302,3.784,4.177,14.6,0.038,0.0,18.616,18.136,17.634,17.353,17.319,0.911
8719,2,10.05,-0.51,0.72464,-0.483,3.717,4.597,14.9,0.038,0.0,20.879,20.307,19.603,19.166,19.105,0.725
8720,2,10.05,-0.51,0.84005,-0.035,3.769,4.421,14.9,0.038,0.0,19.757,19.248,18.706,18.394,18.355,0.84
8721,2,10.05,-0.51,0.82996,-0.077,3.766,4.442,15.0,0.038,0.0,19.962,19.447,18.893,18.572,18.532,0.83
8722,2,10.05,-0.51,0.80091,-0.194,3.754,4.496,15.1,0.038,0.0,20.354,19.819,19.231,18.883,18.838,0.801
8723,2,10.05,-0.51,0.84586,-0.01,3.772,4.408,15.5,0.038,0.0,20.295,19.791,19.254,18.947,18.909,0.846
8724,2,10.05,-0.51,0.87314,0.111,3.78,4.334,15.5,0.038,0.0,19.993,19.505,18.992,18.702,18.667,0.873
8725,2,10.05,-0.51,0.76154,-0.345,3.736,4.553,15.6,0.038,0.0,21.233,20.675,20.031,19.641,19.588,0.762
8726,2,10.05,-0.49,0.39442,-1.524,3.607,4.932,11.4,0.036,0.0,19.98,19.437,18.362,17.755,17.611,0.394
8727,2,10.05,-0.49,0.45262,-1.377,3.617,4.885,12.7,0.038,0.0,20.913,20.372,19.326,18.7,18.566,0.453
8728,2,10.05,-0.49,0.52656,-1.163,3.634,4.806,13.3,0.038,0.0,20.978,20.436,19.44,18.802,18.686,0.527
8729,2,10.05,-0.49,0.49814,-1.25,3.627,4.838,13.5,0.038,0.0,21.395,20.855,19.837,19.196,19.072,0.498
8730,2,10.05,-0.49,0.74814,-0.405,3.727,4.572,13.6,0.038,0.0,19.382,18.815,18.144,17.734,17.677,0.748
8731,2,10.05,-0.49,0.59556,-0.951,3.654,4.726,13.8,0.038,0.0,20.948,20.396,19.464,18.845,18.748,0.596
8732,2,10.05,-0.49,0.86421,0.059,3.776,4.366,13.8,0.038,0.0,18.423,17.925,17.402,17.105,17.068,0.864
8733,2,10.05,-0.49,0.64045,-0.794,3.674,4.681,14.1,0.038,0.0,20.854,20.287,19.427,18.863,18.779,0.64
8734,2,10.05,-0.49,0.58106,-0.996,3.65,4.743,14.1,0.038,0.0,21.359,20.811,19.863,19.234,19.134,0.581
8735,2,10.05,-0.49,0.70749,-0.556,3.707,4.616,14.2,0.038,0.0,20.36,19.784,19.043,18.576,18.51,0.707
8736,2,10.05,-0.49,0.77863,-0.29,3.742,4.533,14.2,0.038,0.0,19.694,19.143,18.518,18.144,18.094,0.779
8737,2,10.05,-0.49,0.63911,-0.798,3.674,4.682,14.2,0.038,0.0,20.966,20.399,19.537,18.971,18.887,0.639
8738,2,10.05,-0.49,0.91177,0.288,3.783,4.187,15.0,0.038,0.0,19.049,18.566,18.062,17.779,17.744,0.912
8739,2,10.05,-0.49,0.90932,0.274,3.783,4.199,15.1,0.038,0.0,19.184,18.701,18.196,17.913,17.879,0.909
8740,2,10.05,-0.49,0.8848,0.152,3.781,4.303,15.2,0.038,0.0,19.59,19.103,18.594,18.308,18.273,0.885
8741,2,10.05,-0.49,0.71906,-0.513,3.713,4.604,15.4,0.038,0.0,21.453,20.879,20.159,19.708,19.645,0.719
8742,2,10.05,-0.49,0.87922,0.127,3.78,4.321,15.5,0.038,0.0,19.953,19.464,18.952,18.663,18.627,0.879
8743,2,10.05,-0.47,0.34098,-1.67,3.598,4.98,12.2,0.037,0.0,21.146,20.607,19.501,18.911,18.756,0.341
8744,2,10.05,-0.47,0.64653,-0.78,3.675,4.676,13.1,0.038,0.0,19.82,19.251,18.396,17.834,17.751,0.647
8745,2,10.05,-0.47,0.54903,-1.1,3.639,4.779,13.2,0.038,0.0,20.72,20.176,19.194,18.556,18.446,0.549
8746,2,10.05,-0.47,0.56836,-1.041,3.645,4.758,13.4,0.038,0.0,20.772,20.226,19.261,18.628,18.523,0.568
8747,2,10.05,-0.47,0.54112,-1.124,3.637,4.788,13.7,0.038,0.0,21.28,20.738,19.748,19.11,18.997,0.541
8748,2,10.05,-0.47,0.65979,-0.733,3.682,4.663,13.7,0.038,0.0,20.304,19.732,18.9,18.358,18.278,0.66
8749,2,10.05,-0.47,0.62396,-0.859,3.665,4.698,14.0,0.038,0.0,20.919,20.359,19.465,18.875,18.785,0.624
8750,2,10.05,-0.47,0.69294,-0.617,3.697,4.631,14.1,0.038,0.0,20.413,19.835,19.062,18.568,18.497,0.693
8751,2,10.05,-0.47,0.65118,-0.764,3.677,4.671,14.4,0.038,0.0,21.079,20.509,19.662,19.107,19.026,0.651
8752,2,10.05,-0.47,0.8618,0.039,3.774,4.376,14.5,0.038,0.0,19.173,18.669,18.141,17.839,17.802,0.862
8753,2,10.05,-0.47,0.77084,-0.328,3.737,4.545,14.6,0.038,0.0,20.19,19.632,18.991,18.604,18.551,0.771
8754,2,10.05,-0.47,0.78712,-0.266,3.744,4.523,14.6,0.038,0.0,20.035,19.485,18.868,18.499,18.45,0.787
8755,2,10.05,-0.47,0.86253,0.042,3.774,4.374,14.7,0.038,0.0,19.365,18.862,18.334,18.033,17.996,0.863
8756,2,10.05,-0.47,0.78077,-0.29,3.741,4.532,14.8,0.038,0.0,20.296,19.743,19.117,18.741,18.691,0.781
8757,2,10.05,-0.47,0.72622,-0.496,3.714,4.598,14.9,0.038,0.0,20.909,20.335,19.62,19.175,19.112,0.726
8758,2,10.05,-0.47,0.72143,-0.513,3.712,4.603,15.2,0.038,0.0,21.254,20.678,19.955,19.503,19.439,0.721
8759,2,10.05,-0.47,0.83256,-0.086,3.764,4.446,15.6,0.038,0.0,20.584,20.064,19.506,19.183,19.142,0.833
8760,2,10.05,-0.47,0.89647,0.19,3.781,4.27,15.6,0.038,0.0,19.894,19.406,18.896,18.61,18.575,0.896
8761,2,10.05,-0.47,0.88856,0.157,3.78,4.297,15.7,0.038,0.0,20.077,19.587,19.076,18.788,18.753,0.889
8762,2,10.05,-0.47,0.77675,-0.306,3.739,4.538,15.8,0.038,0.0,21.334,20.779,20.147,19.766,19.715,0.777
8763,2,10.05,-0.45,0.24534,-1.954,3.58,5.046,9.9,0.03,0.0,19.555,19.044,17.852,17.289,17.108,0.245
8764,2,10.05,-0.45,0.7259,-0.506,3.712,4.599,11.8,0.037,0.0,17.834,17.257,16.536,16.085,16.022,0.726
8765,2,10.05,-0.45,0.39191,-1.541,3.603,4.932,11.9,0.037,0.0,20.524,19.985,18.894,18.289,18.142,0.392
8766,2,10.05,-0.45,0.83483,-0.084,3.764,4.444,12.3,0.037,0.0,17.28,16.758,16.199,15.875,15.834,0.835
8767,2,10.05,-0.45,0.616,-0.895,3.66,4.707,12.7,0.038,0.0,19.707,19.151,18.237,17.633,17.54,0.616
8768,2,10.05,-0.45,0.44119,-1.416,3.612,4.892,12.9,0.038,0.0,21.211,20.673,19.607,18.986,18.848,0.441
8769,2,10.05,-0.45,0.63945,-0.813,3.67,4.684,13.9,0.038,0.0,20.701,20.136,19.262,18.687,18.601,0.639
8770,2,10.05,-0.45,0.553,-1.093,3.639,4.775,13.9,0.038,0.0,21.403,20.861,19.876,19.237,19.127,0.553
8771,2,10.05,-0.45,0.90702,0.242,3.78,4.221,13.9,0.038,0.0,18.065,17.574,17.064,16.777,16.742,0.907
8772,2,10.05,-0.45,0.80418,-0.207,3.751,4.5,14.0,0.038,0.0,19.288,18.745,18.149,17.796,17.75,0.804
8773,2,10.05,-0.45,0.87832,0.105,3.777,4.331,14.1,0.038,0.0,18.607,18.109,17.59,17.296,17.259,0.878
8774,2,10.05,-0.45,0.59404,-0.969,3.651,4.73,14.1,0.038,0.0,21.293,20.744,19.798,19.17,19.071,0.594
8775,2,10.05,-0.45,0.83135,-0.098,3.762,4.451,14.4,0.038,0.0,19.415,18.891,18.329,18.002,17.96,0.831
8776,2,10.05,-0.45,0.96421,2.79,3.595,0.957,14.9,0.038,0.0,12.696,12.317,11.075,10.234,10.079,0.964
8777,2,10.05,-0.45,0.95853,0.961,3.694,3.181,15.0,0.038,0.0,17.368,16.795,16.005,15.501,15.43,0.959
8778,2,10.05,-0.43,0.43966,-1.425,3.61,4.892,12.3,0.037,0.0,20.633,20.096,19.022,18.402,18.264,0.44
8779,2,10.05,-0.43,0.36609,-1.618,3.598,4.958,12.7,0.038,0.0,21.514,20.98,19.867,19.272,19.119,0.366
8780,2,10.05,-0.43,0.90446,0.224,3.779,4.232,12.8,0.038,0.0,17.01,16.514,16.001,15.712,15.676,0.904
8781,2,10.05,-0.43,0.63705,-0.828,3.668,4.687,13.5,0.038,0.0,20.341,19.778,18.893,18.31,18.222,0.637
8782,2,10.05,-0.43,0.86004,0.018,3.771,4.384,13.6,0.038,0.0,18.325,17.814,17.276,16.969,16.931,0.86
8783,2,10.05,-0.43,0.65114,-0.779,3.674,4.673,13.9,0.038,0.0,20.619,20.05,19.189,18.623,18.54,0.651
8784,2,10.05,-0.43,0.69586,-0.625,3.695,4.629,14.1,0.038,0.0,20.431,19.853,19.07,18.568,18.495,0.696
8785,2,10.05,-0.43,0.87104,0.067,3.774,4.353,14.3,0.038,0.0,18.903,18.397,17.869,17.569,17.532,0.871
8786,2,10.05,-0.43,0.67864,-0.684,3.687,4.646,14.5,0.038,0.0,20.98,20.406,19.592,19.065,18.989,0.679
8787,2,10.05,-0.43,0.77506,-0.328,3.736,4.544,15.0,0.038,0.0,20.59,20.028,19.385,18.996,18.943,0.775
8788,2,10.05,-0.41,0.30549,-1.781,3.587,4.999,12.0,0.037,0.0,21.223,20.705,19.542,18.966,18.796,0.305
8789,2,10.05,-0.41,0.6889,-0.657,3.689,4.637,13.5,0.038,0.0,19.913,19.336,18.533,18.015,17.94,0.689
8790,2,10.05,-0.41,0.76507,-0.373,3.729,4.558,13.5,0.038,0.0,19.204,18.634,17.971,17.567,17.511,0.765
8791,2,10.05,-0.41,0.88609,0.128,3.775,4.305,13.8,0.038,0.0,18.25,17.745,17.222,16.926,16.889,0.886
8792,2,10.05,-0.41,0.67841,-0.693,3.685,4.647,14.0,0.038,0.0,20.503,19.929,19.107,18.574,18.497,0.678
8793,2,10.05,-0.41,0.74873,-0.436,3.721,4.577,15.2,0.038,0.0,21.06,20.485,19.793,19.367,19.307,0.749
8794,2,10.05,-0.39,0.3798,-1.592,3.597,4.942,10.5,0.033,0.0,19.25,18.719,17.595,16.998,16.845,0.38
8795,2,10.05,-0.39,0.57923,-1.033,3.642,4.748,13.7,0.038,0.0,21.052,20.509,19.532,18.893,18.787,0.579
8796,2,10.05,-0.39,0.94144,0.447,3.716,3.775,14.0,0.038,0.0,17.654,17.08,16.369,15.929,15.868,0.941
8797,2,10.05,-0.39,0.89404,0.169,3.775,4.267,14.0,0.038,0.0,18.347,17.84,17.316,17.02,16.983,0.894
8798,2,10.05,-0.39,0.88208,0.111,3.773,4.312,14.7,0.038,0.0,19.193,18.683,18.154,17.854,17.816,0.882
8799,2,10.05,-0.39,0.66682,-0.741,3.677,4.659,14.8,0.038,0.0,21.423,20.851,20.003,19.448,19.367,0.667
8800,2,10.05,-0.37,0.51206,-1.238,3.622,4.821,12.8,0.038,0.0,20.666,20.132,19.091,18.442,18.318,0.512
8801,2,10.05,-0.37,0.83225,-0.116,3.758,4.451,12.9,0.038,0.0,17.96,17.423,16.848,16.513,16.47,0.832
8802,2,10.05,-0.37,0.96156,1.717,3.689,2.406,14.6,0.038,0.0,15.079,14.499,13.69,13.179,13.103,0.962
8803,2,10.05,-0.35,0.84502,-0.081,3.76,4.431,13.0,0.038,0.0,17.972,17.437,16.869,16.539,16.497,0.845
8804,2,10.05,-0.35,0.48078,-1.332,3.613,4.852,13.4,0.038,0.0,21.501,20.97,19.898,19.262,19.13,0.481
8805,2,10.05,-0.35,0.6777,-0.72,3.679,4.65,13.7,0.038,0.0,20.27,19.697,18.854,18.302,18.222,0.678
8806,2,10.05,-0.35,0.958,0.675,3.696,3.476,15.7,0.038,0.0,18.782,18.205,17.424,16.929,16.859,0.958
8807,2,10.05,-0.33,0.71093,-0.613,3.693,4.619,13.1,0.038,0.0,19.403,18.823,18.031,17.523,17.45,0.711
8808,2,10.05,-0.33,0.84789,-0.086,3.759,4.433,13.6,0.038,0.0,18.586,18.048,17.477,17.144,17.101,0.848
8809,2,10.05,-0.33,0.77106,-0.388,3.725,4.558,14.8,0.038,0.0,20.54,19.962,19.284,18.87,18.812,0.771
8810,2,10.05,-0.31,0.85432,-0.076,3.759,4.426,14.9,0.038,0.0,19.86,19.321,18.75,18.418,18.375,0.854
8811,2,10.07,-1.05,0.82352,0.224,3.801,4.278,11.7,0.037,0.0,15.911,15.504,15.037,14.778,14.749,0.824
8812,2,10.07,-1.05,0.23477,-1.908,3.604,5.08,12.0,0.037,0.0,21.539,20.985,19.927,19.357,19.194,0.235
8813,2,10.07,-1.05,0.57939,-0.877,3.682,4.751,14.4,0.038,0.0,21.364,20.798,19.974,19.451,19.361,0.579
8814,2,10.07,-1.03,0.15408,-2.401,3.55,5.174,10.6,0.033,0.0,21.373,20.938,19.646,19.071,18.856,0.154
8815,2,10.07,-1.03,0.43827,-1.337,3.638,4.913,13.2,0.038,0.0,21.313,20.757,19.793,19.203,19.074,0.438
8816,2,10.07,-1.01,0.4419,-1.329,3.638,4.91,10.8,0.034,0.0,18.894,18.336,17.373,16.782,16.654,0.442
8817,2,10.07,-1.01,0.40493,-1.424,3.631,4.941,13.0,0.038,0.0,21.33,20.775,19.793,19.202,19.066,0.405
8818,2,10.07,-1.01,0.69343,-0.437,3.74,4.624,14.9,0.038,0.0,20.764,20.233,19.601,19.224,19.168,0.693
8819,2,10.07,-0.99,0.76813,-0.113,3.776,4.487,13.6,0.038,0.0,18.653,18.189,17.656,17.35,17.312,0.768
8820,2,10.07,-0.97,0.42892,-1.366,3.635,4.92,12.5,0.038,0.0,20.685,20.13,19.155,18.561,18.43,0.429
8821,2,10.07,-0.97,0.73451,-0.273,3.759,4.559,13.1,0.038,0.0,18.553,18.053,17.474,17.135,17.089,0.735
8822,2,10.07,-0.97,0.64546,-0.638,3.711,4.677,13.5,0.038,0.0,19.864,19.303,18.58,18.134,18.062,0.645
8823,2,10.07,-0.97,0.65309,-0.608,3.716,4.669,13.6,0.038,0.0,19.889,19.33,18.621,18.186,18.117,0.653
8824,2,10.07,-0.97,0.74875,-0.21,3.766,4.532,15.7,0.038,0.0,20.995,20.509,19.949,19.624,19.581,0.749
8825,2,10.07,-0.95,0.61967,-0.743,3.696,4.702,13.2,0.038,0.0,19.826,19.259,18.483,17.996,17.916,0.62
8826,2,10.07,-0.95,0.75937,-0.167,3.77,4.511,13.9,0.038,0.0,19.088,18.608,18.059,17.741,17.7,0.759
8827,2,10.07,-0.95,0.85637,0.428,3.79,4.05,14.0,0.038,0.0,17.701,17.265,16.771,16.495,16.462,0.856
8828,2,10.07,-0.95,0.7925,-0.006,3.784,4.425,14.1,0.038,0.0,18.884,18.435,17.925,17.635,17.601,0.792
8829,2,10.07,-0.95,0.56995,-0.928,3.673,4.758,14.3,0.038,0.0,21.389,20.826,19.968,19.417,19.323,0.57
8830,2,10.07,-0.95,0.62282,-0.73,3.698,4.699,14.8,0.038,0.0,21.396,20.828,20.058,19.576,19.497,0.623
8831,2,10.07,-0.95,0.71156,-0.377,3.746,4.598,14.9,0.038,0.0,20.612,20.087,19.473,19.108,19.056,0.712
8832,2,10.07,-0.95,0.76857,-0.124,3.774,4.489,15.1,0.038,0.0,20.18,19.708,19.171,18.861,18.822,0.769
8833,2,10.07,-0.93,0.32237,-1.646,3.618,5.012,9.1,0.025,0.0,17.985,17.422,16.406,15.822,15.674,0.322
8834,2,10.07,-0.93,0.23496,-1.915,3.602,5.078,11.3,0.036,0.0,20.858,20.304,19.236,18.664,18.501,0.235
8835,2,10.07,-0.93,0.60986,-0.785,3.689,4.711,12.0,0.037,0.0,18.731,18.164,17.365,16.859,16.776,0.61
8836,2,10.07,-0.93,0.44168,-1.337,3.636,4.909,13.2,0.038,0.0,21.312,20.758,19.785,19.187,19.059,0.442
8837,2,10.07,-0.93,0.87604,0.894,3.713,3.285,13.3,0.038,0.0,15.836,15.284,14.558,14.104,14.042,0.876
8838,2,10.07,-0.93,0.4602,-1.286,3.639,4.89,13.5,0.038,0.0,21.484,20.93,19.967,19.369,19.245,0.46
8839,2,10.07,-0.93,0.53743,-1.044,3.66,4.797,13.6,0.038,0.0,20.98,20.422,19.521,18.942,18.838,0.537
8840,2,10.07,-0.93,0.53076,-1.066,3.658,4.805,14.0,0.038,0.0,21.436,20.879,19.97,19.387,19.282,0.531
8841,2,10.07,-0.93,0.82066,0.147,3.793,4.324,14.1,0.038,0.0,18.503,18.073,17.587,17.316,17.284,0.821
8842,2,10.07,-0.93,0.70103,-0.425,3.74,4.614,14.2,0.038,0.0,20.034,19.499,18.866,18.486,18.431,0.701
8843,2,10.07,-0.93,0.68446,-0.492,3.731,4.634,14.3,0.038,0.0,20.3,19.752,19.092,18.693,18.632,0.684
8844,2,10.07,-0.93,0.67171,-0.542,3.724,4.648,14.4,0.038,0.0,20.526,19.97,19.288,18.873,18.809,0.672
8845,2,10.07,-0.93,0.66431,-0.572,3.72,4.656,14.5,0.038,0.0,20.699,20.141,19.445,19.02,18.953,0.664
8846,2,10.07,-0.93,0.61334,-0.771,3.691,4.708,14.8,0.038,0.0,21.497,20.93,20.138,19.637,19.555,0.613
8847,2,10.07,-0.93,0.66854,-0.555,3.722,4.652,15.2,0.038,0.0,21.357,20.801,20.113,19.693,19.628,0.669
8848,2,10.07,-0.91,0.2432,-1.884,3.604,5.068,10.4,0.032,0.0,19.879,19.324,18.261,17.687,17.526,0.243
8849,2,10.07,-0.91,0.31291,-1.671,3.617,5.017,11.8,0.037,0.0,20.747,20.193,19.167,18.582,18.432,0.313
8850,2,10.07,-0.91,0.63003,-0.71,3.699,4.69,12.9,0.038,0.0,19.444,18.875,18.111,17.633,17.556,0.63
8851,2,10.07,-0.91,0.38846,-1.474,3.627,4.955,13.0,0.038,0.0,21.456,20.902,19.905,19.308,19.169,0.388
8852,2,10.07,-0.91,0.78038,-0.08,3.777,4.463,13.7,0.038,0.0,18.67,18.202,17.672,17.369,17.331,0.78
8853,2,10.07,-0.91,0.56265,-0.96,3.668,4.765,14.0,0.038,0.0,21.169,20.608,19.733,19.17,19.074,0.563
8854,2,10.07,-0.91,0.59451,-0.846,3.681,4.727,14.3,0.038,0.0,21.185,20.62,19.789,19.258,19.17,0.595
8855,2,10.07,-0.91,0.71949,-0.353,3.748,4.586,14.4,0.038,0.0,20.053,19.528,18.92,18.559,18.507,0.719
8856,2,10.07,-0.91,0.86604,0.496,3.772,3.916,14.6,0.038,0.0,18.131,17.656,17.113,16.801,16.763,0.866
8857,2,10.07,-0.91,0.63565,-0.688,3.702,4.685,14.7,0.038,0.0,21.19,20.622,19.868,19.398,19.323,0.636
8858,2,10.07,-0.91,0.78481,-0.058,3.779,4.452,14.7,0.038,0.0,19.616,19.152,18.628,18.328,18.291,0.785
8859,2,10.07,-0.91,0.6128,-0.777,3.69,4.707,14.8,0.038,0.0,21.512,20.944,20.147,19.641,19.559,0.613
8860,2,10.07,-0.91,0.78331,-0.066,3.778,4.456,14.9,0.038,0.0,19.834,19.369,18.843,18.542,18.505,0.783
8861,2,10.07,-0.91,0.71543,-0.37,3.746,4.593,15.4,0.038,0.0,21.096,20.568,19.954,19.588,19.536,0.715
8862,2,10.07,-0.89,0.26616,-1.809,3.608,5.049,8.8,0.023,0.0,18.092,17.529,16.482,15.904,15.748,0.266
8863,2,10.07,-0.89,0.36333,-1.543,3.623,4.981,11.5,0.036,0.0,20.127,19.572,18.566,17.971,17.828,0.363
8864,2,10.07,-0.89,0.77017,-0.135,3.771,4.49,12.2,0.037,0.0,17.308,16.827,16.283,15.968,15.929,0.77
8865,2,10.07,-0.89,0.51117,-1.136,3.65,4.829,12.4,0.037,0.0,20.01,19.456,18.522,17.922,17.813,0.511
8866,2,10.07,-0.89,0.40194,-1.44,3.628,4.941,12.8,0.038,0.0,21.17,20.617,19.622,19.022,18.886,0.402
8867,2,10.07,-0.89,0.64559,-0.653,3.707,4.674,13.2,0.038,0.0,19.603,19.036,18.298,17.838,17.765,0.646
8868,2,10.07,-0.89,0.48042,-1.23,3.643,4.866,13.4,0.038,0.0,21.245,20.692,19.737,19.136,19.017,0.48
8869,2,10.07,-0.89,0.80912,0.061,3.787,4.378,13.4,0.038,0.0,18.017,17.57,17.068,16.785,16.751,0.809
8870,2,10.07,-0.89,0.56212,-0.965,3.667,4.765,13.6,0.038,0.0,20.782,20.221,19.342,18.775,18.678,0.562
8871,2,10.07,-0.89,0.48406,-1.219,3.643,4.862,13.6,0.038,0.0,21.419,20.865,19.912,19.311,19.194,0.484
8872,2,10.07,-0.89,0.7369,-0.284,3.755,4.558,13.7,0.038,0.0,19.181,18.669,18.081,17.736,17.688,0.737
8873,2,10.07,-0.89,0.73151,-0.307,3.753,4.567,13.9,0.038,0.0,19.438,18.921,18.326,17.975,17.927,0.732
8874,2,10.07,-0.89,0.70979,-0.399,3.742,4.601,13.9,0.038,0.0,19.666,19.132,18.506,18.131,18.077,0.71
8875,2,10.07,-0.89,0.57851,-0.906,3.673,4.745,14.4,0.038,0.0,21.436,20.872,20.015,19.463,19.371,0.579
8876,2,10.07,-0.89,0.71459,-0.379,3.744,4.594,14.5,0.038,0.0,20.217,19.686,19.067,18.697,18.645,0.715
8877,2,10.07,-0.89,0.88082,1.072,3.706,3.082,14.6,0.038,0.0,16.69,16.132,15.385,14.912,14.848,0.881
8878,2,10.07,-0.89,0.60577,-0.808,3.685,4.713,14.7,0.038,0.0,21.489,20.922,20.107,19.586,19.502,0.606
8879,2,10.07,-0.89,0.73882,-0.276,3.756,4.554,15.4,0.038,0.0,20.86,20.349,19.765,19.421,19.374,0.739
8880,2,10.07,-0.87,0.14636,-2.493,3.535,5.183,9.7,0.028,0.0,20.702,20.31,18.931,18.354,18.136,0.146
8881,2,10.07,-0.87,0.65666,-0.614,3.712,4.662,11.5,0.036,0.0,17.805,17.24,16.518,16.071,16.001,0.657
8882,2,10.07,-0.87,0.2593,-1.831,3.606,5.054,11.8,0.037,0.0,21.147,20.595,19.536,18.958,18.8,0.259
8883,2,10.07,-0.87,0.88894,1.792,3.712,2.39,12.0,0.037,0.0,12.29,11.728,11.002,10.551,10.489,0.889
8884,2,10.07,-0.87,0.45214,-1.314,3.636,4.898,13.2,0.038,0.0,21.256,20.704,19.729,19.127,19.001,0.452
8885,2,10.07,-0.87,0.77711,-0.108,3.773,4.475,13.4,0.038,0.0,18.441,17.962,17.423,17.113,17.074,0.777
8886,2,10.07,-0.87,0.67977,-0.524,3.724,4.638,13.4,0.038,0.0,19.479,18.921,18.242,17.828,17.765,0.68
8887,2,10.07,-0.87,0.55772,-0.983,3.664,4.77,14.1,0.038,0.0,21.328,20.768,19.88,19.307,19.208,0.558
8888,2,10.07,-0.87,0.73807,-0.284,3.755,4.556,14.2,0.038,0.0,19.681,19.167,18.578,18.231,18.184,0.738
8889,2,10.07,-0.87,0.61981,-0.757,3.691,4.699,14.2,0.038,0.0,20.862,20.294,19.501,18.999,18.918,0.62
8890,2,10.07,-0.87,0.58729,-0.878,3.676,4.734,14.3,0.038,0.0,21.266,20.701,19.852,19.305,19.215,0.587
8891,2,10.07,-0.87,0.586,-0.883,3.675,4.735,14.4,0.038,0.0,21.378,20.813,19.962,19.414,19.324,0.586
8892,2,10.07,-0.87,0.71097,-0.398,3.741,4.599,14.6,0.038,0.0,20.366,19.83,19.202,18.826,18.772,0.711
8893,2,10.07,-0.87,0.722,-0.353,3.747,4.583,14.7,0.038,0.0,20.351,19.823,19.212,18.848,18.797,0.722
8894,2,10.07,-0.87,0.62952,-0.719,3.697,4.689,14.8,0.038,0.0,21.368,20.799,20.025,19.538,19.461,0.63
8895,2,10.07,-0.87,0.78778,-0.057,3.778,4.448,15.7,0.038,0.0,20.613,20.144,19.617,19.316,19.279,0.788
8896,2,10.07,-0.85,0.17607,-2.242,3.567,5.14,10.7,0.034,0.0,21.075,20.589,19.366,18.803,18.604,0.176
8897,2,10.07,-0.85,0.80615,0.029,3.783,4.395,11.9,0.037,0.0,16.598,16.14,15.63,15.341,15.307,0.806
8898,2,10.07,-0.85,0.6181,-0.767,3.689,4.699,12.0,0.037,0.0,18.687,18.119,17.319,16.81,16.729,0.618
8899,2,10.07,-0.85,0.42343,-1.389,3.631,4.923,12.3,0.037,0.0,20.542,19.99,19.001,18.397,18.265,0.423
8900,2,10.07,-0.85,0.29262,-1.73,3.612,5.029,12.3,0.037,0.0,21.394,20.842,19.8,19.215,19.063,0.293
8901,2,10.07,-0.85,0.74823,-0.246,3.759,4.538,12.5,0.038,0.0,17.884,17.376,16.798,16.459,16.414,0.748
8902,2,10.07,-0.85,0.82387,0.13,3.79,4.328,12.7,0.038,0.0,17.144,16.701,16.207,15.93,15.898,0.824
8903,2,10.07,-0.85,0.88925,1.73,3.715,2.463,12.8,0.038,0.0,13.244,12.684,11.966,11.523,11.462,0.889
8904,2,10.07,-0.85,0.61581,-0.776,3.688,4.702,13.1,0.038,0.0,19.81,19.242,18.437,17.925,17.843,0.616
8905,2,10.07,-0.85,0.65886,-0.609,3.712,4.659,13.2,0.038,0.0,19.494,18.929,18.207,17.759,17.69,0.659
8906,2,10.07,-0.85,0.62371,-0.745,3.692,4.694,13.5,0.038,0.0,20.133,19.565,18.776,18.276,18.196,0.624
8907,2,10.07,-0.85,0.62213,-0.751,3.692,4.695,13.8,0.038,0.0,20.449,19.88,19.088,18.585,18.505,0.622
8908,2,10.07,-0.85,0.68449,-0.509,3.726,4.632,13.8,0.038,0.0,19.843,19.287,18.612,18.201,18.139,0.684
8909,2,10.07,-0.85,0.84814,0.289,3.793,4.195,13.9,0.038,0.0,17.947,17.51,17.026,16.757,16.725,0.848
8910,2,10.07,-0.85,0.76767,-0.159,3.768,4.499,14.0,0.038,0.0,19.168,18.678,18.125,17.804,17.763,0.768
8911,2,10.07,-0.85,0.71286,-0.395,3.741,4.597,14.2,0.038,0.0,19.958,19.422,18.793,18.416,18.362,0.713
8912,2,10.07,-0.85,0.64756,-0.653,3.705,4.67,14.3,0.038,0.0,20.703,20.135,19.392,18.928,18.856,0.648
8913,2,10.07,-0.85,0.65779,-0.614,3.711,4.66,14.4,0.038,0.0,20.704,20.139,19.415,18.966,18.896,0.658
8914,2,10.07,-0.85,0.84357,0.256,3.793,4.226,14.4,0.038,0.0,18.53,18.094,17.61,17.341,17.309,0.844
8915,2,10.07,-0.85,0.64459,-0.665,3.704,4.673,14.4,0.038,0.0,20.832,20.263,19.514,19.046,18.973,0.645
8916,2,10.07,-0.85,0.59879,-0.841,3.679,4.719,14.5,0.038,0.0,21.373,20.807,19.97,19.432,19.345,0.599
8917,2,10.07,-0.85,0.76135,-0.188,3.765,4.512,14.5,0.038,0.0,19.739,19.243,18.682,18.355,18.313,0.761
8918,2,10.07,-0.85,0.85338,0.328,3.793,4.158,15.0,0.038,0.0,18.951,18.514,18.029,17.76,17.728,0.853
8919,2,10.07,-0.85,0.76962,-0.15,3.769,4.495,15.1,0.038,0.0,20.246,19.757,19.206,18.887,18.847,0.77
8920,2,10.07,-0.85,0.7742,-0.129,3.771,4.484,15.1,0.038,0.0,20.191,19.707,19.161,18.846,18.807,0.774
8921,2,10.07,-0.85,0.72069,-0.363,3.745,4.585,15.2,0.038,0.0,20.878,20.346,19.729,19.362,19.31,0.721
8922,2,10.07,-0.85,0.7316,-0.317,3.75,4.567,15.5,0.038,0.0,21.063,20.539,19.938,19.583,19.533,0.732
8923,2,10.07,-0.85,0.7753,-0.123,3.771,4.481,15.5,0.038,0.0,20.578,20.095,19.551,19.237,19.197,0.775
8924,2,10.07,-0.83,0.17964,-2.214,3.57,5.134,10.9,0.034,0.0,21.205,20.709,19.5,18.939,18.745,0.18
8925,2,10.07,-0.83,0.23833,-1.908,3.601,5.073,11.2,0.035,0.0,20.741,20.189,19.113,18.538,18.377,0.238
8926,2,10.07,-0.83,0.42511,-1.386,3.631,4.921,11.5,0.036,0.0,19.736,19.183,18.193,17.588,17.456,0.425
8927,2,10.07,-0.83,0.84225,0.235,3.792,4.243,12.0,0.037,0.0,16.182,15.743,15.257,14.987,14.955,0.842
8928,2,10.07,-0.83,0.32612,-1.642,3.617,5.008,12.6,0.038,0.0,21.476,20.922,19.895,19.304,19.157,0.326
8929,2,10.07,-0.83,0.45831,-1.3,3.636,4.89,12.6,0.038,0.0,20.62,20.068,19.093,18.487,18.363,0.458
8930,2,10.07,-0.83,0.91943,0.42,4.678,7.457,12.7,0.038,0.0,16.419,20.906,21.334,21.487,21.585,0.605
8931,2,10.07,-0.83,0.44221,-1.344,3.633,4.906,12.9,0.038,0.0,21.029,20.477,19.494,18.888,18.76,0.442
8932,2,10.07,-0.83,0.64075,-0.683,3.701,4.676,12.9,0.038,0.0,19.379,18.808,18.048,17.571,17.496,0.641
8933,2,10.07,-0.83,0.46701,-1.275,3.638,4.881,13.2,0.038,0.0,21.157,20.605,19.635,19.029,18.907,0.467
8934,2,10.07,-0.83,0.80349,0.008,3.781,4.407,13.3,0.038,0.0,18.051,17.588,17.072,16.779,16.744,0.803
8935,2,10.07,-0.83,0.55865,-0.986,3.663,4.767,13.5,0.038,0.0,20.734,20.176,19.282,18.703,18.604,0.559
8936,2,10.07,-0.83,0.69989,-0.453,3.733,4.615,13.6,0.038,0.0,19.503,18.955,18.302,17.908,17.85,0.7
8937,2,10.07,-0.83,0.85809,0.353,3.79,4.126,13.9,0.038,0.0,17.787,17.344,16.853,16.579,16.546,0.858
8938,2,10.07,-0.83,0.55392,-1.002,3.661,4.773,14.0,0.038,0.0,21.276,20.718,19.818,19.235,19.136,0.554
8939,2,10.07,-0.83,0.74317,-0.273,3.755,4.548,14.0,0.038,0.0,19.452,18.936,18.348,18.002,17.955,0.743
8940,2,10.07,-0.83,0.58452,-0.895,3.673,4.736,14.2,0.038,0.0,21.207,20.643,19.783,19.227,19.135,0.585
8941,2,10.07,-0.83,0.85858,0.357,3.79,4.121,14.3,0.038,0.0,18.177,17.733,17.241,16.967,16.934,0.859
8942,2,10.07,-0.83,0.89141,1.739,3.715,2.457,14.3,0.038,0.0,14.723,14.162,13.446,13.004,12.943,0.891
8943,2,10.07,-0.83,0.66066,-0.606,3.711,4.656,14.4,0.038,0.0,20.686,20.121,19.398,18.95,18.881,0.661
8944,2,10.07,-0.83,0.6939,-0.477,3.73,4.621,14.6,0.038,0.0,20.562,20.01,19.347,18.945,18.886,0.694
8945,2,10.07,-0.83,0.72792,-0.338,3.747,4.574,14.7,0.038,0.0,20.314,19.785,19.175,18.813,18.763,0.728
8946,2,10.07,-0.83,0.73167,-0.322,3.749,4.568,14.7,0.038,0.0,20.275,19.748,19.144,18.786,18.737,0.732
8947,2,10.07,-0.83,0.76779,-0.164,3.767,4.5,14.8,0.038,0.0,19.981,19.488,18.932,18.609,18.567,0.768
8948,2,10.07,-0.83,0.75783,-0.209,3.762,4.521,14.9,0.038,0.0,20.193,19.69,19.122,18.789,18.746,0.758
8949,2,10.07,-0.83,0.78964,-0.062,3.776,4.447,15.2,0.038,0.0,20.124,19.649,19.119,18.815,18.778,0.79
8950,2,10.07,-0.83,0.87563,0.514,3.746,3.798,15.3,0.038,0.0,18.786,18.261,17.645,17.276,17.228,0.876
8951,2,10.07,-0.81,0.59245,-0.87,3.674,4.725,11.4,0.036,0.0,18.346,17.779,16.926,16.374,16.285,0.592
8952,2,10.07,-0.81,0.25939,-1.835,3.605,5.053,11.8,0.037,0.0,21.156,20.605,19.541,18.96,18.803,0.259
8953,2,10.07,-0.81,0.43531,-1.362,3.632,4.912,12.3,0.037,0.0,20.476,19.925,18.936,18.329,18.2,0.435
8954,2,10.07,-0.81,0.29336,-1.73,3.612,5.028,12.4,0.037,0.0,21.495,20.943,19.898,19.311,19.16,0.293
8955,2,10.07,-0.81,0.56967,-0.95,3.666,4.753,12.8,0.038,0.0,19.945,19.385,18.501,17.929,17.833,0.57
8956,2,10.07,-0.81,0.67468,-0.556,3.718,4.641,12.8,0.038,0.0,18.961,18.398,17.697,17.266,17.2,0.675
8957,2,10.07,-0.81,0.43421,-1.365,3.632,4.913,12.9,0.038,0.0,21.083,20.532,19.543,18.936,18.806,0.434
8958,2,10.07,-0.81,0.77742,-0.126,3.77,4.479,13.0,0.038,0.0,18.085,17.596,17.049,16.732,16.692,0.777
8959,2,10.07,-0.81,0.52019,-1.116,3.65,4.816,13.0,0.038,0.0,20.559,20.006,19.07,18.464,18.357,0.52
8960,2,10.07,-0.81,0.56804,-0.956,3.665,4.755,13.2,0.038,0.0,20.359,19.799,18.914,18.34,18.244,0.568
8961,2,10.07,-0.81,0.86533,0.402,3.785,4.057,13.2,0.038,0.0,16.965,16.508,16.001,15.716,15.682,0.865
8962,2,10.07,-0.81,0.88572,0.928,3.707,3.229,13.3,0.038,0.0,15.749,15.189,14.442,13.972,13.907,0.886
8963,2,10.07,-0.81,0.59486,-0.862,3.675,4.722,13.3,0.038,0.0,20.225,19.659,18.809,18.258,18.17,0.595
8964,2,10.07,-0.81,0.75172,-0.241,3.758,4.533,13.8,0.038,0.0,19.174,18.662,18.083,17.742,17.697,0.752
8965,2,10.07,-0.81,0.55,-1.019,3.659,4.777,13.9,0.038,0.0,21.217,20.661,19.752,19.164,19.062,0.55
8966,2,10.07,-0.81,0.64825,-0.658,3.703,4.668,14.3,0.038,0.0,20.716,20.146,19.396,18.926,18.853,0.648
8967,2,10.07,-0.81,0.77899,-0.118,3.77,4.475,14.4,0.038,0.0,19.466,18.979,18.433,18.118,18.079,0.779
8968,2,10.07,-0.81,0.76398,-0.187,3.764,4.509,14.6,0.038,0.0,19.838,19.338,18.774,18.446,18.403,0.764
8969,2,10.07,-0.81,0.59207,-0.872,3.674,4.725,14.6,0.038,0.0,21.549,20.984,20.13,19.577,19.487,0.592
8970,2,10.07,-0.81,0.74736,-0.26,3.756,4.541,14.7,0.038,0.0,20.12,19.605,19.02,18.675,18.629,0.747
8971,2,10.07,-0.81,0.74139,-0.286,3.753,4.552,14.7,0.038,0.0,20.185,19.664,19.07,18.72,18.672,0.741
8972,2,10.07,-0.81,0.85625,0.325,3.791,4.156,14.8,0.038,0.0,18.759,18.315,17.827,17.555,17.522,0.856
8973,2,10.07,-0.81,0.80344,0.0,3.78,4.41,14.8,0.038,0.0,19.57,19.103,18.585,18.29,18.254,0.803
8974,2,10.07,-0.81,0.68064,-0.533,3.721,4.635,14.8,0.038,0.0,20.903,20.342,19.652,19.229,19.165,0.681
8975,2,10.07,-0.81,0.72655,-0.348,3.746,4.576,14.9,0.038,0.0,20.541,20.008,19.393,19.027,18.976,0.727
8976,2,10.07,-0.81,0.6927,-0.486,3.728,4.622,15.0,0.038,0.0,20.985,20.43,19.761,19.355,19.295,0.693
8977,2,10.07,-0.81,0.65574,-0.63,3.708,4.661,15.0,0.038,0.0,21.344,20.776,20.04,19.581,19.51,0.656
8978,2,10.07,-0.81,0.77738,-0.126,3.77,4.479,15.1,0.038,0.0,20.185,19.696,19.149,18.832,18.792,0.777
8979,2,10.07,-0.81,0.81083,0.039,3.783,4.385,15.1,0.038,0.0,19.772,19.311,18.8,18.51,18.476,0.811
8980,2,10.07,-0.81,0.86704,0.418,3.782,4.033,15.1,0.038,0.0,18.825,18.363,17.85,17.56,17.525,0.867
8981,2,10.07,-0.81,0.83987,0.209,3.791,4.264,15.2,0.038,0.0,19.448,19.005,18.516,18.244,18.212,0.84
8982,2,10.07,-0.81,0.82246,0.105,3.787,4.342,15.9,0.038,0.0,20.409,19.956,19.456,19.174,19.141,0.822
8983,2,10.07,-0.79,0.59077,-0.879,3.673,4.726,11.2,0.035,0.0,18.169,17.603,16.744,16.187,16.097,0.591
8984,2,10.07,-0.79,0.32789,-1.64,3.617,5.007,11.5,0.036,0.0,20.37,19.817,18.787,18.195,18.049,0.328
8985,2,10.07,-0.79,0.60826,-0.816,3.681,4.706,12.1,0.037,0.0,18.909,18.342,17.51,16.974,16.889,0.608
8986,2,10.07,-0.79,0.67631,-0.554,3.718,4.639,12.6,0.038,0.0,18.755,18.192,17.49,17.057,16.992,0.676
8987,2,10.07,-0.79,0.43369,-1.368,3.631,4.913,12.9,0.038,0.0,21.09,20.539,19.548,18.939,18.81,0.434
8988,2,10.07,-0.79,0.42012,-1.402,3.629,4.925,13.2,0.038,0.0,21.474,20.924,19.927,19.318,19.186,0.42
8989,2,10.07,-0.79,0.8193,0.078,3.785,4.358,13.3,0.038,0.0,17.875,17.416,16.911,16.625,16.591,0.819
8990,2,10.07,-0.79,0.50524,-1.167,3.645,4.835,13.3,0.038,0.0,20.987,20.435,19.484,18.875,18.762,0.505
8991,2,10.07,-0.79,0.56981,-0.953,3.665,4.752,13.4,0.038,0.0,20.551,19.992,19.105,18.53,18.434,0.57
8992,2,10.07,-0.79,0.64139,-0.689,3.699,4.674,13.4,0.038,0.0,19.892,19.32,18.553,18.069,17.994,0.641
8993,2,10.07,-0.79,0.63283,-0.721,3.694,4.682,13.6,0.038,0.0,20.174,19.603,18.819,18.322,18.244,0.633
8994,2,10.07,-0.79,0.72555,-0.357,3.744,4.578,13.7,0.038,0.0,19.363,18.828,18.208,17.838,17.786,0.726
8995,2,10.07,-0.79,0.52685,-1.097,3.651,4.807,13.8,0.038,0.0,21.312,20.758,19.825,19.22,19.114,0.527
8996,2,10.07,-0.79,0.8383,0.19,3.79,4.277,14.1,0.038,0.0,18.396,17.949,17.458,17.183,17.151,0.838
8997,2,10.07,-0.79,0.88395,0.67,3.714,3.516,14.5,0.038,0.0,17.594,17.037,16.317,15.867,15.804,0.884
8998,2,10.07,-0.79,0.77716,-0.133,3.768,4.481,14.6,0.038,0.0,19.703,19.211,18.66,18.342,18.301,0.777
8999,2,10.07,-0.79,0.62467,-0.753,3.689,4.69,14.9,0.038,0.0,21.552,20.983,20.183,19.672,19.592,0.625
9000,2,10.07,-0.79,0.67516,-0.559,3.717,4.64,15.0,0.038,0.0,21.166,20.603,19.899,19.464,19.399,0.675
9001,2,10.07,-0.79,0.68385,-0.525,3.722,4.631,15.0,0.038,0.0,21.082,20.521,19.833,19.411,19.348,0.684
9002,2,10.07,-0.79,0.81501,0.054,3.783,4.373,15.8,0.038,0.0,20.434,19.972,19.462,19.174,19.139,0.815
9003,2,10.07,-0.77,0.5614,-0.985,3.661,4.762,10.0,0.03,0.0,17.232,16.669,15.771,15.187,15.089,0.561
9004,2,10.07,-0.77,0.15018,-2.473,3.534,5.169,10.4,0.032,0.0,21.354,20.971,19.576,19.002,18.779,0.15
9005,2,10.07,-0.77,0.59241,-0.877,3.672,4.723,10.9,0.034,0.0,17.863,17.297,16.436,15.877,15.787,0.592
9006,2,10.07,-0.77,0.27808,-1.779,3.608,5.039,11.3,0.036,0.0,20.519,19.967,18.91,18.325,18.172,0.278
9007,2,10.07,-0.77,0.38603,-1.49,3.624,4.955,12.1,0.037,0.0,20.595,20.044,19.033,18.426,18.288,0.386
9008,2,10.07,-0.77,0.2894,-1.745,3.61,5.03,12.2,0.037,0.0,21.331,20.78,19.729,19.142,18.991,0.289
9009,2,10.07,-0.77,0.30672,-1.695,3.613,5.018,12.5,0.038,0.0,21.507,20.955,19.914,19.324,19.175,0.307
9010,2,10.07,-0.77,0.59996,-0.851,3.675,4.713,12.5,0.038,0.0,19.397,18.831,17.979,17.427,17.339,0.6
9011,2,10.07,-0.77,0.63385,-0.721,3.693,4.68,12.6,0.038,0.0,19.173,18.603,17.816,17.317,17.239,0.634
9012,2,10.07,-0.77,0.50735,-1.162,3.645,4.832,12.8,0.038,0.0,20.475,19.923,18.972,18.361,18.249,0.507
9013,2,10.07,-0.77,0.58303,-0.91,3.669,4.735,12.9,0.038,0.0,19.944,19.382,18.508,17.941,17.849,0.583
9014,2,10.07,-0.77,0.57265,-0.946,3.665,4.748,12.9,0.038,0.0,20.034,19.474,18.588,18.011,17.916,0.573
9015,2,10.07,-0.77,0.7125,-0.416,3.736,4.597,13.0,0.038,0.0,18.809,18.263,17.619,17.231,17.175,0.712
9016,2,10.07,-0.77,0.65553,-0.638,3.705,4.659,13.2,0.038,0.0,19.566,18.996,18.251,17.785,17.713,0.656
9017,2,10.07,-0.77,0.479,-1.246,3.639,4.866,13.4,0.038,0.0,21.285,20.734,19.764,19.153,19.034,0.479
9018,2,10.07,-0.77,0.65379,-0.645,3.704,4.661,13.4,0.038,0.0,19.783,19.212,18.464,17.995,17.923,0.654
9019,2,10.07,-0.77,0.5626,-0.981,3.661,4.761,13.5,0.038,0.0,20.722,20.164,19.264,18.68,18.582,0.563
9020,2,10.07,-0.77,0.86389,0.361,3.786,4.105,13.5,0.038,0.0,17.368,16.912,16.412,16.131,16.098,0.864
9021,2,10.07,-0.77,0.5774,-0.929,3.667,4.742,13.7,0.038,0.0,20.793,20.232,19.351,18.779,18.685,0.577
9022,2,10.07,-0.77,0.70778,-0.435,3.734,4.603,13.7,0.038,0.0,19.557,19.008,18.357,17.963,17.906,0.708
9023,2,10.07,-0.77,0.54592,-1.038,3.656,4.782,13.7,0.038,0.0,21.064,20.509,19.59,18.993,18.891,0.546
9024,2,10.07,-0.77,0.76962,-0.174,3.764,4.5,13.7,0.038,0.0,18.904,18.402,17.84,17.512,17.47,0.77
9025,2,10.07,-0.77,0.74264,-0.291,3.751,4.551,13.7,0.038,0.0,19.197,18.671,18.073,17.72,17.671,0.743
9026,2,10.07,-0.77,0.76619,-0.189,3.762,4.507,13.8,0.038,0.0,19.042,18.537,17.97,17.639,17.596,0.766
9027,2,10.07,-0.77,0.59225,-0.878,3.672,4.723,14.0,0.038,0.0,20.964,20.4,19.538,18.979,18.889,0.592
9028,2,10.07,-0.77,0.68547,-0.523,3.722,4.629,14.0,0.038,0.0,20.077,19.515,18.826,18.403,18.34,0.685
9029,2,10.07,-0.77,0.65811,-0.628,3.706,4.657,14.2,0.038,0.0,20.541,19.972,19.232,18.769,18.698,0.658
9030,2,10.07,-0.77,0.88544,0.666,3.713,3.517,14.2,0.038,0.0,17.305,16.747,16.023,15.571,15.508,0.885
9031,2,10.07,-0.77,0.69285,-0.494,3.726,4.621,14.3,0.038,0.0,20.305,19.746,19.07,18.658,18.597,0.693
9032,2,10.07,-0.77,0.64334,-0.685,3.698,4.671,14.4,0.038,0.0,20.883,20.311,19.543,19.058,18.984,0.643
9033,2,10.07,-0.77,0.72728,-0.355,3.744,4.575,14.5,0.038,0.0,20.158,19.621,19.0,18.63,18.578,0.727
9034,2,10.07,-0.77,0.64453,-0.68,3.699,4.67,14.5,0.038,0.0,20.971,20.399,19.634,19.151,19.077,0.645
9035,2,10.07,-0.77,0.88026,0.501,3.741,3.793,15.0,0.038,0.0,18.517,17.983,17.353,16.973,16.923,0.88
9036,2,10.07,-0.77,0.83594,0.166,3.788,4.294,15.0,0.038,0.0,19.355,18.903,18.408,18.131,18.098,0.836
9037,2,10.07,-0.77,0.87844,0.486,3.753,3.856,15.2,0.038,0.0,18.755,18.238,17.643,17.292,17.247,0.878
9038,2,10.07,-0.77,0.77083,-0.168,3.764,4.497,15.2,0.038,0.0,20.391,19.89,19.329,19.002,18.96,0.771
9039,2,10.07,-0.77,0.75545,-0.236,3.757,4.528,15.4,0.038,0.0,20.761,20.246,19.665,19.324,19.279,0.755
9040,2,10.07,-0.75,0.23933,-1.91,3.599,5.07,10.8,0.034,0.0,20.345,19.794,18.71,18.133,17.973,0.239
9041,2,10.07,-0.75,0.2074,-2.037,3.591,5.103,11.2,0.035,0.0,21.061,20.525,19.406,18.835,18.665,0.207
9042,2,10.07,-0.75,0.41995,-1.405,3.628,4.924,11.5,0.036,0.0,19.783,19.232,18.232,17.62,17.488,0.42
9043,2,10.07,-0.75,0.86938,0.393,3.782,4.057,11.8,0.037,0.0,15.586,15.119,14.606,14.317,14.281,0.869
9044,2,10.07,-0.75,0.37793,-1.513,3.622,4.964,11.9,0.037,0.0,20.452,19.901,18.885,18.28,18.141,0.378
9045,2,10.07,-0.75,0.32565,-1.648,3.616,5.007,12.0,0.037,0.0,20.89,20.338,19.304,18.71,18.564,0.326
9046,2,10.07,-0.75,0.41748,-1.411,3.628,4.926,12.3,0.037,0.0,20.598,20.048,19.046,18.434,18.302,0.417
9047,2,10.07,-0.75,0.56784,-0.965,3.662,4.753,12.4,0.037,0.0,19.584,19.025,18.129,17.545,17.449,0.568
9048,2,10.07,-0.75,0.33177,-1.633,3.617,5.004,12.7,0.038,0.0,21.552,21.0,19.968,19.373,19.228,0.332
9049,2,10.07,-0.75,0.47047,-1.272,3.637,4.876,12.7,0.038,0.0,20.651,20.1,19.124,18.511,18.389,0.47
9050,2,10.07,-0.75,0.70015,-0.47,3.728,4.613,12.9,0.038,0.0,18.845,18.288,17.622,17.216,17.157,0.7
9051,2,10.07,-0.75,0.42659,-1.389,3.629,4.918,13.0,0.038,0.0,21.242,20.692,19.694,19.082,18.951,0.427
9052,2,10.07,-0.75,0.39378,-1.471,3.624,4.947,13.0,0.038,0.0,21.447,20.898,19.886,19.277,19.14,0.394
9053,2,10.07,-0.75,0.79347,-0.07,3.773,4.445,13.4,0.038,0.0,18.344,17.858,17.321,17.012,16.974,0.793
9054,2,10.07,-0.75,0.45104,-1.328,3.633,4.897,13.4,0.038,0.0,21.49,20.94,19.952,19.339,19.213,0.451
9055,2,10.07,-0.75,0.61724,-0.788,3.683,4.696,13.5,0.038,0.0,20.241,19.673,18.85,18.32,18.237,0.617
9056,2,10.07,-0.75,0.47473,-1.26,3.638,4.871,13.6,0.038,0.0,21.52,20.97,19.996,19.383,19.262,0.475
9057,2,10.07,-0.75,0.60035,-0.853,3.674,4.712,13.7,0.038,0.0,20.602,20.037,19.181,18.626,18.537,0.6
9058,2,10.07,-0.75,0.51964,-1.125,3.648,4.816,13.7,0.038,0.0,21.282,20.73,19.785,19.174,19.066,0.52
9059,2,10.07,-0.75,0.55883,-0.997,3.659,4.765,13.9,0.038,0.0,21.161,20.605,19.697,19.107,19.007,0.559
9060,2,10.07,-0.75,0.67313,-0.575,3.714,4.641,13.9,0.038,0.0,20.107,19.541,18.824,18.38,18.313,0.673
9061,2,10.07,-0.75,0.5622,-0.985,3.66,4.761,13.9,0.038,0.0,21.132,20.575,19.672,19.084,18.985,0.562
9062,2,10.07,-0.75,0.56689,-0.969,3.662,4.755,14.0,0.038,0.0,21.192,20.634,19.736,19.152,19.055,0.567
9063,2,10.07,-0.75,0.87941,0.478,3.755,3.87,14.1,0.038,0.0,17.675,17.159,16.57,16.222,16.178,0.879
9064,2,10.07,-0.75,0.72263,-0.379,3.74,4.583,14.1,0.038,0.0,19.818,19.276,18.644,18.266,18.212,0.723
9065,2,10.07,-0.75,0.86799,0.381,3.784,4.075,14.2,0.038,0.0,18.017,17.554,17.046,16.76,16.725,0.868
9066,2,10.07,-0.75,0.72013,-0.389,3.739,4.586,14.9,0.038,0.0,20.643,20.099,19.464,19.082,19.028,0.72
9067,2,10.07,-0.75,0.68509,-0.529,3.72,4.629,14.9,0.038,0.0,20.991,20.428,19.734,19.308,19.244,0.685
9068,2,10.07,-0.75,0.71762,-0.399,3.738,4.59,15.0,0.038,0.0,20.769,20.223,19.584,19.199,19.145,0.718
9069,2,10.07,-0.75,0.78909,-0.09,3.771,4.456,15.0,0.038,0.0,19.996,19.506,18.964,18.652,18.613,0.789
9070,2,10.07,-0.75,0.71657,-0.404,3.737,4.591,15.1,0.038,0.0,20.879,20.333,19.693,19.307,19.251,0.717
9071,2,10.07,-0.75,0.87144,0.412,3.779,4.029,15.2,0.038,0.0,18.941,18.469,17.948,17.654,17.617,0.871
9072,2,10.07,-0.75,0.86521,0.358,3.786,4.105,15.5,0.038,0.0,19.375,18.916,18.413,18.132,18.097,0.865
9073,2,10.07,-0.75,0.72205,-0.381,3.74,4.583,15.6,0.038,0.0,21.324,20.781,20.149,19.77,19.716,0.722
9074,2,10.07,-0.75,0.81827,0.057,3.782,4.368,15.9,0.038,0.0,20.529,20.062,19.549,19.259,19.224,0.818
9075,2,10.07,-0.73,0.19712,-2.089,3.586,5.112,9.7,0.028,0.0,19.692,19.16,18.019,17.453,17.278,0.197
9076,2,10.07,-0.73,0.47937,-1.249,3.638,4.865,9.9,0.03,0.0,17.792,17.237,16.266,15.652,15.533,0.479
9077,2,10.07,-0.73,0.248,-1.877,3.601,5.06,10.1,0.031,0.0,19.562,19.008,17.931,17.352,17.194,0.248
9078,2,10.07,-0.73,0.20665,-2.041,3.591,5.104,11.2,0.035,0.0,21.072,20.538,19.414,18.844,18.674,0.207
9079,2,10.07,-0.73,0.31606,-1.674,3.614,5.013,11.7,0.037,0.0,20.654,20.102,19.062,18.468,18.321,0.316
9080,2,10.07,-0.73,0.47676,-1.256,3.637,4.868,12.6,0.038,0.0,20.511,19.961,18.985,18.371,18.251,0.477
9081,2,10.07,-0.73,0.39032,-1.481,3.623,4.95,12.8,0.038,0.0,21.274,20.724,19.71,19.1,18.963,0.39
9082,2,10.07,-0.73,0.70521,-0.454,3.73,4.606,12.9,0.038,0.0,18.806,18.25,17.588,17.185,17.127,0.705
9083,2,10.07,-0.73,0.81641,0.039,3.78,4.378,13.0,0.038,0.0,17.673,17.201,16.684,16.391,16.355,0.816
9084,2,10.07,-0.73,0.56221,-0.988,3.66,4.76,13.0,0.038,0.0,20.24,19.683,18.776,18.185,18.086,0.562
9085,2,10.07,-0.73,0.8512,0.244,3.788,4.222,13.1,0.038,0.0,17.261,16.805,16.31,16.033,15.999,0.851
9086,2,10.07,-0.73,0.75324,-0.256,3.754,4.533,13.2,0.038,0.0,18.611,18.088,17.498,17.15,17.104,0.753
9087,2,10.07,-0.73,0.61917,-0.785,3.683,4.693,13.2,0.038,0.0,19.931,19.363,18.539,18.009,17.926,0.619
9088,2,10.07,-0.73,0.43397,-1.372,3.63,4.912,13.3,0.038,0.0,21.5,20.951,19.954,19.34,19.21,0.434
9089,2,10.07,-0.73,0.76045,-0.225,3.757,4.52,13.5,0.038,0.0,18.834,18.317,17.737,17.396,17.351,0.76
9090,2,10.07,-0.73,0.54053,-1.06,3.653,4.788,13.6,0.038,0.0,21.021,20.467,19.537,18.931,18.827,0.541
9091,2,10.07,-0.73,0.52473,-1.111,3.649,4.809,13.6,0.038,0.0,21.147,20.595,19.652,19.04,18.932,0.525
9092,2,10.07,-0.73,0.64244,-0.696,3.696,4.67,13.7,0.038,0.0,20.21,19.638,18.86,18.366,18.291,0.642
9093,2,10.07,-0.73,0.67214,-0.583,3.712,4.641,13.7,0.038,0.0,19.927,19.359,18.637,18.188,18.12,0.672
9094,2,10.07,-0.73,0.62104,-0.777,3.684,4.691,13.8,0.038,0.0,20.514,19.945,19.125,18.597,18.515,0.621
9095,2,10.07,-0.73,0.82176,0.068,3.782,4.359,14.0,0.038,0.0,18.601,18.133,17.621,17.331,17.296,0.822
9096,2,10.07,-0.73,0.86132,0.313,3.788,4.156,14.0,0.038,0.0,17.986,17.53,17.034,16.757,16.723,0.861
9097,2,10.07,-0.73,0.6049,-0.839,3.676,4.707,14.0,0.038,0.0,20.867,20.301,19.45,18.897,18.81,0.605
9098,2,10.07,-0.73,0.7704,-0.182,3.762,4.5,14.2,0.038,0.0,19.425,18.916,18.349,18.017,17.974,0.77
9099,2,10.07,-0.73,0.58887,-0.896,3.669,4.726,14.3,0.038,0.0,21.31,20.748,19.873,19.304,19.213,0.589
9100,2,10.07,-0.73,0.84266,0.187,3.787,4.272,14.3,0.038,0.0,18.602,18.145,17.649,17.37,17.337,0.843
9101,2,10.07,-0.73,0.8045,-0.023,3.776,4.417,14.3,0.038,0.0,19.128,18.646,18.118,17.816,17.779,0.804
9102,2,10.07,-0.73,0.89258,1.011,3.701,3.126,14.5,0.038,0.0,16.743,16.177,15.41,14.924,14.857,0.893
9103,2,10.07,-0.73,0.75361,-0.255,3.754,4.533,14.6,0.038,0.0,20.007,19.484,18.895,18.547,18.501,0.754
9104,2,10.07,-0.73,0.62942,-0.746,3.689,4.683,14.6,0.038,0.0,21.234,20.664,19.86,19.346,19.266,0.629
9105,2,10.07,-0.73,0.62243,-0.772,3.685,4.69,14.7,0.038,0.0,21.4,20.832,20.014,19.489,19.407,0.622
9106,2,10.07,-0.73,0.64345,-0.692,3.696,4.669,14.7,0.038,0.0,21.201,20.629,19.852,19.36,19.285,0.643
9107,2,10.07,-0.73,0.64967,-0.669,3.7,4.663,14.9,0.038,0.0,21.342,20.769,20.004,19.522,19.449,0.65
9108,2,10.07,-0.73,0.6698,-0.592,3.711,4.644,15.0,0.038,0.0,21.249,20.681,19.954,19.502,19.434,0.67
9109,2,10.07,-0.73,0.89694,2.113,3.656,1.847,15.3,0.038,0.0,14.788,14.251,13.309,12.681,12.588,0.897
9110,2,10.07,-0.73,0.87596,0.437,3.773,3.981,15.3,0.038,0.0,18.978,18.492,17.954,17.647,17.608,0.876
9111,2,10.07,-0.73,0.87372,0.416,3.777,4.017,15.3,0.038,0.0,19.029,18.551,18.025,17.726,17.69,0.874
9112,2,10.07,-0.73,0.76701,-0.197,3.76,4.507,15.6,0.038,0.0,20.862,20.351,19.779,19.444,19.4,0.767
9113,2,10.07,-0.71,0.24991,-1.87,3.601,5.057,9.4,0.027,0.0,18.846,18.291,17.214,16.634,16.477,0.25
9114,2,10.07,-0.71,0.32625,-1.649,3.615,5.007,11.3,0.036,0.0,20.192,19.64,18.603,18.007,17.862,0.326
9115,2,10.07,-0.71,0.24759,-1.88,3.601,5.06,11.6,0.036,0.0,21.069,20.52,19.438,18.858,18.7,0.248
9116,2,10.07,-0.71,0.55026,-1.032,3.654,4.774,11.8,0.037,0.0,19.15,18.595,17.671,17.067,16.965,0.55
9117,2,10.07,-0.71,0.3599,-1.563,3.62,4.981,12.0,0.037,0.0,20.677,20.126,19.101,18.498,18.358,0.36
9118,2,10.07,-0.71,0.46636,-1.288,3.635,4.88,12.1,0.037,0.0,20.089,19.54,18.556,17.94,17.818,0.466
9119,2,10.07,-0.71,0.62005,-0.785,3.682,4.691,12.6,0.038,0.0,19.332,18.764,17.937,17.404,17.321,0.62
9120,2,10.07,-0.71,0.60219,-0.853,3.673,4.708,12.7,0.038,0.0,19.602,19.037,18.176,17.616,17.528,0.602
9121,2,10.07,-0.71,0.82618,0.084,3.782,4.346,13.0,0.038,0.0,17.56,17.091,16.581,16.292,16.257,0.826
9122,2,10.07,-0.71,0.53713,-1.074,3.651,4.792,13.1,0.038,0.0,20.554,20.002,19.066,18.455,18.35,0.537
9123,2,10.07,-0.71,0.68555,-0.535,3.718,4.627,13.1,0.038,0.0,19.208,18.643,17.941,17.509,17.445,0.686
9124,2,10.07,-0.71,0.83053,0.108,3.784,4.329,13.2,0.038,0.0,17.699,17.233,16.726,16.44,16.406,0.831
9125,2,10.07,-0.71,0.67702,-0.568,3.713,4.636,13.5,0.038,0.0,19.69,19.123,18.405,17.96,17.894,0.677
9126,2,10.07,-0.71,0.68762,-0.527,3.719,4.625,13.5,0.038,0.0,19.588,19.023,18.326,17.896,17.833,0.688
9127,2,10.07,-0.71,0.86379,0.32,3.786,4.145,13.6,0.038,0.0,17.569,17.109,16.609,16.329,16.295,0.864
9128,2,10.07,-0.71,0.68845,-0.524,3.72,4.624,13.6,0.038,0.0,19.68,19.116,18.42,17.991,17.928,0.688
9129,2,10.07,-0.71,0.68238,-0.548,3.716,4.631,13.6,0.038,0.0,19.739,19.172,18.465,18.028,17.963,0.682
9130,2,10.07,-0.71,0.64996,-0.671,3.698,4.662,13.6,0.038,0.0,20.048,19.475,18.707,18.222,18.148,0.65
9131,2,10.07,-0.71,0.50341,-1.181,3.642,4.836,13.7,0.038,0.0,21.423,20.873,19.911,19.295,19.181,0.503
9132,2,10.07,-0.71,0.85555,0.263,3.787,4.201,13.7,0.038,0.0,17.814,17.355,16.857,16.578,16.545,0.856
9133,2,10.07,-0.71,0.50942,-1.162,3.644,4.829,13.8,0.038,0.0,21.475,20.925,19.967,19.352,19.24,0.509
9134,2,10.07,-0.71,0.54628,-1.045,3.653,4.78,13.8,0.038,0.0,21.181,20.628,19.7,19.094,18.991,0.546
9135,2,10.07,-0.71,0.58027,-0.929,3.665,4.736,13.9,0.038,0.0,20.992,20.432,19.543,18.964,18.87,0.58
9136,2,10.07,-0.71,0.66045,-0.631,3.704,4.652,14.0,0.038,0.0,20.348,19.777,19.029,18.559,18.488,0.66
9137,2,10.07,-0.71,0.56608,-0.977,3.66,4.754,14.2,0.038,0.0,21.414,20.857,19.951,19.36,19.262,0.566
9138,2,10.07,-0.71,0.6203,-0.784,3.683,4.691,14.3,0.038,0.0,21.03,20.461,19.635,19.103,19.02,0.62
9139,2,10.07,-0.71,0.7507,-0.272,3.752,4.538,14.3,0.038,0.0,19.751,19.222,18.626,18.273,18.226,0.751
9140,2,10.07,-0.71,0.80266,-0.039,3.774,4.425,14.3,0.038,0.0,19.168,18.681,18.149,17.844,17.806,0.803
9141,2,10.07,-0.71,0.87418,0.405,3.777,4.03,14.4,0.038,0.0,18.156,17.677,17.153,16.855,16.819,0.874
9142,2,10.07,-0.71,0.72682,-0.372,3.74,4.577,14.4,0.038,0.0,20.099,19.555,18.923,18.544,18.491,0.727
9143,2,10.07,-0.71,0.62007,-0.785,3.682,4.691,14.4,0.038,0.0,21.132,20.564,19.737,19.204,19.121,0.62
9144,2,10.07,-0.71,0.81363,0.016,3.778,4.391,14.5,0.038,0.0,19.23,18.751,18.229,17.932,17.896,0.814
9145,2,10.07,-0.71,0.65337,-0.658,3.7,4.659,14.5,0.038,0.0,20.916,20.343,19.581,19.101,19.028,0.653
9146,2,10.07,-0.71,0.87203,0.387,3.78,4.057,14.6,0.038,0.0,18.402,17.929,17.412,17.119,17.083,0.872
9147,2,10.07,-0.71,0.72041,-0.398,3.737,4.586,14.7,0.038,0.0,20.464,19.916,19.274,18.887,18.832,0.72
9148,2,10.07,-0.71,0.86294,0.313,3.787,4.153,14.8,0.038,0.0,18.786,18.327,17.828,17.549,17.516,0.863
9149,2,10.07,-0.71,0.643,-0.698,3.695,4.669,14.8,0.038,0.0,21.314,20.743,19.961,19.464,19.388,0.643
9150,2,10.07,-0.71,0.64762,-0.68,3.697,4.664,14.9,0.038,0.0,21.371,20.798,20.025,19.536,19.461,0.648
9151,2,10.07,-0.71,0.84139,0.17,3.786,4.284,14.9,0.038,0.0,19.244,18.783,18.284,18.003,17.97,0.841
9152,2,10.07,-0.71,0.76819,-0.197,3.76,4.506,15.0,0.038,0.0,20.263,19.75,19.176,18.84,18.797,0.768
9153,2,10.07,-0.71,0.85183,0.237,3.787,4.225,15.1,0.038,0.0,19.277,18.819,18.321,18.042,18.009,0.852
9154,2,10.07,-0.71,0.83657,0.143,3.785,4.305,15.2,0.038,0.0,19.613,19.151,18.649,18.367,18.333,0.837
9155,2,10.07,-0.71,0.68075,-0.554,3.715,4.632,15.2,0.038,0.0,21.354,20.788,20.077,19.637,19.572,0.681
9156,2,10.07,-0.71,0.86438,0.325,3.786,4.139,15.4,0.038,0.0,19.358,18.896,18.395,18.115,18.081,0.864
9157,2,10.07,-0.71,0.70161,-0.473,3.727,4.61,15.5,0.038,0.0,21.453,20.893,20.221,19.811,19.751,0.702
9158,2,10.07,-0.71,0.79397,-0.08,3.771,4.447,15.8,0.038,0.0,20.771,20.278,19.736,19.423,19.384,0.794
9159,2,10.07,-0.71,0.75791,-0.242,3.755,4.526,15.9,0.038,0.0,21.275,20.752,20.166,19.82,19.774,0.758
9160,2,10.07,-0.69,0.37421,-1.526,3.621,4.967,10.6,0.033,0.0,19.186,18.634,17.612,17.005,16.867,0.374
9161,2,10.07,-0.69,0.38392,-1.501,3.622,4.956,11.0,0.035,0.0,19.522,18.971,17.952,17.343,17.205,0.384
9162,2,10.07,-0.69,0.72887,-0.368,3.74,4.574,11.2,0.035,0.0,16.89,16.343,15.712,15.333,15.28,0.729
9163,2,10.07,-0.69,0.46913,-1.282,3.635,4.876,11.7,0.037,0.0,19.674,19.125,18.141,17.523,17.401,0.469
9164,2,10.07,-0.69,0.44536,-1.347,3.63,4.901,12.0,0.037,0.0,20.138,19.589,18.593,17.975,17.848,0.445
9165,2,10.07,-0.69,0.30964,-1.692,3.612,5.016,12.2,0.037,0.0,21.2,20.65,19.603,19.009,18.861,0.31
9166,2,10.07,-0.69,0.57564,-0.948,3.662,4.741,12.4,0.037,0.0,19.539,18.981,18.083,17.496,17.401,0.576
9167,2,10.07,-0.69,0.43144,-1.382,3.628,4.913,12.7,0.038,0.0,20.924,20.375,19.373,18.756,18.626,0.431
9168,2,10.07,-0.69,0.38576,-1.496,3.622,4.954,12.9,0.038,0.0,21.41,20.861,19.842,19.231,19.094,0.386
9169,2,10.07,-0.69,0.55017,-1.035,3.654,4.774,13.0,0.038,0.0,20.357,19.804,18.876,18.269,18.167,0.55
9170,2,10.07,-0.69,0.55403,-1.022,3.655,4.769,13.2,0.038,0.0,20.524,19.97,19.046,18.443,18.342,0.554
9171,2,10.07,-0.69,0.47694,-1.26,3.636,4.867,13.2,0.038,0.0,21.119,20.57,19.59,18.972,18.852,0.477
9172,2,10.07,-0.69,0.52482,-1.115,3.647,4.808,13.3,0.038,0.0,20.859,20.308,19.359,18.743,18.635,0.525
9173,2,10.07,-0.69,0.48344,-1.241,3.638,4.86,13.4,0.038,0.0,21.273,20.724,19.747,19.13,19.011,0.483
9174,2,10.07,-0.69,0.52267,-1.122,3.647,4.811,13.5,0.038,0.0,21.076,20.525,19.574,18.959,18.85,0.523
9175,2,10.07,-0.69,0.5086,-1.167,3.643,4.829,13.5,0.038,0.0,21.187,20.637,19.676,19.059,18.947,0.509
9176,2,10.07,-0.69,0.50721,-1.171,3.643,4.831,13.6,0.038,0.0,21.298,20.749,19.787,19.169,19.057,0.507
9177,2,10.07,-0.69,0.8384,0.144,3.785,4.302,13.7,0.038,0.0,18.109,17.644,17.141,16.857,16.823,0.838
9178,2,10.07,-0.69,0.57868,-0.937,3.663,4.737,13.8,0.038,0.0,20.913,20.355,19.46,18.876,18.781,0.579
9179,2,10.07,-0.69,0.61727,-0.799,3.68,4.693,13.8,0.038,0.0,20.567,20.0,19.163,18.622,18.538,0.617
9180,2,10.07,-0.69,0.7158,-0.421,3.733,4.592,13.9,0.038,0.0,19.722,19.169,18.516,18.121,18.064,0.716
9181,2,10.07,-0.69,0.58978,-0.899,3.667,4.723,13.9,0.038,0.0,20.918,20.357,19.476,18.901,18.809,0.59
9182,2,10.07,-0.69,0.70582,-0.461,3.728,4.605,13.9,0.038,0.0,19.822,19.262,18.594,18.186,18.127,0.706
9183,2,10.07,-0.69,0.79194,-0.096,3.769,4.454,14.1,0.038,0.0,19.111,18.613,18.065,17.749,17.709,0.792
9184,2,10.07,-0.69,0.60269,-0.854,3.672,4.707,14.1,0.038,0.0,21.005,20.441,19.577,19.014,18.926,0.603
9185,2,10.07,-0.69,0.65852,-0.643,3.702,4.653,14.2,0.038,0.0,20.577,20.004,19.248,18.772,18.7,0.659
9186,2,10.07,-0.69,0.62614,-0.765,3.685,4.684,14.2,0.038,0.0,20.883,20.314,19.495,18.968,18.886,0.626
9187,2,10.07,-0.69,0.86989,0.356,3.782,4.098,14.2,0.038,0.0,18.081,17.611,17.101,16.814,16.779,0.87
9188,2,10.07,-0.69,0.63599,-0.728,3.69,4.675,14.4,0.038,0.0,20.99,20.419,19.62,19.108,19.029,0.636
9189,2,10.07,-0.69,0.71708,-0.416,3.734,4.59,14.6,0.038,0.0,20.409,19.857,19.206,18.812,18.756,0.717
9190,2,10.07,-0.69,0.84197,0.165,3.785,4.286,14.7,0.038,0.0,19.058,18.594,18.093,17.811,17.777,0.842
9191,2,10.07,-0.69,0.70151,-0.478,3.726,4.61,14.8,0.038,0.0,20.765,20.203,19.527,19.114,19.054,0.702
9192,2,10.07,-0.69,0.77888,-0.156,3.763,4.485,14.8,0.038,0.0,19.959,19.451,18.889,18.561,18.518,0.779
9193,2,10.07,-0.69,0.68289,-0.55,3.715,4.629,14.8,0.038,0.0,20.944,20.377,19.667,19.226,19.161,0.683
9194,2,10.07,-0.69,0.82823,0.087,3.782,4.342,14.9,0.038,0.0,19.452,18.98,18.469,18.18,18.145,0.828
9195,2,10.07,-0.69,0.83742,0.139,3.784,4.306,15.0,0.038,0.0,19.423,18.957,18.453,18.17,18.136,0.837
9196,2,10.07,-0.69,0.71441,-0.426,3.732,4.594,15.2,0.038,0.0,21.036,20.482,19.827,19.43,19.373,0.714
9197,2,10.07,-0.69,0.73469,-0.344,3.743,4.565,15.2,0.038,0.0,20.83,20.289,19.665,19.292,19.241,0.735
9198,2,10.07,-0.69,0.82845,0.088,3.782,4.341,15.2,0.038,0.0,19.749,19.277,18.766,18.477,18.442,0.828
9199,2,10.07,-0.67,0.38714,-1.491,3.621,4.947,9.9,0.03,0.0,18.397,17.843,16.823,16.212,16.076,0.387
9200,2,10.07,-0.67,0.76547,-0.221,3.755,4.51,11.4,0.036,0.0,16.722,16.197,15.612,15.268,15.222,0.765
9201,2,10.07,-0.67,0.31149,-1.675,3.612,4.999,11.5,0.036,0.0,20.456,19.906,18.857,18.262,18.115,0.311
9202,2,10.07,-0.67,0.29763,-1.712,3.61,5.008,11.9,0.037,0.0,20.95,20.4,19.344,18.752,18.603,0.298
9203,2,10.07,-0.67,0.32943,-1.628,3.614,4.987,12.4,0.037,0.0,21.24,20.691,19.649,19.05,18.905,0.329
9204,2,10.07,-0.67,0.85052,0.211,3.784,4.241,12.5,0.038,0.0,16.743,16.276,15.772,15.489,15.455,0.851
9205,2,10.07,-0.67,0.79917,-0.068,3.77,4.434,12.5,0.038,0.0,17.439,16.942,16.398,16.084,16.045,0.799
9206,2,10.07,-0.67,0.50653,-1.177,3.642,4.832,12.8,0.038,0.0,20.512,19.963,18.997,18.378,18.265,0.507
9207,2,10.07,-0.67,0.34983,-1.575,3.617,4.972,12.8,0.038,0.0,21.508,20.959,19.925,19.321,19.18,0.35
9208,2,10.07,-0.67,0.79471,-0.089,3.768,4.446,12.9,0.038,0.0,17.892,17.392,16.843,16.525,16.486,0.795
9209,2,10.07,-0.67,0.38564,-1.494,3.621,4.949,13.0,0.038,0.0,21.505,20.957,19.934,19.322,19.185,0.386
9210,2,10.07,-0.67,0.57679,-0.948,3.662,4.74,13.0,0.038,0.0,20.141,19.583,18.682,18.092,17.996,0.577
9211,2,10.07,-0.67,0.60628,-0.846,3.673,4.703,13.1,0.038,0.0,19.984,19.42,18.557,17.995,17.907,0.606
9212,2,10.07,-0.67,0.56421,-0.991,3.657,4.756,13.2,0.038,0.0,20.448,19.893,18.976,18.377,18.278,0.564
9213,2,10.07,-0.67,0.51455,-1.152,3.644,4.821,13.3,0.038,0.0,20.949,20.399,19.439,18.821,18.709,0.515
9214,2,10.07,-0.67,0.66975,-0.606,3.707,4.642,13.4,0.038,0.0,19.685,19.114,18.374,17.909,17.84,0.67
9215,2,10.07,-0.67,0.46581,-1.294,3.633,4.879,13.4,0.038,0.0,21.406,20.857,19.868,19.248,19.125,0.466
9216,2,10.07,-0.67,0.77599,-0.175,3.76,4.489,13.6,0.038,0.0,18.806,18.292,17.72,17.385,17.342,0.776
9217,2,10.07,-0.67,0.67334,-0.593,3.709,4.639,13.6,0.038,0.0,19.851,19.281,18.547,18.088,18.02,0.673
9218,2,10.07,-0.67,0.59576,-0.884,3.668,4.715,13.8,0.038,0.0,20.779,20.218,19.339,18.765,18.674,0.596
9219,2,10.07,-0.67,0.68576,-0.545,3.715,4.627,13.8,0.038,0.0,19.933,19.365,18.655,18.214,18.149,0.686
9220,2,10.07,-0.67,0.62427,-0.778,3.682,4.686,13.8,0.038,0.0,20.515,19.946,19.118,18.583,18.501,0.624
9221,2,10.07,-0.67,0.72372,-0.395,3.735,4.58,13.8,0.038,0.0,19.559,19.007,18.361,17.971,17.916,0.724
9222,2,10.07,-0.67,0.62274,-0.784,3.681,4.687,13.9,0.038,0.0,20.629,20.061,19.23,18.692,18.609,0.623
9223,2,10.07,-0.67,0.75504,-0.265,3.75,4.529,14.0,0.038,0.0,19.434,18.901,18.302,17.947,17.899,0.755
9224,2,10.07,-0.67,0.85881,0.26,3.785,4.197,14.0,0.038,0.0,18.119,17.653,17.15,16.868,16.834,0.859
9225,2,10.07,-0.67,0.59705,-0.879,3.668,4.713,14.0,0.038,0.0,20.969,20.407,19.529,18.956,18.865,0.597
9226,2,10.07,-0.67,0.76207,-0.236,3.754,4.517,14.1,0.038,0.0,19.459,18.933,18.343,17.995,17.949,0.762
9227,2,10.07,-0.67,0.58359,-0.925,3.664,4.731,14.3,0.038,0.0,21.383,20.824,19.931,19.346,19.252,0.584
9228,2,10.07,-0.67,0.81518,0.012,3.776,4.388,14.3,0.038,0.0,19.04,18.554,18.028,17.728,17.691,0.815
9229,2,10.07,-0.67,0.77729,-0.169,3.761,4.486,14.3,0.038,0.0,19.492,18.978,18.408,18.075,18.032,0.777
9230,2,10.07,-0.67,0.77409,-0.183,3.759,4.493,14.4,0.038,0.0,19.627,19.111,18.537,18.2,18.156,0.774
9231,2,10.07,-0.67,0.74007,-0.328,3.743,4.555,14.4,0.038,0.0,19.991,19.449,18.828,18.456,18.405,0.74
9232,2,10.07,-0.67,0.86341,0.288,3.785,4.173,14.6,0.038,0.0,18.65,18.184,17.682,17.401,17.367,0.863
9233,2,10.07,-0.67,0.69394,-0.514,3.72,4.618,14.6,0.038,0.0,20.655,20.089,19.394,18.965,18.903,0.694
9234,2,10.07,-0.67,0.61097,-0.828,3.675,4.699,14.6,0.038,0.0,21.44,20.874,20.02,19.464,19.378,0.611
9235,2,10.07,-0.67,0.7234,-0.397,3.735,4.58,14.6,0.038,0.0,20.362,19.81,19.164,18.773,18.718,0.723
9236,2,10.07,-0.67,0.87561,0.376,3.78,4.069,14.9,0.038,0.0,18.729,18.252,17.736,17.444,17.408,0.876
9237,2,10.07,-0.67,0.77301,-0.188,3.759,4.495,15.1,0.038,0.0,20.339,19.822,19.246,18.909,18.865,0.773
9238,2,10.07,-0.67,0.669,-0.609,3.706,4.643,15.2,0.038,0.0,21.493,20.921,20.179,19.714,19.645,0.669
9239,2,10.07,-0.67,0.78912,-0.115,3.766,4.459,15.5,0.038,0.0,20.556,20.052,19.496,19.174,19.133,0.789
9240,2,10.07,-0.67,0.78931,-0.114,3.766,4.459,15.6,0.038,0.0,20.654,20.15,19.594,19.272,19.231,0.789
9241,2,10.07,-0.65,0.3258,-1.644,3.612,4.99,11.3,0.036,0.0,20.181,19.631,18.582,17.985,17.839,0.326
9242,2,10.07,-0.65,0.20934,-2.039,3.588,5.097,11.4,0.036,0.0,21.268,20.739,19.6,19.03,18.858,0.209
9243,2,10.07,-0.65,0.41758,-1.424,3.624,4.923,11.5,0.036,0.0,19.829,19.281,18.264,17.645,17.512,0.418
9244,2,10.07,-0.65,0.26769,-1.815,3.602,5.034,11.8,0.037,0.0,21.108,20.56,19.479,18.896,18.74,0.268
9245,2,10.07,-0.65,0.43393,-1.383,3.626,4.909,12.1,0.037,0.0,20.328,19.781,18.771,18.15,18.019,0.434
9246,2,10.07,-0.65,0.37017,-1.536,3.618,4.959,12.2,0.037,0.0,20.809,20.26,19.227,18.619,18.479,0.37
9247,2,10.07,-0.65,0.55209,-1.038,3.652,4.772,12.3,0.037,0.0,19.665,19.113,18.177,17.564,17.462,0.552
9248,2,10.07,-0.65,0.90668,1.102,3.695,3.021,12.3,0.037,0.0,14.316,13.748,12.962,12.461,12.391,0.907
9249,2,10.07,-0.65,0.28801,-1.75,3.606,5.017,12.4,0.037,0.0,21.544,20.996,19.928,19.339,19.187,0.288
9250,2,10.07,-0.65,0.72913,-0.385,3.736,4.575,12.4,0.037,0.0,18.132,17.581,16.936,16.547,16.492,0.729
9251,2,10.07,-0.65,0.47546,-1.272,3.634,4.868,12.5,0.038,0.0,20.45,19.902,18.913,18.291,18.169,0.475
9252,2,10.07,-0.65,0.3795,-1.514,3.619,4.952,12.6,0.038,0.0,21.155,20.607,19.576,18.967,18.828,0.379
9253,2,10.07,-0.65,0.85054,0.178,3.784,4.272,12.9,0.038,0.0,17.226,16.756,16.252,15.968,15.933,0.851
9254,2,10.07,-0.65,0.66646,-0.628,3.703,4.647,13.1,0.038,0.0,19.439,18.865,18.112,17.637,17.566,0.666
9255,2,10.07,-0.65,0.88119,0.375,3.78,4.074,13.1,0.038,0.0,16.933,16.455,15.939,15.647,15.611,0.881
9256,2,10.07,-0.65,0.46338,-1.306,3.631,4.881,13.3,0.038,0.0,21.335,20.788,19.792,19.17,19.045,0.463
9257,2,10.07,-0.65,0.48656,-1.241,3.636,4.855,13.4,0.038,0.0,21.271,20.724,19.74,19.118,18.999,0.487
9258,2,10.07,-0.65,0.55192,-1.038,3.652,4.772,13.4,0.038,0.0,20.766,20.214,19.279,18.665,18.563,0.552
9259,2,10.07,-0.65,0.47248,-1.28,3.633,4.871,13.4,0.038,0.0,21.371,20.824,19.832,19.21,19.088,0.472
9260,2,10.07,-0.65,0.47616,-1.27,3.634,4.867,13.5,0.038,0.0,21.445,20.898,19.908,19.286,19.165,0.476
9261,2,10.07,-0.65,0.5071,-1.18,3.64,4.83,13.5,0.038,0.0,21.221,20.672,19.702,19.08,18.966,0.507
9262,2,10.07,-0.65,0.9087,1.49,3.681,2.578,13.6,0.038,0.0,14.646,14.083,13.244,12.7,12.623,0.909
9263,2,10.07,-0.65,0.77259,-0.205,3.756,4.502,13.7,0.038,0.0,18.982,18.459,17.877,17.534,17.489,0.773
9264,2,10.07,-0.65,0.80761,-0.048,3.771,4.423,14.0,0.038,0.0,18.889,18.393,17.852,17.541,17.503,0.808
9265,2,10.07,-0.65,0.60339,-0.864,3.67,4.707,14.1,0.038,0.0,21.03,20.467,19.594,19.023,18.933,0.603
9266,2,10.07,-0.65,0.80066,-0.08,3.768,4.441,14.3,0.038,0.0,19.27,18.769,18.221,17.904,17.864,0.801
9267,2,10.07,-0.65,0.61752,-0.811,3.677,4.693,14.4,0.038,0.0,21.197,20.63,19.783,19.232,19.147,0.618
9268,2,10.07,-0.65,0.61682,-0.814,3.677,4.694,14.5,0.038,0.0,21.304,20.737,19.888,19.336,19.251,0.617
9269,2,10.07,-0.65,0.70975,-0.462,3.726,4.601,14.5,0.038,0.0,20.426,19.862,19.188,18.775,18.716,0.71
9270,2,10.07,-0.65,0.65124,-0.685,3.695,4.661,14.7,0.038,0.0,21.182,20.609,19.826,19.328,19.253,0.651
9271,2,10.07,-0.65,0.65587,-0.667,3.697,4.657,14.8,0.038,0.0,21.238,20.664,19.891,19.4,19.326,0.656
9272,2,10.07,-0.65,0.66028,-0.651,3.699,4.652,14.8,0.038,0.0,21.197,20.622,19.858,19.374,19.301,0.66
9273,2,10.07,-0.65,0.68191,-0.569,3.711,4.632,14.8,0.038,0.0,20.993,20.423,19.698,19.246,19.179,0.682
9274,2,10.07,-0.65,0.72427,-0.404,3.733,4.581,15.1,0.038,0.0,20.881,20.326,19.674,19.279,19.223,0.724
9275,2,10.07,-0.65,0.76252,-0.248,3.752,4.521,15.1,0.038,0.0,20.49,19.958,19.363,19.01,18.963,0.763
9276,2,10.07,-0.65,0.78831,-0.136,3.763,4.469,15.1,0.038,0.0,20.21,19.699,19.136,18.808,18.767,0.788
9277,2,10.07,-0.65,0.85552,0.207,3.784,4.245,15.3,0.038,0.0,19.551,19.082,18.578,18.295,18.261,0.856
9278,2,10.07,-0.65,0.81525,-0.01,3.774,4.402,15.5,0.038,0.0,20.296,19.805,19.273,18.968,18.931,0.815
9279,2,10.07,-0.65,0.73355,-0.367,3.738,4.568,15.5,0.038,0.0,21.188,20.639,20.001,19.616,19.563,0.734
9280,2,10.07,-0.65,0.82942,0.062,3.779,4.357,15.6,0.038,0.0,20.216,19.735,19.217,18.923,18.887,0.829
9281,2,10.07,-0.65,0.71395,-0.446,3.728,4.595,15.6,0.038,0.0,21.484,20.923,20.255,19.848,19.789,0.714
9282,2,10.07,-0.65,0.76136,-0.253,3.751,4.523,15.8,0.038,0.0,21.202,20.669,20.072,19.719,19.671,0.761
9283,2,10.07,-0.63,0.24008,-1.919,3.594,5.06,8.8,0.023,0.0,18.368,17.821,16.712,16.137,15.974,0.24
9284,2,10.07,-0.63,0.76406,-0.255,3.75,4.523,9.6,0.028,0.0,15.007,14.466,13.869,13.515,13.468,0.764
9285,2,10.07,-0.63,0.69006,-0.548,3.713,4.624,10.7,0.034,0.0,16.84,16.267,15.551,15.106,15.041,0.69
9286,2,10.07,-0.63,0.64813,-0.705,3.691,4.665,11.2,0.035,0.0,17.732,17.158,16.363,15.854,15.778,0.648
9287,2,10.07,-0.63,0.22209,-1.993,3.59,5.082,11.5,0.036,0.0,21.251,20.721,19.587,19.016,18.846,0.222
9288,2,10.07,-0.63,0.2181,-2.009,3.589,5.086,11.6,0.036,0.0,21.392,20.863,19.725,19.155,18.983,0.218
9289,2,10.07,-0.63,0.28004,-1.782,3.603,5.024,12.0,0.037,0.0,21.225,20.677,19.598,19.013,18.858,0.28
9290,2,10.07,-0.63,0.55233,-1.043,3.651,4.772,12.2,0.037,0.0,19.577,19.025,18.085,17.468,17.365,0.552
9291,2,10.07,-0.63,0.62703,-0.783,3.68,4.685,12.4,0.037,0.0,19.128,18.559,17.724,17.182,17.099,0.627
9292,2,10.07,-0.63,0.41959,-1.424,3.622,4.92,12.6,0.038,0.0,20.929,20.383,19.361,18.742,18.608,0.42
9293,2,10.07,-0.63,0.6825,-0.576,3.709,4.632,13.0,0.038,0.0,19.211,18.639,17.908,17.451,17.384,0.683
9294,2,10.07,-0.63,0.86357,0.224,3.784,4.233,13.1,0.038,0.0,17.311,16.84,16.336,16.053,16.018,0.864
9295,2,10.07,-0.63,0.56046,-1.016,3.653,4.762,13.2,0.038,0.0,20.509,19.957,19.025,18.414,18.313,0.56
9296,2,10.07,-0.63,0.83892,0.086,3.78,4.342,13.2,0.038,0.0,17.756,17.277,16.762,16.47,16.435,0.839
9297,2,10.07,-0.63,0.61594,-0.825,3.674,4.696,13.4,0.038,0.0,20.231,19.665,18.808,18.249,18.163,0.616
9298,2,10.07,-0.63,0.77977,-0.189,3.757,4.494,13.4,0.038,0.0,18.642,18.12,17.541,17.2,17.156,0.78
9299,2,10.07,-0.63,0.78653,-0.16,3.76,4.481,13.5,0.038,0.0,18.671,18.154,17.583,17.249,17.206,0.787
9300,2,10.07,-0.63,0.7783,-0.195,3.757,4.497,13.6,0.038,0.0,18.858,18.334,17.753,17.411,17.367,0.778
9301,2,10.07,-0.63,0.86491,0.232,3.784,4.225,13.8,0.038,0.0,17.99,17.52,17.016,16.733,16.699,0.865
9302,2,10.07,-0.63,0.52704,-1.123,3.644,4.805,13.8,0.038,0.0,21.377,20.828,19.867,19.245,19.136,0.527
9303,2,10.07,-0.63,0.60735,-0.857,3.67,4.704,13.9,0.038,0.0,20.811,20.248,19.376,18.806,18.717,0.607
9304,2,10.07,-0.63,0.83702,0.076,3.779,4.349,13.9,0.038,0.0,18.48,17.999,17.483,17.19,17.154,0.837
9305,2,10.07,-0.63,0.53824,-1.087,3.647,4.79,14.0,0.038,0.0,21.488,20.939,19.987,19.366,19.26,0.538
9306,2,10.07,-0.63,0.82788,0.03,3.776,4.378,14.0,0.038,0.0,18.695,18.207,17.682,17.383,17.347,0.828
9307,2,10.07,-0.63,0.62863,-0.777,3.681,4.684,14.1,0.038,0.0,20.813,20.244,19.412,18.872,18.79,0.629
9308,2,10.07,-0.63,0.60437,-0.868,3.669,4.707,14.2,0.038,0.0,21.139,20.577,19.7,19.125,19.035,0.604
9309,2,10.07,-0.63,0.86318,0.221,3.784,4.235,14.2,0.038,0.0,18.417,17.946,17.442,17.158,17.124,0.863
9310,2,10.07,-0.63,0.61927,-0.812,3.676,4.693,14.3,0.038,0.0,21.1,20.533,19.683,19.128,19.044,0.619
9311,2,10.07,-0.63,0.86465,0.23,3.784,4.227,14.3,0.038,0.0,18.494,18.024,17.52,17.237,17.202,0.865
9312,2,10.07,-0.63,0.63663,-0.747,3.685,4.676,14.4,0.038,0.0,21.039,20.469,19.651,19.124,19.044,0.637
9313,2,10.07,-0.63,0.84751,0.13,3.783,4.312,14.6,0.038,0.0,19.045,18.571,18.063,17.776,17.741,0.848
9314,2,10.07,-0.63,0.7455,-0.331,3.741,4.553,14.6,0.038,0.0,20.197,19.651,19.024,18.648,18.596,0.746
9315,2,10.07,-0.63,0.66371,-0.647,3.699,4.65,14.8,0.038,0.0,21.187,20.611,19.846,19.362,19.289,0.664
9316,2,10.07,-0.63,0.81576,-0.029,3.772,4.413,14.9,0.038,0.0,19.742,19.246,18.709,18.401,18.362,0.816
9317,2,10.07,-0.63,0.75778,-0.281,3.747,4.533,15.2,0.038,0.0,20.672,20.133,19.524,19.162,19.113,0.758
9318,2,10.07,-0.63,0.80488,-0.079,3.768,4.44,15.2,0.038,0.0,20.167,19.664,19.115,18.797,18.757,0.805
9319,2,10.07,-0.63,0.81061,-0.053,3.77,4.426,15.2,0.038,0.0,20.102,19.602,19.06,18.747,18.708,0.811
9320,2,10.07,-0.63,0.79228,-0.135,3.763,4.468,15.4,0.038,0.0,20.507,19.994,19.43,19.101,19.059,0.792
9321,2,10.07,-0.63,0.78104,-0.184,3.758,4.492,15.4,0.038,0.0,20.629,20.108,19.53,19.191,19.147,0.781
9322,2,10.07,-0.63,0.91374,1.144,3.694,2.976,15.4,0.038,0.0,17.309,16.742,15.95,15.444,15.374,0.914
9323,2,10.07,-0.63,0.83491,0.065,3.779,4.355,15.6,0.038,0.0,20.206,19.724,19.206,18.911,18.875,0.835
9324,2,10.07,-0.63,0.74291,-0.341,3.74,4.557,15.9,0.038,0.0,21.523,20.975,20.345,19.966,19.913,0.743
9325,2,10.07,-0.61,0.5545,-1.041,3.65,4.769,11.0,0.035,0.0,18.373,17.821,16.879,16.258,16.156,0.554
9326,2,10.07,-0.61,0.33555,-1.633,3.61,4.983,11.2,0.035,0.0,20.054,19.505,18.447,17.85,17.703,0.336
9327,2,10.07,-0.61,0.20884,-2.052,3.585,5.095,11.4,0.036,0.0,21.301,20.779,19.621,19.055,18.879,0.209
9328,2,10.07,-0.61,0.33435,-1.637,3.61,4.984,11.6,0.036,0.0,20.461,19.913,18.854,18.258,18.111,0.334
9329,2,10.07,-0.61,0.41157,-1.449,3.619,4.925,12.0,0.037,0.0,20.392,19.845,18.814,18.198,18.062,0.412
9330,2,10.07,-0.61,0.8595,0.168,3.783,4.283,12.2,0.037,0.0,16.549,16.075,15.57,15.285,15.251,0.859
9331,2,10.07,-0.61,0.42385,-1.418,3.621,4.915,12.3,0.037,0.0,20.616,20.07,19.044,18.424,18.29,0.424
9332,2,10.07,-0.61,0.64688,-0.718,3.689,4.667,13.2,0.038,0.0,19.764,19.192,18.388,17.87,17.793,0.647
9333,2,10.07,-0.61,0.46967,-1.298,3.63,4.872,13.3,0.038,0.0,21.316,20.77,19.767,19.14,19.015,0.47
9334,2,10.07,-0.61,0.54718,-1.065,3.648,4.778,13.5,0.038,0.0,20.932,20.382,19.433,18.811,18.706,0.547
9335,2,10.07,-0.61,0.58405,-0.944,3.66,4.733,13.5,0.038,0.0,20.629,20.074,19.164,18.566,18.47,0.584
9336,2,10.07,-0.61,0.90993,0.491,3.724,3.75,13.6,0.038,0.0,17.142,16.582,15.898,15.479,15.422,0.91
9337,2,10.07,-0.61,0.54161,-1.082,3.646,4.786,14.0,0.038,0.0,21.475,20.927,19.972,19.35,19.243,0.542
9338,2,10.07,-0.61,0.61961,-0.818,3.675,4.693,14.0,0.038,0.0,20.816,20.25,19.394,18.834,18.749,0.62
9339,2,10.07,-0.61,0.8444,0.09,3.78,4.34,14.1,0.038,0.0,18.646,18.164,17.65,17.358,17.322,0.844
9340,2,10.07,-0.61,0.57368,-0.978,3.656,4.746,14.2,0.038,0.0,21.415,20.861,19.939,19.333,19.235,0.574
9341,2,10.07,-0.61,0.66306,-0.658,3.697,4.652,14.3,0.038,0.0,20.714,20.139,19.366,18.874,18.801,0.663
9342,2,10.07,-0.61,0.65646,-0.682,3.694,4.658,14.4,0.038,0.0,20.875,20.302,19.515,19.013,18.938,0.656
9343,2,10.07,-0.61,0.77069,-0.241,3.751,4.516,14.4,0.038,0.0,19.772,19.238,18.641,18.287,18.24,0.771
9344,2,10.07,-0.61,0.92711,1.791,3.699,2.354,14.4,0.038,0.0,14.692,14.116,13.343,12.858,12.789,0.927
9345,2,10.07,-0.61,0.82908,0.015,3.775,4.387,14.5,0.038,0.0,19.232,18.74,18.211,17.909,17.872,0.829
9346,2,10.07,-0.61,0.78842,-0.167,3.759,4.483,14.8,0.038,0.0,19.987,19.467,18.893,18.556,18.512,0.788
9347,2,10.07,-0.61,0.71418,-0.465,3.724,4.598,14.8,0.038,0.0,20.733,20.167,19.485,19.067,19.008,0.714
9348,2,10.07,-0.61,0.85145,0.125,3.782,4.316,14.9,0.038,0.0,19.357,18.88,18.371,18.083,18.048,0.851
9349,2,10.07,-0.61,0.81914,-0.032,3.771,4.415,15.0,0.038,0.0,19.85,19.351,18.812,18.503,18.464,0.819
9350,2,10.07,-0.61,0.69736,-0.53,3.715,4.618,15.2,0.038,0.0,21.295,20.725,20.014,19.572,19.508,0.697
9351,2,10.07,-0.61,0.83705,0.054,3.778,4.363,15.9,0.038,0.0,20.535,20.049,19.528,19.231,19.195,0.837
9352,2,10.07,-0.59,0.62083,-0.822,3.674,4.693,11.2,0.035,0.0,18.024,17.456,16.597,16.035,15.949,0.621
9353,2,10.07,-0.59,0.37323,-1.547,3.613,4.955,11.3,0.036,0.0,19.938,19.391,18.34,17.735,17.592,0.373
9354,2,10.07,-0.59,0.26524,-1.842,3.596,5.034,11.6,0.036,0.0,20.976,20.436,19.329,18.749,18.589,0.265
9355,2,10.07,-0.59,0.31445,-1.695,3.605,4.996,11.7,0.037,0.0,20.707,20.159,19.085,18.495,18.344,0.314
9356,2,10.07,-0.59,0.47381,-1.292,3.629,4.867,11.8,0.037,0.0,19.799,19.254,18.248,17.619,17.494,0.474
9357,2,10.07,-0.59,0.34039,-1.628,3.609,4.979,12.2,0.037,0.0,21.04,20.493,19.431,18.833,18.686,0.34
9358,2,10.07,-0.59,0.57729,-0.972,3.656,4.742,12.2,0.037,0.0,19.401,18.847,17.925,17.317,17.219,0.577
9359,2,10.07,-0.59,0.79534,-0.152,3.76,4.476,12.6,0.038,0.0,17.75,17.23,16.658,16.324,16.281,0.795
9360,2,10.07,-0.59,0.41342,-1.449,3.618,4.922,12.7,0.038,0.0,21.093,20.548,19.511,18.895,18.758,0.413
9361,2,10.07,-0.59,0.41656,-1.441,3.619,4.92,12.9,0.038,0.0,21.274,20.729,19.694,19.076,18.94,0.417
9362,2,10.07,-0.59,0.40575,-1.468,3.617,4.928,13.0,0.038,0.0,21.441,20.895,19.855,19.241,19.103,0.406
9363,2,10.07,-0.59,0.75476,-0.317,3.741,4.545,13.3,0.038,0.0,18.863,18.316,17.689,17.313,17.262,0.755
9364,2,10.07,-0.59,0.52086,-1.153,3.64,4.812,13.4,0.038,0.0,21.051,20.505,19.53,18.903,18.79,0.521
9365,2,10.07,-0.59,0.52793,-1.13,3.642,4.803,13.7,0.038,0.0,21.296,20.749,19.78,19.153,19.042,0.528
9366,2,10.07,-0.59,0.77798,-0.224,3.752,4.508,14.1,0.038,0.0,19.43,18.896,18.303,17.952,17.906,0.778
9367,2,10.07,-0.59,0.58128,-0.959,3.657,4.737,14.1,0.038,0.0,21.269,20.714,19.796,19.191,19.094,0.581
9368,2,10.07,-0.59,0.78143,-0.21,3.754,4.502,14.4,0.038,0.0,19.694,19.163,18.574,18.227,18.181,0.781
9369,2,10.07,-0.59,0.7577,-0.306,3.743,4.541,14.4,0.038,0.0,19.934,19.388,18.766,18.394,18.343,0.758
9370,2,10.07,-0.59,0.84589,0.076,3.779,4.35,14.4,0.038,0.0,18.98,18.494,17.976,17.682,17.646,0.846
9371,2,10.07,-0.59,0.58577,-0.945,3.659,4.732,14.4,0.038,0.0,21.532,20.977,20.063,19.462,19.366,0.586
9372,2,10.07,-0.59,0.81556,-0.065,3.768,4.432,14.6,0.038,0.0,19.532,19.026,18.478,18.161,18.122,0.816
9373,2,10.07,-0.59,0.91502,0.477,3.728,3.781,14.7,0.038,0.0,18.278,17.72,17.048,16.638,16.583,0.915
9374,2,10.07,-0.59,0.88757,0.307,3.784,4.161,14.8,0.038,0.0,18.802,18.329,17.826,17.544,17.509,0.888
9375,2,10.07,-0.59,0.8606,0.148,3.783,4.301,14.9,0.038,0.0,19.3,18.823,18.316,18.03,17.996,0.861
9376,2,10.07,-0.59,0.70156,-0.524,3.715,4.615,15.1,0.038,0.0,21.18,20.609,19.898,19.456,19.392,0.702
9377,2,10.07,-0.59,0.71669,-0.466,3.723,4.597,15.2,0.038,0.0,21.134,20.567,19.882,19.462,19.402,0.717
9378,2,10.07,-0.59,0.85275,0.109,3.781,4.328,15.6,0.038,0.0,20.097,19.616,19.104,18.814,18.779,0.853
9379,2,10.07,-0.59,0.76363,-0.282,3.746,4.531,15.8,0.038,0.0,21.274,20.732,20.119,19.753,19.703,0.764
9380,2,10.07,-0.57,0.67424,-0.634,3.699,4.642,11.9,0.037,0.0,18.255,17.678,16.911,16.424,16.353,0.674
9381,2,10.07,-0.57,0.33994,-1.636,3.607,4.98,12.0,0.037,0.0,20.861,20.314,19.245,18.649,18.501,0.34
9382,2,10.07,-0.57,0.40419,-1.477,3.615,4.928,12.7,0.038,0.0,21.163,20.619,19.572,18.959,18.82,0.404
9383,2,10.07,-0.57,0.46964,-1.308,3.627,4.871,12.7,0.038,0.0,20.741,20.197,19.184,18.552,18.425,0.47
9384,2,10.07,-0.57,0.61254,-0.86,3.668,4.703,12.8,0.038,0.0,19.719,19.157,18.276,17.697,17.608,0.613
9385,2,10.07,-0.57,0.74439,-0.369,3.734,4.563,12.9,0.038,0.0,18.592,18.036,17.388,16.995,16.941,0.744
9386,2,10.07,-0.57,0.49364,-1.241,3.632,4.845,13.1,0.038,0.0,20.972,20.428,19.428,18.797,18.676,0.494
9387,2,10.07,-0.57,0.55484,-1.051,3.647,4.769,13.1,0.038,0.0,20.498,19.95,18.997,18.372,18.268,0.555
9388,2,10.07,-0.57,0.6417,-0.753,3.682,4.674,13.3,0.038,0.0,19.952,19.382,18.554,18.017,17.936,0.642
9389,2,10.07,-0.57,0.69864,-0.544,3.712,4.619,13.4,0.038,0.0,19.531,18.958,18.235,17.782,17.717,0.699
9390,2,10.07,-0.57,0.52628,-1.141,3.64,4.805,13.5,0.038,0.0,21.122,20.576,19.601,18.972,18.859,0.526
9391,2,10.07,-0.57,0.67049,-0.648,3.697,4.646,13.5,0.038,0.0,19.889,19.313,18.539,18.046,17.974,0.67
9392,2,10.07,-0.57,0.51731,-1.169,3.637,4.816,13.6,0.038,0.0,21.292,20.747,19.764,19.134,19.02,0.517
9393,2,10.07,-0.57,0.59374,-0.926,3.66,4.723,13.8,0.038,0.0,20.885,20.329,19.419,18.819,18.724,0.594
9394,2,10.07,-0.57,0.64081,-0.756,3.682,4.675,14.0,0.038,0.0,20.66,20.09,19.261,18.722,18.641,0.641
9395,2,10.07,-0.57,0.61952,-0.834,3.671,4.696,14.0,0.038,0.0,20.855,20.291,19.422,18.852,18.766,0.62
9396,2,10.07,-0.57,0.575,-0.986,3.654,4.745,14.1,0.038,0.0,21.336,20.784,19.853,19.238,19.139,0.575
9397,2,10.07,-0.57,0.72154,-0.457,3.723,4.592,14.2,0.038,0.0,20.113,19.545,18.861,18.441,18.382,0.722
9398,2,10.07,-0.57,0.59867,-0.91,3.661,4.717,14.3,0.038,0.0,21.345,20.788,19.883,19.287,19.194,0.599
9399,2,10.07,-0.57,0.70828,-0.508,3.716,4.608,14.4,0.038,0.0,20.439,19.869,19.162,18.723,18.661,0.708
9400,2,10.07,-0.57,0.92425,0.573,3.711,3.62,14.5,0.038,0.0,17.839,17.271,16.54,16.083,16.02,0.924
9401,2,10.07,-0.57,0.81477,-0.083,3.766,4.442,14.6,0.038,0.0,19.578,19.067,18.513,18.192,18.152,0.815
9402,2,10.07,-0.57,0.82808,-0.025,3.771,4.41,14.7,0.038,0.0,19.532,19.03,18.491,18.181,18.142,0.828
9403,2,10.07,-0.57,0.69237,-0.567,3.708,4.625,14.8,0.038,0.0,20.988,20.415,19.68,19.219,19.152,0.692
9404,2,10.07,-0.57,0.73872,-0.391,3.732,4.57,15.0,0.038,0.0,20.747,20.188,19.531,19.132,19.077,0.739
9405,2,10.07,-0.57,0.8154,-0.081,3.766,4.44,15.2,0.038,0.0,20.171,19.661,19.108,18.787,18.747,0.815
9406,2,10.07,-0.57,0.71831,-0.469,3.722,4.596,15.3,0.038,0.0,21.244,20.675,19.986,19.561,19.501,0.718
9407,2,10.07,-0.57,0.7383,-0.393,3.732,4.571,15.4,0.038,0.0,21.151,20.592,19.934,19.535,19.479,0.738
9408,2,10.07,-0.57,0.70706,-0.512,3.716,4.609,15.4,0.038,0.0,21.451,20.88,20.171,19.731,19.668,0.707
9409,2,10.07,-0.57,0.92819,0.784,3.703,3.378,15.6,0.038,0.0,18.41,17.84,17.081,16.601,16.535,0.928
9410,2,10.07,-0.55,0.14841,-2.522,3.522,5.164,8.2,0.019,0.0,19.275,18.925,17.455,16.889,16.655,0.148
9411,2,10.07,-0.55,0.3393,-1.645,3.605,4.98,11.7,0.037,0.0,20.583,20.036,18.961,18.366,18.217,0.339
9412,2,10.07,-0.55,0.38921,-1.52,3.611,4.94,11.9,0.037,0.0,20.469,19.925,18.867,18.259,18.117,0.389
9413,2,10.07,-0.55,0.36611,-1.577,3.609,4.96,12.0,0.037,0.0,20.714,20.168,19.103,18.501,18.356,0.366
9414,2,10.07,-0.55,0.28602,-1.79,3.597,5.016,12.2,0.037,0.0,21.444,20.904,19.797,19.216,19.057,0.286
9415,2,10.07,-0.55,0.68553,-0.601,3.703,4.632,12.4,0.037,0.0,18.674,18.097,17.344,16.867,16.797,0.686
9416,2,10.07,-0.55,0.91763,0.447,3.763,3.951,12.5,0.038,0.0,16.153,15.638,15.074,14.747,14.706,0.918
9417,2,10.07,-0.55,0.43088,-1.416,3.618,4.906,12.6,0.038,0.0,20.91,20.367,19.327,18.706,18.571,0.431
9418,2,10.07,-0.55,0.48746,-1.263,3.629,4.851,12.7,0.038,0.0,20.628,20.085,19.077,18.443,18.319,0.487
9419,2,10.07,-0.55,0.71772,-0.482,3.719,4.598,12.9,0.038,0.0,18.874,18.304,17.606,17.175,17.114,0.718
9420,2,10.07,-0.55,0.59368,-0.933,3.658,4.724,12.9,0.038,0.0,20.002,19.448,18.532,17.927,17.832,0.594
9421,2,10.07,-0.55,0.56308,-1.031,3.649,4.76,13.2,0.038,0.0,20.547,19.998,19.049,18.423,18.32,0.563
9422,2,10.07,-0.55,0.91154,0.407,3.774,4.032,13.3,0.038,0.0,17.054,16.557,16.025,15.723,15.685,0.912
9423,2,10.07,-0.55,0.51442,-1.183,3.635,4.82,13.4,0.038,0.0,21.128,20.583,19.594,18.961,18.845,0.514
9424,2,10.07,-0.55,0.57074,-1.006,3.651,4.751,13.5,0.038,0.0,20.785,20.235,19.294,18.672,18.571,0.571
9425,2,10.07,-0.55,0.85212,0.07,3.777,4.354,13.9,0.038,0.0,18.496,18.005,17.484,17.188,17.152,0.852
9426,2,10.07,-0.55,0.77442,-0.262,3.747,4.521,14.0,0.038,0.0,19.425,18.882,18.272,17.908,17.86,0.774
9427,2,10.07,-0.55,0.69669,-0.561,3.708,4.621,14.0,0.038,0.0,20.172,19.598,18.864,18.402,18.336,0.697
9428,2,10.07,-0.55,0.90539,0.365,3.779,4.093,14.1,0.038,0.0,17.958,17.472,16.957,16.666,16.63,0.905
9429,2,10.07,-0.55,0.68972,-0.586,3.705,4.628,14.3,0.038,0.0,20.536,19.96,19.214,18.742,18.674,0.69
9430,2,10.07,-0.55,0.59759,-0.92,3.66,4.719,14.4,0.038,0.0,21.471,20.916,20.004,19.402,19.308,0.598
9431,2,10.07,-0.55,0.71444,-0.494,3.717,4.602,14.6,0.038,0.0,20.605,20.034,19.331,18.895,18.833,0.714
9432,2,10.07,-0.55,0.67702,-0.632,3.698,4.641,14.8,0.038,0.0,21.151,20.575,19.805,19.316,19.245,0.677
9433,2,10.07,-0.55,0.73237,-0.426,3.727,4.58,14.8,0.038,0.0,20.634,20.068,19.395,18.983,18.925,0.732
9434,2,10.07,-0.55,0.9103,0.398,3.775,4.047,14.8,0.038,0.0,18.575,18.081,17.555,17.256,17.219,0.91
9435,2,10.07,-0.55,0.87935,0.205,3.783,4.256,14.9,0.038,0.0,19.159,18.68,18.175,17.892,17.857,0.879
9436,2,10.07,-0.55,0.82298,-0.062,3.767,4.43,15.5,0.038,0.0,20.424,19.915,19.365,19.047,19.008,0.823
9437,2,10.07,-0.55,0.81319,-0.103,3.763,4.451,15.7,0.038,0.0,20.729,20.212,19.652,19.325,19.284,0.813
9438,2,10.07,-0.53,0.33614,-1.66,3.603,4.982,10.7,0.034,0.0,19.621,19.073,17.991,17.399,17.248,0.336
9439,2,10.07,-0.53,0.42605,-1.433,3.615,4.908,11.3,0.036,0.0,19.653,19.109,18.062,17.443,17.307,0.426
9440,2,10.07,-0.53,0.26864,-1.851,3.591,5.03,11.9,0.037,0.0,21.298,20.766,19.635,19.06,18.893,0.269
9441,2,10.07,-0.53,0.82396,-0.071,3.766,4.434,12.7,0.038,0.0,17.646,17.133,16.581,16.26,16.22,0.824
9442,2,10.07,-0.53,0.62331,-0.835,3.67,4.694,12.9,0.038,0.0,19.758,19.195,18.32,17.745,17.658,0.623
9443,2,10.07,-0.53,0.45109,-1.37,3.62,4.888,13.0,0.038,0.0,21.196,20.654,19.618,18.992,18.859,0.451
9444,2,10.07,-0.53,0.75536,-0.347,3.736,4.552,13.1,0.038,0.0,18.738,18.181,17.538,17.148,17.095,0.755
9445,2,10.07,-0.53,0.85261,0.057,3.776,4.363,13.2,0.038,0.0,17.828,17.333,16.809,16.511,16.475,0.853
9446,2,10.07,-0.53,0.66237,-0.694,3.689,4.655,13.5,0.038,0.0,20.005,19.432,18.628,18.11,18.034,0.662
9447,2,10.07,-0.53,0.5733,-1.004,3.651,4.749,13.5,0.038,0.0,20.781,20.231,19.287,18.662,18.562,0.573
9448,2,10.07,-0.53,0.80749,-0.14,3.759,4.468,13.8,0.038,0.0,18.92,18.395,17.823,17.488,17.445,0.807
9449,2,10.07,-0.53,0.82988,-0.045,3.768,4.421,13.9,0.038,0.0,18.782,18.273,17.727,17.412,17.372,0.83
9450,2,10.07,-0.53,0.55566,-1.06,3.645,4.769,13.9,0.038,0.0,21.32,20.773,19.812,19.182,19.077,0.556
9451,2,10.07,-0.53,0.60763,-0.892,3.662,4.709,14.2,0.038,0.0,21.2,20.643,19.741,19.146,19.054,0.608
9452,2,10.07,-0.53,0.71766,-0.491,3.717,4.599,14.2,0.038,0.0,20.198,19.627,18.922,18.484,18.423,0.718
9453,2,10.07,-0.53,0.81058,-0.127,3.761,4.462,14.3,0.038,0.0,19.387,18.865,18.296,17.964,17.922,0.811
9454,2,10.07,-0.53,0.78529,-0.23,3.75,4.508,14.4,0.038,0.0,19.745,19.204,18.604,18.248,18.202,0.785
9455,2,10.07,-0.53,0.66999,-0.667,3.693,4.648,14.7,0.038,0.0,21.136,20.562,19.772,19.265,19.191,0.67
9456,2,10.07,-0.53,0.79617,-0.186,3.755,4.489,14.8,0.038,0.0,20.035,19.503,18.917,18.571,18.526,0.796
9457,2,10.07,-0.53,0.65828,-0.709,3.687,4.659,14.8,0.038,0.0,21.342,20.77,19.958,19.434,19.357,0.658
9458,2,10.07,-0.53,0.71287,-0.509,3.715,4.605,14.8,0.038,0.0,20.844,20.271,19.558,19.113,19.051,0.713
9459,2,10.07,-0.53,0.93475,0.632,3.706,3.548,14.9,0.038,0.0,18.091,17.521,16.774,16.304,16.24,0.935
9460,2,10.07,-0.53,0.75015,-0.367,3.733,4.56,15.1,0.038,0.0,20.788,20.229,19.577,19.181,19.127,0.75
9461,2,10.07,-0.53,0.70547,-0.537,3.711,4.613,15.2,0.038,0.0,21.314,20.74,20.014,19.558,19.494,0.705
9462,2,10.07,-0.53,0.84342,0.015,3.773,4.387,15.8,0.038,0.0,20.531,20.031,19.498,19.194,19.156,0.843
9463,2,10.07,-0.51,0.32247,-1.702,3.599,4.99,10.2,0.031,0.0,19.225,18.678,17.583,16.996,16.842,0.322
9464,2,10.07,-0.51,0.4495,-1.38,3.618,4.888,11.7,0.037,0.0,19.919,19.377,18.335,17.71,17.576,0.449
9465,2,10.07,-0.51,0.44201,-1.398,3.617,4.894,12.2,0.037,0.0,20.466,19.924,18.878,18.255,18.12,0.442
9466,2,10.07,-0.51,0.34423,-1.647,3.602,4.977,12.4,0.037,0.0,21.287,20.743,19.656,19.063,18.912,0.344
9467,2,10.07,-0.51,0.45956,-1.352,3.62,4.878,12.4,0.037,0.0,20.549,20.008,18.972,18.342,18.211,0.46
9468,2,10.07,-0.51,0.67533,-0.656,3.694,4.644,12.8,0.038,0.0,19.21,18.634,17.847,17.342,17.269,0.675
9469,2,10.07,-0.51,0.4962,-1.249,3.628,4.84,12.9,0.038,0.0,20.792,20.25,19.237,18.599,18.476,0.496
9470,2,10.07,-0.51,0.43703,-1.411,3.616,4.898,13.0,0.038,0.0,21.297,20.755,19.707,19.085,18.95,0.437
9471,2,10.07,-0.51,0.77536,-0.28,3.743,4.526,13.3,0.038,0.0,18.769,18.22,17.6,17.229,17.179,0.775
9472,2,10.07,-0.51,0.7398,-0.417,3.726,4.575,13.4,0.038,0.0,19.212,18.644,17.97,17.557,17.5,0.74
9473,2,10.07,-0.51,0.51931,-1.178,3.634,4.813,13.6,0.038,0.0,21.316,20.773,19.777,19.14,19.024,0.519
9474,2,10.07,-0.51,0.5458,-1.096,3.641,4.781,13.6,0.038,0.0,21.111,20.566,19.591,18.957,18.848,0.546
9475,2,10.07,-0.51,0.70492,-0.549,3.708,4.615,13.9,0.038,0.0,20.042,19.467,18.732,18.27,18.205,0.705
9476,2,10.07,-0.51,0.89418,0.25,3.782,4.213,14.3,0.038,0.0,18.445,17.962,17.454,17.169,17.134,0.894
9477,2,10.07,-0.51,0.75363,-0.364,3.733,4.557,14.5,0.038,0.0,20.18,19.619,18.967,18.57,18.516,0.754
9478,2,10.07,-0.51,0.78834,-0.228,3.749,4.507,14.7,0.038,0.0,20.041,19.499,18.898,18.541,18.494,0.788
9479,2,10.07,-0.51,0.74906,-0.381,3.731,4.563,14.8,0.038,0.0,20.524,19.961,19.302,18.9,18.845,0.749
9480,2,10.07,-0.51,0.73466,-0.436,3.724,4.581,15.0,0.038,0.0,20.861,20.291,19.609,19.189,19.131,0.735
9481,2,10.07,-0.51,0.70312,-0.556,3.707,4.616,15.4,0.038,0.0,21.559,20.984,20.246,19.781,19.715,0.703
9482,2,10.07,-0.51,0.9358,0.537,3.712,3.665,15.7,0.038,0.0,19.127,18.558,17.831,17.376,17.314,0.936
9483,2,10.07,-0.51,0.76197,-0.332,3.737,4.546,15.7,0.038,0.0,21.299,20.743,20.103,19.717,19.664,0.762
9484,2,10.07,-0.49,0.55355,-1.078,3.642,4.772,11.6,0.036,0.0,19.065,18.519,17.547,16.912,16.804,0.554
9485,2,10.07,-0.49,0.40899,-1.486,3.609,4.919,12.5,0.038,0.0,20.985,20.444,19.375,18.763,18.622,0.409
9486,2,10.07,-0.49,0.68987,-0.612,3.699,4.63,12.6,0.038,0.0,18.901,18.323,17.555,17.066,16.995,0.69
9487,2,10.07,-0.49,0.75807,-0.356,3.733,4.553,12.8,0.038,0.0,18.461,17.9,17.248,16.853,16.799,0.758
9488,2,10.07,-0.49,0.72846,-0.469,3.719,4.59,13.1,0.038,0.0,19.043,18.471,17.772,17.338,17.277,0.728
9489,2,10.07,-0.49,0.58694,-0.974,3.652,4.734,13.5,0.038,0.0,20.706,20.156,19.216,18.591,18.493,0.587
9490,2,10.07,-0.49,0.87487,0.137,3.779,4.306,13.7,0.038,0.0,18.128,17.637,17.122,16.832,16.796,0.875
9491,2,10.07,-0.49,0.91124,0.335,3.779,4.123,13.9,0.038,0.0,17.832,17.34,16.824,16.533,16.497,0.911
9492,2,10.07,-0.49,0.61789,-0.87,3.664,4.701,14.5,0.038,0.0,21.444,20.885,19.989,19.397,19.307,0.618
9493,2,10.07,-0.49,0.72106,-0.497,3.715,4.598,14.5,0.038,0.0,20.513,19.94,19.227,18.782,18.72,0.721
9494,2,10.07,-0.49,0.80927,-0.154,3.757,4.474,14.7,0.038,0.0,19.855,19.324,18.746,18.406,18.363,0.809
9495,2,10.07,-0.49,0.9243,0.42,3.767,3.996,14.8,0.038,0.0,18.52,18.008,17.456,17.139,17.098,0.924
9496,2,10.07,-0.49,0.66157,-0.714,3.685,4.658,14.9,0.038,0.0,21.454,20.882,20.062,19.53,19.452,0.662
9497,2,10.07,-0.49,0.70653,-0.552,3.707,4.614,15.3,0.038,0.0,21.45,20.874,20.135,19.669,19.603,0.707
9498,2,10.07,-0.49,0.8827,0.172,3.78,4.278,15.8,0.038,0.0,20.14,19.651,19.139,18.851,18.815,0.883
9499,2,10.07,-0.47,0.29977,-1.774,3.592,5.002,10.7,0.034,0.0,19.904,19.373,18.24,17.661,17.497,0.3
9500,2,10.07,-0.47,0.34987,-1.647,3.6,4.973,11.7,0.037,0.0,20.587,20.045,18.946,18.353,18.201,0.35
9501,2,10.07,-0.47,0.35707,-1.628,3.6,4.966,12.4,0.037,0.0,21.239,20.698,19.601,19.006,18.855,0.357
9502,2,10.07,-0.47,0.33964,-1.673,3.598,4.979,12.4,0.037,0.0,21.351,20.813,19.706,19.116,18.962,0.34
9503,2,10.07,-0.47,0.37557,-1.578,3.603,4.949,12.8,0.038,0.0,21.516,20.976,19.886,19.285,19.137,0.376
9504,2,10.07,-0.47,0.93038,0.439,3.754,3.929,13.0,0.038,0.0,16.673,16.138,15.549,15.204,15.159,0.93
9505,2,10.07,-0.47,0.658,-0.734,3.681,4.662,13.1,0.038,0.0,19.706,19.135,18.302,17.759,17.679,0.658
9506,2,10.07,-0.47,0.5042,-1.235,3.627,4.83,13.3,0.038,0.0,21.158,20.619,19.6,18.957,18.835,0.504
9507,2,10.07,-0.47,0.55439,-1.081,3.641,4.771,13.4,0.038,0.0,20.872,20.328,19.351,18.715,18.606,0.554
9508,2,10.07,-0.47,0.83999,-0.033,3.768,4.412,13.5,0.038,0.0,18.352,17.839,17.292,16.977,16.938,0.84
9509,2,10.07,-0.47,0.70556,-0.565,3.705,4.615,13.9,0.038,0.0,20.082,19.504,18.756,18.284,18.216,0.706
9510,2,10.07,-0.47,0.57462,-1.019,3.647,4.749,13.9,0.038,0.0,21.217,20.67,19.712,19.08,18.977,0.575
9511,2,10.07,-0.47,0.67675,-0.668,3.69,4.644,14.4,0.038,0.0,20.84,20.265,19.465,18.95,18.875,0.677
9512,2,10.07,-0.47,0.94337,0.7,3.702,3.466,14.5,0.038,0.0,17.521,16.947,16.185,15.703,15.636,0.943
9513,2,10.07,-0.47,0.6692,-0.695,3.687,4.651,14.5,0.038,0.0,21.007,20.433,19.62,19.093,19.017,0.669
9514,2,10.07,-0.47,0.80805,-0.168,3.755,4.48,14.6,0.038,0.0,19.79,19.255,18.671,18.327,18.283,0.808
9515,2,10.07,-0.47,0.91914,0.372,3.774,4.072,14.7,0.038,0.0,18.54,18.038,17.509,17.21,17.172,0.919
9516,2,10.07,-0.45,0.35069,-1.652,3.598,4.972,11.7,0.037,0.0,20.599,20.062,18.952,18.36,18.206,0.351
9517,2,10.07,-0.45,0.2664,-1.884,3.584,5.029,12.0,0.037,0.0,21.479,20.965,19.791,19.222,19.046,0.266
9518,2,10.07,-0.45,0.44678,-1.401,3.613,4.887,12.2,0.037,0.0,20.473,19.935,18.872,18.249,18.113,0.447
9519,2,10.07,-0.45,0.51763,-1.199,3.629,4.814,13.2,0.038,0.0,20.968,20.429,19.415,18.772,18.652,0.518
9520,2,10.07,-0.45,0.65523,-0.752,3.678,4.665,13.6,0.038,0.0,20.251,19.68,18.835,18.283,18.202,0.655
9521,2,10.07,-0.45,0.83869,-0.046,3.766,4.418,13.9,0.038,0.0,18.786,18.268,17.717,17.398,17.358,0.839
9522,2,10.07,-0.45,0.59134,-0.974,3.65,4.731,14.2,0.038,0.0,21.406,20.857,19.909,19.28,19.18,0.591
9523,2,10.07,-0.45,0.61435,-0.897,3.659,4.707,14.2,0.038,0.0,21.212,20.656,19.742,19.136,19.043,0.614
9524,2,10.07,-0.45,0.83947,-0.043,3.766,4.416,14.3,0.038,0.0,19.178,18.66,18.109,17.791,17.751,0.839
9525,2,10.07,-0.45,0.86205,0.058,3.773,4.355,14.6,0.038,0.0,19.224,18.718,18.189,17.887,17.85,0.862
9526,2,10.07,-0.45,0.69643,-0.607,3.698,4.625,14.8,0.038,0.0,21.087,20.508,19.737,19.245,19.174,0.696
9527,2,10.07,-0.43,0.46955,-1.343,3.616,4.864,9.9,0.03,0.0,18.029,17.487,16.435,15.804,15.672,0.47
9528,2,10.07,-0.43,0.14955,-2.529,3.517,5.156,10.2,0.031,0.0,21.291,20.969,19.456,18.894,18.656,0.15
9529,2,10.07,-0.43,0.54381,-1.124,3.635,4.784,11.8,0.037,0.0,19.381,18.84,17.843,17.201,17.088,0.544
9530,2,10.07,-0.43,0.53226,-1.16,3.632,4.797,13.2,0.038,0.0,20.869,20.33,19.323,18.679,18.562,0.532
9531,2,10.07,-0.43,0.53846,-1.141,3.634,4.79,13.7,0.038,0.0,21.322,20.782,19.78,19.137,19.022,0.538
9532,2,10.07,-0.43,0.65623,-0.757,3.677,4.665,14.1,0.038,0.0,20.762,20.191,19.341,18.785,18.703,0.656
9533,2,10.07,-0.43,0.88494,0.155,3.776,4.281,14.3,0.038,0.0,18.683,18.181,17.659,17.364,17.327,0.885
9534,2,10.07,-0.43,0.77361,-0.321,3.736,4.539,14.4,0.038,0.0,19.973,19.413,18.771,18.383,18.33,0.774
9535,2,10.07,-0.43,0.71628,-0.542,3.706,4.606,14.6,0.038,0.0,20.725,20.146,19.404,18.937,18.871,0.716
9536,2,10.07,-0.43,0.80588,-0.192,3.752,4.488,14.7,0.038,0.0,19.949,19.406,18.812,18.462,18.416,0.806
9537,2,10.07,-0.43,0.70085,-0.6,3.698,4.621,14.8,0.038,0.0,21.07,20.49,19.719,19.228,19.157,0.701
9538,2,10.07,-0.43,0.81251,-0.164,3.755,4.477,15.2,0.038,0.0,20.381,19.843,19.258,18.915,18.87,0.813
9539,2,10.07,-0.43,0.78237,-0.287,3.74,4.526,15.4,0.038,0.0,20.887,20.33,19.702,19.325,19.274,0.782
9540,2,10.07,-0.43,0.86752,0.079,3.774,4.338,15.9,0.038,0.0,20.473,19.967,19.438,19.137,19.1,0.868
9541,2,10.07,-0.41,0.46222,-1.369,3.613,4.87,12.2,0.037,0.0,20.392,19.857,18.791,18.162,18.028,0.462
9542,2,10.07,-0.41,0.46813,-1.352,3.615,4.865,13.0,0.038,0.0,21.151,20.616,19.554,18.923,18.789,0.468
9543,2,10.07,-0.41,0.55399,-1.099,3.637,4.773,13.5,0.038,0.0,21.018,20.477,19.484,18.841,18.729,0.554
9544,2,10.07,-0.41,0.86971,0.086,3.773,4.329,13.7,0.038,0.0,18.254,17.745,17.214,16.912,16.874,0.87
9545,2,10.07,-0.41,0.61307,-0.916,3.656,4.709,14.4,0.038,0.0,21.459,20.906,19.977,19.361,19.265,0.613
9546,2,10.07,-0.41,0.95547,2.334,5.018,6.878,14.5,0.038,0.0,13.436,20.118,20.581,20.741,20.842,0.569
9547,2,10.07,-0.41,0.77686,-0.316,3.737,4.536,14.7,0.038,0.0,20.259,19.697,19.057,18.67,18.618,0.777
9548,2,10.07,-0.41,0.84697,-0.02,3.766,4.397,15.7,0.038,0.0,20.519,19.999,19.449,19.133,19.092,0.847
9549,2,10.07,-0.39,0.52965,-1.178,3.629,4.8,12.0,0.037,0.0,19.716,19.179,18.159,17.51,17.391,0.53
9550,2,10.07,-0.39,0.78734,-0.279,3.741,4.522,14.1,0.038,0.0,19.567,19.009,18.382,18.006,17.955,0.787
9551,2,10.07,-0.39,0.76602,-0.365,3.73,4.552,14.4,0.038,0.0,20.082,19.512,18.85,18.447,18.392,0.766
9552,2,10.07,-0.39,0.65494,-0.777,3.673,4.668,14.5,0.038,0.0,21.213,20.644,19.778,19.209,19.125,0.655
9553,2,10.07,-0.39,0.74631,-0.443,3.719,4.576,14.8,0.038,0.0,20.677,20.1,19.403,18.972,18.912,0.746
9554,2,10.07,-0.39,0.72033,-0.543,3.705,4.604,15.1,0.038,0.0,21.228,20.648,19.901,19.429,19.362,0.72
9555,2,10.07,-0.39,0.69522,-0.637,3.691,4.628,15.2,0.038,0.0,21.564,20.986,20.189,19.677,19.603,0.695
9556,2,10.07,-0.37,0.28615,-1.848,3.581,5.011,11.8,0.037,0.0,21.191,20.688,19.486,18.918,18.74,0.286
9557,2,10.07,-0.37,0.72866,-0.52,3.707,4.596,12.8,0.038,0.0,18.87,18.289,17.551,17.088,17.022,0.729
9558,2,10.07,-0.37,0.71121,-0.587,3.698,4.614,13.8,0.038,0.0,20.038,19.457,18.684,18.192,18.122,0.711
9559,2,10.07,-0.37,0.89183,0.197,3.771,4.222,15.0,0.038,0.0,19.278,18.763,18.228,17.924,17.885,0.892
9560,2,10.07,-0.37,0.87039,0.08,3.77,4.323,15.9,0.038,0.0,20.469,19.952,19.414,19.106,19.068,0.87
9561,2,10.07,-0.35,0.66248,-0.767,3.673,4.662,12.0,0.037,0.0,18.686,18.116,17.25,16.681,16.597,0.662
9562,2,10.07,-0.35,0.66938,-0.743,3.676,4.655,13.3,0.038,0.0,19.927,19.355,18.501,17.941,17.859,0.669
9563,2,10.07,-0.33,0.38023,-1.602,3.593,4.938,12.0,0.037,0.0,20.775,20.257,19.105,18.51,18.353,0.38
9564,2,10.07,-0.33,0.57116,-1.071,3.636,4.757,13.6,0.038,0.0,21.048,20.509,19.51,18.863,18.753,0.571
9565,2,10.07,-0.33,0.62451,-0.903,3.655,4.702,14.5,0.038,0.0,21.529,20.976,20.042,19.421,19.326,0.625
9566,2,10.07,-0.33,0.83297,-0.128,3.755,4.451,14.9,0.038,0.0,19.99,19.445,18.862,18.52,18.475,0.833
9567,2,10.07,-0.31,0.3766,-1.616,3.591,4.941,10.6,0.033,0.0,19.409,18.892,17.731,17.139,16.98,0.377
9568,2,10.07,-0.31,0.63542,-0.873,3.658,4.692,13.1,0.038,0.0,20.053,19.496,18.574,17.962,17.869,0.635
9569,3,10.07,-3.07,0.77986,0.211,3.822,4.354,15.4,0.038,0.0,19.643,19.338,18.911,18.681,18.658,0.78
9570,3,10.07,-3.03,0.53935,-0.951,3.69,4.827,14.1,0.038,0.0,21.247,20.677,19.91,19.488,19.372,0.539
9571,3,10.07,-3.03,0.69826,-0.266,3.779,4.609,15.0,0.038,0.0,20.435,20.035,19.492,19.178,19.136,0.698
9572,3,10.07,-3.01,0.73293,-0.091,3.797,4.529,16.0,0.038,0.0,20.996,20.64,20.144,19.862,19.831,0.733
9573,3,10.07,-2.93,0.45885,-1.213,3.664,4.917,13.4,0.038,0.0,21.203,20.62,19.777,19.326,19.184,0.459
9574,3,10.07,-2.93,0.62728,-0.577,3.743,4.732,14.8,0.038,0.0,21.012,20.531,19.901,19.54,19.472,0.627
9575,3,10.07,-2.85,0.78136,0.223,3.823,4.346,13.0,0.038,0.0,17.212,16.909,16.484,16.255,16.233,0.781
9576,3,10.07,-2.85,0.82536,0.878,3.749,3.419,15.9,0.038,0.0,18.475,18.022,17.392,17.013,16.962,0.825
9577,3,10.07,-2.83,0.30927,-1.596,3.64,5.031,10.4,0.032,0.0,19.159,18.576,17.657,17.176,17.019,0.309
9578,3,10.07,-2.83,0.63093,-0.561,3.745,4.726,14.8,0.038,0.0,20.974,20.496,19.871,19.512,19.445,0.631
9579,3,10.07,-2.79,0.40708,-1.362,3.655,4.974,11.9,0.037,0.0,20.075,19.49,18.616,18.154,18.003,0.407
9580,3,10.07,-2.69,0.75854,0.058,3.811,4.45,14.0,0.038,0.0,18.625,18.298,17.839,17.584,17.559,0.759
9581,3,10.07,-2.63,0.50676,-1.067,3.677,4.863,12.5,0.038,0.0,19.937,19.356,18.552,18.116,17.986,0.507
9582,3,10.07,-2.57,0.48489,-1.136,3.671,4.888,8.4,0.02,0.0,16.01,15.415,14.598,14.157,14.022,0.485
9583,3,10.07,-2.57,0.68153,-0.342,3.77,4.641,13.4,0.038,0.0,19.025,18.606,18.042,17.715,17.667,0.682
9584,3,10.07,-2.53,0.79261,0.316,3.829,4.283,13.7,0.038,0.0,17.68,17.388,16.98,16.766,16.744,0.793
9585,3,10.07,-2.47,0.50691,-1.066,3.677,4.863,13.4,0.038,0.0,20.836,20.255,19.45,19.013,18.884,0.507
9586,3,10.07,-2.47,0.80822,0.477,3.835,4.154,16.4,0.038,0.0,19.978,19.694,19.304,19.105,19.084,0.808
9587,3,10.07,-2.41,0.65358,-0.465,3.756,4.69,15.5,0.038,0.0,21.433,20.978,20.381,20.036,19.978,0.654
9588,3,10.07,-2.39,0.69207,-0.294,3.776,4.621,14.9,0.038,0.0,20.406,19.997,19.447,19.128,19.084,0.692
9589,3,10.07,-2.39,0.78466,0.25,3.825,4.328,16.3,0.038,0.0,20.444,20.142,19.723,19.499,19.477,0.785
9590,3,10.07,-2.39,0.80478,0.434,3.835,4.194,16.7,0.038,0.0,20.385,20.1,19.71,19.511,19.489,0.805
9591,3,10.07,-2.31,0.75972,0.065,3.812,4.446,14.8,0.038,0.0,19.407,19.077,18.621,18.369,18.343,0.76
9592,3,10.07,-2.29,0.81178,0.525,3.834,4.105,17.5,0.038,0.0,20.958,20.668,20.278,20.081,20.058,0.812
9593,3,10.07,-2.27,0.81916,0.649,3.819,3.924,15.3,0.038,0.0,18.448,18.123,17.692,17.463,17.438,0.819
9594,3,10.07,-2.27,0.8012,0.394,3.833,4.225,16.9,0.038,0.0,20.684,20.394,20.0,19.797,19.776,0.801
9595,3,10.07,-2.25,0.68164,-0.343,3.77,4.641,13.5,0.038,0.0,19.128,18.702,18.139,17.813,17.766,0.682
9596,3,10.07,-2.25,0.69978,-0.261,3.779,4.606,14.8,0.038,0.0,20.222,19.817,19.277,18.965,18.924,0.7
9597,3,10.07,-2.25,0.69253,-0.294,3.775,4.62,15.3,0.038,0.0,20.806,20.392,19.843,19.525,19.481,0.693
9598,3,10.07,-2.21,0.42905,-1.299,3.658,4.95,12.7,0.038,0.0,20.718,20.138,19.27,18.794,18.652,0.429
9599,3,10.07,-2.21,0.50952,-1.057,3.678,4.86,13.0,0.038,0.0,20.413,19.835,19.028,18.577,18.454,0.51
9600,3,10.07,-2.17,0.71415,-0.196,3.786,4.577,14.0,0.038,0.0,19.261,18.87,18.347,18.046,18.009,0.714
9601,3,10.07,-2.17,0.80125,0.377,3.831,4.234,17.0,0.038,0.0,20.828,20.532,20.132,19.924,19.902,0.801
9602,3,10.07,-2.13,0.43521,-1.282,3.66,4.943,12.3,0.037,0.0,20.275,19.695,18.829,18.349,18.21,0.435
9603,3,10.07,-2.11,0.59793,-0.707,3.726,4.77,9.1,0.025,0.0,15.639,15.102,14.433,14.05,13.971,0.598
9604,3,10.07,-2.11,0.78415,0.223,3.821,4.339,16.9,0.038,0.0,21.113,20.796,20.369,20.139,20.115,0.784
9605,3,10.07,-2.07,0.55093,-0.909,3.695,4.813,13.8,0.038,0.0,20.842,20.274,19.516,19.083,18.978,0.551
9606,3,10.07,-2.07,0.83289,1.53,3.722,2.664,16.2,0.038,0.0,17.145,16.636,15.932,15.495,15.435,0.833
9607,3,10.07,-2.05,0.7948,0.298,3.825,4.285,14.5,0.038,0.0,18.524,18.214,17.798,17.577,17.554,0.795
9608,3,10.07,-2.05,0.64101,-0.531,3.747,4.708,14.6,0.038,0.0,20.697,20.211,19.592,19.234,19.17,0.641
9609,3,10.07,-2.03,0.79411,0.29,3.824,4.29,15.2,0.038,0.0,19.245,18.933,18.515,18.293,18.27,0.794
9610,3,10.07,-2.03,0.81278,0.478,3.829,4.131,15.9,0.038,0.0,19.475,19.169,18.765,18.557,18.533,0.813
9611,3,10.07,-2.01,0.57341,-0.812,3.709,4.79,14.5,0.038,0.0,21.299,20.746,20.028,19.616,19.524,0.573
9612,3,10.07,-1.97,0.67835,-0.375,3.764,4.647,13.2,0.038,0.0,18.907,18.459,17.885,17.552,17.501,0.678
9613,3,10.07,-1.97,0.67199,-0.403,3.761,4.658,14.1,0.038,0.0,19.877,19.422,18.839,18.501,18.448,0.672
9614,3,10.07,-1.93,0.77634,0.139,3.813,4.388,14.5,0.038,0.0,18.923,18.586,18.139,17.894,17.868,0.776
9615,3,10.07,-1.93,0.7501,-0.024,3.8,4.486,16.4,0.038,0.0,21.231,20.867,20.385,20.112,20.083,0.75
9616,3,10.07,-1.91,0.50396,-1.077,3.676,4.867,12.6,0.038,0.0,20.062,19.486,18.665,18.192,18.074,0.504
9617,3,10.07,-1.89,0.36342,-1.464,3.648,5.002,11.8,0.037,0.0,20.23,19.655,18.748,18.237,18.093,0.363
9618,3,10.07,-1.89,0.66278,-0.447,3.755,4.673,15.2,0.038,0.0,21.087,20.615,20.019,19.673,19.616,0.663
9619,3,10.07,-1.85,0.27076,-1.703,3.634,5.055,11.3,0.036,0.0,20.327,19.759,18.804,18.274,18.119,0.271
9620,3,10.07,-1.83,0.74568,-0.057,3.797,4.5,14.2,0.038,0.0,19.113,18.736,18.245,17.966,17.935,0.746
9621,3,10.07,-1.81,0.43936,-1.27,3.66,4.938,12.1,0.037,0.0,20.045,19.47,18.598,18.096,17.966,0.439
9622,3,10.07,-1.81,0.5801,-0.79,3.711,4.781,14.2,0.038,0.0,20.946,20.393,19.678,19.262,19.174,0.58
9623,3,10.07,-1.79,0.79465,0.258,3.819,4.302,17.0,0.038,0.0,21.125,20.794,20.364,20.134,20.109,0.795
9624,3,10.07,-1.77,0.58023,-0.791,3.71,4.781,14.2,0.038,0.0,20.948,20.395,19.678,19.259,19.172,0.58
9625,3,10.07,-1.77,0.64638,-0.523,3.745,4.697,14.6,0.038,0.0,20.678,20.179,19.557,19.196,19.133,0.646
9626,3,10.07,-1.77,0.62459,-0.614,3.733,4.727,15.2,0.038,0.0,21.505,20.985,20.333,19.953,19.883,0.625
9627,3,10.07,-1.75,0.52621,-0.998,3.685,4.842,13.1,0.038,0.0,20.364,19.793,18.997,18.529,18.422,0.526
9628,3,10.07,-1.75,0.83673,1.252,3.727,2.962,15.5,0.038,0.0,17.14,16.629,15.942,15.519,15.46,0.837
9629,3,10.07,-1.71,0.42906,-1.299,3.658,4.95,12.7,0.038,0.0,20.718,20.145,19.265,18.752,18.623,0.429
9630,3,10.07,-1.71,0.39095,-1.402,3.652,4.987,12.8,0.038,0.0,21.076,20.503,19.603,19.082,18.947,0.391
9631,3,10.07,-1.71,0.38057,-1.426,3.651,4.993,13.2,0.038,0.0,21.534,20.961,20.056,19.534,19.397,0.381
9632,3,10.07,-1.71,0.72756,-0.162,3.786,4.55,16.1,0.038,0.0,21.275,20.868,20.35,20.053,20.017,0.728
9633,3,10.07,-1.69,0.81096,0.384,3.821,4.194,14.5,0.038,0.0,18.309,17.978,17.557,17.335,17.31,0.811
9634,3,10.07,-1.69,0.75689,-0.007,3.8,4.468,15.6,0.038,0.0,20.388,20.013,19.531,19.259,19.23,0.757
9635,3,10.07,-1.67,0.78439,0.162,3.812,4.363,13.9,0.038,0.0,18.265,17.914,17.466,17.22,17.194,0.784
9636,3,10.07,-1.67,0.66288,-0.456,3.752,4.669,14.2,0.038,0.0,20.11,19.623,19.019,18.668,18.611,0.663
9637,3,10.07,-1.67,0.73261,-0.138,3.787,4.537,14.7,0.038,0.0,19.814,19.411,18.898,18.605,18.569,0.733
9638,3,10.07,-1.67,0.59557,-0.737,3.716,4.762,14.7,0.038,0.0,21.313,20.765,20.065,19.654,19.573,0.596
9639,3,10.07,-1.67,0.68813,-0.346,3.765,4.627,15.0,0.038,0.0,20.634,20.177,19.607,19.276,19.227,0.688
9640,3,10.07,-1.63,0.72449,-0.19,3.782,4.56,14.9,0.038,0.0,20.145,19.726,19.198,18.895,18.857,0.724
9641,3,10.07,-1.63,0.71331,-0.242,3.776,4.583,15.0,0.038,0.0,20.375,19.942,19.401,19.087,19.046,0.713
9642,3,10.07,-1.61,0.5911,-0.76,3.712,4.764,12.7,0.038,0.0,19.37,18.817,18.103,17.682,17.598,0.591
9643,3,10.07,-1.61,0.75499,-0.046,3.795,4.49,13.0,0.038,0.0,17.886,17.499,17.007,16.729,16.698,0.755
9644,3,10.07,-1.61,0.54976,-0.921,3.691,4.81,13.7,0.038,0.0,20.771,20.204,19.426,18.962,18.864,0.55
9645,3,10.07,-1.61,0.58597,-0.779,3.71,4.769,14.2,0.038,0.0,20.918,20.362,19.641,19.215,19.129,0.586
9646,3,10.07,-1.61,0.69844,-0.314,3.768,4.612,14.3,0.038,0.0,19.854,19.401,18.839,18.512,18.466,0.698
9647,3,10.07,-1.61,0.57321,-0.828,3.703,4.783,14.5,0.038,0.0,21.341,20.778,20.038,19.6,19.51,0.573
9648,3,10.07,-1.59,0.6015,-0.723,3.716,4.751,13.0,0.038,0.0,19.577,19.028,18.327,17.913,17.833,0.601
9649,3,10.07,-1.59,0.47683,-1.169,3.665,4.892,13.3,0.038,0.0,20.993,20.423,19.56,19.045,18.926,0.477
9650,3,10.07,-1.59,0.71857,-0.228,3.777,4.577,15.8,0.038,0.0,21.141,20.709,20.17,19.859,19.818,0.719
9651,3,10.07,-1.59,0.78799,0.133,3.809,4.385,16.1,0.038,0.0,20.538,20.18,19.727,19.477,19.45,0.788
9652,3,10.07,-1.57,0.66968,-0.444,3.751,4.66,14.9,0.038,0.0,20.78,20.288,19.685,19.333,19.277,0.67
9653,3,10.07,-1.55,0.37967,-1.443,3.645,4.987,12.8,0.038,0.0,21.178,20.61,19.684,19.143,19.006,0.38
9654,3,10.07,-1.55,0.442,-1.277,3.656,4.929,13.3,0.038,0.0,21.263,20.694,19.799,19.267,19.14,0.442
9655,3,10.07,-1.55,0.82097,0.366,3.821,4.217,16.3,0.038,0.0,20.155,19.819,19.399,19.177,19.152,0.821
9656,3,10.07,-1.55,0.83375,0.507,3.816,4.061,16.7,0.038,0.0,20.203,19.853,19.419,19.187,19.161,0.834
9657,3,10.07,-1.55,0.82974,0.456,3.82,4.127,16.8,0.038,0.0,20.429,20.09,19.667,19.444,19.419,0.83
9658,3,10.07,-1.53,0.53944,-0.966,3.684,4.818,12.2,0.037,0.0,19.384,18.815,18.011,17.526,17.425,0.539
9659,3,10.07,-1.53,0.60666,-0.708,3.717,4.742,13.7,0.038,0.0,20.24,19.69,18.991,18.576,18.497,0.607
9660,3,10.07,-1.53,0.79301,0.146,3.81,4.377,13.8,0.038,0.0,18.206,17.847,17.395,17.147,17.121,0.793
9661,3,10.07,-1.53,0.77431,0.03,3.801,4.447,15.4,0.038,0.0,20.094,19.717,19.242,18.975,18.947,0.774
9662,3,10.07,-1.51,0.6383,-0.582,3.733,4.702,11.4,0.036,0.0,17.624,17.095,16.443,16.059,15.991,0.638
9663,3,10.07,-1.51,0.76103,-0.046,3.794,4.489,14.8,0.038,0.0,19.686,19.292,18.799,18.519,18.488,0.761
9664,3,10.07,-1.51,0.84801,0.787,3.744,3.502,16.9,0.038,0.0,19.702,19.21,18.577,18.195,18.144,0.848
9665,3,10.07,-1.47,0.30052,-1.65,3.63,5.032,11.9,0.037,0.0,20.796,20.234,19.259,18.704,18.552,0.301
9666,3,10.07,-1.47,0.80261,0.199,3.812,4.339,14.0,0.038,0.0,18.273,17.917,17.474,17.232,17.206,0.803
9667,3,10.07,-1.47,0.65846,-0.504,3.742,4.676,15.2,0.038,0.0,21.23,20.718,20.09,19.722,19.661,0.658
9668,3,10.07,-1.43,0.41526,-1.365,3.646,4.949,11.0,0.035,0.0,19.182,18.615,17.687,17.135,17.002,0.415
9669,3,10.07,-1.43,0.71393,-0.277,3.769,4.592,15.4,0.038,0.0,20.862,20.406,19.85,19.527,19.483,0.714
9670,3,10.07,-1.41,0.79866,0.166,3.809,4.357,12.9,0.038,0.0,17.256,16.889,16.437,16.19,16.163,0.799
9671,3,10.07,-1.41,0.56146,-0.894,3.689,4.785,13.3,0.038,0.0,20.305,19.738,18.949,18.469,18.374,0.561
9672,3,10.07,-1.41,0.72422,-0.234,3.774,4.574,15.2,0.038,0.0,20.555,20.108,19.565,19.25,19.209,0.724
9673,3,10.07,-1.41,0.7931,0.13,3.807,4.38,15.4,0.038,0.0,19.846,19.474,19.016,18.763,18.736,0.793
9674,3,10.07,-1.39,0.3115,-1.635,3.628,5.025,11.0,0.035,0.0,19.859,19.296,18.316,17.754,17.602,0.312
9675,3,10.07,-1.39,0.80414,0.203,3.811,4.329,14.9,0.038,0.0,19.161,18.797,18.351,18.107,18.081,0.804
9676,3,10.07,-1.35,0.24159,-1.853,3.614,5.076,12.1,0.037,0.0,21.504,20.948,19.922,19.357,19.196,0.242
9677,3,10.07,-1.35,0.68261,-0.416,3.752,4.642,14.1,0.038,0.0,19.91,19.41,18.81,18.458,18.404,0.683
9678,3,10.07,-1.31,0.81547,0.29,3.812,4.253,13.9,0.038,0.0,17.944,17.578,17.137,16.898,16.872,0.815
9679,3,10.07,-1.27,0.81946,0.324,3.81,4.215,14.5,0.038,0.0,18.461,18.088,17.643,17.401,17.375,0.819
9680,3,10.07,-1.27,0.77912,0.046,3.797,4.42,16.0,0.038,0.0,20.656,20.256,19.776,19.506,19.477,0.779
9681,3,10.07,-1.19,0.57897,-0.856,3.688,4.757,13.9,0.038,0.0,20.811,20.244,19.447,18.951,18.861,0.579
9682,3,10.07,-1.17,0.71358,-0.312,3.76,4.591,13.2,0.038,0.0,18.751,18.262,17.685,17.348,17.301,0.714
9683,3,10.07,-1.13,0.45144,-1.294,3.642,4.903,13.2,0.038,0.0,21.206,20.648,19.7,19.119,18.993,0.451
9684,3,10.07,-1.11,0.51141,-1.11,3.658,4.833,14.0,0.038,0.0,21.545,20.986,20.083,19.513,19.403,0.511
9685,3,10.07,-1.11,0.6477,-0.6,3.721,4.68,14.9,0.038,0.0,21.171,20.618,19.928,19.51,19.442,0.648
9686,3,10.07,-1.11,0.73544,-0.231,3.768,4.552,16.0,0.038,0.0,21.346,20.871,20.315,19.991,19.949,0.735
9687,3,10.07,-1.11,0.85352,0.555,3.771,3.846,16.1,0.038,0.0,19.481,19.016,18.467,18.15,18.111,0.854
9688,3,10.07,-1.07,0.62822,-0.686,3.708,4.699,14.2,0.038,0.0,20.685,20.123,19.389,18.937,18.861,0.628
9689,3,10.07,-1.05,0.25769,-1.824,3.609,5.057,8.1,0.018,0.0,17.431,16.864,15.827,15.256,15.098,0.258
9690,3,10.07,-1.05,0.49807,-1.162,3.651,4.848,13.5,0.038,0.0,21.174,20.617,19.692,19.107,18.993,0.498
9691,3,10.07,-1.03,0.46737,-1.255,3.644,4.883,12.7,0.038,0.0,20.608,20.052,19.105,18.515,18.393,0.467
9692,3,10.07,-1.03,0.85671,0.508,3.781,3.932,15.4,0.038,0.0,18.899,18.449,17.928,17.631,17.595,0.857
9693,3,10.07,-1.01,0.77395,-0.078,3.78,4.47,13.5,0.038,0.0,18.465,18.011,17.488,17.189,17.152,0.774
9694,3,10.07,-0.93,0.69221,-0.461,3.735,4.625,14.6,0.038,0.0,20.522,19.981,19.333,18.944,18.885,0.692
9695,3,10.07,-0.91,0.6782,-0.521,3.726,4.64,15.0,0.038,0.0,21.073,20.518,19.844,19.434,19.371,0.678
9696,3,10.07,-0.91,0.81761,0.119,3.791,4.341,16.8,0.038,0.0,21.272,20.836,20.345,20.069,20.037,0.818
9697,3,10.07,-0.81,0.67457,-0.557,3.718,4.642,14.4,0.038,0.0,20.562,19.999,19.298,18.866,18.801,0.675
9698,3,10.07,-0.79,0.71229,-0.412,3.737,4.597,13.2,0.038,0.0,19.0,18.455,17.815,17.43,17.374,0.712
9699,3,10.07,-0.79,0.86377,0.374,3.787,4.093,17.1,0.038,0.0,20.936,20.482,19.982,19.701,19.667,0.864
9700,3,10.07,-0.69,0.86908,0.349,3.783,4.106,14.8,0.038,0.0,18.697,18.228,17.72,17.434,17.399,0.869
9701,3,10.07,-0.67,0.8453,0.18,3.784,4.268,15.4,0.038,0.0,19.721,19.253,18.749,18.465,18.431,0.845
9702,3,10.07,-0.61,0.68209,-0.587,3.707,4.633,14.5,0.038,0.0,20.738,20.165,19.426,18.962,18.894,0.682
9703,3,10.07,-0.53,0.56661,-1.025,3.648,4.756,13.5,0.038,0.0,20.834,20.285,19.335,18.707,18.605,0.567
9704,3,10.07,-0.41,0.82494,-0.118,3.759,4.453,15.1,0.038,0.0,20.164,19.631,19.059,18.724,18.681,0.825
9705,3,10.07,-0.33,0.45348,-1.411,3.606,4.876,13.2,0.038,0.0,21.496,20.968,19.87,19.244,19.106,0.453
9706,3,10.07,-0.29,0.81384,-0.232,3.742,4.496,16.2,0.038,0.0,21.549,20.987,20.366,19.996,19.946,0.814
9707,3,10.11,-3.29,0.79105,0.471,3.829,4.126,14.0,0.038,0.0,17.593,17.296,16.889,16.676,16.654,0.791
9708,3,10.11,-3.11,0.35039,-1.489,3.647,5.005,12.9,0.038,0.0,21.393,20.81,19.911,19.439,19.283,0.35
9709,3,10.11,-3.09,0.79824,0.596,3.817,3.958,15.0,0.038,0.0,18.281,17.957,17.519,17.284,17.258,0.798
9710,3,10.11,-2.93,0.6356,-0.522,3.75,4.708,14.4,0.038,0.0,20.476,20.008,19.393,19.039,18.976,0.636
9711,3,10.11,-2.89,0.78626,0.403,3.829,4.194,12.7,0.038,0.0,16.462,16.168,15.763,15.551,15.529,0.786
9712,3,10.11,-2.89,0.72416,-0.087,3.797,4.517,15.9,0.038,0.0,20.889,20.531,20.033,19.749,19.718,0.724
9713,3,10.11,-2.85,0.65027,-0.457,3.757,4.682,13.0,0.038,0.0,18.912,18.462,17.866,17.521,17.463,0.65
9714,3,10.11,-2.77,0.47403,-1.164,3.668,4.897,13.2,0.038,0.0,20.88,20.297,19.467,19.021,18.883,0.474
9715,3,10.11,-2.67,0.1958,-1.993,3.616,5.132,11.0,0.035,0.0,20.752,20.183,19.178,18.673,18.524,0.196
9716,3,10.11,-2.55,0.1802,-2.088,3.609,5.164,10.6,0.033,0.0,20.59,20.023,18.996,18.49,18.349,0.18
9717,3,10.11,-2.55,0.27027,-1.701,3.634,5.052,12.1,0.037,0.0,21.122,20.546,19.603,19.112,18.954,0.27
9718,3,10.11,-2.55,0.68612,-0.29,3.776,4.613,13.8,0.038,0.0,19.294,18.888,18.337,18.018,17.974,0.686
9719,3,10.11,-2.53,0.26004,-1.73,3.632,5.058,10.4,0.032,0.0,19.496,18.918,17.97,17.477,17.319,0.26
9720,3,10.11,-2.51,0.66037,-0.411,3.762,4.664,15.0,0.038,0.0,20.798,20.36,19.776,19.438,19.385,0.66
9721,3,10.11,-2.41,0.40688,-1.359,3.655,4.971,13.0,0.038,0.0,21.168,20.584,19.709,19.241,19.092,0.407
9722,3,10.11,-2.41,0.65819,-0.421,3.761,4.668,15.2,0.038,0.0,21.023,20.58,19.994,19.655,19.601,0.658
9723,3,10.11,-2.39,0.46304,-1.197,3.666,4.91,13.4,0.038,0.0,21.163,20.581,19.74,19.283,19.145,0.463
9724,3,10.11,-2.35,0.5154,-1.03,3.681,4.85,13.7,0.038,0.0,21.044,20.468,19.672,19.233,19.111,0.515
9725,3,10.11,-2.33,0.48351,-1.135,3.671,4.887,13.9,0.038,0.0,21.509,20.927,20.101,19.647,19.515,0.484
9726,3,10.11,-2.25,0.52365,-1.0,3.685,4.841,13.4,0.038,0.0,20.669,20.096,19.308,18.868,18.751,0.524
9727,3,10.11,-2.25,0.79654,0.552,3.821,4.019,16.4,0.038,0.0,19.789,19.47,19.046,18.821,18.797,0.797
9728,3,10.11,-2.19,0.3466,-1.499,3.646,5.007,12.6,0.038,0.0,21.117,20.538,19.631,19.138,18.986,0.347
9729,3,10.11,-2.17,0.71002,-0.176,3.787,4.559,15.9,0.038,0.0,21.111,20.723,20.203,19.904,19.868,0.71
9730,3,10.11,-2.13,0.75041,0.064,3.808,4.428,15.5,0.038,0.0,20.111,19.769,19.305,19.048,19.02,0.75
9731,3,10.11,-2.13,0.71812,-0.135,3.791,4.538,16.1,0.038,0.0,21.207,20.827,20.317,20.026,19.991,0.718
9732,3,10.11,-2.11,0.34595,-1.5,3.646,5.008,12.8,0.038,0.0,21.321,20.744,19.834,19.336,19.185,0.346
9733,3,10.11,-2.11,0.49733,-1.094,3.674,4.871,13.0,0.038,0.0,20.504,19.925,19.104,18.642,18.518,0.497
9734,3,10.11,-2.11,0.62537,-0.576,3.742,4.722,14.7,0.038,0.0,20.91,20.415,19.783,19.418,19.351,0.625
9735,3,10.11,-2.11,0.77437,0.253,3.821,4.302,15.1,0.038,0.0,19.238,18.92,18.492,18.262,18.238,0.774
9736,3,10.11,-2.07,0.71804,-0.14,3.79,4.539,16.1,0.038,0.0,21.221,20.837,20.325,20.032,19.997,0.718
9737,3,10.11,-2.05,0.66697,-0.395,3.762,4.652,13.9,0.038,0.0,19.657,19.207,18.626,18.29,18.238,0.667
9738,3,10.11,-2.05,0.68727,-0.3,3.773,4.612,14.6,0.038,0.0,20.119,19.694,19.14,18.819,18.774,0.687
9739,3,10.11,-2.03,0.48896,-1.119,3.672,4.881,13.2,0.038,0.0,20.767,20.189,19.36,18.89,18.766,0.489
9740,3,10.11,-2.03,0.43137,-1.29,3.659,4.945,13.5,0.038,0.0,21.494,20.916,20.046,19.558,19.422,0.431
9741,3,10.11,-2.01,0.429,-1.296,3.659,4.947,12.7,0.038,0.0,20.711,20.133,19.261,18.772,18.635,0.429
9742,3,10.11,-2.01,0.57349,-0.803,3.71,4.786,14.2,0.038,0.0,20.979,20.427,19.711,19.301,19.209,0.573
9743,3,10.11,-1.97,0.78355,0.314,3.822,4.251,16.9,0.038,0.0,20.885,20.565,20.142,19.916,19.892,0.784
9744,3,10.11,-1.93,0.76605,0.159,3.812,4.359,13.1,0.038,0.0,17.473,17.134,16.684,16.438,16.412,0.766
9745,3,10.11,-1.93,0.68142,-0.335,3.768,4.625,14.0,0.038,0.0,19.608,19.168,18.603,18.276,18.228,0.681
9746,3,10.11,-1.93,0.71351,-0.176,3.785,4.554,14.6,0.038,0.0,19.811,19.411,18.889,18.589,18.552,0.714
9747,3,10.11,-1.93,0.70268,-0.233,3.779,4.581,14.9,0.038,0.0,20.252,19.839,19.302,18.992,18.951,0.703
9748,3,10.11,-1.89,0.54408,-0.925,3.693,4.817,13.9,0.038,0.0,20.984,20.415,19.648,19.203,19.1,0.544
9749,3,10.11,-1.89,0.73036,-0.085,3.793,4.507,14.9,0.038,0.0,19.883,19.502,19.002,18.717,18.684,0.73
9750,3,10.11,-1.85,0.47109,-1.173,3.668,4.901,13.0,0.038,0.0,20.702,20.127,19.279,18.789,18.666,0.471
9751,3,10.11,-1.85,0.74678,0.01,3.801,4.452,16.1,0.038,0.0,20.846,20.48,20.0,19.73,19.701,0.747
9752,3,10.11,-1.85,0.81257,0.916,3.737,3.326,16.4,0.038,0.0,18.881,18.389,17.732,17.332,17.277,0.813
9753,3,10.11,-1.83,0.44946,-1.238,3.662,4.924,11.4,0.036,0.0,19.265,18.689,17.825,17.327,17.198,0.449
9754,3,10.11,-1.83,0.63825,-0.535,3.744,4.699,14.5,0.038,0.0,20.608,20.11,19.484,19.121,19.058,0.638
9755,3,10.11,-1.81,0.54053,-0.938,3.691,4.821,11.1,0.035,0.0,18.216,17.645,16.873,16.421,16.319,0.541
9756,3,10.11,-1.79,0.75293,0.044,3.803,4.429,14.0,0.038,0.0,18.659,18.296,17.822,17.557,17.528,0.753
9757,3,10.11,-1.79,0.80988,0.669,3.77,3.702,15.2,0.038,0.0,18.298,17.86,17.297,16.967,16.927,0.81
9758,3,10.11,-1.77,0.59915,-0.705,3.722,4.754,14.0,0.038,0.0,20.534,19.993,19.309,18.911,18.832,0.599
9759,3,10.11,-1.77,0.77918,0.24,3.815,4.297,14.4,0.038,0.0,18.57,18.231,17.792,17.554,17.528,0.779
9760,3,10.11,-1.77,0.77483,0.206,3.813,4.321,15.4,0.038,0.0,19.656,19.313,18.868,18.625,18.6,0.775
9761,3,10.11,-1.75,0.78961,0.333,3.818,4.221,15.5,0.038,0.0,19.437,19.101,18.671,18.441,18.415,0.79
9762,3,10.11,-1.71,0.44578,-1.249,3.662,4.929,13.0,0.038,0.0,20.891,20.318,19.448,18.939,18.814,0.446
9763,3,10.11,-1.71,0.48033,-1.145,3.67,4.89,13.1,0.038,0.0,20.733,20.159,19.315,18.817,18.699,0.48
9764,3,10.11,-1.71,0.4008,-1.376,3.654,4.978,13.3,0.038,0.0,21.511,20.938,20.042,19.523,19.39,0.401
9765,3,10.11,-1.71,0.51164,-1.043,3.68,4.855,14.1,0.038,0.0,21.478,20.906,20.092,19.611,19.502,0.512
9766,3,10.11,-1.71,0.6217,-0.613,3.733,4.722,15.1,0.038,0.0,21.402,20.88,20.226,19.845,19.774,0.622
9767,3,10.11,-1.69,0.45772,-1.213,3.664,4.915,12.8,0.038,0.0,20.603,20.03,19.168,18.661,18.538,0.458
9768,3,10.11,-1.69,0.65764,-0.458,3.752,4.667,15.5,0.038,0.0,21.415,20.928,20.325,19.974,19.917,0.658
9769,3,10.11,-1.69,0.76161,0.093,3.805,4.394,15.8,0.038,0.0,20.337,19.974,19.509,19.249,19.222,0.762
9770,3,10.11,-1.67,0.33121,-1.538,3.643,5.016,12.5,0.038,0.0,21.116,20.546,19.618,19.086,18.943,0.331
9771,3,10.11,-1.67,0.51414,-1.035,3.68,4.851,13.5,0.038,0.0,20.858,20.286,19.473,18.991,18.883,0.514
9772,3,10.11,-1.63,0.67718,-0.376,3.76,4.632,13.6,0.038,0.0,19.311,18.842,18.26,17.922,17.871,0.677
9773,3,10.11,-1.63,0.8151,0.595,3.79,3.862,14.5,0.038,0.0,17.782,17.381,16.877,16.592,16.56,0.815
9774,3,10.11,-1.61,0.48706,-1.132,3.669,4.879,13.3,0.038,0.0,20.9,20.328,19.478,18.97,18.854,0.487
9775,3,10.11,-1.61,0.44392,-1.262,3.659,4.927,13.6,0.038,0.0,21.524,20.953,20.07,19.548,19.422,0.444
9776,3,10.11,-1.61,0.68439,-0.348,3.763,4.62,15.5,0.038,0.0,21.14,20.677,20.103,19.77,19.721,0.684
9777,3,10.11,-1.61,0.73426,-0.104,3.789,4.51,15.9,0.038,0.0,20.931,20.529,20.021,19.73,19.696,0.734
9778,3,10.11,-1.59,0.63845,-0.553,3.738,4.694,12.4,0.037,0.0,18.552,18.036,17.397,17.022,16.957,0.638
9779,3,10.11,-1.59,0.56064,-0.871,3.697,4.792,13.3,0.038,0.0,20.248,19.682,18.922,18.47,18.376,0.561
9780,3,10.11,-1.59,0.59037,-0.754,3.712,4.758,14.2,0.038,0.0,20.855,20.302,19.588,19.167,19.084,0.59
9781,3,10.11,-1.59,0.65283,-0.491,3.746,4.673,14.5,0.038,0.0,20.498,19.996,19.377,19.016,18.956,0.653
9782,3,10.11,-1.59,0.81811,0.579,3.794,3.893,15.8,0.038,0.0,19.122,18.726,18.232,17.955,17.924,0.818
9783,3,10.11,-1.59,0.75368,-0.005,3.797,4.456,16.4,0.038,0.0,21.181,20.798,20.312,20.037,20.008,0.754
9784,3,10.11,-1.57,0.68528,-0.352,3.762,4.62,14.3,0.038,0.0,19.949,19.483,18.907,18.572,18.522,0.685
9785,3,10.11,-1.57,0.63278,-0.58,3.734,4.702,14.5,0.038,0.0,20.72,20.196,19.546,19.165,19.097,0.633
9786,3,10.11,-1.57,0.81797,0.548,3.801,3.952,14.8,0.038,0.0,18.2,17.818,17.343,17.08,17.051,0.818
9787,3,10.11,-1.57,0.82084,0.605,3.785,3.833,15.1,0.038,0.0,18.356,17.942,17.423,17.128,17.094,0.821
9788,3,10.11,-1.53,0.61481,-0.66,3.723,4.725,15.1,0.038,0.0,21.521,20.978,20.297,19.895,19.82,0.615
9789,3,10.11,-1.51,0.4848,-1.149,3.664,4.876,12.5,0.038,0.0,20.144,19.575,18.706,18.183,18.066,0.485
9790,3,10.11,-1.51,0.80049,0.296,3.815,4.253,12.7,0.038,0.0,16.731,16.381,15.946,15.711,15.685,0.8
9791,3,10.11,-1.51,0.50414,-1.088,3.67,4.854,13.5,0.038,0.0,20.989,20.42,19.569,19.055,18.943,0.504
9792,3,10.11,-1.51,0.62223,-0.632,3.726,4.715,15.1,0.038,0.0,21.449,20.91,20.238,19.842,19.771,0.622
9793,3,10.11,-1.47,0.59526,-0.747,3.71,4.747,13.8,0.038,0.0,20.438,19.882,19.161,18.73,18.648,0.595
9794,3,10.11,-1.47,0.7843,0.158,3.808,4.351,16.9,0.038,0.0,21.275,20.908,20.452,20.2,20.173,0.784
9795,3,10.11,-1.47,0.82913,0.768,3.741,3.499,17.3,0.038,0.0,20.149,19.65,19.009,18.62,18.568,0.829
9796,3,10.11,-1.43,0.79907,0.268,3.812,4.269,14.0,0.038,0.0,18.1,17.741,17.299,17.059,17.033,0.799
9797,3,10.11,-1.41,0.68346,-0.383,3.756,4.626,12.5,0.038,0.0,18.227,17.74,17.15,16.806,16.754,0.683
9798,3,10.11,-1.41,0.62261,-0.641,3.723,4.711,14.3,0.038,0.0,20.672,20.127,19.445,19.04,18.968,0.623
9799,3,10.11,-1.39,0.25536,-1.793,3.619,5.059,11.9,0.037,0.0,21.154,20.596,19.586,19.022,18.863,0.255
9800,3,10.11,-1.39,0.66449,-0.467,3.746,4.656,15.0,0.038,0.0,20.937,20.427,19.809,19.446,19.388,0.664
9801,3,10.11,-1.35,0.67224,-0.437,3.749,4.644,13.9,0.038,0.0,19.762,19.256,18.648,18.291,18.235,0.672
9802,3,10.11,-1.35,0.61841,-0.664,3.719,4.714,14.8,0.038,0.0,21.23,20.68,19.985,19.568,19.494,0.618
9803,3,10.11,-1.35,0.72242,-0.21,3.775,4.554,15.1,0.038,0.0,20.395,19.948,19.408,19.096,19.056,0.722
9804,3,10.11,-1.35,0.72104,-0.217,3.775,4.557,15.3,0.038,0.0,20.612,20.163,19.622,19.309,19.268,0.721
9805,3,10.11,-1.35,0.7631,0.013,3.795,4.434,16.0,0.038,0.0,20.737,20.336,19.849,19.574,19.543,0.763
9806,3,10.11,-1.33,0.5413,-0.972,3.678,4.8,12.3,0.037,0.0,19.499,18.932,18.101,17.587,17.487,0.541
9807,3,10.11,-1.33,0.43042,-1.331,3.644,4.926,12.7,0.038,0.0,20.797,20.234,19.299,18.736,18.606,0.43
9808,3,10.11,-1.33,0.75242,-0.048,3.79,4.469,16.2,0.038,0.0,21.091,20.677,20.176,19.891,19.858,0.752
9809,3,10.11,-1.31,0.27825,-1.739,3.619,5.043,12.2,0.037,0.0,21.316,20.759,19.749,19.182,19.024,0.278
9810,3,10.11,-1.31,0.76163,0.008,3.794,4.434,15.3,0.038,0.0,20.051,19.645,19.155,18.878,18.847,0.762
9811,3,10.11,-1.29,0.36331,-1.515,3.632,4.986,12.5,0.038,0.0,21.058,20.498,19.524,18.957,18.812,0.363
9812,3,10.11,-1.29,0.75676,-0.019,3.791,4.448,13.9,0.038,0.0,18.718,18.306,17.809,17.528,17.496,0.757
9813,3,10.11,-1.29,0.72002,-0.218,3.774,4.554,14.6,0.038,0.0,19.916,19.462,18.918,18.604,18.563,0.72
9814,3,10.11,-1.27,0.78411,0.156,3.802,4.331,13.7,0.038,0.0,18.08,17.69,17.223,16.964,16.935,0.784
9815,3,10.11,-1.25,0.44093,-1.309,3.644,4.912,12.5,0.038,0.0,20.544,19.983,19.043,18.472,18.343,0.441
9816,3,10.11,-1.25,0.65065,-0.54,3.734,4.672,14.8,0.038,0.0,20.92,20.387,19.735,19.348,19.284,0.651
9817,3,10.11,-1.25,0.78317,0.139,3.801,4.341,16.6,0.038,0.0,21.022,20.628,20.156,19.894,19.866,0.783
9818,3,10.11,-1.21,0.69779,-0.344,3.757,4.601,12.4,0.037,0.0,18.03,17.536,16.952,16.609,16.56,0.698
9819,3,10.11,-1.21,0.75906,-0.034,3.788,4.451,15.0,0.038,0.0,19.854,19.43,18.926,18.64,18.606,0.759
9820,3,10.11,-1.17,0.58611,-0.82,3.692,4.742,14.2,0.038,0.0,21.021,20.455,19.67,19.184,19.097,0.586
9821,3,10.11,-1.13,0.61445,-0.717,3.705,4.71,13.9,0.038,0.0,20.462,19.899,19.157,18.701,18.623,0.614
9822,3,10.11,-1.13,0.69546,-0.375,3.751,4.607,15.7,0.038,0.0,21.408,20.899,20.298,19.944,19.892,0.695
9823,3,10.11,-1.11,0.35612,-1.545,3.627,4.988,12.2,0.037,0.0,20.834,20.276,19.285,18.704,18.559,0.356
9824,3,10.11,-1.11,0.43809,-1.328,3.64,4.913,13.0,0.038,0.0,21.091,20.534,19.578,18.995,18.866,0.438
9825,3,10.11,-1.05,0.65335,-0.573,3.723,4.663,14.5,0.038,0.0,20.703,20.15,19.465,19.05,18.984,0.653
9826,3,10.11,-1.01,0.69138,-0.423,3.742,4.614,14.9,0.038,0.0,20.728,20.199,19.572,19.197,19.142,0.691
9827,3,10.11,-0.97,0.30363,-1.687,3.617,5.02,10.9,0.034,0.0,19.888,19.331,18.308,17.726,17.574,0.304
9828,3,10.11,-0.97,0.29956,-1.698,3.616,5.022,11.2,0.035,0.0,20.214,19.658,18.632,18.051,17.899,0.3
9829,3,10.11,-0.97,0.82451,0.295,3.794,4.181,17.3,0.038,0.0,21.333,20.908,20.424,20.154,20.123,0.825
9830,3,10.11,-0.89,0.83862,0.366,3.786,4.087,16.7,0.038,0.0,20.554,20.107,19.603,19.32,19.286,0.839
9831,3,10.11,-0.85,0.67252,-0.538,3.721,4.636,14.0,0.038,0.0,20.116,19.557,18.867,18.445,18.381,0.673
9832,3,10.11,-0.85,0.79661,0.038,3.782,4.376,15.4,0.038,0.0,20.075,19.615,19.101,18.81,18.775,0.797
9833,3,10.11,-0.81,0.49716,-1.186,3.644,4.843,13.6,0.038,0.0,21.334,20.782,19.828,19.221,19.106,0.497
9834,3,10.11,-0.79,0.8034,0.052,3.781,4.362,15.4,0.038,0.0,20.039,19.573,19.058,18.766,18.73,0.803
9835,3,10.11,-0.69,0.41074,-1.431,3.625,4.929,12.3,0.037,0.0,20.646,20.098,19.087,18.47,18.337,0.411
9836,3,10.11,-0.69,0.41967,-1.408,3.627,4.922,12.8,0.038,0.0,21.091,20.543,19.536,18.919,18.787,0.42
9837,3,10.11,-0.69,0.83204,0.186,3.783,4.248,13.8,0.038,0.0,18.104,17.635,17.126,16.838,16.804,0.832
9838,3,10.11,-0.07,0.59218,-1.079,3.627,4.742,13.8,0.038,0.0,21.268,20.744,19.696,19.021,18.908,0.592
9839,#TRILEGAL,normally,terminated,,,,,,,,,,,,,
