pl_name,pl_bmasse,pl_rade,pl_orbeccen,pl_orbper,pl_dens,pl_eqt,pl_pubdate,pl_controv_flag,pl_bmasseerr1,pl_bmasseerr2,pl_radeerr1,pl_radeerr2,soltype,pl_refname,error_score
55 Cnc e,7.81,2.08,0.061,0.7365437,4.78,1958.0,2011-09-01,0,0.58,-0.53,0.16,-0.17,Published Confirmed,<a refstr=DEMORY_ET_AL__2011 href=https://ui.adsabs.harvard.edu/abs/2011A&A...533A.114D/abstract target=ref>Demory et al. 2011</a>,0.07519483157687383
AU Mic b,17.0,4.07,0.0,8.463,1.4,593.0,2021-05-01,0,5.0,-5.0,0.17,-0.17,Published Confirmed,<a refstr=MARTIOLI_ET_AL__2021 href=https://ui.adsabs.harvard.edu/abs/2021A&A...649A.177M/abstract target=ref>Martioli et al. 2021</a>,0.16794334441393263
AU Mic c,13.6,3.24,0.0,18.859019,2.3,454.0,2021-05-01,0,11.4,-11.4,0.16,-0.16,Published Confirmed,<a refstr=MARTIOLI_ET_AL__2021 href=https://ui.adsabs.harvard.edu/abs/2021A&A...649A.177M/abstract target=ref>Martioli et al. 2021</a>,0.4438090050835149
BD+20 594 b,16.3,2.23,0.0,41.6855,7.89,546.0,2016-10-01,0,6.0,-6.1,0.14,-0.11,Published Confirmed,<a refstr=ESPINOZA_ET_AL__2016 href=https://ui.adsabs.harvard.edu/abs/2016ApJ...830...43E/abstract target=ref>Espinoza et al. 2016</a>,0.21360972791548596
BD-14 3065 b,3932.0,21.59,0.066,4.2889731,2.15,2001.0,2024-03-01,0,290.0,-280.0,1.05,-1.05,Published Confirmed,<a refstr=_SCARON_UBJAK_ET_AL__2024 href=https://ui.adsabs.harvard.edu/abs/2024arXiv240312311S/abstract target=ref>&Scaron;ubjak et al. 2024</a>,0.06055791201702683
CoRoT-1 b,327.35,16.7,0.0,1.5089557,0.38,1898.0,2008-05-01,0,38.14,-38.14,0.9,-0.9,Published Confirmed,<a refstr=BARGE_ET_AL__2008 href=https://ui.adsabs.harvard.edu/abs/2008A&A...482L..17B/abstract target=ref> Barge et al. 2008 </a>,0.08520179741326876
CoRoT-10 b,874.0,10.87,0.53,13.2406,3.7,600.0,2010-09-01,0,50.85,-50.85,0.78,-0.78,Published Confirmed,<a refstr=BONOMO_ET_AL__2010 href=https://ui.adsabs.harvard.edu/abs/2010A%26A...520A..65B/abstract target=ref> Bonomo et al. 2010 </a>,0.06496895387342401
CoRoT-11 b,791.3967,15.58051,0.0,2.994325,0.93,1715.0,2012-07-01,0,85.8141,-85.8141,0.369897,-0.369897,Published Confirmed,<a refstr=GANDOLFI_ET_AL__2012 href=https://ui.adsabs.harvard.edu/abs/2012A&A...543L...5G/abstract target=ref>Gandolfi et al. 2012</a>,0.06608737106700181
CoRoT-12 b,291.438,16.14,0.07,2.828042,0.411,1442.0,2010-09-01,0,22.247,-20.658,1.46,-1.46,Published Confirmed,<a refstr=GILLON_ET_AL__2010 href=https://ui.adsabs.harvard.edu/abs/2010A%26A...520A..97G/abstract target=ref> Gillon et al. 2010 </a>,0.08203381318186596
CoRoT-13 b,415.704,9.92,0.0,4.03519,2.34,1700.0,2010-11-01,0,20.976,-20.976,0.157,-0.157,Published Confirmed,<a refstr=CABRERA_ET_AL__2010 href=https://ui.adsabs.harvard.edu/abs/2010A%26A...522A.110C/abstract target=ref> Cabrera et al. 2010 </a>,0.03314279666580377
CoRoT-14 b,2415.4,12.22,0.0,1.51214,7.3,1952.0,2011-04-01,0,190.7,-190.7,0.78,-0.78,Published Confirmed,<a refstr=TINGLEY_ET_AL__2011 href=https://ui.adsabs.harvard.edu/abs/2011A%26A...528A..97T/abstract target=ref> Tingley et al. 2011 </a>,0.07139075682808362
CoRoT-17 b,772.29,11.43,0.0,3.7681,2.82,1626.0,2011-07-01,0,95.34,-95.34,0.78,-0.78,Published Confirmed,<a refstr=CSIZMADIA_ET_AL__2011 href=https://ui.adsabs.harvard.edu/abs/2011A%26A...531A..41C/abstract target=ref> Csizmadia et al. 2011 </a>,0.0958462525245759
CoRoT-18 b,1102.82,14.68,0.08,1.9000693,2.2,1550.0,2011-09-01,0,120.77,-120.77,2.02,-2.02,Published Confirmed,<a refstr=HEBRARD_ET_AL__2011 href=https://ui.adsabs.harvard.edu/abs/2011A%26A...533A.130H/abstract target=ref> Hebrard et al. 2011 </a>,0.1235561723433119
CoRoT-19 b,352.78,14.46,0.047,3.89713,0.71,2000.0,2012-01-01,0,19.07,-19.07,0.34,-0.34,Published Confirmed,<a refstr=GUENTHER_ET_AL__2012 href=https://ui.adsabs.harvard.edu/abs/2012A%26A...537A.136G/abstract target=ref> Guenther et al. 2012 </a>,0.03878474604832104
CoRoT-2 b,1052.0173,15.849526,0.0,1.7429975,1.553,1535.0,2019-06-01,0,50.8528,-50.8528,0.717376,-0.717376,Published Confirmed,<a refstr=_OUML_ZT_UUML_RK__AMP__ERDEM_2019 href=https://ui.adsabs.harvard.edu/abs/2019MNRAS.486.2290O/abstract target=ref>&Ouml;zt&uuml;rk &amp; Erdem 2019</a>,0.04680001880205285
CoRoT-20 b,1347.54,9.42,0.562,9.24285,8.87,1002.0,2012-02-01,0,73.1,-73.1,0.45,-0.45,Published Confirmed,<a refstr=DELEUIL_ET_AL__2012 href=https://ui.adsabs.harvard.edu/abs/2012A%26A...538A.145D/abstract target=ref> Deleuil et al. 2012 </a>,0.05100884943538067
CoRoT-22 b,12.2,4.88,0.077,9.75598,0.249,885.0,2014-08-01,0,14.0,-8.8,0.17,-0.39,Published Confirmed,<a refstr=MOUTOU_ET_AL__2014 href=https://ui.adsabs.harvard.edu/abs/2014MNRAS.444.2783M/abstract target=ref>Moutou et al. 2014</a>,0.49590163934426235
CoRoT-23 b,889.9,11.77,0.16,3.6313,3.0,1660.0,2012-01-01,0,95.3,-95.3,1.46,-1.46,Published Confirmed,<a refstr=ROUAN_ET_AL__2012 href=https://ui.adsabs.harvard.edu/abs/2012A%26A...537A..54R/abstract target=ref> Rouan et al. 2012 </a>,0.11556743223275114
CoRoT-24 c,28.0,5.0,0.0,11.759,1.3,850.0,2014-07-01,0,11.0,-11.0,0.5,-0.5,Published Confirmed,<a refstr=ALONSO_ET_AL__2014 href=https://ui.adsabs.harvard.edu/abs/2014A&A...567A.112A/abstract target=ref> Alonso et al. 2014</a>,0.2464285714285714
CoRoT-25 b,85.81,12.11,0.0,4.86069,0.15,1330.0,2013-07-01,0,12.71,-12.71,3.4,-1.12,Published Confirmed,<a refstr=ALMENARA_ET_AL__2013 href=https://ui.adsabs.harvard.edu/abs/2013A%26A...555A.118A/abstract target=ref> Almenara et al. 2013 </a>,0.1673702804507991
CoRoT-26 b,165.26,14.12,0.0,4.20474,0.28,1600.0,2013-07-01,0,15.89,-15.89,1.46,-0.78,Published Confirmed,<a refstr=ALMENARA_ET_AL__2013 href=https://ui.adsabs.harvard.edu/abs/2013A%26A...555A.118A/abstract target=ref> Almenara et al. 2013 </a>,0.08773581606663927
CoRoT-27 b,3302.11,11.287,0.065,3.57532,12.6,1500.0,2014-02-01,0,174.8,-174.8,0.493,-0.493,Published Confirmed,<a refstr=PARVIAINEN_ET_AL__2014 href=https://ui.adsabs.harvard.edu/abs/2014A%26A...562A.140P/abstract target=ref> Parviainen et al. 2014 </a>,0.048307209186168105
CoRoT-35 b,349.6112477,18.83108758,0.0,3.22748,0.29,1747.0,2022-07-01,0,117.59651059,-117.59651059,1.23298788,-1.23298788,Published Confirmed,<a refstr=SEBASTIAN_ET_AL__2022 href=https://ui.adsabs.harvard.edu/abs/2022arXiv220708742S/abstract target=ref>Sebastian et al. 2022</a>,0.20091991349261487
CoRoT-36 b,216.12331676,15.80466279,0.0,5.616531,0.25,1567.0,2022-07-01,0,149.37935129,-136.66621501,1.5692573,-1.5692573,Published Confirmed,<a refstr=SEBASTIAN_ET_AL__2022 href=https://ui.adsabs.harvard.edu/abs/2022arXiv220708742S/abstract target=ref>Sebastian et al. 2022</a>,0.38052774306594733
CoRoT-4 b,228.83,13.34,0.0,9.20205,0.525,1074.0,2008-09-01,0,25.43,-25.43,0.67,-0.56,Published Confirmed,<a refstr=MOUTOU_ET_AL__2008 href=https://ui.adsabs.harvard.edu/abs/2008A&A...488L..47M/abstract target=ref> Moutou et al. 2008 </a>,0.07861624130468524
CoRoT-5 b,148.42,15.558,0.09,4.0378962,0.217,1438.0,2009-10-01,0,14.937,-7.628,0.516,-0.527,Published Confirmed,<a refstr=RAUER_ET_AL__2009 href=https://ui.adsabs.harvard.edu/abs/2009A&A...506..281R/abstract target=ref> Rauer et al. 2009 </a>,0.05476855785772714
CoRoT-6 b,940.74,13.068,0.1,8.886593,2.32,1017.0,2010-03-01,0,108.06,-108.06,0.392,-0.392,Published Confirmed,<a refstr=FRIDLUND_ET_AL__2010 href=https://ui.adsabs.harvard.edu/abs/2010A%26A...512A..14F/abstract target=ref> Fridlund et al. 2010 </a>,0.07243197933408928
CoRoT-7 b,5.74,1.585,0.0,0.85359159,7.5,1756.0,2014-07-01,0,0.86,-0.86,0.064,-0.064,Published Confirmed,<a refstr=BARROS_ET_AL__2014 href=https://ui.adsabs.harvard.edu/abs/2014A&A...569A..74B/abstract target=ref>Barros et al. 2014</a>,0.09510216643401223
CoRoT-9 b,266.9772,11.948794,0.133,95.272656,0.86,420.0,2017-07-01,0,15.8915,-15.8915,0.840675,-0.706167,Published Confirmed,<a refstr=BONOMO_ET_AL__2017 href=https://ui.adsabs.harvard.edu/abs/2017A&A...603A..43B/abstract target=ref>Bonomo et al. 2017</a>,0.06212588224783347
EPIC 201595106 b,7.67,1.565,0.0,0.87724,11.1,2038.0,2024-11-01,0,0.75,-0.75,0.079,-0.079,Published Confirmed,<a refstr=LIVINGSTON_ET_AL__2024 href=https://ui.adsabs.harvard.edu/abs/2024NatSR..1427219L/abstract target=ref>Livingston et al. 2024</a>,0.0741314027933403
EPIC 211945201 b,27.0,6.12,0.0,19.49213,0.65,886.35,2018-07-01,0,14.0,-12.6,0.1,-0.1,Published Confirmed,<a refstr=CHAKRABORTY_ET_AL__2018 href=https://ui.adsabs.harvard.edu/abs/2018AJ....156....3C/abstract target=ref>Chakraborty et al. 2018</a>,0.25446623093681914
EPIC 220674823 b,7.8,1.676,0.0,0.5713127,9.09,2299.0,2024-03-01,0,0.71,-0.7,0.037,-0.037,Published Confirmed,<a refstr=GUENTHER_ET_AL__2024 href=https://ui.adsabs.harvard.edu/abs/2024MNRAS.529..141G/abstract target=ref>Guenther et al. 2024</a>,0.05623049384982559
EPIC 220674823 c,8.9,2.836,0.13,13.3397,2.12,805.0,2023-04-01,0,2.4,-2.4,0.086,-0.073,Published Confirmed,<a refstr=BONOMO_ET_AL__2023 href=https://ui.adsabs.harvard.edu/abs/2023arXiv230405773B/abstract target=ref>Bonomo et al. 2023</a>,0.14884768070236604
EPIC 229004835 b,10.4,2.332,0.23,16.141132,4.49,804.0,2023-04-01,0,1.6,-1.5,0.08,-0.094,Published Confirmed,<a refstr=BONOMO_ET_AL__2023 href=https://ui.adsabs.harvard.edu/abs/2023arXiv230405773B/abstract target=ref>Bonomo et al. 2023</a>,0.09317274706425649
EPIC 249893012 b,8.75,1.95,0.06,3.5951,6.39,1616.0,2020-04-01,0,1.09,-1.08,0.09,-0.08,Published Confirmed,<a refstr=HIDALGO_ET_AL__2020 href=https://ui.adsabs.harvard.edu/abs/2020A&A...636A..89H/abstract target=ref>Hidalgo et al. 2020</a>,0.08379487179487181
EPIC 249893012 c,14.67,3.67,0.07,15.624,1.62,990.0,2020-04-01,0,1.84,-1.89,0.17,-0.14,Published Confirmed,<a refstr=HIDALGO_ET_AL__2020 href=https://ui.adsabs.harvard.edu/abs/2020A&A...636A..89H/abstract target=ref>Hidalgo et al. 2020</a>,0.08468226505370653
EPIC 249893012 d,10.18,3.94,0.15,35.747,0.91,752.0,2020-04-01,0,2.46,-2.42,0.13,-0.12,Published Confirmed,<a refstr=HIDALGO_ET_AL__2020 href=https://ui.adsabs.harvard.edu/abs/2020A&A...636A..89H/abstract target=ref>Hidalgo et al. 2020</a>,0.1357057732390574
G 9-40 b,4.0,1.9,0.0,5.7459982,3.2,440.6,2022-10-01,0,0.63,-0.63,0.065,-0.065,Published Confirmed,<a refstr=LUQUE_ET_AL__2022 href=https://ui.adsabs.harvard.edu/abs/2022A&A...666A.154L/abstract target=ref>Luque et al. 2022</a>,0.09585526315789474
GJ 1132 b,1.83704819,1.19151465,0.0118,1.62892911,5.97,583.8,2024-08-01,0,0.19069704,-0.18751876,0.03811053,-0.04483592,Published Confirmed,<a refstr=XUE_ET_AL__2024 href=https://ui.adsabs.harvard.edu/abs/2024arXiv240813340X/abstract target=ref>Xue et al. 2024</a>,0.06887416097358315
GJ 1214 b,8.41,2.733,0.0062,1.580404531,2.26,567.0,2024-03-01,0,0.36,-0.35,0.033,-0.031,Published Confirmed,<a refstr=MAHAJAN_ET_AL__2024 href=https://ui.adsabs.harvard.edu/abs/2024ApJ...963L..37M/abstract target=ref>Mahajan et al. 2024</a>,0.02696019888159558
GJ 143 b,22.7,2.61,0.188,35.61253,7.0,422.0,2019-04-01,0,2.2,-1.9,0.17,-0.16,Published Confirmed,<a refstr=DRAGOMIR_ET_AL__2019 href=https://ui.adsabs.harvard.edu/abs/2019ApJ...875L...7D/abstract target=ref>Dragomir et al. 2019</a>,0.07676338042432529
GJ 3090 b,3.34,2.13,0.32,2.8531054,1.89,693.0,2022-07-01,0,0.72,-0.72,0.11,-0.11,Published Confirmed,<a refstr=ALMENARA_ET_AL__2022 href=https://ui.adsabs.harvard.edu/abs/2022arXiv220714121A/abstract target=ref>Almenara et al. 2022</a>,0.133606027381856
GJ 3470 b,12.58,3.88,0.114,3.336649,0.93,615.0,2019-03-01,0,1.31,-1.28,0.32,-0.32,Published Confirmed,<a refstr=KOSIAREK_ET_AL__2019 href=https://ui.adsabs.harvard.edu/abs/2019AJ....157...97K/abstract target=ref>Kosiarek et al. 2019</a>,0.09270770163735596
GJ 3473 b,1.86,1.264,0.0,1.1980035,5.03,773.0,2020-10-01,0,0.3,-0.3,0.05,-0.049,Published Confirmed,<a refstr=KEMMER_ET_AL__2020 href=https://ui.adsabs.harvard.edu/abs/2020A&A...642A.236K/abstract target=ref>Kemmer et al. 2020</a>,0.10022585749285422
GJ 367 b,0.633,0.699,0.06,0.3219225,10.2,1365.0,2023-07-01,0,0.05,-0.05,0.024,-0.024,Published Confirmed,<a refstr=GOFFO_ET_AL__2023 href=https://ui.adsabs.harvard.edu/abs/2023arXiv230709181G/abstract target=ref>Goffo et al. 2023</a>,0.056661852748340555
GJ 3929 b,1.75,1.09,0.0,2.616235,7.3,568.0,2022-07-01,0,0.44,-0.45,0.04,-0.04,Published Confirmed,<a refstr=BEARD_ET_AL__2022 href=https://ui.adsabs.harvard.edu/abs/2022arXiv220710672B/abstract target=ref>Beard et al. 2022</a>,0.14549148099606818
GJ 436 b,23.138024,4.1910451,0.15,2.64389788,1.73,686.0,2016-06-01,0,0.762792,-0.762792,0.1087273,-0.1087273,Published Confirmed,<a refstr=TURNER_ET_AL__2016 href=https://ui.adsabs.harvard.edu/abs/2016MNRAS.459..789T/abstract target=ref>Turner et al. 2016</a>,0.0294548992061696
GJ 486 b,2.77,1.289,0.00086,1.46712127,6.66,696.3,2024-11-01,0,0.076,-0.073,0.019,-0.014,Published Confirmed,<a refstr=WEINER_MANSFIELD_ET_AL__2024 href=https://ui.adsabs.harvard.edu/abs/2024ApJ...975L..22W/abstract target=ref>Weiner Mansfield et al. 2024</a>,0.01984796374767892
GJ 9827 b,5.14,1.577,0.063,1.2089819,7.19,1175.0,2023-04-01,0,0.47,-0.47,0.027,-0.031,Published Confirmed,<a refstr=BONOMO_ET_AL__2023 href=https://ui.adsabs.harvard.edu/abs/2023arXiv230405773B/abstract target=ref>Bonomo et al. 2023</a>,0.05491451778854102
GJ 9827 d,3.53,2.022,0.13,6.20147,2.34,681.0,2023-04-01,0,0.87,-0.88,0.046,-0.043,Published Confirmed,<a refstr=BONOMO_ET_AL__2023 href=https://ui.adsabs.harvard.edu/abs/2023arXiv230405773B/abstract target=ref>Bonomo et al. 2023</a>,0.1349416335325583
GPX-1 b,6261.2196179,16.47720163,0.0,1.744579,8.222423,2300.0,2021-08-01,0,508.5254512,-508.5254512,1.12089807,-1.12089807,Published Confirmed,<a refstr=BENNI_ET_AL__2021 href=https://ui.adsabs.harvard.edu/abs/2021MNRAS.505.4956B/abstract target=ref>Benni et al. 2021</a>,0.07462274249595015
HAT-P-1 b,168.13207,14.784671,0.0,4.4652968,0.358,1322.0,2016-06-01,0,6.3566,-6.3566,0.212971,-0.212971,Published Confirmed,<a refstr=TURNER_ET_AL__2016 href=https://ui.adsabs.harvard.edu/abs/2016MNRAS.459..789T/abstract target=ref>Turner et al. 2016</a>,0.026106017762783575
HAT-P-11 b,25.0,4.901,0.2577,4.887802443,1.172,847.0,2024-06-01,0,1.5,-1.5,0.065,-0.065,Published Confirmed,<a refstr=BASILICATA_ET_AL__2024 href=https://ui.adsabs.harvard.edu/abs/2024A&A...686A.127B/abstract target=ref>Basilicata et al. 2024</a>,0.036631299734748005
HAT-P-12 b,67.059,10.749,0.0,3.2130598,0.3192,963.0,2009-11-01,0,3.814,-3.814,0.325,-0.235,Published Confirmed,<a refstr=HARTMAN_ET_AL__2009 href=https://ui.adsabs.harvard.edu/abs/2009ApJ...706..785H/abstract target=ref> Hartman et al. 2009 </a>,0.0414621118546547
HAT-P-13 b,287.95398,16.667783,0.0133,2.9162382,0.362,1740.0,2016-06-01,0,7.31009,-7.31009,0.425942,-0.425942,Published Confirmed,<a refstr=TURNER_ET_AL__2016 href=https://ui.adsabs.harvard.edu/abs/2016MNRAS.459..789T/abstract target=ref>Turner et al. 2016</a>,0.02547056090236056
HAT-P-14 b,709.367,12.89,0.107,4.627669,1.82,1570.0,2010-05-01,0,18.751,-18.751,0.583,-0.583,Published Confirmed,<a refstr=TORRES_ET_AL__2010 href=https://ui.adsabs.harvard.edu/abs/2010ApJ...715..458T/abstract target=ref> Torres et al. 2010 </a>,0.03583114271910401
HAT-P-15 b,618.471,12.016,0.19,10.863502,1.96,904.0,2010-12-01,0,20.976,-20.976,0.482,-0.482,Published Confirmed,<a refstr=KOVACS_ET_AL__2010 href=https://ui.adsabs.harvard.edu/abs/2010ApJ...724..866K/abstract target=ref> Kovacs et al. 2010 </a>,0.03701454073562425
HAT-P-16 b,1331.38987,13.33871,0.034,2.775970244,2.47,1571.0,2016-06-01,0,29.24036,-29.24036,0.392315,-0.392315,Published Confirmed,<a refstr=TURNER_ET_AL__2016 href=https://ui.adsabs.harvard.edu/abs/2016MNRAS.459..789T/abstract target=ref>Turner et al. 2016</a>,0.025687023436732057
HAT-P-17 b,169.71,11.321,0.342,10.338523,0.64,792.0,2012-04-01,0,5.72,-5.72,0.325,-0.325,Published Confirmed,<a refstr=HOWARD_ET_AL__2012 href=https://ui.adsabs.harvard.edu/abs/2012ApJ...749..134H/abstract target=ref> Howard et al. 2012 </a>,0.031206133080873378
HAT-P-18 b,62.29468,10.614923,0.009,5.507978,0.286,841.0,2014-04-01,0,2.54264,-2.54264,0.493196,-0.493196,Published Confirmed,<a refstr=ESPOSITO_ET_AL__2014 href=https://ui.adsabs.harvard.edu/abs/2014A&A...564L..13E/abstract target=ref>Esposito et al. 2014</a>,0.04363941986509493
HAT-P-19 b,92.802,12.689,0.067,4.008778,0.25,1010.0,2011-01-01,0,5.721,-5.721,0.807,-0.807,Published Confirmed,<a refstr=HARTMAN_ET_AL__2011 href=https://ui.adsabs.harvard.edu/abs/2011ApJ...726...52H/abstract target=ref> Hartman et al. 2011 </a>,0.06262288529877977
HAT-P-2 b,2888.95,12.969,0.5171,5.6334729,7.29,1540.0,2010-02-01,0,76.28,-76.28,0.818,-0.695,Published Confirmed,<a refstr=PAL_ET_AL__2010 href=https://ui.adsabs.harvard.edu/abs/2010MNRAS.401.2665P/abstract target=ref> Pal et al. 2010 </a>,0.042367731248454575
HAT-P-20 b,2302.899,9.718,0.015,2.875317,13.78,970.0,2011-12-01,0,59.432,-59.432,0.37,-0.37,Published Confirmed,<a refstr=BAKOS_ET_AL__2010 href=https://ui.adsabs.harvard.edu/abs/2010arXiv1008.3388B/abstract target=ref> Bakos et al. 2010 </a>,0.03194057453845155
HAT-P-21 b,1291.289,11.478,0.228,4.124481,4.68,1283.0,2011-12-01,0,51.168,-51.168,1.031,-1.031,Published Confirmed,<a refstr=BAKOS_ET_AL__2010 href=https://ui.adsabs.harvard.edu/abs/2010arXiv1008.3388B/abstract target=ref> Bakos et al. 2010 </a>,0.06472476631341091
HAT-P-22 b,682.352,12.106,0.016,3.21222,2.11,1283.0,2011-12-01,0,19.387,-19.387,0.65,-0.65,Published Confirmed,<a refstr=BAKOS_ET_AL__2010 href=https://ui.adsabs.harvard.edu/abs/2010arXiv1008.3388B/abstract target=ref> Bakos et al. 2010 </a>,0.041052202944731754
HAT-P-23 b,658.0,13.72,0.0,1.21288287,1.406,1951.0,2015-05-01,0,38.0,-38.0,0.41,-0.41,Published Confirmed,<a refstr=CICERI_ET_AL__2015 href=https://ui.adsabs.harvard.edu/abs/2015A&A...577A..54C/abstract target=ref>Ciceri et al. 2015</a>,0.04381707090130885
HAT-P-24 b,217.704,13.922,0.067,3.35524,0.44,1637.0,2010-12-01,0,10.488,-10.488,0.751,-0.751,Published Confirmed,<a refstr=KIPPING_ET_AL__2010 href=https://ui.adsabs.harvard.edu/abs/2010arXiv1008.3389K/abstract target=ref> Kipping et al. 2010 </a>,0.05105945164573539
HAT-P-25 b,180.84527,12.722215,0.023,3.65281514,0.483,1182.0,2018-06-01,0,7.31009,-6.99226,0.538032,-0.538032,Published Confirmed,<a refstr=WANG_ET_AL__2018 href=https://ui.adsabs.harvard.edu/abs/2018PASP..130f4401W/abstract target=ref>Wang et al. 2018</a>,0.04091690344758174
HAT-P-26 b,18.751,6.333,0.124,4.234516,0.4,1001.0,2011-02-01,0,2.225,-2.225,0.807,-0.359,Published Confirmed,<a refstr=HARTMAN_ET_AL__2011 href=https://ui.adsabs.harvard.edu/abs/2011ApJ...728..138H/abstract target=ref>Hartman et al. 2011</a>,0.1053589074123005
HAT-P-28 b,198.953,13.585,0.051,3.257215,0.44,1384.0,2011-06-01,0,11.759,-11.759,1.267,-0.919,Published Confirmed,<a refstr=BUCHHAVE_ET_AL__2011 href=https://ui.adsabs.harvard.edu/abs/2011arXiv1103.1813B/abstract target=ref> Buchhave et al. 2011 </a>,0.06978039865712093
HAT-P-29 b,243.77561,11.926376,0.075,5.72339,0.79,1271.0,2018-10-01,0,14.93801,-14.30235,0.840675,-0.762212,Published Confirmed,<a refstr=WANG_ET_AL__2018 href=https://ui.adsabs.harvard.edu/abs/2018AJ....156..181W/abstract target=ref>Wang et al. 2018</a>,0.0635865862505024
HAT-P-30 b,225.968,15.02,0.035,2.810595,0.37,1630.0,2011-07-01,0,8.899,-8.899,0.729,-0.729,Published Confirmed,<a refstr=JOHNSON_ET_AL__2011 href=https://ui.adsabs.harvard.edu/abs/2011arXiv1103.3825J/abstract target=ref> Johnson et al. 2011 </a>,0.04395848432352888
HAT-P-31 b,689.98,11.99,0.245,5.005425,2.18,1450.0,2011-09-01,0,33.371,-24.472,2.69,-1.79,Published Confirmed,<a refstr=KIPPING_ET_AL__2011 href=https://ui.adsabs.harvard.edu/abs/2011arXiv1106.1169K/abstract target=ref> Kipping et al. 2011 </a>,0.11436939216016245
HAT-P-32 b,216.1244,22.19382,0.159,2.1500082,0.108,1835.7,2019-02-01,0,34.9613,-31.783,0.504405,-0.504405,Published Confirmed,<a refstr=WANG_ET_AL__2019 href=https://ui.adsabs.harvard.edu/abs/2019AJ....157...82W/abstract target=ref>Wang et al. 2019</a>,0.08856951871657753
HAT-P-33 b,242.176,18.898,0.0,3.474474,0.2,1782.0,2011-11-01,0,32.099,-32.099,0.504,-0.504,Published Confirmed,<a refstr=HARTMAN_ET_AL__2011 href=https://ui.adsabs.harvard.edu/abs/2011arXiv1106.1212H/abstract target=ref> Hartman et al. 2011 </a>,0.07960679449667984
HAT-P-34 b,1057.694,13.417,0.441,5.452654,2.4,1520.0,2012-07-01,0,67.059,-67.059,1.435,-1.031,Published Confirmed,<a refstr=BAKOS_ET_AL__2012 href=https://ui.adsabs.harvard.edu/abs/2012arXiv1201.0659B/abstract target=ref> Bakos et al. 2012 </a>,0.07764973642565647
HAT-P-35 b,334.979,14.93,0.025,3.646706,0.55,1581.0,2012-07-01,0,10.488,-10.488,1.098,-1.098,Published Confirmed,<a refstr=BAKOS_ET_AL__2012 href=https://ui.adsabs.harvard.edu/abs/2012arXiv1201.0659B/abstract target=ref> Bakos et al. 2012 </a>,0.05242631348723249
HAT-P-36 b,611.82275,15.210613,0.063,1.3273466,0.955,1820.2,2019-02-01,0,27.01555,-25.74423,0.392315,-0.381106,Published Confirmed,<a refstr=WANG_ET_AL__2019 href=https://ui.adsabs.harvard.edu/abs/2019AJ....157...82W/abstract target=ref>Wang et al. 2019</a>,0.034270305965221216
HAT-P-37 b,371.528,13.204,0.058,2.797436,0.89,1271.0,2012-07-01,0,32.735,-32.735,0.863,-0.863,Published Confirmed,<a refstr=BAKOS_ET_AL__2012 href=https://ui.adsabs.harvard.edu/abs/2012arXiv1201.0659B/abstract target=ref> Bakos et al. 2012 </a>,0.07673404415217958
HAT-P-38 b,84.857,9.247,0.067,4.640382,0.59,1082.0,2012-10-01,0,6.356,-6.356,1.031,-0.706,Published Confirmed,<a refstr=SATO_ET_AL__2012 href=https://ui.adsabs.harvard.edu/abs/2012PASJ...64...97S/abstract target=ref> Sato et al. 2012 </a>,0.08441241809822207
HAT-P-39 b,190.372,17.609,0.0,3.54387,0.19,1752.0,2012-11-01,0,31.464,-31.464,1.211,-0.908,Published Confirmed,<a refstr=HARTMAN_ET_AL__2012 href=https://ui.adsabs.harvard.edu/abs/2012AJ....144..139H/abstract target=ref> Hartman et al. 2012 </a>,0.11272225102712989
HAT-P-4 b,213.255,14.28,0.0,3.056536,0.403,1686.0,2008-04-01,0,10.488,-13.984,0.549,-0.673,Published Confirmed,<a refstr=TORRES_ET_AL__2008 href=https://ui.adsabs.harvard.edu/abs/2008ApJ...677.1324T/abstract target=ref> Torres et al. 2008 </a>,0.05008221653998872
HAT-P-40 b,195.457,19.392,0.0,4.457243,0.15,1770.0,2012-11-01,0,12.077,-12.077,0.695,-0.695,Published Confirmed,<a refstr=HARTMAN_ET_AL__2012 href=https://ui.adsabs.harvard.edu/abs/2012AJ....144..139H/abstract target=ref> Hartman et al. 2012 </a>,0.04881402391439536
HAT-P-41 b,254.253,18.887,0.0,2.694047,0.2,1941.0,2012-11-01,0,32.417,-32.417,0.852,-0.572,Published Confirmed,<a refstr=HARTMAN_ET_AL__2012 href=https://ui.adsabs.harvard.edu/abs/2012AJ....144..139H/abstract target=ref> Hartman et al. 2012 </a>,0.08259843733252915
HAT-P-42 b,331.801,14.348,0.0,4.641878,0.61,1428.0,2013-10-01,0,26.379,-26.379,1.715,-1.715,Published Confirmed,<a refstr=BOISSE_ET_AL__2013 href=https://ui.adsabs.harvard.edu/abs/2013A%26A...558A..86B/abstract target=ref> Boisse et al. 2013 </a>,0.09951566353173993
HAT-P-43 b,210.395,14.359,0.0,3.332687,0.39,1361.0,2013-10-01,0,19.069,-19.069,0.695,-0.37,Published Confirmed,<a refstr=BOISSE_ET_AL__2013 href=https://ui.adsabs.harvard.edu/abs/2013A%26A...558A..86B/abstract target=ref> Boisse et al. 2013 </a>,0.06385951916994959
HAT-P-44 b,111.871,13.922,0.044,4.301219,0.23,1108.0,2014-06-01,0,9.217,-9.217,1.188,-0.572,Published Confirmed,<a refstr=HARTMAN_ET_AL__2014 href=https://ui.adsabs.harvard.edu/abs/2014AJ....147..128H/abstract target=ref> Hartman et al. 2014 </a>,0.07279942347864338
HAT-P-45 b,283.492,15.984,0.049,3.128992,0.38,1652.0,2014-06-01,0,43.541,-31.464,1.962,-0.975,Published Confirmed,<a refstr=HARTMAN_ET_AL__2014 href=https://ui.adsabs.harvard.edu/abs/2014AJ....147..128H/abstract target=ref> Hartman et al. 2014 </a>,0.11208040336309386
HAT-P-46 b,156.684,14.392,0.123,4.463129,0.28,1458.0,2014-06-01,0,26.061,-16.526,3.038,-1.491,Published Confirmed,<a refstr=HARTMAN_ET_AL__2014 href=https://ui.adsabs.harvard.edu/abs/2014AJ....147..128H/abstract target=ref> Hartman et al. 2014 </a>,0.14662263978840853
HAT-P-49 b,549.823,15.838,0.0,2.691548,0.75,2131.0,2014-04-01,0,65.152,-65.152,1.435,-0.863,Published Confirmed,<a refstr=BIERYLA_ET_AL__2014 href=https://ui.adsabs.harvard.edu/abs/2014AJ....147...84B/abstract target=ref> Bieryla et al. 2014 </a>,0.09552167742734917
HAT-P-50 b,429.0705,14.437192,0.115,3.1220109,0.78,1862.0,2015-12-01,0,23.20159,-23.20159,0.717376,-0.717376,Published Confirmed,<a refstr=HARTMAN_ET_AL__2015 href=https://ui.adsabs.harvard.edu/abs/2015AJ....150..168H/abstract target=ref>Hartman et al. 2015</a>,0.05188175753393145
HAT-P-51 b,98.20947,14.493237,0.123,4.2180278,0.178,1192.0,2015-12-01,0,5.72094,-5.72094,0.605286,-0.605286,Published Confirmed,<a refstr=HARTMAN_ET_AL__2015 href=https://ui.adsabs.harvard.edu/abs/2015AJ....150..168H/abstract target=ref>Hartman et al. 2015</a>,0.0500078841258757
HAT-P-52 b,259.98494,11.309881,0.047,2.7535953,0.98,1218.0,2015-12-01,0,9.21707,-9.21707,0.807048,-0.807048,Published Confirmed,<a refstr=HARTMAN_ET_AL__2015 href=https://ui.adsabs.harvard.edu/abs/2015AJ....150..168H/abstract target=ref>Hartman et al. 2015</a>,0.05340505135928235
HAT-P-53 b,471.65972,14.773462,0.134,1.9616241,0.8,1778.0,2015-12-01,0,17.79848,-17.79848,1.020019,-1.020019,Published Confirmed,<a refstr=HARTMAN_ET_AL__2015 href=https://ui.adsabs.harvard.edu/abs/2015AJ....150..168H/abstract target=ref>Hartman et al. 2015</a>,0.05338992756320325
HAT-P-54 b,241.5508,10.581296,0.074,3.799847,1.118,818.0,2015-04-01,0,10.17056,-10.17056,0.313852,-0.313852,Published Confirmed,<a refstr=BAKOS_ET_AL__2015 href=https://ui.adsabs.harvard.edu/abs/2015AJ....149..149B/abstract target=ref>Bakos et al. 2015</a>,0.03588314005352364
HAT-P-55 b,184.97706,13.249038,0.139,3.5852467,0.435,1313.0,2015-09-01,0,17.79848,-17.79848,0.616495,-0.616495,Published Confirmed,<a refstr=JUNCHER_ET_AL__2015 href=https://ui.adsabs.harvard.edu/abs/2015PASP..127..851J/abstract target=ref>Juncher et al. 2015</a>,0.0713756170739791
HAT-P-56 b,692.8694,16.432394,0.246,2.7908327,0.86,1840.0,2015-09-01,0,79.4575,-79.4575,0.44836,-0.44836,Published Confirmed,<a refstr=HUANG_ET_AL__2015 href=https://ui.adsabs.harvard.edu/abs/2015AJ....150...85H/abstract target=ref>Huang et al. 2015</a>,0.07098201434346721
HAT-P-58 b,118.2321674,14.93036229,0.073,4.0138379,0.194,1622.0,2021-07-01,0,9.53485221,-9.53485221,0.48198617,-0.48198617,Published Confirmed,<a refstr=BAKOS_ET_AL__2021 href=https://ui.adsabs.harvard.edu/abs/2021AJ....162....7B/abstract target=ref>Bakos et al. 2021</a>,0.05646372178691236
HAT-P-59 b,489.45574678,12.58768533,0.03,4.1419771,1.347,1277.8,2021-07-01,0,21.29450327,-21.29450327,0.14571675,-0.14571675,Published Confirmed,<a refstr=BAKOS_ET_AL__2021 href=https://ui.adsabs.harvard.edu/abs/2021AJ....162....7B/abstract target=ref>Bakos et al. 2021</a>,0.027541314464092432
HAT-P-60 b,182.43350562,18.28184752,0.25,4.7947813,0.164,1772.0,2021-07-01,0,12.07747947,-12.07747947,0.26901554,-0.26901554,Published Confirmed,<a refstr=BAKOS_ET_AL__2021 href=https://ui.adsabs.harvard.edu/abs/2021AJ....162....7B/abstract target=ref>Bakos et al. 2021</a>,0.04045849481250517
HAT-P-61 b,335.9446262,10.07687365,0.113,1.90231289,1.8,1505.0,2021-07-01,0,22.24798849,-22.24798849,0.30264248,-0.30264248,Published Confirmed,<a refstr=BAKOS_ET_AL__2021 href=https://ui.adsabs.harvard.edu/abs/2021AJ....162....7B/abstract target=ref>Bakos et al. 2021</a>,0.048129268040679865
HAT-P-62 b,241.86741773,12.02723629,0.101,2.6453235,0.77,1512.0,2021-07-01,0,27.96889982,-27.96889982,0.32506044,-0.32506044,Published Confirmed,<a refstr=BAKOS_ET_AL__2021 href=https://ui.adsabs.harvard.edu/abs/2021AJ....162....7B/abstract target=ref>Bakos et al. 2021</a>,0.07133217316817388
HAT-P-63 b,195.1466419,12.5428494,0.069,3.377728,0.54,1237.0,2021-07-01,0,7.62788177,-7.62788177,0.36989636,-0.36989636,Published Confirmed,<a refstr=BAKOS_ET_AL__2021 href=https://ui.adsabs.harvard.edu/abs/2021AJ....162....7B/abstract target=ref>Bakos et al. 2021</a>,0.03428928213758717
HAT-P-64 b,184.34047606,19.08889413,0.101,4.007232,0.144,1766.0,2021-07-01,0,57.20911326,-41.31769291,0.78462865,-0.78462865,Published Confirmed,<a refstr=BAKOS_ET_AL__2021 href=https://ui.adsabs.harvard.edu/abs/2021AJ....162....7B/abstract target=ref>Bakos et al. 2021</a>,0.15417265680047926
HAT-P-65 b,167.49641,21.18501,0.304,2.6054552,0.096,1930.0,2016-12-01,0,26.37989,-26.37989,1.45717,-1.45717,Published Confirmed,<a refstr=HARTMAN_ET_AL__2016 href=https://ui.adsabs.harvard.edu/abs/2016AJ....152..182H/abstract target=ref>Hartman et al. 2016</a>,0.11313916247502585
HAT-P-66 b,248.86089,17.82231,0.09,2.972086,0.242,1896.0,2016-12-01,0,18.11631,-18.11631,1.79344,-1.1209,Published Confirmed,<a refstr=HARTMAN_ET_AL__2016 href=https://ui.adsabs.harvard.edu/abs/2016AJ....152..182H/abstract target=ref>Hartman et al. 2016</a>,0.07727897057760427
HAT-P-67 b,108.0622,23.370765,0.0,4.8101025,0.052,1903.0,2017-05-01,0,79.4575,-60.3877,1.076064,-0.795839,Published Confirmed,<a refstr=ZHOU_ET_AL__2017 href=https://ui.adsabs.harvard.edu/abs/2017AJ....153..211Z/abstract target=ref>Zhou et al. 2017</a>,0.3435533925800536
HAT-P-68 b,230.10892,12.016048,0.041,2.29840551,0.727,1027.8,2021-02-01,0,13.66669,-13.66669,0.134508,-0.134508,Published Confirmed,<a refstr=LINDOR_ET_AL__2021 href=https://ui.adsabs.harvard.edu/abs/2021AJ....161...64L/abstract target=ref>Lindor et al. 2021</a>,0.03529314752205821
HAT-P-69 b,1137.8314,18.786284,0.0,4.7869491,1.02,1930.0,2019-10-01,0,184.3414,-184.3414,0.571659,-0.369897,Published Confirmed,<a refstr=ZHOU_ET_AL__2019 href=https://ui.adsabs.harvard.edu/abs/2019AJ....158..141Z/abstract target=ref>Zhou et al. 2019</a>,0.09353541952773962
HAT-P-7 b,534.59006,16.712619,0.0016,2.2047372,0.629,2700.0,2016-06-01,0,6.67443,-6.3566,0.683749,-0.683749,Published Confirmed,<a refstr=WONG_ET_AL__2016 href=https://ui.adsabs.harvard.edu/abs/2016ApJ...823..122W/abstract target=ref>Wong et al. 2016</a>,0.026550005542569727
HAT-P-8 b,483.08,16.81,0.0,3.0763776,0.568,1700.0,2009-10-01,0,57.21,-50.85,0.9,-0.67,Published Confirmed,<a refstr=LATHAM_ET_AL__2009 href=https://ui.adsabs.harvard.edu/abs/2009ApJ...704.1107L/abstract target=ref> Latham et al. 2009 </a>,0.07927161141351718
HAT-P-9 b,238.05467,15.614137,0.084,3.92281072,0.342,1540.0,2019-02-01,0,20.34112,-20.02329,0.751003,-0.728585,Published Confirmed,<a refstr=WANG_ET_AL__2019 href=https://ui.adsabs.harvard.edu/abs/2019AJ....157...82W/abstract target=ref>Wang et al. 2019</a>,0.06607973109875144
HATS-1 b,589.55,14.594,0.12,3.446459,1.03,1359.0,2013-01-01,0,83.268,-62.292,1.816,-1.098,Published Confirmed,<a refstr=PENEV_ET_AL__2013 href=https://ui.adsabs.harvard.edu/abs/2013AJ....145....5P/abstract target=ref> Penev et al. 2013 </a>,0.11164281895333261
HATS-10 b,167.17858,10.861521,0.501,3.312846,0.7,1407.0,2015-07-01,0,25.74423,-25.74423,0.683749,-0.504405,Published Confirmed,<a refstr=BRAHM_ET_AL__2015 href=https://ui.adsabs.harvard.edu/abs/2015AJ....150...33B/abstract target=ref>Brahm et al. 2015</a>,0.10434397893638143
HATS-11 b,270.1555,16.92559,0.34,3.6191613,0.299,1637.0,2016-10-01,0,38.1396,-38.1396,0.874302,-0.874302,Published Confirmed,<a refstr=RABUS_ET_AL__2016 href=https://ui.adsabs.harvard.edu/abs/2016AJ....152...88R/abstract target=ref>Rabus et al. 2016</a>,0.09641604986365407
HATS-12 b,756.4354,15.13215,0.085,3.142833,1.19,2097.0,2016-10-01,0,34.9613,-34.9613,1.90553,-1.90553,Published Confirmed,<a refstr=RABUS_ET_AL__2016 href=https://ui.adsabs.harvard.edu/abs/2016AJ....152...88R/abstract target=ref>Rabus et al. 2016</a>,0.08607220666044196
HATS-13 b,172.58169,13.585308,0.181,3.0440499,0.377,1244.0,2015-08-01,0,22.88376,-22.88376,0.392315,-0.392315,Published Confirmed,<a refstr=MANCINI_ET_AL__2015 href=https://ui.adsabs.harvard.edu/abs/2015A&A...580A..63M/abstract target=ref>Mancini et al. 2015</a>,0.0807372864358259
HATS-14 b,340.39593,11.646151,0.142,2.7667641,1.191,1276.0,2015-08-01,0,22.2481,-22.2481,0.358688,-0.246598,Published Confirmed,<a refstr=MANCINI_ET_AL__2015 href=https://ui.adsabs.harvard.edu/abs/2015A&A...580A..63M/abstract target=ref>Mancini et al. 2015</a>,0.04567300131473828
HATS-15 b,689.6911,12.385945,0.126,1.74748753,1.97,1505.0,2016-07-01,0,47.6745,-47.6745,0.44836,-0.44836,Published Confirmed,<a refstr=CICERI_ET_AL__2016 href=https://ui.adsabs.harvard.edu/abs/2016PASP..128g4401C/abstract target=ref>Ciceri et al. 2016</a>,0.052661759492879046
HATS-16 b,1039.3041,14.5717,0.0,2.686502,1.86,1592.0,2016-07-01,0,60.3877,-60.3877,1.68135,-1.68135,Published Confirmed,<a refstr=CICERI_ET_AL__2016 href=https://ui.adsabs.harvard.edu/abs/2016PASP..128g4401C/abstract target=ref>Ciceri et al. 2016</a>,0.08674429545989179
HATS-17 b,425.25654,8.709393,0.029,16.254611,3.5,814.0,2016-04-01,0,20.65895,-20.65895,0.627704,-0.627704,Published Confirmed,<a refstr=BRAHM_ET_AL__2016 href=https://ui.adsabs.harvard.edu/abs/2016AJ....151...89B/abstract target=ref>Brahm et al. 2016</a>,0.06032602108835293
HATS-18 b,629.3034,14.986433,0.166,0.8378434,1.02,2060.0,2016-11-01,0,24.47291,-24.47291,1.143318,-0.549241,Published Confirmed,<a refstr=PENEV_ET_AL__2016 href=https://ui.adsabs.harvard.edu/abs/2016AJ....152..127P/abstract target=ref>Penev et al. 2016</a>,0.047679298595528954
HATS-2 b,427.463,13.092,0.0,1.354133,1.05,1577.0,2013-10-01,0,47.672,-47.672,0.336,-0.336,Published Confirmed,<a refstr=MOHLER_FISCHER_ET_AL__2013 href=https://ui.adsabs.harvard.edu/abs/2013A%26A...558A..55M/abstract target=ref> Mohler-Fischer et al. 2013 </a>,0.06859381527016045
HATS-22 b,870.8542,10.682177,0.079,4.7228124,3.89,858.0,2017-06-01,0,34.9613,-34.9613,0.538032,-0.325061,Published Confirmed,<a refstr=BENTO_ET_AL__2017 href=https://ui.adsabs.harvard.edu/abs/2017MNRAS.468..835B/abstract target=ref>Bento et al. 2017</a>,0.040272363109963925
HATS-23 b,467.2101,20.84874,0.114,2.1605156,0.29,1654.0,2017-06-01,0,22.88376,-22.88376,3.3627,-4.4836,Published Confirmed,<a refstr=BENTO_ET_AL__2017 href=https://ui.adsabs.harvard.edu/abs/2017MNRAS.468..835B/abstract target=ref>Bento et al. 2017</a>,0.11857581742374368
HATS-24 b,718.2958,15.636555,0.0,1.3484978,1.03,2166.0,2019-02-01,0,54.0311,-54.0311,0.638913,-0.638913,Published Confirmed,<a refstr=OLIVEIRA_ET_AL__2019 href=https://ui.adsabs.harvard.edu/abs/2019RNAAS...3b..35O/abstract target=ref>Oliveira et al. 2019</a>,0.05804072699590827
HATS-25 b,194.82979,14.12334,0.176,4.2986432,0.38,1277.0,2016-10-01,0,13.34886,-13.34886,1.1209,-1.1209,Published Confirmed,<a refstr=ESPINOZA_ET_AL__2016 href=https://ui.adsabs.harvard.edu/abs/2016AJ....152..108E/abstract target=ref>Espinoza et al. 2016</a>,0.07394028845904865
HATS-26 b,206.5895,19.61575,0.245,3.3023881,0.153,1918.0,2016-10-01,0,24.15508,-24.15508,2.35389,-2.35389,Published Confirmed,<a refstr=ESPINOZA_ET_AL__2016 href=https://ui.adsabs.harvard.edu/abs/2016AJ....152..108E/abstract target=ref>Espinoza et al. 2016</a>,0.11846153846153847
HATS-27 b,168.4499,16.8135,0.581,4.637038,0.18,1659.0,2016-10-01,0,41.3179,-41.3179,2.2418,-1.23299,Published Confirmed,<a refstr=ESPINOZA_ET_AL__2016 href=https://ui.adsabs.harvard.edu/abs/2016AJ....152..108E/abstract target=ref>Espinoza et al. 2016</a>,0.17430817610062893
HATS-28 b,213.58176,13.383546,0.202,3.1810781,0.48,1253.0,2016-10-01,0,27.65121,-27.65121,0.78463,-0.78463,Published Confirmed,<a refstr=ESPINOZA_ET_AL__2016 href=https://ui.adsabs.harvard.edu/abs/2016AJ....152..108E/abstract target=ref>Espinoza et al. 2016</a>,0.09404537568796362
HATS-29 b,207.54299,14.022459,0.158,4.6058749,0.411,1212.0,2016-10-01,0,20.02329,-20.02329,0.683749,-0.683749,Published Confirmed,<a refstr=ESPINOZA_ET_AL__2016 href=https://ui.adsabs.harvard.edu/abs/2016AJ....152..108E/abstract target=ref>Espinoza et al. 2016</a>,0.07261939300014812
HATS-3 b,340.382,15.48,0.0,3.547851,0.51,1648.0,2013-11-01,0,43.223,-43.223,0.392,-0.392,Published Confirmed,<a refstr=BAYLISS_ET_AL__2013 href=https://ui.adsabs.harvard.edu/abs/2013AJ....146..113B/abstract target=ref> Bayliss et al. 2013 </a>,0.07615339898475823
HATS-30 b,224.38798,13.170575,0.096,3.1743516,0.543,1414.0,2016-10-01,0,12.39537,-12.39537,0.582868,-0.582868,Published Confirmed,<a refstr=ESPINOZA_ET_AL__2016 href=https://ui.adsabs.harvard.edu/abs/2016AJ....152..108E/abstract target=ref>Espinoza et al. 2016</a>,0.04974805617503466
HATS-31 b,279.6904,18.38276,0.233,3.37796,0.243,1823.0,2016-12-01,0,38.1396,-38.1396,2.46598,-2.46598,Published Confirmed,<a refstr=DE_VAL_BORRO_ET_AL__2016 href=https://ui.adsabs.harvard.edu/abs/2016AJ....152..161D/abstract target=ref>de Val-Borro et al. 2016</a>,0.1352549889135255
HATS-32 b,292.4036,14.000041,0.471,2.8126548,0.58,1437.0,2016-12-01,0,31.783,-31.783,1.614096,-1.076064,Published Confirmed,<a refstr=DE_VAL_BORRO_ET_AL__2016 href=https://ui.adsabs.harvard.edu/abs/2016AJ....152..161D/abstract target=ref>de Val-Borro et al. 2016</a>,0.1023862568315522
HATS-33 b,378.85336,13.78707,0.08,2.5495551,0.79,1429.0,2016-12-01,0,16.84499,-16.84499,1.255408,-0.907929,Published Confirmed,<a refstr=DE_VAL_BORRO_ET_AL__2016 href=https://ui.adsabs.harvard.edu/abs/2016AJ....152..161D/abstract target=ref>de Val-Borro et al. 2016</a>,0.06145918590058384
HATS-34 b,299.07803,16.02887,0.108,2.1061607,0.4,1445.0,2016-12-01,0,22.88376,-22.88376,2.12971,-2.12971,Published Confirmed,<a refstr=DE_VAL_BORRO_ET_AL__2016 href=https://ui.adsabs.harvard.edu/abs/2016AJ....152..161D/abstract target=ref>de Val-Borro et al. 2016</a>,0.10469073965354518
HATS-35 b,388.38826,16.409976,0.306,1.8209993,0.484,2037.0,2016-12-01,0,24.79074,-24.79074,0.773421,-0.493196,Published Confirmed,<a refstr=DE_VAL_BORRO_ET_AL__2016 href=https://ui.adsabs.harvard.edu/abs/2016AJ....152..161D/abstract target=ref>de Val-Borro et al. 2016</a>,0.05121134170445297
HATS-36 b,1022.14128,13.843115,0.105,4.1752387,2.12,1356.0,2018-03-01,0,19.70546,-19.70546,0.481987,-0.481987,Published Confirmed,<a refstr=BAYLISS_ET_AL__2018 href=https://ui.adsabs.harvard.edu/abs/2018AJ....155..119B/abstract target=ref>Bayliss et al. 2018</a>,0.02704821036517816
HATS-37 A b,31.46517,6.792654,0.0,4.3315366,0.55,1085.0,2020-11-01,0,13.34886,-13.34886,0.179344,-0.179344,Published Confirmed,<a refstr=JORD_AACUTE_N_ET_AL__2020 href=https://ui.adsabs.harvard.edu/abs/2020AJ....160..222J/abstract target=ref>Jord&aacute;n et al. 2020</a>,0.22532253225322532
HATS-38 b,23.51942,6.882326,0.0,4.375021,0.403,1294.0,2020-11-01,0,3.49613,-3.49613,0.190553,-0.190553,Published Confirmed,<a refstr=JORD_AACUTE_N_ET_AL__2020 href=https://ui.adsabs.harvard.edu/abs/2020AJ....160..222J/abstract target=ref>Jord&aacute;n et al. 2020</a>,0.08816797253279339
HATS-39 b,200.2329,17.59813,0.275,4.5776348,0.202,1645.0,2018-07-01,0,41.3179,-41.3179,1.34508,-1.34508,Published Confirmed,<a refstr=BENTO_ET_AL__2018 href=https://ui.adsabs.harvard.edu/abs/2018MNRAS.477.3406B/abstract target=ref>Bento et al. 2018</a>,0.14139116368415733
HATS-4 b,420.471,11.433,0.013,2.516729,1.55,1315.0,2014-08-01,0,8.899,-8.899,0.415,-0.415,Published Confirmed,<a refstr=JORDAN_ET_AL__2014 href=https://ui.adsabs.harvard.edu/abs/2014AJ....148...29J/abstract target=ref> Jordan et al. 2014 </a>,0.028731397637875675
HATS-40 b,505.3497,17.71022,0.312,3.2642736,0.49,2101.0,2018-07-01,0,76.2792,-76.2792,1.79344,-1.34508,Published Confirmed,<a refstr=BENTO_ET_AL__2018 href=https://ui.adsabs.harvard.edu/abs/2018MNRAS.477.3406B/abstract target=ref>Bento et al. 2018</a>,0.11977549558156199
HATS-41 b,3082.951,14.90797,0.38,4.193649,5.1,1710.0,2018-07-01,0,508.528,-508.528,3.25061,-2.2418,Published Confirmed,<a refstr=BENTO_ET_AL__2018 href=https://ui.adsabs.harvard.edu/abs/2018MNRAS.477.3406B/abstract target=ref>Bento et al. 2018</a>,0.17457948996201844
HATS-42 b,597.5204,15.6926,0.229,2.292102,0.83,1856.0,2018-07-01,0,47.6745,-47.6745,2.80225,-1.56926,Published Confirmed,<a refstr=BENTO_ET_AL__2018 href=https://ui.adsabs.harvard.edu/abs/2018MNRAS.477.3406B/abstract target=ref>Bento et al. 2018</a>,0.10953647416413373
HATS-43 b,82.95363,13.22662,0.173,4.3888497,0.191,1003.0,2018-03-01,0,17.16282,-17.16282,0.56045,-0.56045,Published Confirmed,<a refstr=BRAHM_ET_AL__2018 href=https://ui.adsabs.harvard.edu/abs/2018AJ....155..112B/abstract target=ref>Brahm et al. 2018</a>,0.12463471654003506
HATS-44 b,177.9848,11.960003,0.279,2.7439004,0.56,1161.0,2018-03-01,0,34.9613,-34.9613,1.401125,-0.795839,Published Confirmed,<a refstr=BRAHM_ET_AL__2018 href=https://ui.adsabs.harvard.edu/abs/2018AJ....155..112B/abstract target=ref>Brahm et al. 2018</a>,0.14413743473021823
HATS-45 b,222.481,14.414774,0.24,4.1876244,0.41,1518.0,2018-03-01,0,47.6745,-47.6745,1.042437,-1.042437,Published Confirmed,<a refstr=BRAHM_ET_AL__2018 href=https://ui.adsabs.harvard.edu/abs/2018AJ....155..112B/abstract target=ref>Brahm et al. 2018</a>,0.1433014885580982
HATS-46 b,54.98459,10.121727,0.559,4.7423729,0.28,1054.0,2018-03-01,0,19.70546,-19.70546,0.650122,-0.504405,Published Confirmed,<a refstr=BRAHM_ET_AL__2018 href=https://ui.adsabs.harvard.edu/abs/2018AJ....155..112B/abstract target=ref>Brahm et al. 2018</a>,0.2077068090309117
HATS-47 b,117.27927,12.520453,0.088,3.9228038,0.331,852.9,2020-04-01,0,9.85273,-6.67443,0.156926,-0.156926,Published Confirmed,<a refstr=HARTMAN_ET_AL__2020 href=https://ui.adsabs.harvard.edu/abs/2020AJ....159..173H/abstract target=ref>Hartman et al. 2020</a>,0.04149713833754273
HATS-48 A b,77.23269,8.9672,0.162,3.1316666,0.589,954.6,2020-04-01,0,6.99226,-9.5349,0.168135,-0.168135,Published Confirmed,<a refstr=HARTMAN_ET_AL__2020 href=https://ui.adsabs.harvard.edu/abs/2020AJ....159..173H/abstract target=ref>Hartman et al. 2020</a>,0.06287294238683126
HATS-49 b,112.19399,8.574885,0.071,4.1480467,0.986,834.8,2020-04-01,0,12.07754,-8.58141,0.145717,-0.145717,Published Confirmed,<a refstr=HARTMAN_ET_AL__2020 href=https://ui.adsabs.harvard.edu/abs/2020AJ....159..173H/abstract target=ref>Hartman et al. 2020</a>,0.054530726360421417
HATS-5 b,75.323,10.223,0.019,4.763387,0.39,1025.0,2014-06-01,0,3.814,-3.914,0.28,-0.28,Published Confirmed,<a refstr=ZHOU_ET_AL__2014 href=https://ui.adsabs.harvard.edu/abs/2014AJ....147..144Z/abstract target=ref> Zhou et al. 2014 </a>,0.03934414619100338
HATS-51 b,244.09344,15.80469,0.33,3.3488702,0.34,1553.0,2018-02-01,0,14.30235,-14.30235,2.12971,-2.12971,Published Confirmed,<a refstr=HENNING_ET_AL__2018 href=https://ui.adsabs.harvard.edu/abs/2018AJ....155...79H/abstract target=ref>Henning et al. 2018</a>,0.09667276152482271
HATS-52 b,711.9392,15.490838,0.246,1.36665436,1.06,1834.0,2018-02-01,0,47.6745,-47.6745,0.963974,-0.963974,Published Confirmed,<a refstr=HENNING_ET_AL__2018 href=https://ui.adsabs.harvard.edu/abs/2018AJ....155...79H/abstract target=ref>Henning et al. 2018</a>,0.06459646991937151
HATS-53 b,189.10885,15.02006,0.33,3.8537768,0.303,1312.0,2018-02-01,0,28.28687,-28.28687,0.627704,-0.627704,Published Confirmed,<a refstr=HENNING_ET_AL__2018 href=https://ui.adsabs.harvard.edu/abs/2018AJ....155...79H/abstract target=ref>Henning et al. 2018</a>,0.09568543835444626
HATS-54 b,241.5508,11.960003,0.126,2.5441828,0.77,1625.0,2019-08-01,0,31.783,-31.783,0.582868,-0.582868,Published Confirmed,<a refstr=ESPINOZA_ET_AL__2019 href=https://ui.adsabs.harvard.edu/abs/2019AJ....158...63E/abstract target=ref>Espinoza et al. 2019</a>,0.090156858876338
HATS-55 b,292.72143,14.022459,0.092,4.2042001,0.587,1367.0,2019-08-01,0,24.15508,-24.15508,0.291434,-0.291434,Published Confirmed,<a refstr=ESPINOZA_ET_AL__2019 href=https://ui.adsabs.harvard.edu/abs/2019AJ....158...63E/abstract target=ref>Espinoza et al. 2019</a>,0.05165118719356762
HATS-56 b,191.33366,18.920792,0.019,4.324799,0.155,1902.0,2019-08-01,0,11.12405,-11.12405,0.437151,-0.616495,Published Confirmed,<a refstr=ESPINOZA_ET_AL__2019 href=https://ui.adsabs.harvard.edu/abs/2019AJ....158...63E/abstract target=ref>Espinoza et al. 2019</a>,0.04299156838972776
HATS-57 b,1000.21101,12.767051,0.028,2.350621,2.65,1413.4,2019-08-01,0,23.20159,-23.20159,0.313852,-0.313852,Published Confirmed,<a refstr=ESPINOZA_ET_AL__2019 href=https://ui.adsabs.harvard.edu/abs/2019AJ....158...63E/abstract target=ref>Espinoza et al. 2019</a>,0.02388983139034821
HATS-58 A b,327.3649,12.273855,0.168,4.2180896,0.96,1721.0,2019-08-01,0,73.1009,-73.1009,0.694958,-0.694958,Published Confirmed,<a refstr=ESPINOZA_ET_AL__2019 href=https://ui.adsabs.harvard.edu/abs/2019AJ....158...63E/abstract target=ref>Espinoza et al. 2019</a>,0.1399609877199982
HATS-59 b,256.17098,12.621334,0.129,5.416081,0.7,1128.0,2018-11-01,0,21.93027,-21.93027,0.863093,-0.863093,Published Confirmed,<a refstr=SARKIS_ET_AL__2018 href=https://ui.adsabs.harvard.edu/abs/2018AJ....156..216S/abstract target=ref>Sarkis et al. 2018</a>,0.07699579970822738
HATS-6 b,101.38777,11.186582,0.0,3.3252725,0.399,712.8,2015-05-01,0,22.2481,-22.2481,0.212971,-0.212971,Published Confirmed,<a refstr=HARTMAN_ET_AL__2015 href=https://ui.adsabs.harvard.edu/abs/2015AJ....149..166H/abstract target=ref>Hartman et al. 2015</a>,0.11923690641471031
HATS-60 b,210.40346,12.923977,0.191,3.560829,0.537,1528.0,2019-02-01,0,17.48065,-17.48065,0.594077,-0.594077,Published Confirmed,<a refstr=HARTMAN_ET_AL__2019 href=https://ui.adsabs.harvard.edu/abs/2019AJ....157...55H/abstract target=ref>Hartman et al. 2019</a>,0.0645243067474053
HATS-61 b,1080.622,13.394755,0.092,7.817953,2.47,1226.1,2019-02-01,0,44.4962,-44.4962,0.751003,-0.751003,Published Confirmed,<a refstr=HARTMAN_ET_AL__2019 href=https://ui.adsabs.harvard.edu/abs/2019AJ....157...55H/abstract target=ref>Hartman et al. 2019</a>,0.048621708097464925
HATS-63 b,305.1168,13.529263,0.136,3.0566527,0.67,1398.3,2019-02-01,0,38.1396,-38.1396,0.437151,-0.437151,Published Confirmed,<a refstr=HARTMAN_ET_AL__2019 href=https://ui.adsabs.harvard.edu/abs/2019AJ....157...55H/abstract target=ref>Hartman et al. 2019</a>,0.07865575807787903
HATS-64 b,305.1168,18.819911,0.151,4.908897,0.245,1793.0,2019-02-01,0,63.566,-63.566,0.907929,-0.907929,Published Confirmed,<a refstr=HARTMAN_ET_AL__2019 href=https://ui.adsabs.harvard.edu/abs/2019AJ....157...55H/abstract target=ref>Hartman et al. 2019</a>,0.1282881675600556
HATS-65 b,260.93843,16.824709,0.062,3.105161,0.3,1634.0,2019-02-01,0,26.37989,-26.37989,0.56045,-0.56045,Published Confirmed,<a refstr=HARTMAN_ET_AL__2019 href=https://ui.adsabs.harvard.edu/abs/2019AJ....157...55H/abstract target=ref>Hartman et al. 2019</a>,0.06720367501649327
HATS-66 b,1694.0339,15.815899,0.064,3.1414391,2.34,1998.0,2019-02-01,0,216.1244,-216.1244,0.941556,-0.941556,Published Confirmed,<a refstr=HARTMAN_ET_AL__2019 href=https://ui.adsabs.harvard.edu/abs/2019AJ....157...55H/abstract target=ref>Hartman et al. 2019</a>,0.09355599198471405
HATS-67 b,460.8535,18.887165,0.057,1.6091788,0.374,2193.0,2019-02-01,0,38.1396,-38.1396,0.526823,-0.526823,Published Confirmed,<a refstr=HARTMAN_ET_AL__2019 href=https://ui.adsabs.harvard.edu/abs/2019AJ....157...55H/abstract target=ref>Hartman et al. 2019</a>,0.05532589788191958
HATS-68 b,410.0007,13.809488,0.036,3.5862202,0.856,1741.0,2019-02-01,0,18.75197,-18.75197,0.437151,-0.325061,Published Confirmed,<a refstr=HARTMAN_ET_AL__2019 href=https://ui.adsabs.harvard.edu/abs/2019AJ....157...55H/abstract target=ref>Hartman et al. 2019</a>,0.036666918352964865
HATS-7 b,38.1396,6.310667,0.17,3.185315,0.83,1084.0,2015-11-01,0,3.81396,-3.81396,0.515614,-0.381106,Published Confirmed,<a refstr=BAKOS_ET_AL__2015 href=https://ui.adsabs.harvard.edu/abs/2015ApJ...813..111B/abstract target=ref>Bakos et al. 2015</a>,0.08552397868561279
HATS-70 b,4100.007,15.513256,0.18,1.8882378,6.64,2730.0,2019-01-01,0,572.094,-508.528,0.885511,-0.829466,Published Confirmed,<a refstr=ZHOU_ET_AL__2019 href=https://ui.adsabs.harvard.edu/abs/2019AJ....157...31Z/abstract target=ref>Zhou et al. 2019</a>,0.09352875610521127
HATS-71 b,117.5971,11.478016,0.0,3.7955202,0.42,586.8,2020-06-01,0,76.2792,-76.2792,0.201762,-0.201762,Published Confirmed,<a refstr=BAKOS_ET_AL__2020 href=https://ui.adsabs.harvard.edu/abs/2020AJ....159..267B/abstract target=ref>Bakos et al. 2020</a>,0.33311338682432434
HATS-72 b,39.855882,8.0973816,0.013,7.3279474,0.411,739.3,2020-04-01,0,1.239537,-1.239537,0.0358688,-0.0358688,Published Confirmed,<a refstr=HARTMAN_ET_AL__2020 href=https://ui.adsabs.harvard.edu/abs/2020AJ....159..173H/abstract target=ref>Hartman et al. 2020</a>,0.017765078658591515
HATS-74 A b,464.02947422,11.56766808,0.044,1.73185606,1.64,895.1,2022-03-01,0,44.49597698,-44.49597698,0.23538859,-0.23538859,Published Confirmed,<a refstr=JORD_AACUTE_N_ET_AL__2022 href=https://ui.adsabs.harvard.edu/abs/2022AJ....163..125J/abstract target=ref>Jord&aacute;n et al. 2022</a>,0.058119623883061716
HATS-75 b,156.05374784,9.90873894,0.064,2.7886556,0.878,772.3,2022-03-01,0,12.39530787,-12.39530787,0.14571675,-0.14571675,Published Confirmed,<a refstr=JORD_AACUTE_N_ET_AL__2022 href=https://ui.adsabs.harvard.edu/abs/2022AJ....163..125J/abstract target=ref>Jord&aacute;n et al. 2022</a>,0.04706780882772696
HATS-76 b,835.570882,12.09449018,0.062,1.9416423,2.58,939.8,2022-03-01,0,28.28672822,-28.28672822,0.3474784,-0.3474784,Published Confirmed,<a refstr=JORD_AACUTE_N_ET_AL__2022 href=https://ui.adsabs.harvard.edu/abs/2022AJ....163..125J/abstract target=ref>Jord&aacute;n et al. 2022</a>,0.031291740898068215
HATS-77 b,436.69623122,13.05846252,0.045,3.0876262,1.077,828.3,2022-03-01,0,31.7828407,-23.51930212,0.23538859,-0.23538859,Published Confirmed,<a refstr=JORD_AACUTE_N_ET_AL__2022 href=https://ui.adsabs.harvard.edu/abs/2022AJ....163..125J/abstract target=ref>Jord&aacute;n et al. 2022</a>,0.04067226400070306
HATS-8 b,43.86054,9.785457,0.376,3.583893,0.259,1324.0,2015-08-01,0,6.03877,-6.03877,1.378707,-0.840675,Published Confirmed,<a refstr=BAYLISS_ET_AL__2015 href=https://ui.adsabs.harvard.edu/abs/2015AJ....150...49B/abstract target=ref>Bayliss et al. 2015</a>,0.12554161063797997
HATS-9 b,266.02371,11.937585,0.129,1.9153073,0.85,1823.0,2015-07-01,0,9.21707,-9.21707,1.098482,-1.098482,Published Confirmed,<a refstr=BRAHM_ET_AL__2015 href=https://ui.adsabs.harvard.edu/abs/2015AJ....150...33B/abstract target=ref>Brahm et al. 2015</a>,0.06333316505965302
HD 106315 b,12.6,2.44,0.093,9.55237,4.7,1153.0,2017-12-01,0,3.2,-3.2,0.17,-0.17,Published Confirmed,<a refstr=BARROS_ET_AL__2017 href=https://ui.adsabs.harvard.edu/abs/2017A&A...608A..25B/abstract target=ref>Barros et al. 2017</a>,0.1618201925578975
HD 106315 c,15.2,4.35,0.22,21.05704,1.01,886.0,2017-12-01,0,3.7,-3.7,0.23,-0.23,Published Confirmed,<a refstr=BARROS_ET_AL__2017 href=https://ui.adsabs.harvard.edu/abs/2017A&A...608A..25B/abstract target=ref>Barros et al. 2017</a>,0.14814730792498487
HD 110113 b,4.55,2.05,0.093,2.541,2.9,1371.0,2021-04-01,0,0.62,-0.62,0.12,-0.12,Published Confirmed,<a refstr=OSBORN_ET_AL__2021 href=https://ui.adsabs.harvard.edu/abs/2021MNRAS.502.4842O/abstract target=ref>Osborn et al. 2021</a>,0.09740016081479497
HD 118203 b,725.28442477,12.06086323,0.316,6.1349847,2.27,1360.0,2024-01-01,0,14.30227832,-14.30227832,0.39231432,-0.39231432,Published Confirmed,<a refstr=CASTRO_GONZ_AACUTE_LEZ_ET_AL__2024 href=https://ui.adsabs.harvard.edu/abs/2024arXiv240117272C/abstract target=ref>Castro-Gonz&aacute;lez et al. 2024</a>,0.02612371247141953
HD 135694 b,6.1,2.5320132,0.0,15.92346,2.05,750.83,2024-06-01,0,1.8,-1.8,0.08405812,-0.07034621,Published Confirmed,<a refstr=POLANSKI_ET_AL__2024 href=https://ui.adsabs.harvard.edu/abs/2024ApJS..272...32P/abstract target=ref>Polanski et al. 2024</a>,0.16278619737558514
HD 136352 b,4.72,1.664,0.0,11.57797,5.623888,905.0,2021-06-01,0,0.42,-0.42,0.043,-0.043,Published Confirmed,<a refstr=DELREZ_ET_AL__2021 href=https://ui.adsabs.harvard.edu/abs/2021NatAs.tmp..106D/abstract target=ref>Delrez et al. 2021</a>,0.057412198500651886
HD 136352 c,11.24,2.916,0.0,27.59221,2.497668,677.0,2021-06-01,0,0.65,-0.63,0.075,-0.073,Published Confirmed,<a refstr=DELREZ_ET_AL__2021 href=https://ui.adsabs.harvard.edu/abs/2021NatAs.tmp..106D/abstract target=ref>Delrez et al. 2021</a>,0.0411583654301461
HD 136352 d,8.82,2.562,0.0,107.245,2.878108,431.0,2021-06-01,0,0.93,-0.92,0.088,-0.079,Published Confirmed,<a refstr=DELREZ_ET_AL__2021 href=https://ui.adsabs.harvard.edu/abs/2021NatAs.tmp..106D/abstract target=ref>Delrez et al. 2021</a>,0.06873350433069403
HD 137496 b,4.04,1.31,0.0,1.62116,10.49,2130.0,2022-01-01,0,0.55,-0.55,0.06,-0.05,Published Confirmed,<a refstr=AZEVEDO_SILVA_ET_AL__2022 href=https://ui.adsabs.harvard.edu/abs/2022A&A...657A..68A/abstract target=ref>Azevedo Silva et al. 2022</a>,0.08906167334290681
HD 1397 b,131.89945,11.500434,0.251,11.53533,0.477,1228.3,2019-03-01,0,6.3566,-6.3566,0.280225,-0.302643,Published Confirmed,<a refstr=NIELSEN_ET_AL__2019 href=https://ui.adsabs.harvard.edu/abs/2019A&A...623A.100N/abstract target=ref>Nielsen et al. 2019</a>,0.036766950844312925
HD 15337 b,7.2,1.699,0.17,4.75642,8.05,1006.0,2019-07-01,0,0.81,-0.81,0.062,-0.059,Published Confirmed,<a refstr=DUMUSQUE_ET_AL__2019 href=https://ui.adsabs.harvard.edu/abs/2019A&A...627A..43D/abstract target=ref>Dumusque et al. 2019</a>,0.07405459093584461
HD 15337 c,8.79,2.522,0.19,17.1784,3.02,656.1,2019-07-01,0,1.68,-1.68,0.106,-0.102,Published Confirmed,<a refstr=DUMUSQUE_ET_AL__2019 href=https://ui.adsabs.harvard.edu/abs/2019A&A...627A..43D/abstract target=ref>Dumusque et al. 2019</a>,0.11618169663277156
HD 183579 b,20.4,3.49,0.061,17.471291,2.65,752.0,2023-03-01,0,2.6,-2.5,0.07,-0.064,Published Confirmed,<a refstr=BONFANTI_ET_AL__2023 href=https://ui.adsabs.harvard.edu/abs/2023A&A...671L...8B/abstract target=ref>Bonfanti et al. 2023</a>,0.07209885386819484
HD 18599 b,25.5,2.7,0.2,4.137437,7.1,863.0,2022-10-01,0,4.6,-4.6,0.05,-0.05,Published Confirmed,<a refstr=VINES_ET_AL__2022 href=https://ui.adsabs.harvard.edu/abs/2022MNRAS.tmp.2722V/abstract target=ref>Vines et al. 2022</a>,0.0994553376906318
HD 191939 b,10.0,3.41,0.031,8.8803256,1.4,880.0,2022-11-01,0,0.7,-0.7,0.075,-0.075,Published Confirmed,<a refstr=ORELL_MIQUEL_ET_AL__2022 href=https://ui.adsabs.harvard.edu/abs/2022arXiv221100667O/abstract target=ref>Orell-Miquel et al. 2022</a>,0.04599706744868035
HD 191939 c,8.0,3.195,0.034,28.579743,1.35,600.0,2022-11-01,0,1.0,-1.0,0.075,-0.075,Published Confirmed,<a refstr=ORELL_MIQUEL_ET_AL__2022 href=https://ui.adsabs.harvard.edu/abs/2022arXiv221100667O/abstract target=ref>Orell-Miquel et al. 2022</a>,0.07423708920187794
HD 191939 d,2.8,2.995,0.031,38.353037,0.57,540.0,2022-11-01,0,0.6,-0.6,0.07,-0.07,Published Confirmed,<a refstr=ORELL_MIQUEL_ET_AL__2022 href=https://ui.adsabs.harvard.edu/abs/2022arXiv221100667O/abstract target=ref>Orell-Miquel et al. 2022</a>,0.1188290007154782
HD 202772 A b,323.23311,17.317905,0.038,3.308958,0.343,2132.0,2019-02-01,0,22.2481,-21.61244,0.582868,-0.67254,Published Confirmed,<a refstr=WANG_ET_AL__2019 href=https://ui.adsabs.harvard.edu/abs/2019AJ....157...51W/abstract target=ref>Wang et al. 2019</a>,0.05204628118108658
HD 20329 b,7.42,1.72,0.0,0.926118,8.06,2141.0,2022-11-01,0,1.09,-1.09,0.07,-0.07,Published Confirmed,<a refstr=MURGAS_ET_AL__2022 href=https://ui.adsabs.harvard.edu/abs/2022arXiv221102547M/abstract target=ref>Murgas et al. 2022</a>,0.09379897198019183
HD 207496 b,6.1,2.25,0.231,6.441008,3.17,743.0,2023-05-01,0,1.6,-1.6,0.12,-0.1,Published Confirmed,<a refstr=BARROS_ET_AL__2023 href=https://ui.adsabs.harvard.edu/abs/2023A&A...673A...4B/abstract target=ref>Barros et al. 2023</a>,0.155591985428051
HD 207897 b,14.4,2.501,0.047,16.202159,5.05,632.2,2022-02-01,0,1.6,-1.6,0.082,-0.078,Published Confirmed,<a refstr=HEIDARI_ET_AL__2022 href=https://ui.adsabs.harvard.edu/abs/2022A&A...658A.176H/abstract target=ref>Heidari et al. 2022</a>,0.07154915811453197
HD 213885 b,8.83,1.745,0.0,1.008035,9.15,2128.0,2020-01-01,0,0.66,-0.65,0.051,-0.052,Published Confirmed,<a refstr=ESPINOZA_ET_AL__2020 href=https://ui.adsabs.harvard.edu/abs/2020MNRAS.491.2982E/abstract target=ref>Espinoza et al. 2020</a>,0.05184591471507332
HD 219134 b,4.74,1.602,0.0,3.092926,6.34,1015.0,2017-03-01,0,0.19,-0.19,0.055,-0.055,Published Confirmed,<a refstr=GILLON_ET_AL__2017 href=https://ui.adsabs.harvard.edu/abs/2017NatAs...1E..56G/abstract target=ref>Gillon et al. 2017</a>,0.037208236539768326
HD 219134 c,4.36,1.511,0.062,6.76458,6.95,782.0,2017-03-01,0,0.22,-0.22,0.047,-0.047,Published Confirmed,<a refstr=GILLON_ET_AL__2017 href=https://ui.adsabs.harvard.edu/abs/2017NatAs...1E..56G/abstract target=ref>Gillon et al. 2017</a>,0.040781971960971226
HD 219666 b,16.6,4.71,0.0,6.03607,0.87,1073.0,2019-03-01,0,1.3,-1.3,0.17,-0.17,Published Confirmed,<a refstr=ESPOSITO_ET_AL__2019 href=https://ui.adsabs.harvard.edu/abs/2019A&A...623A.165E/abstract target=ref>Esposito et al. 2019</a>,0.05720333563553577
HD 23472 b,8.32,2.0,0.072,17.667087,6.15,543.0,2022-09-01,0,0.78,-0.79,0.11,-0.1,Published Confirmed,<a refstr=BARROS_ET_AL__2022 href=https://ui.adsabs.harvard.edu/abs/2022arXiv220913345B/abstract target=ref>Barros et al. 2022</a>,0.07342548076923076
HD 23472 c,3.41,1.87,0.063,29.79749,3.1,467.0,2022-09-01,0,0.88,-0.81,0.12,-0.11,Published Confirmed,<a refstr=BARROS_ET_AL__2022 href=https://ui.adsabs.harvard.edu/abs/2022arXiv220913345B/abstract target=ref>Barros et al. 2022</a>,0.15464895635673626
HD 23472 d,0.55,0.75,0.07,3.97664,7.5,909.0,2022-09-01,0,0.21,-0.2,0.067,-0.057,Published Confirmed,<a refstr=BARROS_ET_AL__2022 href=https://ui.adsabs.harvard.edu/abs/2022arXiv220913345B/abstract target=ref>Barros et al. 2022</a>,0.22769696969696968
HD 23472 e,0.72,0.818,0.07,7.90754,7.5,723.0,2022-09-01,0,0.28,-0.27,0.08,-0.065,Published Confirmed,<a refstr=BARROS_ET_AL__2022 href=https://ui.adsabs.harvard.edu/abs/2022arXiv220913345B/abstract target=ref>Barros et al. 2022</a>,0.23528762564520517
HD 23472 f,0.77,1.137,0.07,12.1621839,3.0,630.0,2022-09-01,0,0.44,-0.4,0.084,-0.077,Published Confirmed,<a refstr=BARROS_ET_AL__2022 href=https://ui.adsabs.harvard.edu/abs/2022arXiv220913345B/abstract target=ref>Barros et al. 2022</a>,0.30812744862876784
HD 235088 b,4.2,2.07506422,0.0,7.434151,2.58,753.95,2024-06-01,0,2.4,-2.4,0.09254502,-0.07134197,Published Confirmed,<a refstr=POLANSKI_ET_AL__2024 href=https://ui.adsabs.harvard.edu/abs/2024ApJS..272...32P/abstract target=ref>Polanski et al. 2024</a>,0.3054590951062572
HD 25463 b,8.7,2.54535814,0.0,7.0491423,2.87,1198.46,2024-06-01,0,2.7,-2.6,0.1117151,-0.08338345,Published Confirmed,<a refstr=POLANSKI_ET_AL__2024 href=https://ui.adsabs.harvard.edu/abs/2024ApJS..272...32P/abstract target=ref>Polanski et al. 2024</a>,0.1714610410474451
HD 25463 c,4.3,1.36354953,0.0,3.04405,9.09,1585.57,2024-06-01,0,1.9,-1.9,0.13045621,-0.09615242,Published Confirmed,<a refstr=POLANSKI_ET_AL__2024 href=https://ui.adsabs.harvard.edu/abs/2024ApJS..272...32P/abstract target=ref>Polanski et al. 2024</a>,0.26247779372373947
HD 260655 b,2.14,1.24,0.039,2.76953,6.2,709.0,2022-04-01,0,0.34,-0.34,0.023,-0.023,Published Confirmed,<a refstr=LUQUE_ET_AL__2022 href=https://ui.adsabs.harvard.edu/abs/2022arXiv220410261L/abstract target=ref>Luque et al. 2022</a>,0.08871344588483569
HD 260655 c,3.09,1.533,0.038,5.70588,4.7,557.0,2022-04-01,0,0.48,-0.48,0.051,-0.046,Published Confirmed,<a refstr=LUQUE_ET_AL__2022 href=https://ui.adsabs.harvard.edu/abs/2022arXiv220410261L/abstract target=ref>Luque et al. 2022</a>,0.0934885591422365
HD 3167 b,4.73,1.627,0.1,0.95965428,5.5,1777.0,2022-09-01,0,0.28,-0.29,0.083,-0.058,Published Confirmed,<a refstr=BOURRIER_ET_AL__2022 href=https://ui.adsabs.harvard.edu/abs/2022arXiv220906937B/abstract target=ref>Bourrier et al. 2022</a>,0.05179249218070847
HD 3167 c,10.67,2.923,0.15,29.8464948,2.35,565.0,2022-09-01,0,0.85,-0.81,0.098,-0.109,Published Confirmed,<a refstr=BOURRIER_ET_AL__2022 href=https://ui.adsabs.harvard.edu/abs/2022arXiv220906937B/abstract target=ref>Bourrier et al. 2022</a>,0.05659850886916005
HD 332231 b,74.1,9.07303305,0.0,18.712024,0.55,798.3,2024-06-01,0,5.6,-5.4,0.18720815,-0.17534239,Published Confirmed,<a refstr=POLANSKI_ET_AL__2024 href=https://ui.adsabs.harvard.edu/abs/2024ApJS..272...32P/abstract target=ref>Polanski et al. 2024</a>,0.047101794201672494
HD 35843 c,11.32,2.54,0.153,46.9622,3.8,479.0,2025-05-01,0,1.58,-1.48,0.08,-0.07,Published Confirmed,<a refstr=HESSE_ET_AL__2025 href=https://ui.adsabs.harvard.edu/abs/2025arXiv250500898H/abstract target=ref>Hesse et al. 2025</a>,0.08234328482791241
HD 42813 b,5.9,3.42633318,0.0,13.630828,0.8,703.39,2024-06-01,0,2.0,-2.0,0.09657949,-0.09000814,Published Confirmed,<a refstr=POLANSKI_ET_AL__2024 href=https://ui.adsabs.harvard.edu/abs/2024ApJS..272...32P/abstract target=ref>Polanski et al. 2024</a>,0.18310576112394755
HD 5278 b,7.8,2.45,0.08,14.339156,2.9,943.0,2021-04-01,0,1.5,-1.4,0.05,-0.05,Published Confirmed,<a refstr=SOZZETTI_ET_AL__2021 href=https://ui.adsabs.harvard.edu/abs/2021A&A...648A..75S/abstract target=ref>Sozzetti et al. 2021</a>,0.10315279958137102
HD 6061 b,10.0,2.42763557,0.0,5.2549,3.82,1075.31,2024-06-01,0,2.5,-2.5,0.09903199,-0.07283589,Published Confirmed,<a refstr=POLANSKI_ET_AL__2024 href=https://ui.adsabs.harvard.edu/abs/2024ApJS..272...32P/abstract target=ref>Polanski et al. 2024</a>,0.1426991021761969
HD 63433 b,37.3,2.16351593,0.0,7.1079384,20.15,886.44,2024-06-01,0,9.6,-9.6,0.05799703,-0.04762783,Published Confirmed,<a refstr=POLANSKI_ET_AL__2024 href=https://ui.adsabs.harvard.edu/abs/2024ApJS..272...32P/abstract target=ref>Polanski et al. 2024</a>,0.14089155960404603
HD 63433 c,17.2,2.58229101,0.0,20.543847,5.43,622.31,2024-06-01,0,10.3,-9.3,0.05676806,-0.05612688,Published Confirmed,<a refstr=POLANSKI_ET_AL__2024 href=https://ui.adsabs.harvard.edu/abs/2024ApJS..272...32P/abstract target=ref>Polanski et al. 2024</a>,0.2958134476305552
HD 63935 b,10.5,2.91575244,0.0,9.058807,2.32,825.22,2024-06-01,0,1.6,-1.5,0.09298372,-0.07706553,Published Confirmed,<a refstr=POLANSKI_ET_AL__2024 href=https://ui.adsabs.harvard.edu/abs/2024ApJS..272...32P/abstract target=ref>Polanski et al. 2024</a>,0.08838974396703486
HD 63935 c,11.1,3.06451296,0.0,21.4027,2.11,619.59,2024-06-01,0,2.0,-1.9,0.0880571,-0.07912569,Published Confirmed,<a refstr=POLANSKI_ET_AL__2024 href=https://ui.adsabs.harvard.edu/abs/2024ApJS..272...32P/abstract target=ref>Polanski et al. 2024</a>,0.10147644796791215
HD 73583 b,15.9,2.84,0.294,6.3980661,3.8,742.7,2023-01-01,0,5.3,-3.9,0.16,-0.12,Published Confirmed,<a refstr=EL_MUFTI_ET_AL__2023 href=https://ui.adsabs.harvard.edu/abs/2023AJ....165...10E/abstract target=ref>El Mufti et al. 2023</a>,0.16930197537425812
HD 73583 c,9.7,2.39,0.08,18.87974,3.88,498.0,2021-10-01,0,1.8,-1.7,0.1,-0.09,Published Confirmed,<a refstr=BARRAG_AACUTE_N_ET_AL__2021 href=https://ui.adsabs.harvard.edu/abs/2021arXiv211013069B/abstract target=ref>Barrag&aacute;n et al. 2021</a>,0.11008066255445802
HD 77946 b,10.9,2.89646124,0.211,6.527363,2.44,1128.86,2024-06-01,0,1.8,-1.7,0.1867559,-0.14235529,Published Confirmed,<a refstr=POLANSKI_ET_AL__2024 href=https://ui.adsabs.harvard.edu/abs/2024ApJS..272...32P/abstract target=ref>Polanski et al. 2024</a>,0.10868154681986093
HD 80653 b,5.72,1.613,0.0,0.719573,7.47,2463.0,2023-04-01,0,0.36,-0.35,0.071,-0.071,Published Confirmed,<a refstr=BONOMO_ET_AL__2023 href=https://ui.adsabs.harvard.edu/abs/2023arXiv230405773B/abstract target=ref>Bonomo et al. 2023</a>,0.05304014801069978
HD 86226 c,7.25,2.16,0.075,3.98442,3.97,1311.0,2020-08-01,0,1.19,-1.12,0.08,-0.08,Published Confirmed,<a refstr=TESKE_ET_AL__2020 href=https://ui.adsabs.harvard.edu/abs/2020AJ....160...96T/abstract target=ref>Teske et al. 2020</a>,0.09817369093231162
HD 88986 b,17.2,2.49,0.24,146.05,6.1,460.0,2023-11-01,0,4.0,-3.8,0.18,-0.18,Published Confirmed,<a refstr=HEIDARI_ET_AL__2023 href=https://ui.adsabs.harvard.edu/abs/2023arXiv231113513H/abstract target=ref>Heidari et al. 2023</a>,0.14951667133650884
HD 89345 b,35.7,6.86,0.203,11.81399,0.609,1053.0,2018-08-01,0,3.3,-3.3,0.14,-0.14,Published Confirmed,<a refstr=VAN_EYLEN_ET_AL__2018 href=https://ui.adsabs.harvard.edu/abs/2018MNRAS.478.4866V/abstract target=ref>Van Eylen et al. 2018</a>,0.05642256902761104
HD 93963 A b,2.8,1.46954368,0.0,1.0376109,4.81,1842.23,2024-06-01,0,2.3,-2.3,0.07347231,-0.06596084,Published Confirmed,<a refstr=POLANSKI_ET_AL__2024 href=https://ui.adsabs.harvard.edu/abs/2024ApJS..272...32P/abstract target=ref>Polanski et al. 2024</a>,0.43443476981721485
HD 93963 A c,18.4,3.11976057,0.0,3.6451389,3.31,1212.45,2024-06-01,0,3.2,-3.1,0.13502367,-0.10446158,Published Confirmed,<a refstr=POLANSKI_ET_AL__2024 href=https://ui.adsabs.harvard.edu/abs/2024ApJS..272...32P/abstract target=ref>Polanski et al. 2024</a>,0.10478882204854728
HD 95338 b,42.44,3.89,0.197,55.087,3.98,385.0,2020-06-01,0,2.22,-2.08,0.19,-0.2,Published Confirmed,<a refstr=D_IACUTE_AZ_ET_AL__2020 href=https://ui.adsabs.harvard.edu/abs/2020MNRAS.tmp.1860D/abstract target=ref>D&iacute;az et al. 2020</a>,0.050394144826266155
HD 97658 b,7.55,2.247,0.078,9.4903,3.9,757.0,2014-05-01,0,0.83,-0.79,0.098,-0.095,Published Confirmed,<a refstr=VAN_GROOTEL_ET_AL__2014 href=https://ui.adsabs.harvard.edu/abs/2014ApJ...786....2V/abstract target=ref> Van Grootel et al. 2014</a>,0.07511545931735324
HIP 116454 b,9.7,2.469,0.215,9.1004157,3.53,753.2,2024-10-01,0,1.2,-1.2,0.1,-0.091,Published Confirmed,<a refstr=THYGESEN_ET_AL__2024 href=https://ui.adsabs.harvard.edu/abs/2024AJ....168..161T/abstract target=ref>Thygesen et al. 2024</a>,0.08119548379284573
HIP 65 A b,1021.18779,22.75427,0.0,0.9809734,0.48,1411.0,2020-07-01,0,24.79074,-24.79074,6.83749,-5.49241,Published Confirmed,<a refstr=NIELSEN_ET_AL__2020 href=https://ui.adsabs.harvard.edu/abs/2020A&A...639A..76N/abstract target=ref>Nielsen et al. 2020</a>,0.14760616890434333
HIP 8152 b,8.9,2.53625843,0.0,10.751014,2.97,794.96,2024-06-01,0,1.7,-1.7,0.15691518,-0.13542085,Published Confirmed,<a refstr=POLANSKI_ET_AL__2024 href=https://ui.adsabs.harvard.edu/abs/2024ApJS..272...32P/abstract target=ref>Polanski et al. 2024</a>,0.12432129647287764
HIP 8152 c,10.7,2.52442508,0.2,19.60562,3.63,650.68,2024-06-01,0,2.1,-2.2,0.14962921,-0.14078921,Published Confirmed,<a refstr=POLANSKI_ET_AL__2024 href=https://ui.adsabs.harvard.edu/abs/2024ApJS..272...32P/abstract target=ref>Polanski et al. 2024</a>,0.1292281373182406
HIP 9618 b,8.3,3.82838127,0.0,20.772858,0.81,640.88,2024-06-01,0,1.7,-1.7,0.10440228,-0.08816578,Published Confirmed,<a refstr=POLANSKI_ET_AL__2024 href=https://ui.adsabs.harvard.edu/abs/2024ApJS..272...32P/abstract target=ref>Polanski et al. 2024</a>,0.1149846700374317
HIP 97166 b,19.1,2.4801338,0.29,10.288914,6.86,701.66,2024-06-01,0,1.6,-1.5,0.07271432,-0.05203142,Published Confirmed,<a refstr=POLANSKI_ET_AL__2024 href=https://ui.adsabs.harvard.edu/abs/2024ApJS..272...32P/abstract target=ref>Polanski et al. 2024</a>,0.053150413219198306
HR 858 b,3.55,2.004,0.0,3.585287,2.44,1552.0,2025-01-01,0,0.94,-0.96,0.045,-0.047,Published Confirmed,<a refstr=BONFANTI_ET_AL__2025 href=https://ui.adsabs.harvard.edu/abs/2025A&A...693A..90B/abstract target=ref>Bonfanti et al. 2025</a>,0.14527986280959207
HR 858 d,7.1,2.001,0.0,11.230511,4.9,1061.0,2025-01-01,0,1.6,-1.6,0.063,-0.064,Published Confirmed,<a refstr=BONFANTI_ET_AL__2025 href=https://ui.adsabs.harvard.edu/abs/2025A&A...693A..90B/abstract target=ref>Bonfanti et al. 2025</a>,0.1285431228047948
K2-100 b,21.8,3.88,0.0,1.6739035,2.04,1841.0,2019-11-01,0,6.2,-6.2,0.16,-0.16,Published Confirmed,<a refstr=BARRAG_AACUTE_N_ET_AL__2019 href=https://ui.adsabs.harvard.edu/abs/2019MNRAS.490..698B/abstract target=ref>Barrag&aacute;n et al. 2019</a>,0.16282039156341624
K2-107 b,266.9772,16.14096,0.0,3.31392,0.35,1780.0,2017-03-01,0,25.4264,-25.4264,1.68135,-1.68135,Published Confirmed,<a refstr=EIGM_UUML_LLER_ET_AL__2017 href=https://ui.adsabs.harvard.edu/abs/2017AJ....153..130E/abstract target=ref>Eigm&uuml;ller et al. 2017</a>,0.09970238095238096
K2-108 b,59.4,5.28,0.18,4.73401,2.22,1446.0,2017-04-01,0,4.4,-4.4,0.54,-0.54,Published Confirmed,<a refstr=PETIGURA_ET_AL__2017 href=https://ui.adsabs.harvard.edu/abs/2017AJ....153..142P/abstract target=ref>Petigura et al. 2017</a>,0.08817340067340068
K2-110 b,15.9,2.592,0.13,13.86375,5.02,638.0,2023-04-01,0,2.7,-2.7,0.098,-0.097,Published Confirmed,<a refstr=BONOMO_ET_AL__2023 href=https://ui.adsabs.harvard.edu/abs/2023arXiv230405773B/abstract target=ref>Bonomo et al. 2023</a>,0.10371353074772888
K2-111 b,5.58,1.82,0.1,5.3518,5.0,1309.0,2023-04-01,0,0.74,-0.73,0.11,-0.09,Published Confirmed,<a refstr=BONOMO_ET_AL__2023 href=https://ui.adsabs.harvard.edu/abs/2023arXiv230405773B/abstract target=ref>Bonomo et al. 2023</a>,0.09333274252629091
K2-113 b,410.0007,10.42437,0.0,5.817608,1.97,1178.0,2017-11-01,0,41.3179,-44.4962,1.1209,-0.78463,Published Confirmed,<a refstr=ESPINOZA_ET_AL__2017 href=https://ui.adsabs.harvard.edu/abs/2017MNRAS.471.4374E/abstract target=ref>Espinoza et al. 2017</a>,0.09802450612653163
K2-114 b,638.83509807,10.59248676,0.079,11.390931,2.96,701.4,2023-04-01,0,38.13940884,-38.13940884,0.32506044,-0.31385146,Published Confirmed,<a refstr=THYGESEN_ET_AL__2023 href=https://ui.adsabs.harvard.edu/abs/2023AJ....165..155T/abstract target=ref>Thygesen et al. 2023</a>,0.04493011135251734
K2-115 b,321.00669107,11.80305668,0.063,20.2729914,1.07,696.0,2023-04-01,0,69.92224954,-73.10053361,0.33626942,-0.31385146,Published Confirmed,<a refstr=THYGESEN_ET_AL__2023 href=https://ui.adsabs.harvard.edu/abs/2023AJ....165..155T/abstract target=ref>Thygesen et al. 2023</a>,0.1251563190346166
K2-131 b,7.9,1.69,0.0,0.3693038,8.8,2223.0,2023-04-01,0,1.3,-1.3,0.085,-0.058,Published Confirmed,<a refstr=BONOMO_ET_AL__2023 href=https://ui.adsabs.harvard.edu/abs/2023arXiv230405773B/abstract target=ref>Bonomo et al. 2023</a>,0.10343232716650438
K2-136 c,18.1,3.0,0.047,17.30713,3.69,470.0,2023-04-01,0,1.9,-1.8,0.13,-0.13,Published Confirmed,<a refstr=MAYO_ET_AL__2023 href=https://ui.adsabs.harvard.edu/abs/2023arXiv230402779M/abstract target=ref>Mayo et al. 2023</a>,0.07277163904235727
K2-139 b,123.00021,9.056872,0.12,28.38236,0.91,565.0,2018-04-01,0,26.37989,-23.83725,0.381106,-0.369897,Published Confirmed,<a refstr=BARRAG_AACUTE_N_ET_AL__2018 href=https://ui.adsabs.harvard.edu/abs/2018MNRAS.475.1765B/abstract target=ref>Barrag&aacute;n et al. 2018</a>,0.12279738148233427
K2-140 b,323.86877,12.273855,0.12,6.5693,0.963,1114.0,2018-04-01,0,22.2481,-22.2481,0.201762,-0.201762,Published Confirmed,<a refstr=GILES_ET_AL__2018 href=https://ui.adsabs.harvard.edu/abs/2018MNRAS.475.1809G/abstract target=ref>Giles et al. 2018</a>,0.04256657749337922
K2-141 b,4.97,1.51,0.0,0.2803244,7.93,2103.0,2023-04-01,0,0.35,-0.34,0.05,-0.05,Published Confirmed,<a refstr=BONOMO_ET_AL__2023 href=https://ui.adsabs.harvard.edu/abs/2023arXiv230405773B/abstract target=ref>Bonomo et al. 2023</a>,0.051264540887710375
K2-167 b,6.5,2.3,0.47,9.97748,2.87,1174.0,2023-04-01,0,1.6,-1.5,0.21,-0.14,Published Confirmed,<a refstr=BONOMO_ET_AL__2023 href=https://ui.adsabs.harvard.edu/abs/2023arXiv230405773B/abstract target=ref>Bonomo et al. 2023</a>,0.1572742474916388
K2-18 b,8.92,2.37,0.2,32.939623,4.11,284.0,2018-06-01,0,1.7,-1.6,0.22,-0.22,Published Confirmed,<a refstr=SARKIS_ET_AL__2018 href=https://ui.adsabs.harvard.edu/abs/2018AJ....155..257S/abstract target=ref>Sarkis et al. 2018</a>,0.1389022913473728
K2-180 b,11.44182265,2.24179614,0.0,8.8665,5.6,729.0,2019-01-01,0,1.90697044,-1.90697044,0.12329879,-0.12329879,Published Confirmed,<a refstr=KORTH_ET_AL__2019 href=https://ui.adsabs.harvard.edu/abs/2019MNRAS.482.1807K/abstract target=ref>Korth et al. 2019</a>,0.11083333377348263
K2-182 b,20.0,2.69,0.04,4.7369683,5.6,969.0,2021-12-01,0,5.0,-5.0,0.07,-0.05,Published Confirmed,<a refstr=AKANA_MURPHY_ET_AL__2021 href=https://ui.adsabs.harvard.edu/abs/2021AJ....162..294A/abstract target=ref>Akana Murphy et al. 2021</a>,0.1361524163568773
K2-199 b,6.9,1.73,0.02,3.2253993,7.2,913.0,2021-12-01,0,1.8,-1.8,0.05,-0.04,Published Confirmed,<a refstr=AKANA_MURPHY_ET_AL__2021 href=https://ui.adsabs.harvard.edu/abs/2021AJ....162..294A/abstract target=ref>Akana Murphy et al. 2021</a>,0.14344056295551647
K2-199 c,12.4,2.85,0.03,7.3744897,2.9,694.0,2021-12-01,0,2.3,-2.3,0.1,-0.09,Published Confirmed,<a refstr=AKANA_MURPHY_ET_AL__2021 href=https://ui.adsabs.harvard.edu/abs/2021AJ....162..294A/abstract target=ref>Akana Murphy et al. 2021</a>,0.10940860215053762
K2-216 b,8.0,1.75,0.0,2.1748,8.2,1103.0,2018-10-01,0,1.6,-1.6,0.17,-0.1,Published Confirmed,<a refstr=PERSSON_ET_AL__2018 href=https://ui.adsabs.harvard.edu/abs/2018A&A...618A..33P/abstract target=ref>Persson et al. 2018</a>,0.13857142857142857
K2-222 b,8.7,2.35,0.16,15.38857,3.68,871.0,2023-04-01,0,1.7,-1.7,0.08,-0.07,Published Confirmed,<a refstr=BONOMO_ET_AL__2023 href=https://ui.adsabs.harvard.edu/abs/2023arXiv230405773B/abstract target=ref>Bonomo et al. 2023</a>,0.113658596233798
K2-229 b,2.59,1.164,0.0,0.584249,8.9,1960.0,2018-03-01,0,0.43,-0.43,0.066,-0.048,Published Confirmed,<a refstr=SANTERNE_ET_AL__2018 href=https://ui.adsabs.harvard.edu/abs/2018NatAs...2..393S/abstract target=ref>Santerne et al. 2018</a>,0.10749611909405725
K2-232 b,123.00021,11.859122,0.255,11.168459,0.405,1001.0,2018-09-01,0,13.98452,-13.34886,0.257807,-0.246598,Published Confirmed,<a refstr=YU_ET_AL__2018 href=https://ui.adsabs.harvard.edu/abs/2018AJ....156..127Y/abstract target=ref>Yu et al. 2018</a>,0.06618882587691662
K2-237 b,392.83788,18.405178,0.0,2.1805577,0.37,1838.0,2019-06-01,0,13.98452,-13.98452,0.56045,-0.56045,Published Confirmed,<a refstr=SMITH_ET_AL__2019 href=https://ui.adsabs.harvard.edu/abs/2019AcA....69..135S/abstract target=ref>Smith et al. 2019</a>,0.033024687708178124
K2-238 b,273.3338,14.5717,0.0,3.20466,0.56,1587.0,2018-08-01,0,41.3179,-38.1396,1.68135,-1.56926,Published Confirmed,<a refstr=SOTO_ET_AL__2018 href=https://ui.adsabs.harvard.edu/abs/2018MNRAS.478.5356S/abstract target=ref>Soto et al. 2018</a>,0.12844364937388192
K2-24 b,21.0,5.68,0.0,20.8851,0.63,767.0,2016-02-01,0,5.4,-5.4,0.56,-0.56,Published Confirmed,<a refstr=PETIGURA_ET_AL__2016 href=https://ui.adsabs.harvard.edu/abs/2016ApJ...818...36P/abstract target=ref>Petigura et al. 2016</a>,0.1778672032193159
K2-24 c,27.0,7.82,0.0,42.3633,0.31,606.0,2016-02-01,0,6.9,-6.9,0.72,-0.72,Published Confirmed,<a refstr=PETIGURA_ET_AL__2016 href=https://ui.adsabs.harvard.edu/abs/2016ApJ...818...36P/abstract target=ref>Petigura et al. 2016</a>,0.17381358340437628
K2-260 b,546.66486004,18.41635529,0.053,2.62669762,0.48,2090.0,2023-04-01,0,108.06165838,-111.23994245,0.65012088,-0.81825559,Published Confirmed,<a refstr=THYGESEN_ET_AL__2023 href=https://ui.adsabs.harvard.edu/abs/2023AJ....165..155T/abstract target=ref>Thygesen et al. 2023</a>,0.12022374695151039
K2-261 b,68.96876432,9.26982704,0.274,11.6334681,0.473,1036.0,2023-04-01,0,7.94571018,-9.2170238,0.36989636,-0.33626942,Published Confirmed,<a refstr=THYGESEN_ET_AL__2023 href=https://ui.adsabs.harvard.edu/abs/2023AJ....165..155T/abstract target=ref>Thygesen et al. 2023</a>,0.08125672148451796
K2-263 b,14.9,2.41,0.15,50.818947,5.8,470.0,2023-04-01,0,2.1,-2.1,0.12,-0.12,Published Confirmed,<a refstr=BONOMO_ET_AL__2023 href=https://ui.adsabs.harvard.edu/abs/2023arXiv230405773B/abstract target=ref>Bonomo et al. 2023</a>,0.09536606421788409
K2-265 b,7.3418362,1.70824866,0.16,2.36902,7.9,1366.0,2023-04-01,0,1.43022783,-1.39844499,0.11208981,-0.08070466,Published Confirmed,<a refstr=THYGESEN_ET_AL__2023 href=https://ui.adsabs.harvard.edu/abs/2023AJ....165..155T/abstract target=ref>Thygesen et al. 2023</a>,0.12453556962648482
K2-266 d,8.9,2.93,0.047,14.697,2.03,538.3,2018-11-01,0,5.7,-3.8,0.14,-0.12,Published Confirmed,<a refstr=RODRIGUEZ_ET_AL__2018 href=https://ui.adsabs.harvard.edu/abs/2018AJ....156..245R/abstract target=ref>Rodriguez et al. 2018</a>,0.2890382329255666
K2-266 e,14.3,2.73,0.043,19.482,2.21,490.1,2018-11-01,0,6.4,-5.0,0.14,-0.11,Published Confirmed,<a refstr=RODRIGUEZ_ET_AL__2018 href=https://ui.adsabs.harvard.edu/abs/2018AJ....156..245R/abstract target=ref>Rodriguez et al. 2018</a>,0.2221944721944722
K2-27 b,30.9,4.48,0.251,6.771315,1.87,902.0,2017-04-01,0,4.6,-4.6,0.23,-0.23,Published Confirmed,<a refstr=PETIGURA_ET_AL__2017 href=https://ui.adsabs.harvard.edu/abs/2017AJ....153..142P/abstract target=ref>Petigura et al. 2017</a>,0.10010329981507166
K2-280 b,37.1,7.5,0.35,19.89526,0.48,787.0,2020-10-01,0,5.6,-5.6,0.44,-0.44,Published Confirmed,<a refstr=NOWAK_ET_AL__2020 href=https://ui.adsabs.harvard.edu/abs/2020MNRAS.497.4423N/abstract target=ref>Nowak et al. 2020</a>,0.10480503144654087
K2-285 b,9.68,2.59,0.0,3.471745,3.07,1088.9,2019-03-01,0,1.21,-1.37,0.06,-0.06,Published Confirmed,<a refstr=PALLE_ET_AL__2019 href=https://ui.adsabs.harvard.edu/abs/2019A&A...623A..41P/abstract target=ref>Palle et al. 2019</a>,0.07821524298797028
K2-285 c,15.68,3.53,0.0,7.138048,1.95,741.4,2019-03-01,0,2.28,-2.13,0.08,-0.08,Published Confirmed,<a refstr=PALLE_ET_AL__2019 href=https://ui.adsabs.harvard.edu/abs/2019A&A...623A..41P/abstract target=ref>Palle et al. 2019</a>,0.0816439447592068
K2-29 b,232.0159,13.33871,0.066,3.2588321,0.53,1171.0,2016-06-01,0,12.7132,-12.7132,0.22418,-0.22418,Published Confirmed,<a refstr=SANTERNE_ET_AL__2016 href=https://ui.adsabs.harvard.edu/abs/2016ApJ...824...55S/abstract target=ref>Santerne et al. 2016</a>,0.03580062161851042
K2-290 c,246.00042,11.276254,0.0,48.36685,1.01,676.0,2019-04-01,0,14.93801,-14.93801,0.56045,-0.56045,Published Confirmed,<a refstr=HJORTH_ET_AL__2019 href=https://ui.adsabs.harvard.edu/abs/2019MNRAS.484.3522H/abstract target=ref>Hjorth et al. 2019</a>,0.05521265173814991
K2-292 b,24.5,2.63,0.04,16.9841,7.4,795.0,2019-03-01,0,4.4,-4.4,0.11,-0.1,Published Confirmed,<a refstr=LUQUE_ET_AL__2019 href=https://ui.adsabs.harvard.edu/abs/2019A&A...623A.114L/abstract target=ref>Luque et al. 2019</a>,0.10975789555365874
K2-295 b,106.47305,10.054473,0.0,4.024867,0.612,852.0,2019-06-01,0,19.70546,-19.70546,0.123299,-0.056045,Published Confirmed,<a refstr=SMITH_ET_AL__2019 href=https://ui.adsabs.harvard.edu/abs/2019AcA....69..135S/abstract target=ref>Smith et al. 2019</a>,0.0969966222399707
K2-3 b,5.11,2.078,0.107,10.0546535,3.11,501.3,2022-11-01,0,0.65,-0.64,0.076,-0.067,Published Confirmed,<a refstr=DIAMOND_LOWE_ET_AL__2022 href=https://ui.adsabs.harvard.edu/abs/2022AJ....164..172D/abstract target=ref>Diamond-Lowe et al. 2022</a>,0.08031558833667025
K2-3 c,2.68,1.582,0.048,24.646729,3.7,371.8,2022-11-01,0,0.85,-0.85,0.057,-0.051,Published Confirmed,<a refstr=DIAMOND_LOWE_ET_AL__2022 href=https://ui.adsabs.harvard.edu/abs/2022AJ....164..172D/abstract target=ref>Diamond-Lowe et al. 2022</a>,0.1756490933449063
K2-30 b,187.20187,11.982421,0.08,4.09849,0.598,1203.0,2016-12-01,0,7.31009,-6.99226,0.257807,-0.212971,Published Confirmed,<a refstr=BRAHM_ET_AL__2016 href=https://ui.adsabs.harvard.edu/abs/2016PASP..128l4402B/abstract target=ref>Brahm et al. 2016</a>,0.02892243357722893
K2-32 b,15.0,5.299,0.03,8.992,0.55,837.0,2020-08-01,0,1.8,-1.7,0.191,-0.191,Published Confirmed,<a refstr=LILLO_BOX_ET_AL__2020 href=https://ui.adsabs.harvard.edu/abs/2020A&A...640A..48L/abstract target=ref>Lillo-Box et al. 2020</a>,0.07635560168585268
K2-32 c,8.1,3.134,0.049,20.66093,1.43,634.0,2020-08-01,0,2.4,-2.4,0.123,-0.102,Published Confirmed,<a refstr=LILLO_BOX_ET_AL__2020 href=https://ui.adsabs.harvard.edu/abs/2020A&A...640A..48L/abstract target=ref>Lillo-Box et al. 2020</a>,0.16609645701860123
K2-32 d,6.7,3.484,0.05,31.71701,0.87,550.0,2020-08-01,0,2.5,-2.5,0.112,-0.129,Published Confirmed,<a refstr=LILLO_BOX_ET_AL__2020 href=https://ui.adsabs.harvard.edu/abs/2020A&A...640A..48L/abstract target=ref>Lillo-Box et al. 2020</a>,0.2038605051664753
K2-32 e,2.1,1.212,0.043,4.34934,6.3,1066.0,2020-08-01,0,1.3,-1.1,0.052,-0.046,Published Confirmed,<a refstr=LILLO_BOX_ET_AL__2020 href=https://ui.adsabs.harvard.edu/abs/2020A&A...640A..48L/abstract target=ref>Lillo-Box et al. 2020</a>,0.3059288071664309
K2-329 b,82.6358,8.675766,0.0697,12.4551225,0.694,650.0,2021-02-01,0,6.3566,-6.99226,0.291434,-0.269016,Published Confirmed,<a refstr=SHA_ET_AL__2021 href=https://ui.adsabs.harvard.edu/abs/2021AJ....161...82S/abstract target=ref>Sha et al. 2021</a>,0.05653448618564897
K2-34 b,559.3808,15.13215,0.0,2.995607,0.94,1742.0,2016-10-01,0,41.3179,-41.3179,0.751003,-0.751003,Published Confirmed,<a refstr=LILLO_BOX_ET_AL__2016 href=https://ui.adsabs.harvard.edu/abs/2016A&A...594A..50L/abstract target=ref>Lillo-Box et al. 2016</a>,0.061746632996633
K2-36 b,3.9,1.43,0.0,1.422614,7.2,1224.0,2019-04-01,0,1.1,-1.1,0.08,-0.08,Published Confirmed,<a refstr=DAMASSO_ET_AL__2019 href=https://ui.adsabs.harvard.edu/abs/2019A&A...624A..38D/abstract target=ref>Damasso et al. 2019</a>,0.16899766899766902
K2-36 c,7.8,3.2,0.0,5.340888,1.3,788.0,2019-04-01,0,2.3,-2.3,0.3,-0.3,Published Confirmed,<a refstr=DAMASSO_ET_AL__2019 href=https://ui.adsabs.harvard.edu/abs/2019A&A...624A..38D/abstract target=ref>Damasso et al. 2019</a>,0.19431089743589744
K2-38 b,7.7,1.655,0.11,4.01593,9.3,1310.0,2023-04-01,0,1.2,-1.1,0.096,-0.096,Published Confirmed,<a refstr=BONOMO_ET_AL__2023 href=https://ui.adsabs.harvard.edu/abs/2023arXiv230405773B/abstract target=ref>Bonomo et al. 2023</a>,0.10367834582336094
K2-38 c,8.3,2.29,0.161,10.56103,3.8,916.0,2020-09-01,0,1.3,-1.3,0.26,-0.26,Published Confirmed,<a refstr=TOLEDO_PADR_OACUTE_N_ET_AL__2020 href=https://ui.adsabs.harvard.edu/abs/2020A&A...641A..92T/abstract target=ref>Toledo-Padr&oacute;n et al. 2020</a>,0.13508181196401325
K2-39 b,39.8,5.71,0.152,4.60497,1.17,1670.0,2017-04-01,0,4.4,-4.4,0.63,-0.63,Published Confirmed,<a refstr=PETIGURA_ET_AL__2017 href=https://ui.adsabs.harvard.edu/abs/2017AJ....153..142P/abstract target=ref>Petigura et al. 2017</a>,0.11044275669063357
K2-419 A b,196.0,10.55,0.042,20.35847252,0.916,377.0,2024-08-01,0,15.0,-15.0,0.39,-0.39,Published Confirmed,<a refstr=KANODIA_ET_AL__2024 href=https://ui.adsabs.harvard.edu/abs/2024arXiv240814694K/abstract target=ref>Kanodia et al. 2024</a>,0.05674871844472386
K2-60 b,135.39558,7.655747,0.0,3.00265,1.7,1400.0,2017-03-01,0,11.75971,-11.75971,0.414733,-0.414733,Published Confirmed,<a refstr=EIGM_UUML_LLER_ET_AL__2017 href=https://ui.adsabs.harvard.edu/abs/2017AJ....153..130E/abstract target=ref>Eigm&uuml;ller et al. 2017</a>,0.07051361364870531
K2-66 b,21.3,2.49,0.0,5.06963,7.8,1372.0,2017-06-01,0,3.6,-3.6,0.34,-0.24,Published Confirmed,<a refstr=SINUKOFF_ET_AL__2017 href=https://ui.adsabs.harvard.edu/abs/2017AJ....153..271S/abstract target=ref>Sinukoff et al. 2017</a>,0.14273997398042876
K2-79 b,9.2,4.09,0.23,10.9947,0.73,1022.0,2023-04-01,0,2.4,-2.4,0.17,-0.12,Published Confirmed,<a refstr=BONOMO_ET_AL__2023 href=https://ui.adsabs.harvard.edu/abs/2023arXiv230405773B/abstract target=ref>Bonomo et al. 2023</a>,0.14816094397788881
K2-97 b,174.48779544,13.45077684,0.207,8.407115,0.392,1566.0,2023-04-01,0,18.75187601,-14.62010672,1.23298788,-1.23298788,Published Confirmed,<a refstr=THYGESEN_ET_AL__2023 href=https://ui.adsabs.harvard.edu/abs/2023AJ....165..155T/abstract target=ref>Thygesen et al. 2023</a>,0.09364754108878252
K2-98 b,32.2,4.3,0.0,10.13675,2.15,1102.0,2016-12-01,0,8.1,-8.1,0.3,-0.2,Published Confirmed,<a refstr=BARRAG_AACUTE_N_ET_AL__2016 href=https://ui.adsabs.harvard.edu/abs/2016AJ....152..193B/abstract target=ref>Barrag&aacute;n et al. 2016</a>,0.1548461649573884
KELT-11 b,61.97685,15.35633,0.0,4.736529,0.093,1712.0,2017-05-01,0,6.03877,-5.72094,1.68135,-1.34508,Published Confirmed,<a refstr=PEPPER_ET_AL__2017 href=https://ui.adsabs.harvard.edu/abs/2017AJ....153..215P/abstract target=ref>Pepper et al. 2017</a>,0.09670597042859816
KELT-12 b,301.9385,19.95202,0.0,5.031623,0.209,1800.0,2017-04-01,0,44.4962,-44.4962,1.90553,-1.79344,Published Confirmed,<a refstr=STEVENS_ET_AL__2017 href=https://ui.adsabs.harvard.edu/abs/2017AJ....153..178S/abstract target=ref>Stevens et al. 2017</a>,0.12003252513305737
KELT-14 b,408.09372,19.537287,0.0,1.7100566,0.322,1970.0,2016-06-01,0,10.17056,-10.17056,0.526823,-0.526823,Published Confirmed,<a refstr=TURNER_ET_AL__2016 href=https://ui.adsabs.harvard.edu/abs/2016PASP..128f4401T/abstract target=ref>Turner et al. 2016</a>,0.025943560624339817
KELT-15 b,289.2253,16.174587,0.0,3.329441,0.36,1642.0,2016-06-01,0,66.7443,-69.9226,1.23299,-0.638913,Published Confirmed,<a refstr=RODRIGUEZ_ET_AL__2016 href=https://ui.adsabs.harvard.edu/abs/2016AJ....151..138R/abstract target=ref>Rodriguez et al. 2016</a>,0.14706464706464706
KELT-16 b,874.0325,15.860735,0.0,0.9689951,1.2,2453.0,2017-03-01,0,50.8528,-47.6745,0.941556,-0.751003,Published Confirmed,<a refstr=OBERST_ET_AL__2017 href=https://ui.adsabs.harvard.edu/abs/2017AJ....153...97O/abstract target=ref>Oberst et al. 2017</a>,0.05486026341150016
KELT-18 b,375.0394,17.59813,0.0,2.8717518,0.377,2085.0,2017-06-01,0,34.9613,-34.9613,0.470778,-0.403524,Published Confirmed,<a refstr=MCLEOD_ET_AL__2017 href=https://ui.adsabs.harvard.edu/abs/2017AJ....153..263M/abstract target=ref>McLeod et al. 2017</a>,0.05903055165713052
KELT-23 A b,298.12454,14.829507,0.0,2.255251,0.503,1561.0,2019-08-01,0,15.25584,-13.98452,0.280225,-0.280225,Published Confirmed,<a refstr=JOHNS_ET_AL__2019 href=https://ui.adsabs.harvard.edu/abs/2019AJ....158...78J/abstract target=ref>Johns et al. 2019</a>,0.033968479597477466
KELT-24 b,1646.3594,14.257848,0.077,5.5514926,3.13,1459.0,2019-11-01,0,66.7443,-69.9226,0.235389,-0.235389,Published Confirmed,<a refstr=RODRIGUEZ_ET_AL__2019 href=https://ui.adsabs.harvard.edu/abs/2019AJ....158..197R/abstract target=ref>Rodriguez et al. 2019</a>,0.029007612734027827
KELT-3 b,469.415,15.076,0.0,2.7033904,0.75,1816.0,2013-08-01,0,20.976,-20.34,0.807,-0.807,Published Confirmed,<a refstr=PEPPER_ET_AL__2013 href=https://ui.adsabs.harvard.edu/abs/2013ApJ...773...64P/abstract target=ref> Pepper et al. 2013 </a>,0.048768377420208876
KELT-4 A b,286.68266,19.044091,0.0,2.9895932,0.228,1823.0,2016-02-01,0,19.0698,-18.75197,0.515614,-0.504405,Published Confirmed,<a refstr=EASTMAN_ET_AL__2016 href=https://ui.adsabs.harvard.edu/abs/2016AJ....151...45E/abstract target=ref>Eastman et al. 2016</a>,0.046372491187590466
KELT-6 b,136.661,13.372,0.22,7.8457,0.311,1313.0,2014-02-01,0,14.302,-14.62,1.457,-0.863,Published Confirmed,<a refstr=COLLINS_ET_AL__2014 href=https://ui.adsabs.harvard.edu/abs/2014AJ....147...39C/abstract target=ref> Collins et al. 2014 </a>,0.09628250609654244
KELT-7 b,406.8224,17.183397,0.0,2.7347749,0.442,2048.0,2015-07-01,0,57.2094,-57.2094,0.515614,-0.526823,Published Confirmed,<a refstr=BIERYLA_ET_AL__2015 href=https://ui.adsabs.harvard.edu/abs/2015AJ....150...12B/abstract target=ref>Bieryla et al. 2015</a>,0.08547884050880626
KELT-8 b,275.55861,20.84874,0.035,3.24406,0.167,1675.0,2015-09-01,0,20.65895,-19.38763,2.01762,-1.79344,Published Confirmed,<a refstr=FULTON_ET_AL__2015 href=https://ui.adsabs.harvard.edu/abs/2015ApJ...810...30F/abstract target=ref>Fulton et al. 2015</a>,0.08203110466197865
KELT-9 b,915.3504,21.196219,0.0,1.4811235,0.53,4050.0,2017-06-01,0,266.9772,-266.9772,0.683749,-0.594077,Published Confirmed,<a refstr=GAUDI_ET_AL__2017 href=https://ui.adsabs.harvard.edu/abs/2017Natur.546..514G/abstract target=ref>Gaudi et al. 2017</a>,0.1609047241318526
KOI-1257 b,460.83,10.54,0.772,86.647661,2.1,511.0,2014-06-01,0,111.24,-111.24,1.35,-1.35,Published Confirmed,<a refstr=SANTERNE_ET_AL__2014 href=https://ui.adsabs.harvard.edu/abs/2014A&A...571A..37S/abstract target=ref>Santerne et al. 2014</a>,0.18473701296575634
KOI-13 b,2949.4624,16.948008,0.00064,1.763588,3.6,2550.0,2015-05-01,0,50.8528,-50.8528,0.392315,-0.392315,Published Confirmed,<a refstr=ESTEVES_ET_AL__2015 href=https://ui.adsabs.harvard.edu/abs/2015ApJ...804..150E/abstract target=ref>Esteves et al. 2015</a>,0.020194763729246487
KOI-3680 b,613.4119,11.09691,0.496,141.241671,2.46,347.0,2019-03-01,0,60.3877,-66.7443,0.67254,-0.78463,Published Confirmed,<a refstr=H_EACUTE_BRARD_ET_AL__2019 href=https://ui.adsabs.harvard.edu/abs/2019A&A...623A.104H/abstract target=ref>H&eacute;brard et al. 2019</a>,0.08464175433087351
KOI-94 b,10.5,1.71,0.25,3.743208,10.1,1486.0,2013-05-01,0,4.6,-4.6,0.16,-0.16,Published Confirmed,<a refstr=WEISS_ET_AL__2013 href=https://ui.adsabs.harvard.edu/abs/2013ApJ...768...14W/abstract target=ref> Weiss et al. 2013 </a>,0.2658312447786132
KOI-94 c,15.6,4.32,0.43,10.423648,0.91,1012.0,2013-05-01,0,5.7,-15.6,0.41,-0.41,Published Confirmed,<a refstr=WEISS_ET_AL__2013 href=https://ui.adsabs.harvard.edu/abs/2013ApJ...768...14W/abstract target=ref> Weiss et al. 2013 </a>,0.3887998575498576
KOI-94 d,106.0,11.27,0.022,22.342989,0.363,806.0,2013-05-01,0,11.0,-11.0,1.06,-1.06,Published Confirmed,<a refstr=WEISS_ET_AL__2013 href=https://ui.adsabs.harvard.edu/abs/2013ApJ...768...14W/abstract target=ref> Weiss et al. 2013 </a>,0.09891429910766604
KOI-94 e,35.0,6.56,0.019,54.32031,0.6,584.0,2013-05-01,0,18.0,-28.0,0.62,-0.62,Published Confirmed,<a refstr=WEISS_ET_AL__2013 href=https://ui.adsabs.harvard.edu/abs/2013ApJ...768...14W/abstract target=ref> Weiss et al. 2013 </a>,0.37582752613240417
KPS-1 b,346.4347,11.54527,0.0,1.706291,1.31,1459.0,2018-07-01,0,27.33338,-27.65121,1.45717,-1.34508,Published Confirmed,<a refstr=BURDANOV_ET_AL__2018 href=https://ui.adsabs.harvard.edu/abs/2018PASP..130g4401B/abstract target=ref>Burdanov et al. 2018</a>,0.10035851073305424
Kepler-10 b,3.26,1.47,0.0,0.8374907,5.57,2188.0,2023-04-01,0,0.3,-0.3,0.03,-0.02,Published Confirmed,<a refstr=BONOMO_ET_AL__2023 href=https://ui.adsabs.harvard.edu/abs/2023arXiv230405773B/abstract target=ref>Bonomo et al. 2023</a>,0.05451567129919452
Kepler-10 c,11.29,2.355,0.136,45.294301,4.75,579.0,2025-04-01,0,1.24,-1.24,0.022,-0.022,Published Confirmed,<a refstr=BONOMO_ET_AL__2025 href=https://ui.adsabs.harvard.edu/abs/2025A&A...696A.233B/abstract target=ref>Bonomo et al. 2025</a>,0.05958676768987455
Kepler-101 b,51.1,5.77,0.086,3.4876812,1.45,1513.0,2014-12-01,0,5.1,-4.7,0.85,-0.79,Published Confirmed,<a refstr=BONOMO_ET_AL__2014 href=https://ui.adsabs.harvard.edu/abs/2014A&A...572A...2B/abstract target=ref>Bonomo et al. 2014</a>,0.11900239785380214
Kepler-102 d,3.0,1.154,0.092,10.311767,10.7,686.0,2023-04-01,0,1.3,-1.3,0.058,-0.058,Published Confirmed,<a refstr=BONOMO_ET_AL__2023 href=https://ui.adsabs.harvard.edu/abs/2023arXiv230405773B/abstract target=ref>Bonomo et al. 2023</a>,0.24179664933564415
Kepler-102 e,4.7,2.17,0.089,16.1456994,2.5,590.0,2023-04-01,0,1.8,-1.8,0.11,-0.11,Published Confirmed,<a refstr=BONOMO_ET_AL__2023 href=https://ui.adsabs.harvard.edu/abs/2023arXiv230405773B/abstract target=ref>Bonomo et al. 2023</a>,0.21683498382194333
Kepler-103 b,9.8,3.486,0.093,15.9653287,1.28,973.0,2023-04-01,0,3.9,-3.9,0.057,-0.054,Published Confirmed,<a refstr=BONOMO_ET_AL__2023 href=https://ui.adsabs.harvard.edu/abs/2023arXiv230405773B/abstract target=ref>Bonomo et al. 2023</a>,0.20694000491762968
Kepler-103 c,38.0,5.45,0.095,179.60978,1.29,434.0,2023-04-01,0,17.0,-16.0,0.18,-0.18,Published Confirmed,<a refstr=BONOMO_ET_AL__2023 href=https://ui.adsabs.harvard.edu/abs/2023arXiv230405773B/abstract target=ref>Bonomo et al. 2023</a>,0.23361902462578465
Kepler-107 b,3.51,1.536,0.0,3.1800218,5.3,1593.0,2019-02-01,0,1.52,-1.52,0.025,-0.025,Published Confirmed,<a refstr=BONOMO_ET_AL__2019 href=https://ui.adsabs.harvard.edu/abs/2019NatAs...3..416B/abstract target=ref>Bonomo et al. 2019</a>,0.22466223735754987
Kepler-107 c,9.39,1.597,0.0,4.901452,12.65,1379.0,2019-02-01,0,1.77,-1.77,0.026,-0.026,Published Confirmed,<a refstr=BONOMO_ET_AL__2019 href=https://ui.adsabs.harvard.edu/abs/2019NatAs...3..416B/abstract target=ref>Bonomo et al. 2019</a>,0.10238946427106733
Kepler-107 e,14.1,2.903,0.1,14.749143,3.18,955.0,2023-04-01,0,3.3,-3.3,0.035,-0.035,Published Confirmed,<a refstr=BONOMO_ET_AL__2023 href=https://ui.adsabs.harvard.edu/abs/2023arXiv230405773B/abstract target=ref>Bonomo et al. 2023</a>,0.12304952323715013
Kepler-111 c,222.4798849,7.0840758,0.176,224.77833,3.42,352.2,2024-03-01,0,44.49597698,-41.31769291,0.25780656,-0.23538859,Published Confirmed,<a refstr=DALBA_ET_AL__2024 href=https://ui.adsabs.harvard.edu/abs/2024ApJS..271...16D/abstract target=ref>Dalba et al. 2024</a>,0.11383363469737495
Kepler-117 b,29.875,8.059,0.0493,18.7959228,0.3,984.0,2015-01-01,0,10.488,-10.488,0.269,-0.269,Published Confirmed,<a refstr=BRUNO_ET_AL__2015 href=https://ui.adsabs.harvard.edu/abs/2015A&A...573A.124B/abstract target=ref>Bruno et al. 2015</a>,0.1922207963133813
Kepler-117 c,584.78,12.341,0.0323,50.790391,1.74,704.0,2015-01-01,0,57.21,-57.21,0.392,-0.392,Published Confirmed,<a refstr=BRUNO_ET_AL__2015 href=https://ui.adsabs.harvard.edu/abs/2015A&A...573A.124B/abstract target=ref>Bruno et al. 2015</a>,0.06479785088009693
Kepler-138 b,0.07,0.64,0.02,10.3134,1.7,452.0,2022-12-01,0,0.02,-0.02,0.02,-0.02,Published Confirmed,<a refstr=PIAULET_ET_AL__2022 href=https://ui.adsabs.harvard.edu/abs/2022NatAs.tmp..269P/abstract target=ref>Piaulet et al. 2022</a>,0.15848214285714285
Kepler-138 c,2.3,1.51,0.017,13.7815,3.6,410.0,2022-12-01,0,0.6,-0.5,0.04,-0.04,Published Confirmed,<a refstr=PIAULET_ET_AL__2022 href=https://ui.adsabs.harvard.edu/abs/2022NatAs.tmp..269P/abstract target=ref>Piaulet et al. 2022</a>,0.13281025050388715
Kepler-138 d,2.1,1.51,0.01,23.0923,3.6,345.0,2022-12-01,0,0.6,-0.7,0.04,-0.04,Published Confirmed,<a refstr=PIAULET_ET_AL__2022 href=https://ui.adsabs.harvard.edu/abs/2022NatAs.tmp..269P/abstract target=ref>Piaulet et al. 2022</a>,0.16800693787448756
Kepler-1514 b,1678.1424,12.419572,0.401,217.83184,4.82,387.9,2021-03-01,0,69.9226,-69.9226,0.257807,-0.257807,Published Confirmed,<a refstr=DALBA_ET_AL__2021 href=https://ui.adsabs.harvard.edu/abs/2021AJ....161..103D/abstract target=ref>Dalba et al. 2021</a>,0.031212394705174493
Kepler-1655 b,5.4,2.213,0.19,11.8728787,2.72,938.0,2023-04-01,0,1.7,-1.7,0.082,-0.082,Published Confirmed,<a refstr=BONOMO_ET_AL__2023 href=https://ui.adsabs.harvard.edu/abs/2023arXiv230405773B/abstract target=ref>Bonomo et al. 2023</a>,0.1759342939867115
Kepler-1656 b,48.6,5.02,0.836,31.578659,2.13,651.0,2018-10-01,0,4.2,-3.8,0.53,-0.53,Published Confirmed,<a refstr=BRADY_ET_AL__2018 href=https://ui.adsabs.harvard.edu/abs/2018AJ....156..147B/abstract target=ref>Brady et al. 2018</a>,0.09394110799599954
Kepler-1661 b,17.0,3.87,0.057,175.06,1.6,243.0,2020-03-01,0,12.0,-12.0,0.06,-0.06,Published Confirmed,<a refstr=SOCIA_ET_AL__2020 href=https://ui.adsabs.harvard.edu/abs/2020AJ....159...94S/abstract target=ref>Socia et al. 2020</a>,0.3606931144550844
Kepler-167 e,321.00669107,10.16,0.29,1071.23205,1.68,134.4,2022-02-01,0,50.85254512,-47.67426105,0.42,-0.42,Published Confirmed,<a refstr=CHACHAN_ET_AL__2022 href=https://ui.adsabs.harvard.edu/abs/2022ApJ...926...62C/abstract target=ref>Chachan et al. 2022</a>,0.0974019646059094
Kepler-17 b,778.65,14.68,0.011,1.4857108,1.35,1570.0,2011-11-01,0,34.96,-34.96,0.22,-0.22,Published Confirmed,<a refstr=DESERT_ET_AL__2011 href=https://ui.adsabs.harvard.edu/abs/2011ApJS..197...14D/abstract target=ref> D&eacute;sert et al. 2011 </a>,0.029942298651109804
Kepler-1704 b,1322.16617312,11.94877343,0.92,988.88112,4.07,253.8,2021-10-01,0,92.17023803,-88.99195396,0.49319515,-0.47077719,Published Confirmed,<a refstr=DALBA_ET_AL__2021 href=https://ui.adsabs.harvard.edu/abs/2021AJ....162..154D/abstract target=ref>Dalba et al. 2021</a>,0.05442366321641818
Kepler-19 b,6.1,2.209,0.41,9.28699,3.1,851.0,2023-04-01,0,2.8,-2.7,0.048,-0.048,Published Confirmed,<a refstr=BONOMO_ET_AL__2023 href=https://ui.adsabs.harvard.edu/abs/2023arXiv230405773B/abstract target=ref>Bonomo et al. 2023</a>,0.23627448070115553
Kepler-20 b,9.7,1.773,0.083,3.6961049,9.4,1187.0,2023-04-01,0,1.3,-1.3,0.053,-0.03,Published Confirmed,<a refstr=BONOMO_ET_AL__2023 href=https://ui.adsabs.harvard.edu/abs/2023arXiv230405773B/abstract target=ref>Bonomo et al. 2023</a>,0.07871363697152595
Kepler-20 c,12.75,3.047,0.16,10.85409089,2.5,772.0,2016-12-01,0,2.17,-2.24,0.064,-0.056,Published Confirmed,<a refstr=BUCHHAVE_ET_AL__2016 href=https://ui.adsabs.harvard.edu/abs/2016AJ....152..160B/abstract target=ref>Buchhave et al. 2016</a>,0.09631633815324621
Kepler-20 d,13.4,2.606,0.082,77.611455,4.1,430.0,2023-04-01,0,3.7,-3.6,0.053,-0.039,Published Confirmed,<a refstr=BONOMO_ET_AL__2023 href=https://ui.adsabs.harvard.edu/abs/2023arXiv230405773B/abstract target=ref>Bonomo et al. 2023</a>,0.14501981649694734
Kepler-21 b,7.5,1.639,0.0,2.7858212,9.3,2015.0,2023-04-01,0,1.3,-1.3,0.019,-0.015,Published Confirmed,<a refstr=BONOMO_ET_AL__2023 href=https://ui.adsabs.harvard.edu/abs/2023arXiv230405773B/abstract target=ref>Bonomo et al. 2023</a>,0.0918527557453732
Kepler-323 c,6.8,1.57,0.095,3.5538229,9.6,1431.0,2023-04-01,0,3.4,-3.2,0.04,-0.04,Published Confirmed,<a refstr=BONOMO_ET_AL__2023 href=https://ui.adsabs.harvard.edu/abs/2023arXiv230405773B/abstract target=ref>Bonomo et al. 2023</a>,0.25538591232671415
Kepler-36 b,4.45,1.486,0.039,13.83989,7.46,978.0,2012-08-01,0,0.33,-0.27,0.035,-0.035,Published Confirmed,<a refstr=CARTER_ET_AL__2012 href=https://ui.adsabs.harvard.edu/abs/2012Sci...337..556C/abstract target=ref> Carter et al. 2012 </a>,0.04548444659518805
Kepler-36 c,8.08,3.679,0.033,16.23855,0.89,928.0,2012-08-01,0,0.6,-0.46,0.054,-0.054,Published Confirmed,<a refstr=CARTER_ET_AL__2012 href=https://ui.adsabs.harvard.edu/abs/2012Sci...337..556C/abstract target=ref> Carter et al. 2012 </a>,0.04013598050481863
Kepler-39 b,6388.1,13.9,0.112,21.08721,13.0,897.0,2015-03-01,0,413.2,-381.4,1.01,-1.12,Published Confirmed,<a refstr=BONOMO_ET_AL__2015 href=https://ui.adsabs.harvard.edu/abs/2015A&A...575A..85B/abstract target=ref>Bonomo et al. 2015</a>,0.0694062357853108
Kepler-4 b,24.472,4.002,0.0,3.21346,1.91,1650.0,2010-04-01,0,3.814,-3.814,0.213,-0.213,Published Confirmed,<a refstr=BORUCKI_ET_AL__2010 href=https://ui.adsabs.harvard.edu/abs/2010ApJ...713L.126B/abstract target=ref> Borucki et al. 2010 </a>,0.1045374868956499
Kepler-40 b,699.2,13.11,0.0,6.87349,1.68,1620.0,2011-04-01,0,127.1,-127.1,0.45,-0.45,Published Confirmed,<a refstr=SANTERNE_ET_AL__2011 href=https://ui.adsabs.harvard.edu/abs/2011arXiv1101.0196S/abstract target=ref> Santerne et al. 2011 </a>,0.1080520594965675
Kepler-41 b,177.98,14.46,0.0,1.8555582,0.33,1790.0,2015-03-01,0,25.43,-25.43,0.22,-0.22,Published Confirmed,<a refstr=BONOMO_ET_AL__2015 href=https://ui.adsabs.harvard.edu/abs/2015A&A...575A..85B/abstract target=ref>Bonomo et al. 2015</a>,0.07904780355913614
Kepler-411 b,25.6,2.401,0.146,3.005156,10.3,1138.0,2019-04-01,0,2.6,-2.6,0.053,-0.053,Published Confirmed,<a refstr=SUN_ET_AL__2019 href=https://ui.adsabs.harvard.edu/abs/2019A&A...624A..15S/abstract target=ref>Sun et al. 2019</a>,0.06181831788837984
Kepler-411 c,26.4,4.421,0.108,7.834435,1.7,838.0,2019-04-01,0,5.9,-5.9,0.062,-0.062,Published Confirmed,<a refstr=SUN_ET_AL__2019 href=https://ui.adsabs.harvard.edu/abs/2019A&A...624A..15S/abstract target=ref>Sun et al. 2019</a>,0.11875441248037946
Kepler-411 d,15.2,3.319,0.128,58.02035,2.3,410.0,2019-04-01,0,5.1,-5.1,0.104,-0.104,Published Confirmed,<a refstr=SUN_ET_AL__2019 href=https://ui.adsabs.harvard.edu/abs/2019A&A...624A..15S/abstract target=ref>Sun et al. 2019</a>,0.18343052758440237
Kepler-423 b,189.101,13.361,0.019,2.6843285,0.459,1605.0,2015-04-01,0,25.743,-25.743,0.583,-0.583,Published Confirmed,<a refstr=GANDOLFI_ET_AL__2015 href=https://ui.adsabs.harvard.edu/abs/2015A&A...576A..11G/abstract target=ref>Gandolfi et al. 2015</a>,0.08988402953063881
Kepler-425 b,79.45,10.962,0.33,3.79701816,0.27,1070.0,2014-12-01,0,25.43,-25.43,0.247,-0.247,Published Confirmed,<a refstr=H_EACUTE_BRARD_ET_AL__2014 href=https://ui.adsabs.harvard.edu/abs/2014A&A...572A..93H/abstract target=ref>H&eacute;brard et al. 2014</a>,0.171303951897906
Kepler-426 b,108.06,12.22,0.18,3.21751883,0.26,1300.0,2014-12-01,0,25.43,-25.43,0.34,-0.34,Published Confirmed,<a refstr=H_EACUTE_BRARD_ET_AL__2014 href=https://ui.adsabs.harvard.edu/abs/2014A&A...572A..93H/abstract target=ref>H&eacute;brard et al. 2014</a>,0.13157773171418072
Kepler-427 b,92.17,13.79,0.57,10.290994,0.16,1100.0,2014-12-01,0,28.6,-28.6,2.35,-2.35,Published Confirmed,<a refstr=H_EACUTE_BRARD_ET_AL__2014 href=https://ui.adsabs.harvard.edu/abs/2014A&A...572A..93H/abstract target=ref>H&eacute;brard et al. 2014</a>,0.24035476741081976
Kepler-428 b,403.63,12.11,0.22,3.52563254,1.02,1070.0,2014-12-01,0,60.39,-60.39,0.34,-0.34,Published Confirmed,<a refstr=H_EACUTE_BRARD_ET_AL__2014 href=https://ui.adsabs.harvard.edu/abs/2014A&A...572A..93H/abstract target=ref>H&eacute;brard et al. 2014</a>,0.08884659698373512
Kepler-43 b,994.77,13.0,0.017,3.02409309,2.49,1628.0,2015-03-01,0,31.78,-31.78,0.45,-0.34,Published Confirmed,<a refstr=BONOMO_ET_AL__2015 href=https://ui.adsabs.harvard.edu/abs/2015A&A...575A..85B/abstract target=ref>Bonomo et al. 2015</a>,0.031165849314994346
Kepler-433 b,896.24,16.25,0.119,5.33408384,1.13,1776.0,2015-03-01,0,165.26,-165.26,1.79,-1.79,Published Confirmed,<a refstr=ALMENARA_ET_AL__2015 href=https://ui.adsabs.harvard.edu/abs/2015A&A...575A..71A/abstract target=ref>Almenara et al. 2015</a>,0.14727320978584033
Kepler-434 b,908.96,12.67,0.131,12.8747099,2.4,1000.0,2015-03-01,0,111.24,-111.24,2.91,-2.02,Published Confirmed,<a refstr=ALMENARA_ET_AL__2015 href=https://ui.adsabs.harvard.edu/abs/2015A&A...575A..71A/abstract target=ref>Almenara et al. 2015</a>,0.15846784383675794
Kepler-435 b,266.97,22.31,0.114,8.6001536,0.131,1729.0,2015-03-01,0,47.67,-47.67,2.02,-2.02,Published Confirmed,<a refstr=ALMENARA_ET_AL__2015 href=https://ui.adsabs.harvard.edu/abs/2015A&A...575A..71A/abstract target=ref>Almenara et al. 2015</a>,0.13455087319124742
Kepler-44 b,324.17,13.9,0.021,3.24674,0.65,1603.0,2012-02-01,0,22.25,-22.25,0.78,-0.78,Published Confirmed,<a refstr=BONOMO_ET_AL__2011 href=https://ui.adsabs.harvard.edu/abs/2011arXiv1110.5462B/abstract target=ref> Bonomo et al. 2011 </a>,0.062375967135105195
Kepler-45 b,160.497,10.76,0.11,2.455239,0.8,1000.0,2012-05-01,0,28.604,-28.604,1.23,-1.23,Published Confirmed,<a refstr=JOHNSON_ET_AL__2012 href=https://ui.adsabs.harvard.edu/abs/2012AJ....143..111J/abstract target=ref> Johnson et al. 2012 </a>,0.1462668337174677
Kepler-454 b,5.4,2.37,0.32,10.5737534,2.23,916.0,2023-04-01,0,1.4,-1.4,0.13,-0.13,Published Confirmed,<a refstr=BONOMO_ET_AL__2023 href=https://ui.adsabs.harvard.edu/abs/2023arXiv230405773B/abstract target=ref>Bonomo et al. 2023</a>,0.15705578996718236
Kepler-5 b,671.864,16.04,0.024,3.54846,0.894,1868.0,2010-04-01,0,17.798,-18.751,0.46,-0.583,Published Confirmed,<a refstr=KOCH_ET_AL__2010 href=https://ui.adsabs.harvard.edu/abs/2010ApJ...713L.131K/abstract target=ref> Koch et al. 2010 </a>,0.029856084978960383
Kepler-51 b,2.1,7.1,0.04,45.154,0.03,543.0,2014-03-01,0,1.5,-0.8,0.3,-0.3,Published Confirmed,<a refstr=MASUDA_2014 href=https://ui.adsabs.harvard.edu/abs/2014ApJ...783...53M/abstract target=ref> Masuda 2014 </a>,0.2949362843729041
Kepler-51 c,4.0,9.0,0.014,85.312,0.03,439.0,2014-03-01,0,0.4,-0.4,2.8,-1.7,Published Confirmed,<a refstr=MASUDA_2014 href=https://ui.adsabs.harvard.edu/abs/2014ApJ...783...53M/abstract target=ref> Masuda 2014 </a>,0.175
Kepler-51 d,7.6,9.7,0.008,130.194,0.046,381.0,2014-03-01,0,1.1,-1.1,0.5,-0.5,Published Confirmed,<a refstr=MASUDA_2014 href=https://ui.adsabs.harvard.edu/abs/2014ApJ...783...53M/abstract target=ref> Masuda 2014 </a>,0.09814161692892023
Kepler-538 b,12.9,2.215,0.21,81.73778,6.5,417.0,2023-04-01,0,2.9,-2.9,0.04,-0.034,Published Confirmed,<a refstr=BONOMO_ET_AL__2023 href=https://ui.adsabs.harvard.edu/abs/2023arXiv230405773B/abstract target=ref>Bonomo et al. 2023</a>,0.12075524524471976
Kepler-539 b,308.2951,8.373123,0.39,125.63243,2.9,387.6,2016-05-01,0,92.1707,-92.1707,0.190553,-0.190553,Published Confirmed,<a refstr=MANCINI_ET_AL__2016 href=https://ui.adsabs.harvard.edu/abs/2016A&A...590A.112M/abstract target=ref>Mancini et al. 2016</a>,0.16086338481072052
Kepler-553 c,2129.4503269,11.57887706,0.346,328.24017,7.53,251.0,2024-03-01,0,139.84449908,-136.66621501,0.35868738,-0.28022452,Published Confirmed,<a refstr=DALBA_ET_AL__2024 href=https://ui.adsabs.harvard.edu/abs/2024ApJS..271...16D/abstract target=ref>Dalba et al. 2024</a>,0.046257459080276946
Kepler-6 b,212.619,14.83,0.0,3.234723,0.352,1500.0,2010-04-01,0,7.945,-9.534,0.291,-0.325,Published Confirmed,<a refstr=DUNHAM_ET_AL__2010 href=https://ui.adsabs.harvard.edu/abs/2010ApJ...713L.136D/abstract target=ref> Dunham et al. 2010 </a>,0.03093637631547174
Kepler-68 b,8.03,2.357,0.09,5.39875259,3.37,1275.0,2023-04-01,0,0.67,-0.67,0.023,-0.023,Published Confirmed,<a refstr=BONOMO_ET_AL__2023 href=https://ui.adsabs.harvard.edu/abs/2023arXiv230405773B/abstract target=ref>Bonomo et al. 2023</a>,0.04659763899800864
Kepler-7 b,137.615,16.567,0.0,4.885525,0.166,1540.0,2010-04-01,0,12.713,-13.03,0.56,-0.572,Published Confirmed,<a refstr=LATHAM_ET_AL__2010 href=https://ui.adsabs.harvard.edu/abs/2010ApJ...713L.140L/abstract target=ref> Latham et al. 2010 </a>,0.06384849214310002
Kepler-74 b,200.22,10.76,0.0,7.340711,0.88,1078.0,2015-03-01,0,38.14,-38.14,0.22,-0.22,Published Confirmed,<a refstr=BONOMO_ET_AL__2015 href=https://ui.adsabs.harvard.edu/abs/2015A&A...575A..85B/abstract target=ref>Bonomo et al. 2015</a>,0.10546827857386615
Kepler-75 b,3209.9,11.77,0.57,8.8849116,11.0,767.0,2015-03-01,0,127.1,-127.1,0.34,-0.34,Published Confirmed,<a refstr=BONOMO_ET_AL__2015 href=https://ui.adsabs.harvard.edu/abs/2015A&A...575A..85B/abstract target=ref>Bonomo et al. 2015</a>,0.03424162497697557
Kepler-77 b,136.661,10.761,0.0,3.57878087,0.603,1440.0,2013-09-01,0,10.17,-10.17,0.179,-0.179,Published Confirmed,<a refstr=GANDOLFI_ET_AL__2013 href=https://ui.adsabs.harvard.edu/abs/2013A%26A...557A..74G/abstract target=ref> Gandolfi et al. 2013 </a>,0.045525930783747046
Kepler-78 b,1.68,1.201,0.0,0.35500745,5.33,2223.0,2023-04-01,0,0.27,-0.27,0.028,-0.028,Published Confirmed,<a refstr=BONOMO_ET_AL__2023 href=https://ui.adsabs.harvard.edu/abs/2023arXiv230405773B/abstract target=ref>Bonomo et al. 2023</a>,0.09201409539669324
Kepler-8 b,191.643,15.906,0.0,3.52254,0.261,1764.0,2010-12-01,0,41.316,-60.385,0.628,-0.65,Published Confirmed,<a refstr=JENKINS_ET_AL__2010 href=https://ui.adsabs.harvard.edu/abs/2010ApJ...724.1108J/abstract target=ref> Jenkins et al. 2010 </a>,0.15275661981778083
Kepler-849 b,298.75870258,8.08167508,0.078,394.62508,3.09,362.7,2024-03-01,0,63.5656814,-63.5656814,0.30264248,-0.32506044,Published Confirmed,<a refstr=DALBA_ET_AL__2024 href=https://ui.adsabs.harvard.edu/abs/2024ApJS..271...16D/abstract target=ref>Dalba et al. 2024</a>,0.12580045448759944
Kepler-87 b,324.2,13.49,0.036,114.73635,0.729,478.0,2014-01-01,0,8.8,-8.8,0.55,-0.55,Published Confirmed,<a refstr=OFIR_ET_AL__2014 href=https://ui.adsabs.harvard.edu/abs/2014A%26A...561A.103O/abstract target=ref> Ofir et al. 2014 </a>,0.033957339935584155
Kepler-87 c,6.4,6.14,0.039,191.2318,0.152,403.0,2014-01-01,0,0.8,-0.8,0.29,-0.29,Published Confirmed,<a refstr=OFIR_ET_AL__2014 href=https://ui.adsabs.harvard.edu/abs/2014A%26A...561A.103O/abstract target=ref> Ofir et al. 2014 </a>,0.0861156351791531
Kepler-93 b,4.66,1.478,0.0,4.72673978,7.93,1133.0,2023-04-01,0,0.53,-0.53,0.019,-0.019,Published Confirmed,<a refstr=BONOMO_ET_AL__2023 href=https://ui.adsabs.harvard.edu/abs/2023arXiv230405773B/abstract target=ref>Bonomo et al. 2023</a>,0.06329455766114747
L 168-9 b,4.6,1.39,0.21,1.4015,9.6,965.0,2020-04-01,0,0.56,-0.56,0.09,-0.09,Published Confirmed,<a refstr=ASTUDILLO_DEFRU_ET_AL__2020 href=https://ui.adsabs.harvard.edu/abs/2020A&A...636A..58A/abstract target=ref>Astudillo-Defru et al. 2020</a>,0.09324366593681577
L 98-59 b,0.4,0.85,0.103,2.2531136,3.6,627.0,2021-09-01,0,0.16,-0.15,0.061,-0.047,Published Confirmed,<a refstr=DEMANGEON_ET_AL__2021 href=https://ui.adsabs.harvard.edu/abs/2021A&A...653A..41D/abstract target=ref>Demangeon et al. 2021</a>,0.22551470588235292
L 98-59 c,2.22,1.385,0.103,3.6906777,4.57,553.0,2021-09-01,0,0.26,-0.25,0.095,-0.075,Published Confirmed,<a refstr=DEMANGEON_ET_AL__2021 href=https://ui.adsabs.harvard.edu/abs/2021A&A...653A..41D/abstract target=ref>Demangeon et al. 2021</a>,0.08811835301004975
L 98-59 d,1.94,1.521,0.074,7.4507245,2.95,416.0,2021-09-01,0,0.28,-0.28,0.119,-0.098,Published Confirmed,<a refstr=DEMANGEON_ET_AL__2021 href=https://ui.adsabs.harvard.edu/abs/2021A&A...653A..41D/abstract target=ref>Demangeon et al. 2021</a>,0.10783227258247084
LHS 1140 b,5.6,1.73,0.043,24.73723,5.9,226.0,2024-01-01,0,0.19,-0.19,0.025,-0.025,Published Confirmed,<a refstr=CADIEUX_ET_AL__2024 href=https://ui.adsabs.harvard.edu/abs/2024ApJ...960L...3C/abstract target=ref>Cadieux et al. 2024</a>,0.02418971924029728
LHS 1140 c,1.91,1.272,0.05,3.77794,5.1,422.0,2024-01-01,0,0.06,-0.06,0.026,-0.026,Published Confirmed,<a refstr=CADIEUX_ET_AL__2024 href=https://ui.adsabs.harvard.edu/abs/2024ApJ...960L...3C/abstract target=ref>Cadieux et al. 2024</a>,0.025926932068886032
LP 714-47 b,30.8,4.7,0.04,4.052037,1.7,700.0,2020-12-01,0,1.5,-1.5,0.3,-0.3,Published Confirmed,<a refstr=DREIZLER_ET_AL__2020 href=https://ui.adsabs.harvard.edu/abs/2020A&A...644A.127D/abstract target=ref>Dreizler et al. 2020</a>,0.056265542967670626
LTT 1445 A b,2.87,1.305,0.11,5.3587657,7.1,424.0,2021-07-01,0,0.26,-0.25,0.066,-0.061,Published Confirmed,<a refstr=WINTERS_ET_AL__2021 href=https://ui.adsabs.harvard.edu/abs/2021arXiv210714737W/abstract target=ref>Winters et al. 2021</a>,0.06875458902372275
LTT 1445 A c,1.54,1.147,0.223,3.1239035,5.57,508.0,2021-07-01,0,0.2,-0.19,0.055,-0.054,Published Confirmed,<a refstr=WINTERS_ET_AL__2021 href=https://ui.adsabs.harvard.edu/abs/2021arXiv210714737W/abstract target=ref>Winters et al. 2021</a>,0.08706931690802659
LTT 3780 b,2.46,1.325,0.0,0.76837931,5.8,903.0,2024-02-01,0,0.19,-0.19,0.057,-0.058,Published Confirmed,<a refstr=BONFANTI_ET_AL__2024 href=https://ui.adsabs.harvard.edu/abs/2024A&A...682A..66B/abstract target=ref>Bonfanti et al. 2024</a>,0.06031599938640896
LTT 3780 c,8.04,2.39,0.024,12.252284,3.24,359.0,2024-02-01,0,0.5,-0.48,0.1,-0.11,Published Confirmed,<a refstr=BONFANTI_ET_AL__2024 href=https://ui.adsabs.harvard.edu/abs/2024A&A...682A..66B/abstract target=ref>Bonfanti et al. 2024</a>,0.05243916401257312
LTT 9779 b,29.32,4.72,0.0,0.792052,1.536,1978.0,2020-09-01,0,0.78,-0.81,0.23,-0.23,Published Confirmed,<a refstr=JENKINS_ET_AL__2020 href=https://ui.adsabs.harvard.edu/abs/2020NatAs.tmp..180J/abstract target=ref>Jenkins et al. 2020</a>,0.037921705551830186
MASCARA-1 b,1175.971,16.8135,0.0,2.14878,1.5,2570.0,2017-10-01,0,286.047,-286.047,3.3627,-3.3627,Published Confirmed,<a refstr=TALENS_ET_AL__2017 href=https://ui.adsabs.harvard.edu/abs/2017A&A...606A..73T/abstract target=ref>Talens et al. 2017</a>,0.2216216216216216
NGTS-1 b,258.07796,14.90797,0.016,2.647298,0.42,790.0,2018-04-01,0,20.97678,-23.83725,6.83749,-3.69897,Published Confirmed,<a refstr=BAYLISS_ET_AL__2018 href=https://ui.adsabs.harvard.edu/abs/2018MNRAS.475.4467B/abstract target=ref>Bayliss et al. 2018</a>,0.22010305937256935
NGTS-10 b,687.14846,13.506845,0.0,0.7668944,1.43,1332.0,2020-03-01,0,29.24036,-34.00781,1.311453,-0.930347,Published Confirmed,<a refstr=MCCORMAC_ET_AL__2020 href=https://ui.adsabs.harvard.edu/abs/2020MNRAS.493..126M/abstract target=ref>McCormac et al. 2020</a>,0.06450487676617239
NGTS-11 b,109.33352,9.157753,0.13,35.45533,0.78,435.0,2020-07-01,0,29.24036,-23.20159,0.313852,-0.358688,Published Confirmed,<a refstr=GILL_ET_AL__2020 href=https://ui.adsabs.harvard.edu/abs/2020ApJ...898L..11G/abstract target=ref>Gill et al. 2020</a>,0.1382726438188495
NGTS-12 b,66.10864,11.747032,0.0,7.532806,0.223,1257.0,2020-09-01,0,6.99226,-6.99226,0.358688,-0.358688,Published Confirmed,<a refstr=BRYANT_ET_AL__2020 href=https://ui.adsabs.harvard.edu/abs/2020MNRAS.tmp.2785B/abstract target=ref>Bryant et al. 2020</a>,0.06815179095713447
NGTS-13 b,1538.2972,12.800678,0.086,4.119027,4.02,1605.0,2021-03-01,0,139.8452,-139.8452,0.515614,-0.515614,Published Confirmed,<a refstr=GRIEVES_ET_AL__2021 href=https://ui.adsabs.harvard.edu/abs/2021A&A...647A.180G/abstract target=ref>Grieves et al. 2021</a>,0.06559465053335456
NGTS-14 A b,29.24036,4.976796,0.0,3.5357173,1.395,1143.0,2021-02-01,0,3.81396,-3.81396,0.33627,-0.33627,Published Confirmed,<a refstr=SMITH_ET_AL__2021 href=https://ui.adsabs.harvard.edu/abs/2021A&A...646A.183S/abstract target=ref>Smith et al. 2021</a>,0.09900117508813161
NGTS-15 b,238.68913366,12.32987877,0.0,3.27623,0.74,1146.0,2021-03-01,0,32.41849751,-27.96889982,1.12089807,-1.12089807,Published Confirmed,<a refstr=TILBROOK_ET_AL__2021 href=https://ui.adsabs.harvard.edu/abs/2021MNRAS.tmp..893T/abstract target=ref>Tilbrook et al. 2021</a>,0.10870354678530841
NGTS-16 b,211.99154747,14.57167491,0.0,4.84532,0.38,1177.0,2021-03-01,0,49.8990599,-40.9998645,1.45716749,-1.34507768,Published Confirmed,<a refstr=TILBROOK_ET_AL__2021 href=https://ui.adsabs.harvard.edu/abs/2021MNRAS.tmp..893T/abstract target=ref>Tilbrook et al. 2021</a>,0.15527332478737643
NGTS-17 b,242.82090295,13.89913607,0.0,3.24253,0.5,1457.0,2021-03-01,0,61.97653937,-52.12385875,1.23298788,-1.23298788,Published Confirmed,<a refstr=TILBROOK_ET_AL__2021 href=https://ui.adsabs.harvard.edu/abs/2021MNRAS.tmp..893T/abstract target=ref>Tilbrook et al. 2021</a>,0.16182866080698355
NGTS-18 b,129.99181846,13.56286665,0.0,3.05125,0.28,1381.0,2021-03-01,0,25.74410097,-20.02318964,2.01761653,-2.01761653,Published Confirmed,<a refstr=TILBROOK_ET_AL__2021 href=https://ui.adsabs.harvard.edu/abs/2021MNRAS.tmp..893T/abstract target=ref>Tilbrook et al. 2021</a>,0.16239972532834362
NGTS-2 b,235.1942,17.878355,0.0,4.511164,0.226,1468.0,2018-12-01,0,41.3179,-38.1396,0.526823,-0.504405,Published Confirmed,<a refstr=RAYNARD_ET_AL__2018 href=https://ui.adsabs.harvard.edu/abs/2018MNRAS.481.4960R/abstract target=ref>Raynard et al. 2018</a>,0.09887952215538422
NGTS-21 b,750.07504052,14.90794433,0.0,1.5433897,1.25,1357.0,2022-10-01,0,66.74396547,-66.74396547,0.33626942,-0.33626942,Published Confirmed,<a refstr=ALVES_ET_AL__2022 href=https://ui.adsabs.harvard.edu/abs/2022arXiv221001027A/abstract target=ref>Alves et al. 2022</a>,0.055769720879667986
NGTS-26 b,92.80589484,14.88552637,0.0,4.5199279,0.153,1331.0,2024-04-01,0,20.65884645,-19.06970442,0.66132986,-0.53803107,Published Confirmed,<a refstr=BOUCHY_ET_AL__2024 href=https://ui.adsabs.harvard.edu/abs/2024A&A...684A.201B/abstract target=ref>Bouchy et al. 2024</a>,0.1271636201426698
NGTS-27 b,188.47224535,15.64773706,0.0,3.3704181,0.266,1783.0,2024-04-01,0,30.19369866,-22.8836453,0.42594127,-0.39231432,Published Confirmed,<a refstr=BOUCHY_ET_AL__2024 href=https://ui.adsabs.harvard.edu/abs/2024A&A...684A.201B/abstract target=ref>Bouchy et al. 2024</a>,0.08347778762489481
NGTS-33 b,1153.71711741,18.38272835,0.0,2.827972,0.19,1991.0,2024-11-01,0,85.81366989,-85.81366989,0.78462865,-0.78462865,Published Confirmed,<a refstr=ALVES_ET_AL__2024 href=https://ui.adsabs.harvard.edu/abs/2024MNRAS.tmp.2511A/abstract target=ref>Alves et al. 2024</a>,0.05853154608413978
NGTS-4 b,20.6,3.18,0.0,1.3373508,3.45,1650.0,2019-07-01,0,3.0,-3.0,0.26,-0.26,Published Confirmed,<a refstr=WEST_ET_AL__2019 href=https://ui.adsabs.harvard.edu/abs/2019MNRAS.486.5094W/abstract target=ref>West et al. 2019</a>,0.1136960371252366
NGTS-6 b,425.57437,14.863134,0.0,0.882059,0.711,1283.9,2019-11-01,0,8.89924,-8.89924,1.087273,-1.255408,Published Confirmed,<a refstr=VINES_ET_AL__2019 href=https://ui.adsabs.harvard.edu/abs/2019MNRAS.489.4125V/abstract target=ref>Vines et al. 2019</a>,0.04985978708137474
NGTS-8 b,295.5819,12.21781,0.01,2.4997,0.89,1345.0,2020-01-01,0,12.7132,-9.5349,0.33627,-0.33627,Published Confirmed,<a refstr=COSTES_ET_AL__2020 href=https://ui.adsabs.harvard.edu/abs/2020MNRAS.491.2834C/abstract target=ref>Costes et al. 2020</a>,0.032578672190983524
NGTS-9 b,921.707,11.99363,0.06,4.43527,2.93,1448.0,2020-01-01,0,54.0311,-54.0311,0.67254,-0.67254,Published Confirmed,<a refstr=COSTES_ET_AL__2020 href=https://ui.adsabs.harvard.edu/abs/2020MNRAS.491.2834C/abstract target=ref>Costes et al. 2020</a>,0.057347728005156307
PH2 b,87.08498352,9.33708092,0.215,282.52542,0.58,295.1,2024-03-01,0,20.97667486,-21.29450327,0.2914335,-0.26901554,Published Confirmed,<a refstr=DALBA_ET_AL__2024 href=https://ui.adsabs.harvard.edu/abs/2024ApJS..271...16D/abstract target=ref>Dalba et al. 2024</a>,0.13635636749766328
Qatar-1 b,411.27202,12.811887,0.0,1.4200242,1.076,1418.0,2017-02-01,0,16.52716,-15.57367,0.291434,-0.280225,Published Confirmed,<a refstr=COLLINS_ET_AL__2017 href=https://ui.adsabs.harvard.edu/abs/2017AJ....153...78C/abstract target=ref>Collins et al. 2017</a>,0.030667993201004433
Qatar-10 b,233.92288,17.295487,0.0,1.645321,0.248,1955.0,2019-06-01,0,28.6047,-28.6047,0.44836,-0.44836,Published Confirmed,<a refstr=ALSUBAI_ET_AL__2019 href=https://ui.adsabs.harvard.edu/abs/2019AJ....157..224A/abstract target=ref>Alsubai et al. 2019</a>,0.07410306714756686
Qatar-2 b,792.635,14.056,0.0,1.33711647,1.573,1344.0,2014-09-01,0,17.162,-17.162,0.146,-0.146,Published Confirmed,<a refstr=MANCINI_ET_AL__2014 href=https://ui.adsabs.harvard.edu/abs/2014MNRAS.443.2391M/abstract target=ref>Mancini et al. 2014</a>,0.01601942775761885
Qatar-3 b,1369.8473,12.285064,0.0,2.5079204,4.0,1681.0,2017-04-01,0,149.3801,-149.3801,1.56926,-1.56926,Published Confirmed,<a refstr=ALSUBAI_ET_AL__2017 href=https://ui.adsabs.harvard.edu/abs/2017AJ....153..200A/abstract target=ref>Alsubai et al. 2017</a>,0.11839297508764206
Qatar-4 b,1938.763,12.722215,0.0,1.8053564,5.1,1385.0,2017-04-01,0,171.6282,-171.6282,1.23299,-1.23299,Published Confirmed,<a refstr=ALSUBAI_ET_AL__2017 href=https://ui.adsabs.harvard.edu/abs/2017AJ....153..200A/abstract target=ref>Alsubai et al. 2017</a>,0.09272044486170289
Qatar-5 b,1373.0256,12.408363,0.0,2.8792319,3.95,1415.0,2017-04-01,0,57.2094,-57.2094,0.717376,-0.717376,Published Confirmed,<a refstr=ALSUBAI_ET_AL__2017 href=https://ui.adsabs.harvard.edu/abs/2017AJ....153..200A/abstract target=ref>Alsubai et al. 2017</a>,0.04974028906955737
Qatar-7 b,597.5204,19.0553,0.0,2.032046,0.502,2053.0,2019-02-01,0,79.4575,-79.4575,0.33627,-0.33627,Published Confirmed,<a refstr=ALSUBAI_ET_AL__2019 href=https://ui.adsabs.harvard.edu/abs/2019AJ....157...74A/abstract target=ref>Alsubai et al. 2019</a>,0.07531289111389236
Qatar-8 b,117.91493,14.403565,0.0,3.71495,0.216,1457.0,2019-06-01,0,19.70546,-19.70546,0.246598,-0.246598,Published Confirmed,<a refstr=ALSUBAI_ET_AL__2019 href=https://ui.adsabs.harvard.edu/abs/2019AJ....157..224A/abstract target=ref>Alsubai et al. 2019</a>,0.09211826276652647
Qatar-9 b,378.2177,11.309881,0.0,1.540731,1.43,1134.0,2019-06-01,0,50.8528,-50.8528,0.156926,-0.156926,Published Confirmed,<a refstr=ALSUBAI_ET_AL__2019 href=https://ui.adsabs.harvard.edu/abs/2019AJ....157..224A/abstract target=ref>Alsubai et al. 2019</a>,0.07416445269881988
TIC 139270665 b,147.15455244,7.22979255,0.105,23.624,2.13,703.0,2024-04-01,0,14.62010672,-14.62010672,0.26901554,-0.24659758,Published Confirmed,<a refstr=PELUSO_ET_AL__2024 href=https://ui.adsabs.harvard.edu/abs/2024AJ....167..170P/abstract target=ref>Peluso et al. 2024</a>,0.0675054835492261
TIC 237913194 b,617.22586,12.520453,0.575,15.168865,1.847,974.0,2020-12-01,0,29.24036,-28.92253,0.605286,-0.526823,Published Confirmed,<a refstr=SCHLECKER_ET_AL__2020 href=https://ui.adsabs.harvard.edu/abs/2020AJ....160..275S/abstract target=ref>Schlecker et al. 2020</a>,0.046163379915490126
TIC 257060897 b,212.94503269,16.70138124,0.03,3.660028,0.25,1762.0,2022-01-01,0,9.53485221,-9.53485221,0.44835923,-0.44835923,Published Confirmed,<a refstr=MONTALTO_ET_AL__2022 href=https://ui.adsabs.harvard.edu/abs/2022MNRAS.509.2908M/abstract target=ref>Montalto et al. 2022</a>,0.03581087855572522
TIC 393818343 b,1379.37528638,12.18416202,0.6058,16.24921,4.22,805.5,2024-05-01,0,47.67426105,-47.67426105,0.25780656,-0.23538859,Published Confirmed,<a refstr=SGRO_ET_AL__2024 href=https://ui.adsabs.harvard.edu/abs/2024arXiv240515021S/abstract target=ref>Sgro et al. 2024</a>,0.027400701191307504
TIC 46432937 b,1017.0509024,13.31626907,0.009,1.44044527,2.37,872.0,2024-07-01,0,34.96112477,-34.96112477,0.33626942,-0.33626942,Published Confirmed,<a refstr=HARTMAN_ET_AL__2024 href=https://ui.adsabs.harvard.edu/abs/2024arXiv240707187H/abstract target=ref>Hartman et al. 2024</a>,0.02981376259023166
TOI-1052 b,16.9,2.87,0.18,9.139703,3.93,1135.0,2023-07-01,0,1.7,-1.7,0.29,-0.24,Published Confirmed,<a refstr=ARMSTRONG_ET_AL__2023 href=https://ui.adsabs.harvard.edu/abs/2023MNRAS.tmp.2090A/abstract target=ref>Armstrong et al. 2023</a>,0.09646310537492525
TOI-1062 b,10.15,2.265,0.177,4.11296,4.85,1077.0,2021-09-01,0,0.81,-0.84,0.096,-0.091,Published Confirmed,<a refstr=OTEGI_ET_AL__2021 href=https://ui.adsabs.harvard.edu/abs/2021A&A...653A.105O/abstract target=ref>Otegi et al. 2021</a>,0.06128057068911145
TOI-1064 b,13.5,2.587,0.047,6.443868,4.30062,784.0,2022-01-01,0,1.7,-1.8,0.043,-0.042,Published Confirmed,<a refstr=WILSON_ET_AL__2022 href=https://ui.adsabs.harvard.edu/abs/2022MNRAS.tmp..107W/abstract target=ref>Wilson et al. 2022</a>,0.07302896247619865
TOI-1064 c,2.5,2.651,0.088,12.226574,0.771906,634.0,2022-01-01,0,1.8,-2.0,0.043,-0.042,Published Confirmed,<a refstr=WILSON_ET_AL__2022 href=https://ui.adsabs.harvard.edu/abs/2022MNRAS.tmp..107W/abstract target=ref>Wilson et al. 2022</a>,0.38801584307808373
TOI-1075 b,9.95,1.791,0.0,0.6047328,9.32,1323.0,2022-10-01,0,1.36,-1.3,0.116,-0.081,Published Confirmed,<a refstr=ESSACK_ET_AL__2022 href=https://ui.adsabs.harvard.edu/abs/2022arXiv221014901E/abstract target=ref>Essack et al. 2022</a>,0.09433277498604134
TOI-1107 b,1064.72516345,14.57167491,0.025,4.0782387,1.89,1728.0,2022-05-01,0,57.20911326,-57.20911326,0.56044903,-0.56044903,Published Confirmed,<a refstr=PSARIDI_ET_AL__2022 href=https://ui.adsabs.harvard.edu/abs/2022arXiv220510854P/abstract target=ref>Psaridi et al. 2022</a>,0.046096440700994556
TOI-1117 b,8.9,2.46,0.0,2.22816,3.3,1538.0,2025-06-01,0,0.95,-0.96,0.13,-0.12,Published Confirmed,<a refstr=LOCKLEY_ET_AL__2025 href=https://ui.adsabs.harvard.edu/abs/2025MNRAS.tmp..926L/abstract target=ref>Lockley et al. 2025</a>,0.07905818945829907
TOI-1130 b,19.8,3.66,0.052162,4.074554,2.23,825.0,2024-07-01,0,0.2,-0.3,0.03,-0.04,Published Confirmed,<a refstr=BORSATO_ET_AL__2024 href=https://ui.adsabs.harvard.edu/abs/2024arXiv240706097B/abstract target=ref>Borsato et al. 2024</a>,0.011094552078158635
TOI-1130 c,336.0,13.0,0.0398,8.3501898,0.827042,650.0,2024-07-01,0,2.0,-5.0,0.4,-0.4,Published Confirmed,<a refstr=BORSATO_ET_AL__2024 href=https://ui.adsabs.harvard.edu/abs/2024arXiv240706097B/abstract target=ref>Borsato et al. 2024</a>,0.020592948717948718
TOI-1136 c,7.6,2.76948277,0.0,6.2569,1.93,965.39,2024-06-01,0,5.1,-5.0,0.07745317,-0.06719432,Published Confirmed,<a refstr=POLANSKI_ET_AL__2024 href=https://ui.adsabs.harvard.edu/abs/2024ApJS..272...32P/abstract target=ref>Polanski et al. 2024</a>,0.3452941078487868
TOI-1136 d,12.3,4.62115423,0.0,12.51861,0.68,766.21,2024-06-01,0,6.8,-7.0,0.15290803,-0.10268114,Published Confirmed,<a refstr=POLANSKI_ET_AL__2024 href=https://ui.adsabs.harvard.edu/abs/2024ApJS..272...32P/abstract target=ref>Polanski et al. 2024</a>,0.29431493319269925
TOI-1136 g,12.2,2.53,0.0,39.5387,4.11,574.0,2024-06-01,0,9.3,-9.6,0.11,-0.12,Published Confirmed,<a refstr=POLANSKI_ET_AL__2024 href=https://ui.adsabs.harvard.edu/abs/2024ApJS..272...32P/abstract target=ref>Polanski et al. 2024</a>,0.41002235469448584
TOI-1173 b,27.4,9.19,0.023,7.06466,0.195,868.0,2024-08-01,0,1.7,-1.7,0.18,-0.18,Published Confirmed,<a refstr=GALARZA_ET_AL__2024 href=https://ui.adsabs.harvard.edu/abs/2024AJ....168...91G/abstract target=ref>Galarza et al. 2024</a>,0.040815151346671644
TOI-1180 b,10.0,3.03617429,0.0,9.686753,1.93,638.18,2024-06-01,0,5.3,-5.4,0.18737356,-0.12995175,Published Confirmed,<a refstr=POLANSKI_ET_AL__2024 href=https://ui.adsabs.harvard.edu/abs/2024ApJS..272...32P/abstract target=ref>Polanski et al. 2024</a>,0.2936287132827938
TOI-1181 b,377.0,16.1966394,0.0,2.10319365,0.49,1942.12,2024-06-01,0,17.0,-17.0,0.33215476,-0.33639711,Published Confirmed,<a refstr=POLANSKI_ET_AL__2024 href=https://ui.adsabs.harvard.edu/abs/2024ApJS..272...32P/abstract target=ref>Polanski et al. 2024</a>,0.032865718267080714
TOI-1184 b,6.8,2.40974309,0.0,5.748432,2.63,715.47,2024-06-01,0,2.3,-2.3,0.10174918,-0.14440598,Published Confirmed,<a refstr=POLANSKI_ET_AL__2024 href=https://ui.adsabs.harvard.edu/abs/2024ApJS..272...32P/abstract target=ref>Polanski et al. 2024</a>,0.19465513703249537
TOI-1194 b,120.0,8.71664516,0.0,2.3106446,0.99,1264.29,2024-06-01,0,5.6,-5.7,0.15541841,-0.14858263,Published Confirmed,<a refstr=POLANSKI_ET_AL__2024 href=https://ui.adsabs.harvard.edu/abs/2024ApJS..272...32P/abstract target=ref>Polanski et al. 2024</a>,0.03226064726126047
TOI-1199 b,75.96098927,10.5140239,0.03,3.671463,0.358,1486.0,2024-02-01,0,6.35656814,-6.35656814,0.28022452,-0.28022452,Published Confirmed,<a refstr=SERRANO_BELL_ET_AL__2024 href=https://ui.adsabs.harvard.edu/abs/2024arXiv240207861S/abstract target=ref>Serrano Bell et al. 2024</a>,0.055167230313125495
TOI-1201 b,6.28,2.415,0.0,2.4919863,2.45,703.0,2021-12-01,0,0.84,-0.88,0.091,-0.09,Published Confirmed,<a refstr=KOSSAKOWSKI_ET_AL__2021 href=https://ui.adsabs.harvard.edu/abs/2021A&A...656A.124K/abstract target=ref>Kossakowski et al. 2021</a>,0.08720839762102571
TOI-1231 b,15.4,3.65,0.087,24.245586,1.74,329.6,2021-09-01,0,3.3,-3.3,0.16,-0.15,Published Confirmed,<a refstr=BURT_ET_AL__2021 href=https://ui.adsabs.harvard.edu/abs/2021AJ....162...87B/abstract target=ref>Burt et al. 2021</a>,0.12837573385518591
TOI-1235 b,6.91,1.738,0.15,3.444729,7.4,754.0,2020-07-01,0,0.75,-0.85,0.087,-0.076,Published Confirmed,<a refstr=CLOUTIER_ET_AL__2020 href=https://ui.adsabs.harvard.edu/abs/2020AJ....160...22C/abstract target=ref>Cloutier et al. 2020</a>,0.08133361033441636
TOI-1244 b,6.6,2.37611439,0.0,6.4003,2.66,714.86,2024-06-01,0,3.8,-3.7,0.13167318,-0.10581264,Published Confirmed,<a refstr=POLANSKI_ET_AL__2024 href=https://ui.adsabs.harvard.edu/abs/2024ApJS..272...32P/abstract target=ref>Polanski et al. 2024</a>,0.30907769223984666
TOI-1246 c,9.1,2.45109846,0.0,5.904137,3.39,862.49,2024-06-01,0,1.3,-1.2,0.13824169,-0.08751012,Published Confirmed,<a refstr=POLANSKI_ET_AL__2024 href=https://ui.adsabs.harvard.edu/abs/2024ApJS..272...32P/abstract target=ref>Polanski et al. 2024</a>,0.09170689412066682
TOI-1246 d,5.4,3.43139739,0.0,18.654874,0.73,587.77,2024-06-01,0,1.9,-1.9,0.14960553,-0.11612674,Published Confirmed,<a refstr=POLANSKI_ET_AL__2024 href=https://ui.adsabs.harvard.edu/abs/2024ApJS..272...32P/abstract target=ref>Polanski et al. 2024</a>,0.1952862797262766
TOI-1246 e,14.5,3.5141875,0.0,37.92548,1.83,463.98,2024-06-01,0,2.3,-2.3,0.26911442,-0.18217943,Published Confirmed,<a refstr=POLANSKI_ET_AL__2024 href=https://ui.adsabs.harvard.edu/abs/2024ApJS..272...32P/abstract target=ref>Polanski et al. 2024</a>,0.1114154793714886
TOI-1248 b,27.4,6.8084859,0.0,4.3601561,0.47,952.09,2024-06-01,0,3.6,-3.5,0.116716,-0.12027714,Published Confirmed,<a refstr=POLANSKI_ET_AL__2024 href=https://ui.adsabs.harvard.edu/abs/2024ApJS..272...32P/abstract target=ref>Polanski et al. 2024</a>,0.073483145375807
TOI-1249 b,11.9,3.2710301,0.0,13.079151,1.84,726.89,2024-06-01,0,5.2,-5.1,0.30687428,-0.18737301,Published Confirmed,<a refstr=POLANSKI_ET_AL__2024 href=https://ui.adsabs.harvard.edu/abs/2024ApJS..272...32P/abstract target=ref>Polanski et al. 2024</a>,0.2541611451094141
TOI-125 b,9.5,2.726,0.194,4.65382,2.57,1037.0,2020-03-01,0,0.88,-0.88,0.075,-0.075,Published Confirmed,<a refstr=NIELSEN_ET_AL__2020 href=https://ui.adsabs.harvard.edu/abs/2020MNRAS.492.5399N/abstract target=ref>Nielsen et al. 2020</a>,0.06007220913619338
TOI-125 c,6.63,2.759,0.066,9.15059,1.73,827.8,2020-03-01,0,0.99,-0.99,0.1,-0.1,Published Confirmed,<a refstr=NIELSEN_ET_AL__2020 href=https://ui.adsabs.harvard.edu/abs/2020MNRAS.492.5399N/abstract target=ref>Nielsen et al. 2020</a>,0.09278314163929156
TOI-125 d,13.6,2.93,0.168,19.98,2.98,638.1,2020-03-01,0,1.2,-1.2,0.17,-0.17,Published Confirmed,<a refstr=NIELSEN_ET_AL__2020 href=https://ui.adsabs.harvard.edu/abs/2020MNRAS.492.5399N/abstract target=ref>Nielsen et al. 2020</a>,0.07312788596667336
TOI-1259 A b,140.16232749,11.45557828,0.0,3.477978,0.513,963.0,2021-11-01,0,15.57359194,-14.93793513,0.33626942,-0.30264248,Published Confirmed,<a refstr=MARTIN_ET_AL__2021 href=https://ui.adsabs.harvard.edu/abs/2021MNRAS.507.4132M/abstract target=ref>Martin et al. 2021</a>,0.06836501723162391
TOI-1260 b,8.56,2.41,0.0,3.127463,3.35,871.0,2022-12-01,0,1.54,-1.54,0.05,-0.05,Published Confirmed,<a refstr=LAM_ET_AL__2022 href=https://ui.adsabs.harvard.edu/abs/2022arXiv221204307L/abstract target=ref>Lam et al. 2022</a>,0.10032671501143986
TOI-1260 c,11.8,2.82,0.0,7.49325,2.87,643.0,2021-08-01,0,3.4,-3.2,0.15,-0.15,Published Confirmed,<a refstr=GEORGIEVA_ET_AL__2021 href=https://ui.adsabs.harvard.edu/abs/2021MNRAS.505.4684G/abstract target=ref>Georgieva et al. 2021</a>,0.16642625315542733
TOI-1260 d,11.84,3.12,0.0,16.608164,2.14,499.0,2022-12-01,0,7.79,-7.79,0.08,-0.08,Published Confirmed,<a refstr=LAM_ET_AL__2022 href=https://ui.adsabs.harvard.edu/abs/2022arXiv221204307L/abstract target=ref>Lam et al. 2022</a>,0.3417901074151074
TOI-1266 b,4.46,2.52,0.039,10.8945,1.54,415.0,2024-09-01,0,0.69,-0.69,0.08,-0.08,Published Confirmed,<a refstr=GREKLEK_MCKEON_ET_AL__2024 href=https://ui.adsabs.harvard.edu/abs/2024arXiv240916374G/abstract target=ref>Greklek-McKeon et al. 2024</a>,0.09322727596270197
TOI-1266 c,3.17,1.98,0.071,18.8027,2.25,346.0,2024-09-01,0,0.76,-0.76,0.1,-0.1,Published Confirmed,<a refstr=GREKLEK_MCKEON_ET_AL__2024 href=https://ui.adsabs.harvard.edu/abs/2024arXiv240916374G/abstract target=ref>Greklek-McKeon et al. 2024</a>,0.14512634228722557
TOI-1268 b,96.4,9.1,0.105,8.1577094,0.71,918.9,2022-01-01,0,8.2,-8.3,0.6,-0.6,Published Confirmed,<a refstr=_SCARON_UBJAK_ET_AL__2022 href=https://ui.adsabs.harvard.edu/abs/2022arXiv220113341S/abstract target=ref>&Scaron;ubjak et al. 2022</a>,0.07575748939856823
TOI-1269 b,6.4,2.40144286,0.0,4.2529913,2.53,1004.9,2024-06-01,0,3.0,-2.9,0.15036543,-0.0739539,Published Confirmed,<a refstr=POLANSKI_ET_AL__2024 href=https://ui.adsabs.harvard.edu/abs/2024ApJS..272...32P/abstract target=ref>Polanski et al. 2024</a>,0.2538213075120284
TOI-1272 b,27.0,4.13204907,0.35,3.31599,2.09,975.0,2024-06-01,0,2.7,-2.5,0.2262768,-0.15125906,Published Confirmed,<a refstr=POLANSKI_ET_AL__2024 href=https://ui.adsabs.harvard.edu/abs/2024ApJS..272...32P/abstract target=ref>Polanski et al. 2024</a>,0.07099007557956657
TOI-1273 b,70.55790635,11.09689089,0.055,4.631296,0.28,1211.0,2024-02-01,0,4.76742611,-4.76742611,2.46597575,-2.46597575,Published Confirmed,<a refstr=SERRANO_BELL_ET_AL__2024 href=https://ui.adsabs.harvard.edu/abs/2024arXiv240207861S/abstract target=ref>Serrano Bell et al. 2024</a>,0.1448948947820498
TOI-1279 b,10.6,2.66146528,0.0,9.61419,3.05,759.0,2024-06-01,0,2.5,-2.5,0.13795921,-0.10646515,Published Confirmed,<a refstr=POLANSKI_ET_AL__2024 href=https://ui.adsabs.harvard.edu/abs/2024ApJS..272...32P/abstract target=ref>Polanski et al. 2024</a>,0.14088409514620798
TOI-1288 b,44.1,4.96846551,0.0,2.6998279,1.97,1203.44,2024-06-01,0,2.7,-2.6,0.10805813,-0.1000743,Published Confirmed,<a refstr=POLANSKI_ET_AL__2024 href=https://ui.adsabs.harvard.edu/abs/2024ApJS..272...32P/abstract target=ref>Polanski et al. 2024</a>,0.04051802304531115
TOI-1294 b,63.9,10.12369881,0.0,3.915292,0.34,1392.74,2024-06-01,0,4.7,-4.5,0.23643767,-0.22090361,Published Confirmed,<a refstr=POLANSKI_ET_AL__2024 href=https://ui.adsabs.harvard.edu/abs/2024ApJS..272...32P/abstract target=ref>Polanski et al. 2024</a>,0.04728756890224733
TOI-1295 b,451.31633794,15.69257298,0.024,3.1968838,0.65,2360.0,2024-12-01,0,25.42627256,-25.42627256,0.89671846,-0.89671846,Published Confirmed,<a refstr=EHRHARDT_ET_AL__2024 href=https://ui.adsabs.harvard.edu/abs/2024A&A...692A.220E/abstract target=ref>Ehrhardt et al. 2024</a>,0.056740442783384436
TOI-1296 b,95.3,14.11645916,0.0,3.9443736,0.19,1414.84,2024-06-01,0,4.7,-4.6,0.28454324,-0.26287755,Published Confirmed,<a refstr=POLANSKI_ET_AL__2024 href=https://ui.adsabs.harvard.edu/abs/2024ApJS..272...32P/abstract target=ref>Polanski et al. 2024</a>,0.03409136774717538
TOI-1298 b,99.0,9.65807033,0.0,4.537143,0.6,1278.0,2024-06-01,0,6.0,-6.0,0.19896656,-0.17319735,Published Confirmed,<a refstr=POLANSKI_ET_AL__2024 href=https://ui.adsabs.harvard.edu/abs/2024ApJS..272...32P/abstract target=ref>Polanski et al. 2024</a>,0.03993652584830452
TOI-132 b,22.4,3.42,0.059,2.1097019,3.08,1395.0,2020-03-01,0,1.9,-1.92,0.13,-0.14,Published Confirmed,<a refstr=D_IACUTE_AZ_ET_AL__2020 href=https://ui.adsabs.harvard.edu/abs/2020MNRAS.493..973D/abstract target=ref>D&iacute;az et al. 2020</a>,0.06237077067669173
TOI-1333 b,753.2571,15.647764,0.073,4.720219,1.08,1679.0,2021-04-01,0,76.2792,-76.2792,0.627704,-0.605286,Published Confirmed,<a refstr=RODRIGUEZ_ET_AL__2021 href=https://ui.adsabs.harvard.edu/abs/2021AJ....161..194R/abstract target=ref>Rodriguez et al. 2021</a>,0.07033205179355119
TOI-1347 b,11.1,1.8,0.0,0.84742346,9.9,1400.0,2024-02-01,0,1.2,-1.2,0.1,-0.1,Published Confirmed,<a refstr=RUBENZAHL_ET_AL__2024 href=https://ui.adsabs.harvard.edu/abs/2024arXiv240207451R/abstract target=ref>Rubenzahl et al. 2024</a>,0.08183183183183185
TOI-1386 b,45.8,6.2163865,0.0,25.8401,1.04,615.03,2024-06-01,0,5.8,-5.7,0.20643815,-0.1695697,Published Confirmed,<a refstr=POLANSKI_ET_AL__2024 href=https://ui.adsabs.harvard.edu/abs/2024ApJS..272...32P/abstract target=ref>Polanski et al. 2024</a>,0.07789456636681555
TOI-1410.01,12.5,3.10083009,0.0,1.21687,2.3,1236.7,2024-06-01,0,1.1,-1.0,0.22026793,-0.1612362,Published Confirmed,<a refstr=POLANSKI_ET_AL__2024 href=https://ui.adsabs.harvard.edu/abs/2024ApJS..272...32P/abstract target=ref>Polanski et al. 2024</a>,0.07275822593684907
TOI-1411 b,2.0,1.19880592,0.0,1.4520527,6.36,976.4,2024-06-01,0,1.2,-1.1,0.04935874,-0.04474058,Published Confirmed,<a refstr=POLANSKI_ET_AL__2024 href=https://ui.adsabs.harvard.edu/abs/2024ApJS..272...32P/abstract target=ref>Polanski et al. 2024</a>,0.3071235517422203
TOI-1416 b,3.48,1.62,0.0,1.0697568,4.5,1517.0,2023-05-01,0,0.47,-0.47,0.08,-0.08,Published Confirmed,<a refstr=DEEG_ET_AL__2023 href=https://ui.adsabs.harvard.edu/abs/2023arXiv230518542D/abstract target=ref>Deeg et al. 2023</a>,0.09222009365687527
TOI-1420 b,25.1,11.89,0.17,6.9561063,0.082,957.0,2023-11-01,0,3.8,-3.8,0.33,-0.33,Published Confirmed,<a refstr=YOSHIDA_ET_AL__2023 href=https://ui.adsabs.harvard.edu/abs/2023AJ....166..181Y/abstract target=ref>Yoshida et al. 2023</a>,0.0895744188929731
TOI-1422 b,9.0,3.96,0.04,12.9972,0.795,867.0,2022-07-01,0,2.3,-2.0,0.13,-0.11,Published Confirmed,<a refstr=NAPONIELLO_ET_AL__2022 href=https://ui.adsabs.harvard.edu/abs/2022arXiv220703293N/abstract target=ref>Naponiello et al. 2022</a>,0.1345959595959596
TOI-1431 b,991.62462984,16.70138124,0.0022,2.650237,1.17,2370.0,2021-12-01,0,57.20911326,-57.20911326,0.56044903,-0.56044903,Published Confirmed,<a refstr=ADDISON_ET_AL__2021 href=https://ui.adsabs.harvard.edu/abs/2021AJ....162..292A/abstract target=ref>Addison et al. 2021</a>,0.04562467718941237
TOI-1437 b,10.4,2.43471042,0.0,18.84078,3.91,794.23,2024-06-01,0,2.6,-2.6,0.06967777,-0.06309835,Published Confirmed,<a refstr=POLANSKI_ET_AL__2024 href=https://ui.adsabs.harvard.edu/abs/2024ApJS..272...32P/abstract target=ref>Polanski et al. 2024</a>,0.13863366654503412
TOI-1439 b,38.5,4.2427861,0.157,27.644,2.76,748.4,2024-06-01,0,5.7,-5.6,0.23014642,-0.16769357,Published Confirmed,<a refstr=POLANSKI_ET_AL__2024 href=https://ui.adsabs.harvard.edu/abs/2024ApJS..272...32P/abstract target=ref>Polanski et al. 2024</a>,0.09681876614691293
TOI-1444 b,3.58,1.41792246,0.0,0.4702743,6.84,2130.02,2024-06-01,0,0.76,-0.75,0.0467336,-0.04107268,Published Confirmed,<a refstr=POLANSKI_ET_AL__2024 href=https://ui.adsabs.harvard.edu/abs/2024ApJS..272...32P/abstract target=ref>Polanski et al. 2024</a>,0.12092842979721977
TOI-1451 b,15.2,2.61143902,0.0,16.537944,4.67,723.33,2024-06-01,0,2.8,-2.8,0.13407193,-0.10283772,Published Confirmed,<a refstr=POLANSKI_ET_AL__2024 href=https://ui.adsabs.harvard.edu/abs/2024ApJS..272...32P/abstract target=ref>Polanski et al. 2024</a>,0.11478525378620356
TOI-1452 b,4.82,1.672,0.0,11.06201,5.6,326.0,2022-09-01,0,1.3,-1.3,0.071,-0.071,Published Confirmed,<a refstr=CADIEUX_ET_AL__2022 href=https://ui.adsabs.harvard.edu/abs/2022AJ....164...96C/abstract target=ref>Cadieux et al. 2022</a>,0.1560868292005003
TOI-1453 c,2.95,2.224,0.0,6.5886982,1.472135,819.8,2025-03-01,0,0.83,-0.84,0.095,-0.095,Published Confirmed,<a refstr=STALPORT_ET_AL__2025 href=https://ui.adsabs.harvard.edu/abs/2025arXiv250307529S/abstract target=ref>Stalport et al. 2025</a>,0.1628833373978783
TOI-1468 b,3.04,1.401,0.0099,1.8805201,6.1,683.5,2025-03-01,0,0.46,-0.46,0.059,-0.06,Published Confirmed,<a refstr=MEIER_VALD_AMP_EACUTE_S_ET_AL__2025 href=https://ui.adsabs.harvard.edu/abs/2025arXiv250319772M/abstract target=ref>Meier Vald&eacute;s et al. 2025</a>,0.09689272699951162
TOI-1468 c,4.1,2.126,0.111,15.532477,2.31,338.1,2025-03-01,0,1.1,-1.1,0.092,-0.093,Published Confirmed,<a refstr=MEIER_VALD_AMP_EACUTE_S_ET_AL__2025 href=https://ui.adsabs.harvard.edu/abs/2025arXiv250319772M/abstract target=ref>Meier Vald&eacute;s et al. 2025</a>,0.1559008099488333
TOI-1470 b,7.32,2.18,0.3,2.527093,3.86,734.0,2023-07-01,0,1.21,-1.24,0.04,-0.04,Published Confirmed,<a refstr=GONZ_AACUTE_LEZ__AACUTE_LVAREZ_ET_AL__2023 href=https://ui.adsabs.harvard.edu/abs/2023A&A...675A.177G/abstract target=ref>Gonz&aacute;lez-&Aacute;lvarez et al. 2023</a>,0.09284917531458364
TOI-1470 c,7.24,2.47,0.5,18.08816,2.66,373.0,2023-07-01,0,2.87,-2.77,0.02,-0.02,Published Confirmed,<a refstr=GONZ_AACUTE_LEZ__AACUTE_LVAREZ_ET_AL__2023 href=https://ui.adsabs.harvard.edu/abs/2023A&A...675A.177G/abstract target=ref>Gonz&aacute;lez-&Aacute;lvarez et al. 2023</a>,0.19879996421142102
TOI-1472 b,16.5,4.15964583,0.0,6.36381,1.24,811.14,2024-06-01,0,5.1,-5.1,0.1568226,-0.1264222,Published Confirmed,<a refstr=POLANSKI_ET_AL__2024 href=https://ui.adsabs.harvard.edu/abs/2024ApJS..272...32P/abstract target=ref>Polanski et al. 2024</a>,0.17156882694156067
TOI-1478 b,270.47333,11.88154,0.024,10.180249,0.88,918.0,2021-04-01,0,16.52716,-14.93801,0.44836,-0.437151,Published Confirmed,<a refstr=RODRIGUEZ_ET_AL__2021 href=https://ui.adsabs.harvard.edu/abs/2021AJ....161..194R/abstract target=ref>Rodriguez et al. 2021</a>,0.047715506729042415
TOI-150.01,797.7533,14.067295,0.262,5.857487,1.68,1404.5,2019-11-01,0,38.1396,-38.1396,0.235389,-0.212971,Published Confirmed,<a refstr=KOSSAKOWSKI_ET_AL__2019 href=https://ui.adsabs.harvard.edu/abs/2019MNRAS.490.1094K/abstract target=ref>Kossakowski et al. 2019</a>,0.03187250996015936
TOI-157 b,375.0394,14.414774,0.0,2.0845435,0.686,1588.0,2020-07-01,0,41.3179,-38.1396,0.257807,-0.22418,Published Confirmed,<a refstr=NIELSEN_ET_AL__2020 href=https://ui.adsabs.harvard.edu/abs/2020A&A...639A..76N/abstract target=ref>Nielsen et al. 2020</a>,0.06132535519413764
TOI-1601 b,387.0,14.19902343,0.0,5.33175,0.74,1493.97,2024-06-01,0,16.0,-17.0,0.64857111,-0.5112186,Published Confirmed,<a refstr=POLANSKI_ET_AL__2024 href=https://ui.adsabs.harvard.edu/abs/2024ApJS..272...32P/abstract target=ref>Polanski et al. 2024</a>,0.041738066731386504
TOI-163 b,387.7526,16.690201,0.0,4.231306,0.49,1669.0,2019-11-01,0,38.1396,-38.1396,0.381106,-0.381106,Published Confirmed,<a refstr=KOSSAKOWSKI_ET_AL__2019 href=https://ui.adsabs.harvard.edu/abs/2019MNRAS.490.1094K/abstract target=ref>Kossakowski et al. 2019</a>,0.06059738629732795
TOI-1634 b,10.14,1.749,0.0,0.9893436,10.4,920.0,2021-10-01,0,0.95,-0.95,0.079,-0.079,Published Confirmed,<a refstr=HIRANO_ET_AL__2021 href=https://ui.adsabs.harvard.edu/abs/2021AJ....162..161H/abstract target=ref>Hirano et al. 2021</a>,0.06942851536465469
TOI-1670 c,200.23189641,11.06326395,0.09,40.74976,0.81,684.0,2022-03-01,0,28.60455663,-25.42627256,0.28022452,-0.28022452,Published Confirmed,<a refstr=TRAN_ET_AL__2022 href=https://ui.adsabs.harvard.edu/abs/2022arXiv220304334T/abstract target=ref>Tran et al. 2022</a>,0.08012495789854909
TOI-1685 b,3.03,1.468,0.0,0.66913924,5.3,1062.0,2024-05-01,0,0.33,-0.32,0.05,-0.051,Published Confirmed,<a refstr=BURT_ET_AL__2024 href=https://ui.adsabs.harvard.edu/abs/2024arXiv240514895B/abstract target=ref>Burt et al. 2024</a>,0.07083063551586767
TOI-169 b,251.40353,12.172974,0.0,2.2554477,0.76,1715.0,2020-07-01,0,20.34112,-19.0698,0.907929,-0.538032,Published Confirmed,<a refstr=NIELSEN_ET_AL__2020 href=https://ui.adsabs.harvard.edu/abs/2020A&A...639A..76N/abstract target=ref>Nielsen et al. 2020</a>,0.06888703019466233
TOI-1691 b,14.6,3.56505068,0.0,16.7369,1.76,703.49,2024-06-01,0,5.4,-5.3,0.10707323,-0.08697536,Published Confirmed,<a refstr=POLANSKI_ET_AL__2024 href=https://ui.adsabs.harvard.edu/abs/2024ApJS..272...32P/abstract target=ref>Polanski et al. 2024</a>,0.19682688014717337
TOI-1694 b,31.3,5.3422266,0.0,3.770107,1.13,943.19,2024-06-01,0,2.7,-2.5,0.14825442,-0.11897869,Published Confirmed,<a refstr=POLANSKI_ET_AL__2024 href=https://ui.adsabs.harvard.edu/abs/2024ApJS..272...32P/abstract target=ref>Polanski et al. 2024</a>,0.05403924526047638
TOI-1695 b,6.36,1.9,0.097,3.1342791,5.0,698.0,2022-11-01,0,1.0,-1.0,0.16,-0.14,Published Confirmed,<a refstr=CHERUBIM_ET_AL__2022 href=https://ui.adsabs.harvard.edu/abs/2022arXiv221106445C/abstract target=ref>Cherubim et al. 2022</a>,0.11809003641178417
TOI-1710 b,22.4,5.20315158,0.0,24.283377,0.87,602.99,2024-06-01,0,4.1,-4.0,0.09613295,-0.09124817,Published Confirmed,<a refstr=POLANSKI_ET_AL__2024 href=https://ui.adsabs.harvard.edu/abs/2024ApJS..272...32P/abstract target=ref>Polanski et al. 2024</a>,0.0994050367785186
TOI-172 b,1722.6386,10.816685,0.3806,9.47725,7.53,1198.0,2019-05-01,0,69.9226,-63.566,0.358688,-0.325061,Published Confirmed,<a refstr=RODRIGUEZ_ET_AL__2019 href=https://ui.adsabs.harvard.edu/abs/2019AJ....157..191R/abstract target=ref>Rodriguez et al. 2019</a>,0.035175802535227424
TOI-1723 b,10.4,3.29206019,0.0,13.72641,1.6,782.98,2024-06-01,0,5.2,-4.8,0.14301627,-0.12778039,Published Confirmed,<a refstr=POLANSKI_ET_AL__2024 href=https://ui.adsabs.harvard.edu/abs/2024ApJS..272...32P/abstract target=ref>Polanski et al. 2024</a>,0.2609489918214873
TOI-1728 b,26.78,5.05,0.057,3.49151,1.14,767.0,2020-08-01,0,5.43,-5.13,0.16,-0.17,Published Confirmed,<a refstr=KANODIA_ET_AL__2020 href=https://ui.adsabs.harvard.edu/abs/2020ApJ...899...29K/abstract target=ref>Kanodia et al. 2020</a>,0.11491766428323191
TOI-1736 b,12.3,3.18175535,0.0,7.073076,2.09,1099.79,2024-06-01,0,1.5,-1.4,0.12195694,-0.09508409,Published Confirmed,<a refstr=POLANSKI_ET_AL__2024 href=https://ui.adsabs.harvard.edu/abs/2024ApJS..272...32P/abstract target=ref>Polanski et al. 2024</a>,0.07599664997570488
TOI-1742 b,9.7,2.36507598,0.3,21.269084,4.0,694.09,2024-06-01,0,1.9,-1.9,0.05691119,-0.051074,Published Confirmed,<a refstr=POLANSKI_ET_AL__2024 href=https://ui.adsabs.harvard.edu/abs/2024ApJS..272...32P/abstract target=ref>Polanski et al. 2024</a>,0.10935270256324381
TOI-1751 b,19.5,2.9507845,0.327,37.46852,4.13,651.64,2024-06-01,0,3.5,-3.4,0.11061818,-0.08190008,Published Confirmed,<a refstr=POLANSKI_ET_AL__2024 href=https://ui.adsabs.harvard.edu/abs/2024ApJS..272...32P/abstract target=ref>Polanski et al. 2024</a>,0.10477230768240159
TOI-1753 b,16.6,2.47852533,0.0,5.3846104,5.95,1005.43,2024-06-01,0,5.2,-5.2,0.09834485,-0.07935468,Published Confirmed,<a refstr=POLANSKI_ET_AL__2024 href=https://ui.adsabs.harvard.edu/abs/2024ApJS..272...32P/abstract target=ref>Polanski et al. 2024</a>,0.1745504231058718
TOI-1758 b,6.9,3.5573684,0.0,20.705127,0.83,551.44,2024-06-01,0,6.2,-6.3,0.22777295,-0.14154972,Published Confirmed,<a refstr=POLANSKI_ET_AL__2024 href=https://ui.adsabs.harvard.edu/abs/2024ApJS..272...32P/abstract target=ref>Polanski et al. 2024</a>,0.47885331759668837
TOI-1759 b,10.8,3.14,0.0,18.85019,1.91,443.0,2022-03-01,0,1.5,-1.5,0.1,-0.1,Published Confirmed,<a refstr=ESPINOZA_ET_AL__2022 href=https://ui.adsabs.harvard.edu/abs/2022AJ....163..133E/abstract target=ref>Espinoza et al. 2022</a>,0.08536801132342532
TOI-1775 b,96.0,8.04728896,0.0,10.2405549,1.01,707.89,2024-06-01,0,15.0,-15.0,0.14337937,-0.12772169,Published Confirmed,<a refstr=POLANSKI_ET_AL__2024 href=https://ui.adsabs.harvard.edu/abs/2024ApJS..272...32P/abstract target=ref>Polanski et al. 2024</a>,0.08654712393973735
TOI-1776 b,1.4,1.21612741,0.0,2.799868,4.13,1269.21,2024-06-01,0,1.1,-1.0,0.0898466,-0.07715788,Published Confirmed,<a refstr=POLANSKI_ET_AL__2024 href=https://ui.adsabs.harvard.edu/abs/2024ApJS..272...32P/abstract target=ref>Polanski et al. 2024</a>,0.4093312054778866
TOI-1794 b,8.7,3.29701268,0.0,8.765528,1.31,992.91,2024-06-01,0,4.1,-4.0,0.16656615,-0.13651409,Published Confirmed,<a refstr=POLANSKI_ET_AL__2024 href=https://ui.adsabs.harvard.edu/abs/2024ApJS..272...32P/abstract target=ref>Polanski et al. 2024</a>,0.2557400488350877
TOI-1798.01,6.5,2.38506569,0.0,8.02154,2.61,734.31,2024-06-01,0,2.0,-2.0,0.11777739,-0.09182545,Published Confirmed,<a refstr=POLANSKI_ET_AL__2024 href=https://ui.adsabs.harvard.edu/abs/2024ApJS..272...32P/abstract target=ref>Polanski et al. 2024</a>,0.17581649630661664
TOI-1798.02,5.6,1.39939037,0.0,0.4378146,11.17,1935.83,2024-06-01,0,0.8,-0.7,0.0683807,-0.058212,Published Confirmed,<a refstr=POLANSKI_ET_AL__2024 href=https://ui.adsabs.harvard.edu/abs/2024ApJS..272...32P/abstract target=ref>Polanski et al. 2024</a>,0.08957997300102902
TOI-1799 b,4.0,1.42238884,0.0,7.085738,7.51,922.72,2024-06-01,0,1.7,-1.8,0.09318892,-0.08795987,Published Confirmed,<a refstr=POLANSKI_ET_AL__2024 href=https://ui.adsabs.harvard.edu/abs/2024ApJS..272...32P/abstract target=ref>Polanski et al. 2024</a>,0.2505888307236719
TOI-1801 b,5.738,2.079,0.0,10.64387,3.701,493.7,2023-10-01,0,1.455,-1.428,0.124,-0.11,Published Confirmed,<a refstr=MALLORQU_IACUTE_N_ET_AL__2023 href=https://ui.adsabs.harvard.edu/abs/2023arXiv231010244M/abstract target=ref>Mallorqu&iacute;n et al. 2023</a>,0.15374849676871286
TOI-1803 b,10.32,2.99,0.0,6.293287,2.15031,747.0,2025-03-01,0,1.66,-0.48,0.08,-0.08,Published Confirmed,<a refstr=ZINGALES_ET_AL__2025 href=https://ui.adsabs.harvard.edu/abs/2025A&A...695A.273Z/abstract target=ref>Zingales et al. 2025</a>,0.06521901169272251
TOI-1803 c,8.0,4.29,0.0,12.885779,0.419035,588.0,2025-03-01,0,1.0,-2.0,0.08,-0.08,Published Confirmed,<a refstr=ZINGALES_ET_AL__2025 href=https://ui.adsabs.harvard.edu/abs/2025A&A...695A.273Z/abstract target=ref>Zingales et al. 2025</a>,0.10307400932400931
TOI-1807 b,2.44,1.49681583,0.0,0.54937097,3.98,1694.1,2024-06-01,0,0.6,-0.57,0.08089145,-0.06779467,Published Confirmed,<a refstr=POLANSKI_ET_AL__2024 href=https://ui.adsabs.harvard.edu/abs/2024ApJS..272...32P/abstract target=ref>Polanski et al. 2024</a>,0.1447107857396212
TOI-181 b,46.1687,6.9559,0.1543,4.532,0.7562,895.1,2023-05-01,0,2.71,-7.83,0.087,-0.101,Published Confirmed,<a refstr=MISTRY_ET_AL__2023 href=https://ui.adsabs.harvard.edu/abs/2023MNRAS.tmp..527M/abstract target=ref>Mistry et al. 2023</a>,0.06383015247055815
TOI-1811 b,308.9292116,11.14172682,0.052,3.7130765,1.23,962.2,2023-02-01,0,24.15495893,-24.79061575,0.28022452,-0.25780656,Published Confirmed,<a refstr=RODRIGUEZ_ET_AL__2023 href=https://ui.adsabs.harvard.edu/abs/2023MNRAS.tmp..609R/abstract target=ref>Rodriguez et al. 2023</a>,0.051681488246773086
TOI-1820 b,731.0053361,12.778238,0.043,4.860674,2.0,1375.0,2022-04-01,0,63.5656814,-63.5656814,0.22417961,-0.22417961,Published Confirmed,<a refstr=KNUDSTRUP_ET_AL__2022 href=https://ui.adsabs.harvard.edu/abs/2022arXiv220413956K/abstract target=ref>Knudstrup et al. 2022</a>,0.05225019053623757
TOI-1823 b,67.4,7.5406241,0.0,38.8,0.86,423.63,2024-06-01,0,8.1,-8.3,0.33185186,-0.25202617,Published Confirmed,<a refstr=POLANSKI_ET_AL__2024 href=https://ui.adsabs.harvard.edu/abs/2024ApJS..272...32P/abstract target=ref>Polanski et al. 2024</a>,0.08018860938411702
TOI-1824 b,16.0,2.7438269,0.0,22.808533,4.24,528.67,2024-06-01,0,2.6,-2.6,0.08672208,-0.07211466,Published Confirmed,<a refstr=POLANSKI_ET_AL__2024 href=https://ui.adsabs.harvard.edu/abs/2024ApJS..272...32P/abstract target=ref>Polanski et al. 2024</a>,0.09572219028284912
TOI-1836 b,24.7,8.28055741,0.0,20.380845,0.24,889.51,2024-06-01,0,6.1,-5.9,0.2036427,-0.16815649,Published Confirmed,<a refstr=POLANSKI_ET_AL__2024 href=https://ui.adsabs.harvard.edu/abs/2024ApJS..272...32P/abstract target=ref>Polanski et al. 2024</a>,0.13268255516071173
TOI-1842 b,89.4,12.3485023,0.276,9.5739181,0.26,1199.55,2024-06-01,0,7.8,-7.8,0.27917829,-0.2943366,Published Confirmed,<a refstr=POLANSKI_ET_AL__2024 href=https://ui.adsabs.harvard.edu/abs/2024ApJS..272...32P/abstract target=ref>Polanski et al. 2024</a>,0.05523518231483868
TOI-1853 b,73.2,3.46,0.03,1.2436258,9.74,1479.0,2023-09-01,0,2.7,-2.7,0.08,-0.08,Published Confirmed,<a refstr=NAPONIELLO_ET_AL__2023 href=https://ui.adsabs.harvard.edu/abs/2023arXiv230901464N/abstract target=ref>Naponiello et al. 2023</a>,0.03000331659243817
TOI-1855 b,360.09958513,18.49481816,0.033,1.36414864,0.31,1701.0,2024-07-01,0,30.51152707,-28.92238504,5.82866996,-4.14732286,Published Confirmed,<a refstr=SCHULTE_ET_AL__2024 href=https://ui.adsabs.harvard.edu/abs/2024AJ....168...32S/abstract target=ref>Schulte et al. 2024</a>,0.17611062069461614
TOI-1898 b,129.0,9.39553231,0.485,45.52234,0.85,674.54,2024-06-01,0,7.0,-8.0,0.2342915,-0.30913881,Published Confirmed,<a refstr=POLANSKI_ET_AL__2024 href=https://ui.adsabs.harvard.edu/abs/2024ApJS..272...32P/abstract target=ref>Polanski et al. 2024</a>,0.043529573764425275
TOI-1899 b,212.94503269,11.09689089,0.044,29.090312,0.85,378.0,2023-09-01,0,12.71313628,-12.71313628,0.33626942,-0.33626942,Published Confirmed,<a refstr=LIN_ET_AL__2023 href=https://ui.adsabs.harvard.edu/abs/2023AJ....166...90L/abstract target=ref>Lin et al. 2023</a>,0.04500226137921035
TOI-1937 A b,638.83509807,13.97759893,0.0,0.94667944,1.28,2097.0,2023-03-01,0,54.03082919,-50.85254512,0.66132986,-0.6949568,Published Confirmed,<a refstr=YEE_ET_AL__2023 href=https://ui.adsabs.harvard.edu/abs/2023ApJS..265....1Y/abstract target=ref>Yee et al. 2023</a>,0.06530299576771852
TOI-1994 b,7024.0077947,13.67495645,0.341,4.0337142,15.0,2290.0,2024-03-01,0,826.3538582,-794.5710175,0.91913642,-0.79583763,Published Confirmed,<a refstr=PAGE_ET_AL__2024 href=https://ui.adsabs.harvard.edu/abs/2024AJ....167..109P/abstract target=ref>Page et al. 2024</a>,0.08904476677088853
TOI-2000 b,11.0,2.7,0.0,3.09833,3.07,1488.0,2023-06-01,0,2.4,-2.4,0.15,-0.15,Published Confirmed,<a refstr=SHA_ET_AL__2023 href=https://ui.adsabs.harvard.edu/abs/2023MNRAS.tmp.1632S/abstract target=ref>Sha et al. 2023</a>,0.13686868686868686
TOI-2000 c,81.7,8.14,0.063,9.127055,0.829,1038.0,2023-06-01,0,4.7,-4.6,0.31,-0.3,Published Confirmed,<a refstr=SHA_ET_AL__2023 href=https://ui.adsabs.harvard.edu/abs/2023MNRAS.tmp.1632S/abstract target=ref>Sha et al. 2023</a>,0.04719241607246503
TOI-2010 b,408.7273314,11.81426566,0.212,141.834025,1.36,400.2,2023-12-01,0,17.48056238,-18.1162192,0.30264248,-0.30264248,Published Confirmed,<a refstr=MANN_ET_AL__2023 href=https://ui.adsabs.harvard.edu/abs/2023arXiv231110232M/abstract target=ref>Mann et al. 2023</a>,0.03458128853475057
TOI-2015 b,9.2,3.309,0.0789,3.348237,1.4,530.9,2025-02-01,0,0.32,-0.35,0.013,-0.011,Published Confirmed,<a refstr=BARKAOUI_ET_AL__2025 href=https://ui.adsabs.harvard.edu/abs/2025arXiv250207074B/abstract target=ref>Barkaoui et al. 2025</a>,0.020019758366510307
TOI-2019 b,34.4,5.33275337,0.0,15.3444,1.25,917.46,2024-06-01,0,4.4,-4.4,0.26371361,-0.20823795,Published Confirmed,<a refstr=POLANSKI_ET_AL__2024 href=https://ui.adsabs.harvard.edu/abs/2024ApJS..272...32P/abstract target=ref>Polanski et al. 2024</a>,0.08607862370345
TOI-2025 b,1398.4449908,12.52043144,0.41,8.872078,3.9,1167.0,2022-04-01,0,95.3485221,-95.3485221,0.10088083,-0.10088083,Published Confirmed,<a refstr=KNUDSTRUP_ET_AL__2022 href=https://ui.adsabs.harvard.edu/abs/2022arXiv220413956K/abstract target=ref>Knudstrup et al. 2022</a>,0.03811955740400588
TOI-2076 b,16.1,2.77062554,0.0,10.355096,4.1,687.68,2024-06-01,0,8.3,-8.2,0.14256046,-0.09540438,Published Confirmed,<a refstr=POLANSKI_ET_AL__2024 href=https://ui.adsabs.harvard.edu/abs/2024ApJS..272...32P/abstract target=ref>Polanski et al. 2024</a>,0.27768330226455445
TOI-2107 b,263.79757781,13.57407563,0.033,2.4545467,0.577,1397.0,2024-07-01,0,34.96112477,-34.96112477,0.39231432,-0.35868738,Published Confirmed,<a refstr=SCHULTE_ET_AL__2024 href=https://ui.adsabs.harvard.edu/abs/2024AJ....168...32S/abstract target=ref>Schulte et al. 2024</a>,0.08009660428990473
TOI-2128 b,4.5,2.08874836,0.0,16.34136,2.68,780.53,2024-06-01,0,2.0,-2.0,0.08866263,-0.07642236,Published Confirmed,<a refstr=POLANSKI_ET_AL__2024 href=https://ui.adsabs.harvard.edu/abs/2024ApJS..272...32P/abstract target=ref>Polanski et al. 2024</a>,0.24198106358882895
TOI-2134 b,9.13,2.69,0.06,9.2292005,2.607,666.0,2023-10-01,0,0.78,-0.76,0.16,-0.16,Published Confirmed,<a refstr=RESCIGNO_ET_AL__2023 href=https://ui.adsabs.harvard.edu/abs/2023MNRAS.tmp.3121R/abstract target=ref>Rescigno et al. 2023</a>,0.07190845165046804
TOI-2134 c,41.89,7.27,0.67,95.5,0.599,306.0,2023-10-01,0,7.69,-7.83,0.42,-0.42,Published Confirmed,<a refstr=RESCIGNO_ET_AL__2023 href=https://ui.adsabs.harvard.edu/abs/2023MNRAS.tmp.3121R/abstract target=ref>Rescigno et al. 2023</a>,0.12150937002426279
TOI-2136 b,6.37,2.19,0.0,7.851928,3.34,395.0,2022-08-01,0,2.45,-2.29,0.17,-0.17,Published Confirmed,<a refstr=GAN_ET_AL__2022 href=https://ui.adsabs.harvard.edu/abs/2022MNRAS.tmp.1417G/abstract target=ref>Gan et al. 2022</a>,0.22484104284495676
TOI-2141 b,24.0,3.05,0.21,18.26157,4.6,722.0,2023-11-01,0,4.0,-4.0,0.23,-0.23,Published Confirmed,<a refstr=MARTIOLI_ET_AL__2023 href=https://ui.adsabs.harvard.edu/abs/2023arXiv231107011M/abstract target=ref>Martioli et al. 2023</a>,0.12103825136612022
TOI-2145 b,1767.0,12.41899699,0.21,10.261127,5.06,1363.43,2024-06-01,0,71.0,-72.0,0.30986632,-0.25354457,Published Confirmed,<a refstr=POLANSKI_ET_AL__2024 href=https://ui.adsabs.harvard.edu/abs/2024ApJS..272...32P/abstract target=ref>Polanski et al. 2024</a>,0.031573746535402875
TOI-2152 A b,899.45439181,14.35870428,0.057,3.3773512,1.67,1802.0,2023-02-01,0,120.77479466,-117.59651059,0.56044903,-0.51561311,Published Confirmed,<a refstr=RODRIGUEZ_ET_AL__2023 href=https://ui.adsabs.harvard.edu/abs/2023MNRAS.tmp..609R/abstract target=ref>Rodriguez et al. 2023</a>,0.08498977982912345
TOI-2154 b,292.40213444,16.28664896,0.117,3.8240801,0.37,1580.0,2023-02-01,0,60.38739733,-57.20911326,0.59407598,-0.53803107,Published Confirmed,<a refstr=RODRIGUEZ_ET_AL__2023 href=https://ui.adsabs.harvard.edu/abs/2023MNRAS.tmp..609R/abstract target=ref>Rodriguez et al. 2023</a>,0.11792131720091878
TOI-2158 b,260.61929374,10.76062147,0.07,8.60077,1.14,1188.0,2022-04-01,0,25.42627256,-25.42627256,0.13450777,-0.13450777,Published Confirmed,<a refstr=KNUDSTRUP_ET_AL__2022 href=https://ui.adsabs.harvard.edu/abs/2022arXiv220413956K/abstract target=ref>Knudstrup et al. 2022</a>,0.05503048788038484
TOI-216.01,200.0,11.29,0.029,34.556,0.76,497.0,2019-07-01,0,170.0,-100.0,0.58,-0.42,Published Confirmed,<a refstr=KIPPING_ET_AL__2019 href=https://ui.adsabs.harvard.edu/abs/2019MNRAS.486.4980K/abstract target=ref>Kipping et al. 2019</a>,0.3596434898139947
TOI-216.02,30.0,7.69,0.132,17.089,0.34,628.0,2019-07-01,0,20.0,-14.0,1.62,-0.83,Published Confirmed,<a refstr=KIPPING_ET_AL__2019 href=https://ui.adsabs.harvard.edu/abs/2019MNRAS.486.4980K/abstract target=ref>Kipping et al. 2019</a>,0.36298222800173385
TOI-2180 b,875.61726129,11.32107051,0.3683,260.79,3.32,348.0,2022-02-01,0,27.65107141,-25.74410097,0.24659758,-0.21297063,Published Confirmed,<a refstr=DALBA_ET_AL__2022 href=https://ui.adsabs.harvard.edu/abs/2022AJ....163...61D/abstract target=ref>Dalba et al. 2022</a>,0.02539352395296856
TOI-2196 b,26.0,3.51,0.0,1.1947268,3.31,1860.0,2022-08-01,0,1.3,-1.3,0.15,-0.15,Published Confirmed,<a refstr=PERSSON_ET_AL__2022 href=https://ui.adsabs.harvard.edu/abs/2022arXiv220805797P/abstract target=ref>Persson et al. 2022</a>,0.04636752136752137
TOI-220 b,13.8,3.03,0.032,10.695264,2.73,805.0,2021-08-01,0,1.0,-1.0,0.15,-0.15,Published Confirmed,<a refstr=HOYER_ET_AL__2021 href=https://ui.adsabs.harvard.edu/abs/2021MNRAS.505.3361H/abstract target=ref>Hoyer et al. 2021</a>,0.06098435930549577
TOI-2207 b,203.41018048,11.1529358,0.174,8.001968,0.8,1259.0,2022-08-01,0,31.7828407,-38.13940884,0.31385146,-0.30264248,Published Confirmed,<a refstr=YEE_ET_AL__2022 href=https://ui.adsabs.harvard.edu/abs/2022AJ....164...70Y/abstract target=ref>Yee et al. 2022</a>,0.09975659550667368
TOI-2236 b,502.16888306,14.36991326,0.0,3.5315902,0.93,1688.0,2022-08-01,0,127.1313628,-123.95307873,0.35868738,-0.3474784,Published Confirmed,<a refstr=YEE_ET_AL__2022 href=https://ui.adsabs.harvard.edu/abs/2022AJ....164...70Y/abstract target=ref>Yee et al. 2022</a>,0.13728549134610435
TOI-2295 b,278.09985612,16.47720163,0.334,30.033302,0.34,747.0,2025-02-01,0,13.34879309,-13.03096469,9.52763359,-5.94075977,Published Confirmed,<a refstr=HEIDARI_ET_AL__2024 href=https://ui.adsabs.harvard.edu/abs/2024arXiv241208527H/abstract target=ref>Heidari et al. 2024</a>,0.2584081631595551
TOI-2328 b,50.85254512,9.97599282,0.057,17.10197,0.29,842.0,2025-02-01,0,6.35656814,-6.35656814,0.33626942,-0.44835923,Published Confirmed,<a refstr=TALA_PINTO_ET_AL__2025 href=https://ui.adsabs.harvard.edu/abs/2025A&A...694A.268T/abstract target=ref>Tala Pinto et al. 2025</a>,0.08216292137928784
TOI-2364 b,71.51139158,8.60849718,0.0,4.0197517,0.61,1091.0,2023-03-01,0,13.6666215,-15.57359194,0.25780656,-0.20176165,Published Confirmed,<a refstr=YEE_ET_AL__2023 href=https://ui.adsabs.harvard.edu/abs/2023ApJS..265....1Y/abstract target=ref>Yee et al. 2023</a>,0.11556857640179036
TOI-2368 b,206.58846455,10.83908434,0.061,5.1750073,0.88,1000.0,2024-07-01,0,57.20911326,-57.20911326,0.40352331,-0.3474784,Published Confirmed,<a refstr=SCHULTE_ET_AL__2024 href=https://ui.adsabs.harvard.edu/abs/2024AJ....168...32S/abstract target=ref>Schulte et al. 2024</a>,0.15578315176489987
TOI-2373 b,2955.8041851,10.42435205,0.112,13.33668,14.4,860.0,2023-12-01,0,63.5656814,-63.5656814,0.22417961,-0.22417961,Published Confirmed,<a refstr=EBERHARDT_ET_AL__2023 href=https://ui.adsabs.harvard.edu/abs/2023AJ....166..271E/abstract target=ref>Eberhardt et al. 2023</a>,0.021505376153259072
TOI-2374 b,56.64,6.81,0.13,4.31361,0.98,885.0,2024-06-01,0,3.49,-4.27,0.3,-0.3,Published Confirmed,<a refstr=HACKER_ET_AL__2024 href=https://ui.adsabs.harvard.edu/abs/2024MNRAS.tmp.1415H/abstract target=ref>Hacker et al. 2024</a>,0.056277844147440206
TOI-2379 b,1830.69162432,11.72459381,0.342,5.4693827,6.21,624.0,2024-10-01,0,63.5656814,-63.5656814,0.25780656,-0.25780656,Published Confirmed,<a refstr=BRYANT_ET_AL__2024 href=https://ui.adsabs.harvard.edu/abs/2024MNRAS.533.3893B/abstract target=ref>Bryant et al. 2024</a>,0.028355375141823833
TOI-238 b,3.4,1.402,0.18,1.2730991,6.8,1311.0,2024-02-01,0,0.46,-0.46,0.086,-0.086,Published Confirmed,<a refstr=SU_AACUTE_REZ_MASCARE_NTILDE_O_ET_AL__2024 href=https://ui.adsabs.harvard.edu/abs/2024arXiv240204113S/abstract target=ref>Su&aacute;rez Mascare&ntilde;o et al. 2024</a>,0.0983175295795922
TOI-238 c,6.7,2.18,0.36,8.465651,1.83,696.0,2024-02-01,0,1.1,-1.1,0.18,-0.18,Published Confirmed,<a refstr=SU_AACUTE_REZ_MASCARE_NTILDE_O_ET_AL__2024 href=https://ui.adsabs.harvard.edu/abs/2024arXiv240204113S/abstract target=ref>Su&aacute;rez Mascare&ntilde;o et al. 2024</a>,0.12337395590853074
TOI-2384 b,624.85064816,11.48920522,0.0,2.13570304,2.26,889.7,2024-10-01,0,18.75187601,-18.75187601,0.23538859,-0.23538859,Published Confirmed,<a refstr=BRYANT_ET_AL__2024 href=https://ui.adsabs.harvard.edu/abs/2024MNRAS.533.3893B/abstract target=ref>Bryant et al. 2024</a>,0.02524898869989282
TOI-2416 b,953.485221,9.86390302,0.32,8.275479,5.4,1080.0,2023-12-01,0,31.7828407,-28.60455663,0.22417961,-0.22417961,Published Confirmed,<a refstr=EBERHARDT_ET_AL__2023 href=https://ui.adsabs.harvard.edu/abs/2023AJ....166..271E/abstract target=ref>Eberhardt et al. 2023</a>,0.027196969489602027
TOI-2420 b,294.62693329,15.02003414,0.055,5.842641,0.477,1571.6,2024-10-01,0,27.01541459,-25.10844415,0.82946457,-0.80704661,Published Confirmed,<a refstr=CARLEO_ET_AL__2024 href=https://ui.adsabs.harvard.edu/abs/2024A&A...690A..18C/abstract target=ref>Carleo et al. 2024</a>,0.07146750063709774
TOI-2421 b,105.83685953,10.36830715,0.0,4.3474032,0.52,1534.0,2022-08-01,0,25.10844415,-25.10844415,0.39231432,-0.38110534,Published Confirmed,<a refstr=YEE_ET_AL__2022 href=https://ui.adsabs.harvard.edu/abs/2022AJ....164...70Y/abstract target=ref>Yee et al. 2022</a>,0.13726726704958964
TOI-2443 b,4.8,2.363,0.301,15.66858,2.0,519.0,2025-01-01,0,1.1,-1.1,0.066,-0.066,Published Confirmed,<a refstr=NAPONIELLO_ET_AL__2025 href=https://ui.adsabs.harvard.edu/abs/2025A&A...693A...7N/abstract target=ref>Naponiello et al. 2025</a>,0.128548631682889
TOI-2458 b,13.31,2.83,0.087,3.73659,3.23,1509.4,2024-09-01,0,0.99,-0.96,0.2,-0.18,Published Confirmed,<a refstr=_AMP_SCARON_UBJAK_ET_AL__2024 href=https://ui.adsabs.harvard.edu/abs/2024arXiv240917532S/abstract target=ref>&Scaron;ubjak et al. 2024</a>,0.07019550113759149
TOI-2485 b,766.60211768,12.1393261,0.0341,11.23479,2.36,1134.0,2024-10-01,0,27.96889982,-27.65107141,0.50440413,-0.50440413,Published Confirmed,<a refstr=CARLEO_ET_AL__2024 href=https://ui.adsabs.harvard.edu/abs/2024A&A...690A..18C/abstract target=ref>Carleo et al. 2024</a>,0.0389140975005796
TOI-2497 b,1531.93292174,11.14172682,0.195,10.655669,6.1,1595.0,2023-02-01,0,130.30964687,-130.30964687,0.61649394,-0.54924005,Published Confirmed,<a refstr=RODRIGUEZ_ET_AL__2023 href=https://ui.adsabs.harvard.edu/abs/2023MNRAS.tmp..609R/abstract target=ref>Rodriguez et al. 2023</a>,0.06868806190916256
TOI-2498 b,34.62,6.06,0.089,3.738252,0.86,1443.0,2023-05-01,0,4.1,-4.09,0.29,-0.27,Published Confirmed,<a refstr=FRAME_ET_AL__2023 href=https://ui.adsabs.harvard.edu/abs/2023MNRAS.tmp.1428F/abstract target=ref>Frame et al. 2023</a>,0.0822444246157718
TOI-2524 b,203.41018048,11.2089807,0.0,7.18585,0.79,1100.0,2023-12-01,0,12.71313628,-12.71313628,0.22417961,-0.33626942,Published Confirmed,<a refstr=EBERHARDT_ET_AL__2023 href=https://ui.adsabs.harvard.edu/abs/2023AJ....166..271E/abstract target=ref>Eberhardt et al. 2023</a>,0.04374999988848227
TOI-2537 b,415.40172795,11.25381662,0.364,94.1022,1.6,338.0,2025-02-01,0,28.92238504,-27.96889982,0.66132986,-0.68374782,Published Confirmed,<a refstr=HEIDARI_ET_AL__2024 href=https://ui.adsabs.harvard.edu/abs/2024arXiv241208527H/abstract target=ref>Heidari et al. 2024</a>,0.06411919262397439
TOI-2567 b,63.88350981,10.92875618,0.0,5.983944,0.269,1352.0,2022-08-01,0,10.80616584,-9.85268062,0.3474784,-0.32506044,Published Confirmed,<a refstr=YEE_ET_AL__2022 href=https://ui.adsabs.harvard.edu/abs/2022AJ....164...70Y/abstract target=ref>Yee et al. 2022</a>,0.09623038650243274
TOI-257 b,43.86032017,7.16253867,0.0,18.38818,0.65,1027.0,2021-04-01,0,7.31005336,-7.31005336,0.14571675,-0.14571675,Published Confirmed,<a refstr=ADDISON_ET_AL__2021 href=https://ui.adsabs.harvard.edu/abs/2021MNRAS.502.3704A/abstract target=ref>Addison et al. 2021</a>,0.09350547734828688
TOI-2570 b,260.61929374,13.64132951,0.0,2.9887615,0.563,1431.0,2022-08-01,0,20.02318964,-20.65884645,0.39231432,-0.38110534,Published Confirmed,<a refstr=YEE_ET_AL__2022 href=https://ui.adsabs.harvard.edu/abs/2022AJ....164...70Y/abstract target=ref>Yee et al. 2022</a>,0.0531985889376401
TOI-2580 b,200.23189641,17.37392009,0.08,3.39775,0.22,2410.0,2024-12-01,0,25.42627256,-25.42627256,0.56044903,-0.56044903,Published Confirmed,<a refstr=EHRHARDT_ET_AL__2024 href=https://ui.adsabs.harvard.edu/abs/2024A&A...692A.220E/abstract target=ref>Ehrhardt et al. 2024</a>,0.07962109560159246
TOI-2583 A b,79.45710175,14.4595851,0.0,4.5207265,0.144,1456.0,2023-03-01,0,18.43404761,-17.79839079,0.44835923,-0.36989636,Published Confirmed,<a refstr=YEE_ET_AL__2023 href=https://ui.adsabs.harvard.edu/abs/2023ApJS..265....1Y/abstract target=ref>Yee et al. 2023</a>,0.12814728681191478
TOI-2587 A b,69.28659273,12.07207221,0.0,5.45664,0.216,1445.0,2023-03-01,0,17.16273398,-14.62010672,0.47077719,-0.44835923,Published Confirmed,<a refstr=YEE_ET_AL__2023 href=https://ui.adsabs.harvard.edu/abs/2023ApJS..265....1Y/abstract target=ref>Yee et al. 2023</a>,0.13371325382489158
TOI-260 b,3.3,1.47291596,0.0,13.475815,5.6,438.59,2024-06-01,0,1.1,-1.0,0.12029037,-0.08400154,Published Confirmed,<a refstr=POLANSKI_ET_AL__2024 href=https://ui.adsabs.harvard.edu/abs/2024ApJS..272...32P/abstract target=ref>Polanski et al. 2024</a>,0.19376564878209965
TOI-2641 b,122.6817651,18.10250383,0.18,4.880974,0.092,1387.0,2023-07-01,0,6.99222495,-11.44182265,5.17854908,-7.17374765,Published Confirmed,<a refstr=PSARIDI_ET_AL__2023 href=https://ui.adsabs.harvard.edu/abs/2023A&A...675A..39P/abstract target=ref>Psaridi et al. 2023</a>,0.20815300210725893
TOI-269 b,8.8,2.77,0.425,3.6977104,2.28,531.0,2021-06-01,0,1.4,-1.4,0.12,-0.12,Published Confirmed,<a refstr=COINTEPAS_ET_AL__2021 href=https://ui.adsabs.harvard.edu/abs/2021A&A...650A.145C/abstract target=ref>Cointepas et al. 2021</a>,0.10120610436494912
TOI-270 b,1.58,1.206,0.034,3.3601538,4.97,581.0,2021-10-01,0,0.26,-0.26,0.039,-0.039,Published Confirmed,<a refstr=VAN_EYLEN_ET_AL__2021 href=https://ui.adsabs.harvard.edu/abs/2021MNRAS.507.2154V/abstract target=ref>Van Eylen et al. 2021</a>,0.09844763524151395
TOI-270 c,6.15,2.355,0.027,5.6605731,2.6,488.0,2021-10-01,0,0.37,-0.37,0.064,-0.064,Published Confirmed,<a refstr=VAN_EYLEN_ET_AL__2021 href=https://ui.adsabs.harvard.edu/abs/2021MNRAS.507.2154V/abstract target=ref>Van Eylen et al. 2021</a>,0.043669411216405156
TOI-270 d,4.78,2.133,0.032,11.379573,2.72,387.0,2021-10-01,0,0.43,-0.43,0.058,-0.058,Published Confirmed,<a refstr=VAN_EYLEN_ET_AL__2021 href=https://ui.adsabs.harvard.edu/abs/2021MNRAS.507.2154V/abstract target=ref>Van Eylen et al. 2021</a>,0.05857495385327598
TOI-2714 b,228.0,13.72,0.164,2.499387,0.49,1603.0,2024-09-01,0,33.0,-32.0,0.7,-0.67,Published Confirmed,<a refstr=MANTOVAN_ET_AL__2024 href=https://ui.adsabs.harvard.edu/abs/2024arXiv240907520M/abstract target=ref>Mantovan et al. 2024</a>,0.09623548667587335
TOI-2803 A b,309.88269682,18.11371281,0.0,1.96229325,0.287,1893.0,2023-03-01,0,26.37975778,-22.24798849,0.38110534,-0.35868738,Published Confirmed,<a refstr=YEE_ET_AL__2023 href=https://ui.adsabs.harvard.edu/abs/2023ApJS..265....1Y/abstract target=ref>Yee et al. 2023</a>,0.04944116518530532
TOI-2818 b,225.65816897,15.27784069,0.0,4.039709,0.34,1376.0,2023-03-01,0,82.63538582,-82.63538582,0.51561311,-0.50440413,Published Confirmed,<a refstr=YEE_ET_AL__2023 href=https://ui.adsabs.harvard.edu/abs/2023ApJS..265....1Y/abstract target=ref>Yee et al. 2023</a>,0.19978971401707432
TOI-2842 b,117.59651059,12.84549188,0.0,3.5514058,0.304,1471.0,2023-03-01,0,16.52707716,-14.93793513,0.57165802,-0.53803107,Published Confirmed,<a refstr=YEE_ET_AL__2023 href=https://ui.adsabs.harvard.edu/abs/2023ApJS..265....1Y/abstract target=ref>Yee et al. 2023</a>,0.08848875054157988
TOI-286 b,4.53,1.42,0.0,4.5117244,8.63,979.0,2024-06-01,0,0.78,-0.78,0.1,-0.1,Published Confirmed,<a refstr=HOBSON_ET_AL__2024 href=https://ui.adsabs.harvard.edu/abs/2024arXiv240606278H/abstract target=ref>Hobson et al. 2024</a>,0.12130398283742189
TOI-286 c,3.72,1.88,0.0,39.361826,3.09,475.0,2024-06-01,0,2.22,-2.22,0.12,-0.12,Published Confirmed,<a refstr=HOBSON_ET_AL__2024 href=https://ui.adsabs.harvard.edu/abs/2024arXiv240606278H/abstract target=ref>Hobson et al. 2024</a>,0.33030199039121483
TOI-2969 b,368.68095212,12.32987877,0.0,1.8237146,1.1,1186.0,2025-06-01,0,12.71313628,-12.71313628,0.89671846,-0.89671846,Published Confirmed,<a refstr=FRENSCH_ET_AL__2025 href=https://ui.adsabs.harvard.edu/abs/2025arXiv250604923F/abstract target=ref>Frensch et al. 2025</a>,0.05360501583618879
TOI-2977 b,533.95172376,13.15934334,0.0,2.3505614,1.28,1544.0,2023-03-01,0,82.63538582,-79.45710175,0.3474784,-0.30264248,Published Confirmed,<a refstr=YEE_ET_AL__2023 href=https://ui.adsabs.harvard.edu/abs/2023ApJS..265....1Y/abstract target=ref>Yee et al. 2023</a>,0.08824379410077984
TOI-2981 b,638.0,13.4,0.035,3.601501,1.46,1358.0,2024-09-01,0,33.0,-33.0,0.42,-0.42,Published Confirmed,<a refstr=MANTOVAN_ET_AL__2024 href=https://ui.adsabs.harvard.edu/abs/2024arXiv240907520M/abstract target=ref>Mantovan et al. 2024</a>,0.041533710756562016
TOI-2989 b,953.485221,12.55405838,0.0,3.122832,2.7,1001.0,2025-06-01,0,63.5656814,-63.5656814,0.56044903,-0.56044903,Published Confirmed,<a refstr=FRENSCH_ET_AL__2025 href=https://ui.adsabs.harvard.edu/abs/2025arXiv250604923F/abstract target=ref>Frensch et al. 2025</a>,0.05565476171273521
TOI-3023 b,197.05361234,16.43236571,0.0,3.9014971,0.245,1596.0,2023-03-01,0,31.7828407,-28.60455663,0.48198617,-0.35868738,Published Confirmed,<a refstr=YEE_ET_AL__2023 href=https://ui.adsabs.harvard.edu/abs/2023ApJS..265....1Y/abstract target=ref>Yee et al. 2023</a>,0.08940280768686047
TOI-3071 b,68.2,7.16,0.09,1.266938,1.02,2155.0,2024-06-01,0,3.5,-3.5,0.57,-0.51,Published Confirmed,<a refstr=HACKER_ET_AL__2024 href=https://ui.adsabs.harvard.edu/abs/2024MNRAS.tmp.1415H/abstract target=ref>Hacker et al. 2024</a>,0.06336932125362472
TOI-3235 b,211.35589065,11.39953337,0.029,2.59261842,0.78,604.0,2023-02-01,0,7.94571018,-7.94571018,0.49319515,-0.49319515,Published Confirmed,<a refstr=HOBSON_ET_AL__2023 href=https://ui.adsabs.harvard.edu/abs/2023arXiv230210008H/abstract target=ref>Hobson et al. 2023</a>,0.04042924418273974
TOI-3261 b,30.3,3.82,0.0,0.8831331,3.0,1722.0,2024-07-01,0,2.2,-2.4,0.42,-0.35,Published Confirmed,<a refstr=NABBIE_ET_AL__2024 href=https://ui.adsabs.harvard.edu/abs/2024arXiv240704225N/abstract target=ref>Nabbie et al. 2024</a>,0.08834646553660602
TOI-329 b,40.4,4.94057819,0.39,5.70439,1.84,1213.02,2024-06-01,0,3.8,-3.7,0.29202617,-0.25614214,Published Confirmed,<a refstr=POLANSKI_ET_AL__2024 href=https://ui.adsabs.harvard.edu/abs/2024ApJS..272...32P/abstract target=ref>Polanski et al. 2024</a>,0.07414895579120809
TOI-332 b,57.2,3.2,0.0,0.777038,9.6,1871.0,2023-08-01,0,1.6,-1.6,0.16,-0.11,Published Confirmed,<a refstr=OSBORN_ET_AL__2023 href=https://ui.adsabs.harvard.edu/abs/2023arXiv230812137O/abstract target=ref>Osborn et al. 2023</a>,0.035079763986013986
TOI-3321 b,176.07693748,15.55806521,0.054,3.6525145,0.255,1616.0,2024-07-01,0,24.15495893,-23.83713052,0.78462865,-0.71737476,Published Confirmed,<a refstr=SCHULTE_ET_AL__2024 href=https://ui.adsabs.harvard.edu/abs/2024AJ....168...32S/abstract target=ref>Schulte et al. 2024</a>,0.09227624084041337
TOI-3331 A b,721.47048389,12.97999965,0.0,2.0180231,1.82,1488.0,2022-08-01,0,50.85254512,-50.85254512,0.48198617,-0.48198617,Published Confirmed,<a refstr=YEE_ET_AL__2022 href=https://ui.adsabs.harvard.edu/abs/2022AJ....164...70Y/abstract target=ref>Yee et al. 2022</a>,0.05380878470099983
TOI-3364 b,530.77343969,12.22899794,0.0,5.8768918,1.6,1264.0,2023-03-01,0,38.13940884,-41.31769291,0.42594127,-0.35868738,Published Confirmed,<a refstr=YEE_ET_AL__2023 href=https://ui.adsabs.harvard.edu/abs/2023ApJS..265....1Y/abstract target=ref>Yee et al. 2023</a>,0.053465479698397454
TOI-3568 b,26.4,5.3,0.035,4.417965,0.98,899.0,2024-09-01,0,1.0,-1.0,0.27,-0.27,Published Confirmed,<a refstr=MARTIOLI_ET_AL__2024 href=https://ui.adsabs.harvard.edu/abs/2024arXiv240903704M/abstract target=ref>Martioli et al. 2024</a>,0.04441109205260149
TOI-3629 b,77.2323029,8.29464572,0.056,3.9365578,0.743,711.0,2023-10-01,0,6.35656814,-6.35656814,0.15692573,-0.15692573,Published Confirmed,<a refstr=HARTMAN_ET_AL__2023 href=https://ui.adsabs.harvard.edu/abs/2023AJ....166..163H/abstract target=ref>Hartman et al. 2023</a>,0.05061172284425301
TOI-3688 A b,311.47183886,13.08088048,0.0,3.246075,0.76,1534.0,2023-03-01,0,31.7828407,-34.96112477,0.53803107,-0.49319515,Published Confirmed,<a refstr=YEE_ET_AL__2023 href=https://ui.adsabs.harvard.edu/abs/2023ApJS..265....1Y/abstract target=ref>Yee et al. 2023</a>,0.07328008315275994
TOI-3693 b,324.18497514,12.59889431,0.0,9.088516,0.89,801.0,2022-08-01,0,76.27881768,-69.92224954,0.32506044,-0.25780656,Published Confirmed,<a refstr=YEE_ET_AL__2022 href=https://ui.adsabs.harvard.edu/abs/2022AJ....164...70Y/abstract target=ref>Yee et al. 2022</a>,0.12431093440664528
TOI-3714 b,218.98377242,11.14172682,0.047,2.15484802,0.871,764.0,2023-10-01,0,9.53485221,-9.53485221,0.22417961,-0.22417961,Published Confirmed,<a refstr=HARTMAN_ET_AL__2023 href=https://ui.adsabs.harvard.edu/abs/2023AJ....166..163H/abstract target=ref>Hartman et al. 2023</a>,0.03183104413807936
TOI-3757 b,85.3,12.0,0.14,3.438753,0.27,759.0,2022-09-01,0,8.8,-8.7,0.4,-0.5,Published Confirmed,<a refstr=KANODIA_ET_AL__2022 href=https://ui.adsabs.harvard.edu/abs/2022AJ....164...81K/abstract target=ref>Kanodia et al. 2022</a>,0.07003956623681126
TOI-3785 b,14.95,5.14,0.11,4.6747373,0.61,582.0,2023-08-01,0,4.1,-3.92,0.16,-0.16,Published Confirmed,<a refstr=POWERS_ET_AL__2023 href=https://ui.adsabs.harvard.edu/abs/2023AJ....166...44P/abstract target=ref>Powers et al. 2023</a>,0.14967791470921227
TOI-3819 b,352.78953177,13.13692538,0.0,3.2443141,0.85,1633.0,2023-03-01,0,57.20911326,-63.5656814,0.40352331,-0.39231432,Published Confirmed,<a refstr=YEE_ET_AL__2023 href=https://ui.adsabs.harvard.edu/abs/2023ApJS..265....1Y/abstract target=ref>Yee et al. 2023</a>,0.1007306367862951
TOI-3837 b,187.51876013,10.87271128,0.221,11.88865,0.82,1178.0,2025-02-01,0,15.89142035,-15.89142035,0.56044903,-0.67253884,Published Confirmed,<a refstr=TALA_PINTO_ET_AL__2025 href=https://ui.adsabs.harvard.edu/abs/2025A&A...694A.268T/abstract target=ref>Tala Pinto et al. 2025</a>,0.07072339665628882
TOI-3884 b,16.5,6.0,0.32,4.5445697,0.424,463.0,2022-10-01,0,3.5,-1.8,0.18,-0.18,Published Confirmed,<a refstr=ALMENARA_ET_AL__2022 href=https://ui.adsabs.harvard.edu/abs/2022arXiv221010909A/abstract target=ref>Almenara et al. 2022</a>,0.0953030303030303
TOI-3894 b,279.68899816,15.15454191,0.046,4.3345401,0.44,1504.0,2024-07-01,0,47.67426105,-47.67426105,0.59407598,-0.582867,Published Confirmed,<a refstr=SCHULTE_ET_AL__2024 href=https://ui.adsabs.harvard.edu/abs/2024AJ....168...32S/abstract target=ref>Schulte et al. 2024</a>,0.10464295330326186
TOI-3912 b,129.03833324,14.28024141,0.0,3.4936264,0.243,1512.0,2023-03-01,0,22.5658169,-21.61233168,0.45956821,-0.44835923,Published Confirmed,<a refstr=YEE_ET_AL__2023 href=https://ui.adsabs.harvard.edu/abs/2023ApJS..265....1Y/abstract target=ref>Yee et al. 2023</a>,0.10148595254583827
TOI-3919 b,1233.17421916,12.31866979,0.259,7.433234,3.63,1198.0,2024-07-01,0,73.10053361,-73.10053361,0.582867,-0.56044903,Published Confirmed,<a refstr=SCHULTE_ET_AL__2024 href=https://ui.adsabs.harvard.edu/abs/2024AJ....168...32S/abstract target=ref>Schulte et al. 2024</a>,0.0528420869659449
TOI-3976 A b,55.61997123,12.27383387,0.0,6.607662,0.165,1295.0,2023-03-01,0,11.75965106,-11.44182265,0.40352331,-0.39231432,Published Confirmed,<a refstr=YEE_ET_AL__2023 href=https://ui.adsabs.harvard.edu/abs/2023ApJS..265....1Y/abstract target=ref>Yee et al. 2023</a>,0.12049575993543324
TOI-3984 A b,44.0,7.9,0.23,4.353326,0.49,563.0,2023-07-01,0,8.7,-8.0,0.24,-0.24,Published Confirmed,<a refstr=CA_NTILDE_AS_ET_AL__2023 href=https://ui.adsabs.harvard.edu/abs/2023AJ....166...30C/abstract target=ref>Ca&ntilde;as et al. 2023</a>,0.11007623705408515
TOI-4010 b,11.0,3.02,0.03,1.348335,2.2,1441.0,2023-07-01,0,1.29,-1.27,0.08,-0.08,Published Confirmed,<a refstr=KUNIMOTO_ET_AL__2023 href=https://ui.adsabs.harvard.edu/abs/2023AJ....166....7K/abstract target=ref>Kunimoto et al. 2023</a>,0.07142685129440098
TOI-4010 c,20.31,5.93,0.03,5.414654,0.5,907.0,2023-07-01,0,2.13,-2.11,0.11,-0.12,Published Confirmed,<a refstr=KUNIMOTO_ET_AL__2023 href=https://ui.adsabs.harvard.edu/abs/2023AJ....166....7K/abstract target=ref>Kunimoto et al. 2023</a>,0.061887497581749336
TOI-4010 d,38.15,6.18,0.07,14.70886,0.9,650.0,2023-07-01,0,3.27,-3.22,0.14,-0.15,Published Confirmed,<a refstr=KUNIMOTO_ET_AL__2023 href=https://ui.adsabs.harvard.edu/abs/2023AJ....166....7K/abstract target=ref>Kunimoto et al. 2023</a>,0.05426088044552461
TOI-406 c,2.08,1.32,0.032,3.307441,4.9,584.0,2024-09-01,0,0.23,-0.22,0.12,-0.12,Published Confirmed,<a refstr=LACEDELLI_ET_AL__2024 href=https://ui.adsabs.harvard.edu/abs/2024arXiv240911083L/abstract target=ref>Lacedelli et al. 2024</a>,0.0995410839160839
TOI-406.01,6.57,2.08,0.056,13.175682,4.1,368.0,2024-09-01,0,1.0,-0.9,0.16,-0.15,Published Confirmed,<a refstr=LACEDELLI_ET_AL__2024 href=https://ui.adsabs.harvard.edu/abs/2024arXiv240911083L/abstract target=ref>Lacedelli et al. 2024</a>,0.10955794110759864
TOI-4087 b,232.01473711,13.04725353,0.0,3.1774835,0.57,1458.0,2023-03-01,0,44.49597698,-44.49597698,0.28022452,-0.26901554,Published Confirmed,<a refstr=YEE_ET_AL__2023 href=https://ui.adsabs.harvard.edu/abs/2023ApJS..265....1Y/abstract target=ref>Yee et al. 2023</a>,0.10641446605481211
TOI-4127 b,731.0053361,12.28504285,0.7471,56.39879,2.17,605.1,2023-06-01,0,34.96112477,-34.96112477,0.43715025,-0.35868738,Published Confirmed,<a refstr=GUPTA_ET_AL__2023 href=https://ui.adsabs.harvard.edu/abs/2023AJ....165..234G/abstract target=ref>Gupta et al. 2023</a>,0.040108298955127186
TOI-4137 b,457.67290608,13.57407563,0.0,3.8016122,1.01,1570.0,2022-08-01,0,54.03082919,-47.67426105,0.44835923,-0.43715025,Published Confirmed,<a refstr=YEE_ET_AL__2022 href=https://ui.adsabs.harvard.edu/abs/2022AJ....164...70Y/abstract target=ref>Yee et al. 2022</a>,0.07186439131235176
TOI-4145 A b,136.66621501,13.30506009,0.0,4.0664428,0.32,1074.0,2023-03-01,0,41.31769291,-41.31769291,0.35868738,-0.3474784,Published Confirmed,<a refstr=YEE_ET_AL__2023 href=https://ui.adsabs.harvard.edu/abs/2023ApJS..265....1Y/abstract target=ref>Yee et al. 2023</a>,0.1644315353561587
TOI-4153 b,365.50266805,16.11851425,0.039,4.6174141,0.477,1669.0,2024-07-01,0,57.20911326,-57.20911326,0.50440413,-0.47077719,Published Confirmed,<a refstr=SCHULTE_ET_AL__2024 href=https://ui.adsabs.harvard.edu/abs/2024AJ....168...32S/abstract target=ref>Schulte et al. 2024</a>,0.09338604340064084
TOI-4201 b,825.0,12.69,0.062,3.5819232,2.22,739.0,2024-02-01,0,20.0,-19.0,0.33,-0.33,Published Confirmed,<a refstr=DELAMER_ET_AL__2024 href=https://ui.adsabs.harvard.edu/abs/2024ApJ...962L..22D/abstract target=ref>Delamer et al. 2024</a>,0.024820545884375676
TOI-421 b,6.7,2.64,0.13,5.197576,2.040038,922.0,2024-06-01,0,0.6,-0.6,0.08,-0.08,Published Confirmed,<a refstr=KRENN_ET_AL__2024 href=https://ui.adsabs.harvard.edu/abs/2024A&A...686A.301K/abstract target=ref>Krenn et al. 2024</a>,0.059927634554500224
TOI-421 c,16.42,5.09,0.152,16.06819,0.685,673.6,2020-09-01,0,1.06,-1.04,0.16,-0.15,Published Confirmed,<a refstr=CARLEO_ET_AL__2020 href=https://ui.adsabs.harvard.edu/abs/2020AJ....160..114C/abstract target=ref>Carleo et al. 2020</a>,0.04719913661283259
TOI-431 b,3.07,1.28,0.0,0.490047,8.0,1862.0,2021-10-01,0,0.35,-0.35,0.04,-0.04,Published Confirmed,<a refstr=OSBORN_ET_AL__2021 href=https://ui.adsabs.harvard.edu/abs/2021MNRAS.507.2782O/abstract target=ref>Osborn et al. 2021</a>,0.07262825732899023
TOI-431 d,9.9,3.29,0.0,12.46103,1.36,633.0,2021-10-01,0,1.53,-1.49,0.09,-0.09,Published Confirmed,<a refstr=OSBORN_ET_AL__2021 href=https://ui.adsabs.harvard.edu/abs/2021MNRAS.507.2782O/abstract target=ref>Osborn et al. 2021</a>,0.08994043781277822
TOI-4438 b,5.4,2.52,0.14,7.44628,1.85,435.0,2024-03-01,0,1.1,-1.1,0.13,-0.13,Published Confirmed,<a refstr=GOFFO_ET_AL__2024 href=https://ui.adsabs.harvard.edu/abs/2024arXiv240309833G/abstract target=ref>Goffo et al. 2024</a>,0.12764550264550265
TOI-4463 A b,252.35575516,13.26022417,0.0,2.8807198,0.595,1395.0,2023-03-01,0,12.39530787,-12.71313628,0.71737476,-0.50440413,Published Confirmed,<a refstr=YEE_ET_AL__2023 href=https://ui.adsabs.harvard.edu/abs/2023ApJS..265....1Y/abstract target=ref>Yee et al. 2023</a>,0.047908712940413455
TOI-4465 b,1872.00931723,14.01122587,0.24,101.94054,3.73,427.0,2025-07-01,0,82.63538582,-82.63538582,0.89671846,-0.78462865,Published Confirmed,<a refstr=ESSACK_ET_AL__2025 href=https://ui.adsabs.harvard.edu/abs/2025AJ....170...41E/abstract target=ref>Essack et al. 2025</a>,0.052071307400429215
TOI-4515 b,637.0,12.17,0.461,15.266446,1.941,705.0,2024-02-01,0,17.0,-17.0,0.43,-0.43,Published Confirmed,<a refstr=CARLEO_ET_AL__2024 href=https://ui.adsabs.harvard.edu/abs/2024A&A...682A.135C/abstract target=ref>Carleo et al. 2024</a>,0.03101019182718913
TOI-4562 b,732.0,12.53,0.76,225.11781,2.06,318.0,2022-08-01,0,152.0,-149.0,0.15,-0.15,Published Confirmed,<a refstr=HEITZMANN_ET_AL__2022 href=https://ui.adsabs.harvard.edu/abs/2022arXiv220810854H/abstract target=ref>Heitzmann et al. 2022</a>,0.10878618092534202
TOI-4603 b,4096.80816623,11.67975789,0.325,7.24599,14.1,1677.0,2023-03-01,0,184.34047606,-181.16219199,0.42594127,-0.39231432,Published Confirmed,<a refstr=KHANDELWAL_ET_AL__2023 href=https://ui.adsabs.harvard.edu/abs/2023arXiv230311841K/abstract target=ref>Khandelwal et al. 2023</a>,0.039818507083536715
TOI-4791 b,734.18362017,12.44196858,0.0,4.28088,2.09,1472.0,2023-03-01,0,101.70509024,-104.88337431,0.56044903,-0.56044903,Published Confirmed,<a refstr=YEE_ET_AL__2023 href=https://ui.adsabs.harvard.edu/abs/2023ApJS..265....1Y/abstract target=ref>Yee et al. 2023</a>,0.09286884266247944
TOI-480 b,20.8,2.85372018,0.0,6.866196,4.91,1198.94,2024-06-01,0,4.4,-4.2,0.13233983,-0.10240654,Published Confirmed,<a refstr=POLANSKI_ET_AL__2024 href=https://ui.adsabs.harvard.edu/abs/2024ApJS..272...32P/abstract target=ref>Polanski et al. 2024</a>,0.12393032749636462
TOI-4860 b,86.7,8.7,0.008,1.5227591,0.75,694.0,2023-08-01,0,1.9,-1.9,0.4,-0.4,Published Confirmed,<a refstr=ALMENARA_ET_AL__2023 href=https://ui.adsabs.harvard.edu/abs/2023arXiv230801454A/abstract target=ref>Almenara et al. 2023</a>,0.03394582985323947
TOI-4914 b,227.0,12.87,0.408,10.60057,0.59,894.0,2024-09-01,0,13.0,-13.0,0.36,-0.36,Published Confirmed,<a refstr=MANTOVAN_ET_AL__2024 href=https://ui.adsabs.harvard.edu/abs/2024arXiv240907520M/abstract target=ref>Mantovan et al. 2024</a>,0.04262037521949416
TOI-4994 b,88.99195396,8.54124329,0.319,21.491984,0.78,717.6,2024-12-01,0,11.75965106,-10.80616584,0.33626942,-0.30264248,Published Confirmed,<a refstr=RODRIGUEZ_MARTINEZ_ET_AL__2024 href=https://ui.adsabs.harvard.edu/abs/2024arXiv241202769R/abstract target=ref>Rodriguez Martinez et al. 2024</a>,0.08209364456323083
TOI-500 b,1.42,1.166,0.063,0.548177,4.89,1617.0,2022-04-01,0,0.18,-0.18,0.061,-0.058,Published Confirmed,<a refstr=SERRANO_ET_AL__2022 href=https://ui.adsabs.harvard.edu/abs/2022NatAs.tmp...95S/abstract target=ref>Serrano et al. 2022</a>,0.08889486145000364
TOI-5027 b,642.01338214,10.76062147,0.385,10.24368,2.94,1056.0,2025-02-01,0,41.31769291,-41.31769291,0.56044903,-0.67253884,Published Confirmed,<a refstr=TALA_PINTO_ET_AL__2025 href=https://ui.adsabs.harvard.edu/abs/2025A&A...694A.268T/abstract target=ref>Tala Pinto et al. 2025</a>,0.060824050997809694
TOI-5076 b,16.14568308,3.48935569,0.0,23.443162,2.08,550.0,2025-02-01,0,2.47906157,-2.47906157,0.09975993,-0.09415544,Published Confirmed,<a refstr=HEIDARI_ET_AL__2024 href=https://ui.adsabs.harvard.edu/abs/2024arXiv241208527H/abstract target=ref>Heidari et al. 2024</a>,0.09066500413203074
TOI-5110 b,921.7023803,11.98240037,0.745,30.158577,2.95,976.0,2025-02-01,0,41.31769291,-41.31769291,0.60528496,-0.582867,Published Confirmed,<a refstr=HEIDARI_ET_AL__2024 href=https://ui.adsabs.harvard.edu/abs/2024arXiv241208527H/abstract target=ref>Heidari et al. 2024</a>,0.04720331613955761
TOI-512 b,3.57,1.54,0.02,7.18886,5.623888,1009.0,2025-02-01,0,0.53,-0.55,0.1,-0.1,Published Confirmed,<a refstr=RODRIGUES_ET_AL__2025 href=https://ui.adsabs.harvard.edu/abs/2025arXiv250214472R/abstract target=ref>Rodrigues et al. 2025</a>,0.10809778456837282
TOI-519 b,166.85991368,11.87031056,0.048,1.26523248,0.551,754.0,2023-10-01,0,20.34101805,-20.34101805,0.22417961,-0.22417961,Published Confirmed,<a refstr=HARTMAN_ET_AL__2023 href=https://ui.adsabs.harvard.edu/abs/2023AJ....166..163H/abstract target=ref>Hartman et al. 2023</a>,0.07039525142176645
TOI-5205 b,343.0,11.6,0.02,1.630757,1.21,737.0,2023-03-01,0,18.0,-17.0,0.3,-0.3,Published Confirmed,<a refstr=KANODIA_ET_AL__2023 href=https://ui.adsabs.harvard.edu/abs/2023AJ....165..120K/abstract target=ref>Kanodia et al. 2023</a>,0.03844123856439127
TOI-5232 b,743.71847238,12.778238,0.035,4.0966692,1.96,1772.0,2024-07-01,0,50.85254512,-50.85254512,0.57165802,-0.50440413,Published Confirmed,<a refstr=SCHULTE_ET_AL__2024 href=https://ui.adsabs.harvard.edu/abs/2024AJ....168...32S/abstract target=ref>Schulte et al. 2024</a>,0.05524066581846712
TOI-5293 A b,170.4,11.9,0.38,2.930289,0.56,675.0,2023-07-01,0,21.8,-21.9,0.4,-0.4,Published Confirmed,<a refstr=CA_NTILDE_AS_ET_AL__2023 href=https://ui.adsabs.harvard.edu/abs/2023AJ....166...30C/abstract target=ref>Ca&ntilde;as et al. 2023</a>,0.08092057245433384
TOI-530 b,127.1313628,9.30345398,0.0,6.387597,0.93,565.0,2022-03-01,0,28.60455663,-31.7828407,0.67253884,-0.67253884,Published Confirmed,<a refstr=GAN_ET_AL__2022 href=https://ui.adsabs.harvard.edu/abs/2022MNRAS.511...83G/abstract target=ref>Gan et al. 2022</a>,0.1548945782096511
TOI-5300 b,190.6970442,9.86390302,0.0,2.262196,1.1,1043.0,2025-06-01,0,31.7828407,-31.7828407,0.89671846,-0.89671846,Published Confirmed,<a refstr=FRENSCH_ET_AL__2025 href=https://ui.adsabs.harvard.edu/abs/2025arXiv250604923F/abstract target=ref>Frensch et al. 2025</a>,0.12878787897220562
TOI-5301 b,1080.6165838,13.5292397,0.337,5.858857,2.39,1682.0,2024-07-01,0,104.88337431,-104.88337431,0.90792744,-0.81825559,Published Confirmed,<a refstr=SCHULTE_ET_AL__2024 href=https://ui.adsabs.harvard.edu/abs/2024AJ....168...32S/abstract target=ref>Schulte et al. 2024</a>,0.08042667776554405
TOI-532 b,61.5,5.82,0.0,2.3266508,1.72,867.0,2021-10-01,0,9.7,-9.3,0.19,-0.19,Published Confirmed,<a refstr=KANODIA_ET_AL__2021 href=https://ui.adsabs.harvard.edu/abs/2021AJ....162..135K/abstract target=ref>Kanodia et al. 2021</a>,0.0935587964127064
TOI-5344 b,130.94530368,10.60369574,0.054,3.792622,0.604,689.0,2023-10-01,0,12.71313628,-12.71313628,0.23538859,-0.23538859,Published Confirmed,<a refstr=HARTMAN_ET_AL__2023 href=https://ui.adsabs.harvard.edu/abs/2023AJ....166..163H/abstract target=ref>Hartman et al. 2023</a>,0.05964305485308176
TOI-5398 b,58.7,10.3,0.13,10.590547,0.29,947.0,2023-10-01,0,5.7,-5.6,0.4,-0.4,Published Confirmed,<a refstr=MANTOVAN_ET_AL__2023 href=https://ui.adsabs.harvard.edu/abs/2023arXiv231016888M/abstract target=ref>Mantovan et al. 2023</a>,0.06754354046410081
TOI-5398 c,11.8,3.52,0.14,4.77271,1.5,1242.0,2023-10-01,0,4.8,-4.7,0.19,-0.19,Published Confirmed,<a refstr=MANTOVAN_ET_AL__2023 href=https://ui.adsabs.harvard.edu/abs/2023arXiv231016888M/abstract target=ref>Mantovan et al. 2023</a>,0.2282598228043143
TOI-544 b,2.89,2.018,0.0,1.548352,1.93,999.0,2023-10-01,0,0.48,-0.48,0.076,-0.076,Published Confirmed,<a refstr=OSBORNE_ET_AL__2023 href=https://ui.adsabs.harvard.edu/abs/2023arXiv231014908O/abstract target=ref>Osborne et al. 2023</a>,0.10187550797150902
TOI-5542 b,419.53349724,11.30986153,0.018,75.12375,1.6,441.0,2022-09-01,0,31.7828407,-31.7828407,0.40352331,-0.39231432,Published Confirmed,<a refstr=GRIEVES_ET_AL__2022 href=https://ui.adsabs.harvard.edu/abs/2022arXiv220914830G/abstract target=ref>Grieves et al. 2022</a>,0.05547046280533316
TOI-5573 b,112.0,9.75,0.072,8.79758977,0.661,528.0,2025-05-01,0,18.0,-19.0,0.47,-0.47,Published Confirmed,<a refstr=FERNANDES_ET_AL__2025 href=https://ui.adsabs.harvard.edu/abs/2025arXiv250508947F/abstract target=ref>Fernandes et al. 2025</a>,0.10669184981684982
TOI-558 b,1147.36054927,12.17295304,0.298,14.574071,3.5,1061.0,2022-01-01,0,47.67426105,-47.67426105,0.45956821,-0.42594127,Published Confirmed,<a refstr=IKWUT_UKWA_ET_AL__2022 href=https://ui.adsabs.harvard.edu/abs/2022AJ....163....9I/abstract target=ref>Ikwut-Ukwa et al. 2022</a>,0.038961627048763575
TOI-559 b,1910.14872607,12.22899794,0.151,6.9839095,5.74,1180.0,2022-01-01,0,76.27881768,-73.10053361,0.31385146,-0.28022452,Published Confirmed,<a refstr=IKWUT_UKWA_ET_AL__2022 href=https://ui.adsabs.harvard.edu/abs/2022AJ....163....9I/abstract target=ref>Ikwut-Ukwa et al. 2022</a>,0.0316955700799343
TOI-561 b,2.02,1.397,0.0,0.4465697,4.1,2319.0,2024-12-01,0,0.23,-0.23,0.027,-0.027,Published Confirmed,<a refstr=PIOTTO_ET_AL__2024 href=https://ui.adsabs.harvard.edu/abs/2024MNRAS.535.2763P/abstract target=ref>Piotto et al. 2024</a>,0.06659425785098196
TOI-561 c,5.93,2.865,0.023,10.778838,1.3,802.0,2024-12-01,0,0.67,-0.67,0.041,-0.041,Published Confirmed,<a refstr=PIOTTO_ET_AL__2024 href=https://ui.adsabs.harvard.edu/abs/2024MNRAS.535.2763P/abstract target=ref>Piotto et al. 2024</a>,0.0636477343292455
TOI-564 b,464.98529,11.43318,0.072,1.651144,1.7,1714.0,2020-11-01,0,31.783,-30.51168,7.95839,-3.25061,Published Confirmed,<a refstr=DAVIS_ET_AL__2020 href=https://ui.adsabs.harvard.edu/abs/2020AJ....160..229D/abstract target=ref>Davis et al. 2020</a>,0.2785908621821934
TOI-5688 A b,124.0,10.3,0.128,2.94815527,0.61,742.0,2024-09-01,0,23.4,-24.4,0.6,-0.7,Published Confirmed,<a refstr=REJI_ET_AL__2024 href=https://ui.adsabs.harvard.edu/abs/2024arXiv240901371R/abstract target=ref>Reji et al. 2024</a>,0.1279243658001879
TOI-5800 b,10.8,2.68,0.39,2.627882,3.16,1119.0,2025-05-01,0,1.3,-1.4,0.23,-0.2,Published Confirmed,<a refstr=JENKINS_ET_AL__2025 href=https://ui.adsabs.harvard.edu/abs/2025arXiv250510324J/abstract target=ref>Jenkins et al. 2025</a>,0.10261194029850745
TOI-5882 b,7720.05200603,11.83668362,0.0332,7.148973,25.6,1537.0,2025-01-01,0,184.34047606,-177.98390792,0.41473229,-0.38110534,Published Confirmed,<a refstr=VOWELL_ET_AL__2025 href=https://ui.adsabs.harvard.edu/abs/2025arXiv250109795V/abstract target=ref>Vowell et al. 2025</a>,0.02854193567519782
TOI-6016 b,371.85923619,13.67495645,0.0,4.023687,0.81,1890.0,2024-12-01,0,28.60455663,-28.60455663,0.33626942,-0.33626942,Published Confirmed,<a refstr=EHRHARDT_ET_AL__2024 href=https://ui.adsabs.harvard.edu/abs/2024A&A...692A.220E/abstract target=ref>Ehrhardt et al. 2024</a>,0.05075662039578477
TOI-6034 b,254.0,11.92,0.04,2.576184,0.82,714.0,2024-08-01,0,24.0,-24.0,0.48,-0.48,Published Confirmed,<a refstr=KANODIA_ET_AL__2024 href=https://ui.adsabs.harvard.edu/abs/2024arXiv240814694K/abstract target=ref>Kanodia et al. 2024</a>,0.06737832267610844
TOI-6130 b,333.71982735,14.3474953,0.036,2.392679,0.64,1750.0,2024-12-01,0,19.06970442,-19.06970442,0.33626942,-0.33626942,Published Confirmed,<a refstr=EHRHARDT_ET_AL__2024 href=https://ui.adsabs.harvard.edu/abs/2024A&A...692A.220E/abstract target=ref>Ehrhardt et al. 2024</a>,0.04029017853331216
TOI-615 b,138.25535705,18.97680433,0.39,4.6615983,0.084,1666.0,2023-07-01,0,27.333243,-26.06192937,0.582867,-0.6389119,Published Confirmed,<a refstr=PSARIDI_ET_AL__2023 href=https://ui.adsabs.harvard.edu/abs/2023A&A...675A..39P/abstract target=ref>Psaridi et al. 2023</a>,0.11264741229576158
TOI-622 b,96.30200732,9.2362001,0.42,6.402513,0.507,1388.0,2023-07-01,0,21.93016008,-22.8836453,0.31385146,-0.32506044,Published Confirmed,<a refstr=PSARIDI_ET_AL__2023 href=https://ui.adsabs.harvard.edu/abs/2023A&A...675A..39P/abstract target=ref>Psaridi et al. 2023</a>,0.13363032296350585
TOI-628 b,2011.8639,11.88154,0.072,3.4095675,6.58,1586.0,2021-04-01,0,92.1707,-98.5273,0.459569,-0.381106,Published Confirmed,<a refstr=RODRIGUEZ_ET_AL__2021 href=https://ui.adsabs.harvard.edu/abs/2021AJ....161..194R/abstract target=ref>Rodriguez et al. 2021</a>,0.04138536170973799
TOI-6383 A b,331.0,11.29,0.05,1.79058695,1.26,745.0,2024-12-01,0,30.0,-30.0,0.41,-0.37,Published Confirmed,<a refstr=BERNAB_AMP_OGRAVE__ET_AL__2024 href=https://ui.adsabs.harvard.edu/abs/2024AJ....168..273B/abstract target=ref>Bernab&ograve; et al. 2024</a>,0.0625891425987225
TOI-640 b,181.16219199,19.2794468,0.013,5.003777,0.138,1816.0,2023-03-01,0,6.35656814,-6.35656814,0.56044903,-0.56044903,Published Confirmed,<a refstr=KNUDSTRUP_ET_AL__2023 href=https://ui.adsabs.harvard.edu/abs/2023A&A...671A.164K/abstract target=ref>Knudstrup et al. 2023</a>,0.03207874324339689
TOI-6628 b,235.19302118,10.98480109,0.67,18.18424,0.98,833.0,2025-02-01,0,19.06970442,-19.06970442,0.67253884,-0.67253884,Published Confirmed,<a refstr=TALA_PINTO_ET_AL__2025 href=https://ui.adsabs.harvard.edu/abs/2025A&A...694A.268T/abstract target=ref>Tala Pinto et al. 2025</a>,0.07115278533631772
TOI-6651 b,61.0,5.09,0.091,5.056973,2.52,1493.0,2024-11-01,0,7.6,-7.9,0.27,-0.26,Published Confirmed,<a refstr=BALIWAL_ET_AL__2024 href=https://ui.adsabs.harvard.edu/abs/2024A&A...691A..12B/abstract target=ref>Baliwal et al. 2024</a>,0.08955602434861026
TOI-669 b,10.0,2.58606487,0.0,3.945152,3.17,1124.85,2024-06-01,0,1.4,-1.4,0.13042739,-0.11014467,Published Confirmed,<a refstr=POLANSKI_ET_AL__2024 href=https://ui.adsabs.harvard.edu/abs/2024ApJS..272...32P/abstract target=ref>Polanski et al. 2024</a>,0.09325657631318428
TOI-6695 b,66.74396547,9.52763359,0.04,80.389,0.41,599.0,2025-06-01,0,3.17828407,-3.17828407,0.22417961,-0.22417961,Published Confirmed,<a refstr=EBERHARDT_ET_AL__2025 href=https://ui.adsabs.harvard.edu/abs/2025AJ....169..298E/abstract target=ref>Eberhardt et al. 2025</a>,0.03557422948813503
TOI-674 b,23.6,5.25,0.0,1.977143,0.91,635.0,2021-09-01,0,3.3,-3.3,0.17,-0.17,Published Confirmed,<a refstr=MURGAS_ET_AL__2021 href=https://ui.adsabs.harvard.edu/abs/2021A&A...653A..60M/abstract target=ref>Murgas et al. 2021</a>,0.08610573042776433
TOI-6894 b,53.39517238,9.5836785,0.029,3.37077196,0.334,417.9,2025-06-01,0,6.99222495,-6.99222495,0.24659758,-0.24659758,Published Confirmed,<a refstr=BRYANT_ET_AL__2025 href=https://ui.adsabs.harvard.edu/abs/2025arXiv250607931B/abstract target=ref>Bryant et al. 2025</a>,0.07834168774782999
TOI-733 b,5.72,1.992,0.046,4.884765,3.98,1055.8,2023-04-01,0,0.7,-0.68,0.085,-0.09,Published Confirmed,<a refstr=GEORGIEVA_ET_AL__2023 href=https://ui.adsabs.harvard.edu/abs/2023arXiv230406655G/abstract target=ref>Georgieva et al. 2023</a>,0.0822775367203078
TOI-757 b,10.5,2.5,0.39,17.46819,3.6,641.0,2024-07-01,0,2.2,-2.1,0.1,-0.1,Published Confirmed,<a refstr=ALQASIM_ET_AL__2024 href=https://ui.adsabs.harvard.edu/abs/2024MNRAS.tmp.1810A/abstract target=ref>Alqasim et al. 2024</a>,0.12238095238095237
TOI-762 A b,79.77493016,8.33948164,0.083,3.4716826,0.76,555.4,2024-07-01,0,13.34879309,-13.34879309,0.19055267,-0.19055267,Published Confirmed,<a refstr=HARTMAN_ET_AL__2024 href=https://ui.adsabs.harvard.edu/abs/2024arXiv240707187H/abstract target=ref>Hartman et al. 2024</a>,0.0950900696871772
TOI-763 b,9.79,2.28,0.04,5.6057,4.51,1038.0,2020-11-01,0,0.78,-0.78,0.11,-0.11,Published Confirmed,<a refstr=FRIDLUND_ET_AL__2020 href=https://ui.adsabs.harvard.edu/abs/2020MNRAS.498.4503F/abstract target=ref>Fridlund et al. 2020</a>,0.06395937494399943
TOI-763 c,9.32,2.63,0.04,12.2737,2.82,800.0,2020-11-01,0,1.02,-1.02,0.12,-0.12,Published Confirmed,<a refstr=FRIDLUND_ET_AL__2020 href=https://ui.adsabs.harvard.edu/abs/2020MNRAS.498.4503F/abstract target=ref>Fridlund et al. 2020</a>,0.07753471825584622
TOI-771 b,2.47,1.36,0.055,2.3260155,5.4,543.0,2025-04-01,0,0.32,-0.31,0.1,-0.1,Published Confirmed,<a refstr=LACEDELLI_ET_AL__2025 href=https://ui.adsabs.harvard.edu/abs/2025arXiv250418223L/abstract target=ref>Lacedelli et al. 2025</a>,0.10052988806858776
TOI-776 b,4.0,1.85,0.06,8.24661,3.4,514.0,2021-01-01,0,0.9,-0.9,0.13,-0.13,Published Confirmed,<a refstr=LUQUE_ET_AL__2021 href=https://ui.adsabs.harvard.edu/abs/2021A&A...645A..41L/abstract target=ref>Luque et al. 2021</a>,0.14763513513513515
TOI-776 c,6.9,2.047,0.089,15.665323,4.4,420.0,2024-04-01,0,2.6,-2.5,0.081,-0.078,Published Confirmed,<a refstr=FRIDLUND_ET_AL__2024 href=https://ui.adsabs.harvard.edu/abs/2024A&A...684A..12F/abstract target=ref>Fridlund et al. 2024</a>,0.20420127015144113
TOI-778 b,878.0,15.4,0.21,4.633611,1.3,1561.0,2023-05-01,0,77.0,-72.0,0.5,-0.5,Published Confirmed,<a refstr=CLARK_ET_AL__2023 href=https://ui.adsabs.harvard.edu/abs/2023AJ....165..207C/abstract target=ref>Clark et al. 2023</a>,0.058659734343105646
TOI-815 b,7.6,2.94,0.2,11.197259,1.64,686.0,2024-05-01,0,1.5,-1.4,0.05,-0.05,Published Confirmed,<a refstr=PSARIDI_ET_AL__2024 href=https://ui.adsabs.harvard.edu/abs/2024A&A...685A...5P/abstract target=ref>Psaridi et al. 2024</a>,0.10389813820264948
TOI-815 c,23.5,2.62,0.22,34.976145,7.2,469.0,2024-05-01,0,2.4,-2.4,0.1,-0.09,Published Confirmed,<a refstr=PSARIDI_ET_AL__2024 href=https://ui.adsabs.harvard.edu/abs/2024A&A...685A...5P/abstract target=ref>Psaridi et al. 2024</a>,0.06919360077960045
TOI-836 b,4.53,1.704,0.053,3.81673,5.02,871.0,2023-02-01,0,0.92,-0.86,0.067,-0.067,Published Confirmed,<a refstr=HAWTHORN_ET_AL__2023 href=https://ui.adsabs.harvard.edu/abs/2023MNRAS.tmp..458H/abstract target=ref>Hawthorn et al. 2023</a>,0.1178936199981345
TOI-836 c,9.6,2.587,0.078,8.59545,3.06,665.0,2023-02-01,0,2.7,-2.5,0.088,-0.088,Published Confirmed,<a refstr=HAWTHORN_ET_AL__2023 href=https://ui.adsabs.harvard.edu/abs/2023MNRAS.tmp..458H/abstract target=ref>Hawthorn et al. 2023</a>,0.15242478417729677
TOI-837 b,116.0,9.71,0.0,8.3249102,0.68,1022.0,2024-08-01,0,17.0,-18.0,0.93,-0.6,Published Confirmed,<a refstr=DAMASSO_ET_AL__2024 href=https://ui.adsabs.harvard.edu/abs/2024A&A...688A..15D/abstract target=ref>Damasso et al. 2024</a>,0.11482341347348982
TOI-858 B b,349.6112477,14.06727078,0.15,3.2797178,0.69,1529.0,2023-11-01,0,25.42627256,-22.24798849,0.43715025,-0.43715025,Published Confirmed,<a refstr=HAGELBERG_ET_AL__2023 href=https://ui.adsabs.harvard.edu/abs/2023A&A...679A..70H/abstract target=ref>Hagelberg et al. 2023</a>,0.049628757790797416
TOI-905 b,211.99261,13.125739,0.024,3.739494,0.515,1192.0,2020-11-01,0,13.34886,-13.03103,0.594077,-0.571659,Published Confirmed,<a refstr=DAVIS_ET_AL__2020 href=https://ui.adsabs.harvard.edu/abs/2020AJ....160..229D/abstract target=ref>Davis et al. 2020</a>,0.053312690367028265
TOI-908 b,16.137,3.186,0.132,3.183792,2.742,1317.0,2023-06-01,0,4.112,-4.039,0.155,-0.155,Published Confirmed,<a refstr=HAWTHORN_ET_AL__2023 href=https://ui.adsabs.harvard.edu/abs/2023MNRAS.tmp.1796H/abstract target=ref>Hawthorn et al. 2023</a>,0.15060329123966432
TOI-954 b,55.30242,9.550068,0.14,3.6849729,0.35,1526.0,2021-02-01,0,5.72094,-5.40311,0.594077,-0.694958,Published Confirmed,<a refstr=SHA_ET_AL__2021 href=https://ui.adsabs.harvard.edu/abs/2021AJ....161...82S/abstract target=ref>Sha et al. 2021</a>,0.08403148777723814
TRAPPIST-1 b,0.85,1.086,0.081,1.51087081,3.6,400.1,2017-02-01,0,0.72,-0.72,0.035,-0.035,Published Confirmed,<a refstr=GILLON_ET_AL__2017 href=https://ui.adsabs.harvard.edu/abs/2017Natur.542..456G/abstract target=ref>Gillon et al. 2017</a>,0.4396435922435273
TRAPPIST-1 c,1.38,1.056,0.083,2.4218233,6.45,341.9,2017-02-01,0,0.61,-0.61,0.035,-0.035,Published Confirmed,<a refstr=GILLON_ET_AL__2017 href=https://ui.adsabs.harvard.edu/abs/2017Natur.542..456G/abstract target=ref>Gillon et al. 2017</a>,0.2375864624505929
TRAPPIST-1 d,0.41,0.772,0.07,4.04961,4.9,288.0,2017-02-01,0,0.27,-0.27,0.03,-0.03,Published Confirmed,<a refstr=GILLON_ET_AL__2017 href=https://ui.adsabs.harvard.edu/abs/2017Natur.542..456G/abstract target=ref>Gillon et al. 2017</a>,0.3486983444963983
TRAPPIST-1 e,0.62,0.918,0.085,6.099615,4.4,251.3,2017-02-01,0,0.58,-0.58,0.039,-0.039,Published Confirmed,<a refstr=GILLON_ET_AL__2017 href=https://ui.adsabs.harvard.edu/abs/2017Natur.542..456G/abstract target=ref>Gillon et al. 2017</a>,0.48898376554923045
TRAPPIST-1 f,0.68,1.045,0.063,9.20669,3.3,219.0,2017-02-01,0,0.18,-0.18,0.038,-0.038,Published Confirmed,<a refstr=GILLON_ET_AL__2017 href=https://ui.adsabs.harvard.edu/abs/2017Natur.542..456G/abstract target=ref>Gillon et al. 2017</a>,0.15053475935828875
TRAPPIST-1 g,1.34,1.127,0.061,12.35294,5.2,198.6,2017-02-01,0,0.88,-0.88,0.041,-0.041,Published Confirmed,<a refstr=GILLON_ET_AL__2017 href=https://ui.adsabs.harvard.edu/abs/2017Natur.542..456G/abstract target=ref>Gillon et al. 2017</a>,0.3465480936047359
TrES-2 b,398.24099,13.775861,0.0,2.47061437,0.895,1466.0,2019-06-01,0,16.84499,-16.84499,0.728585,-0.728585,Published Confirmed,<a refstr=_OUML_ZT_UUML_RK__AMP__ERDEM_2019 href=https://ui.adsabs.harvard.edu/abs/2019MNRAS.486.2290O/abstract target=ref>&Ouml;zt&uuml;rk &amp; Erdem 2019</a>,0.04759350544859952
TrES-4 b,291.45011,19.122554,0.0,3.5539246,0.23,1778.0,2016-06-01,0,22.2481,-22.2481,0.627704,-0.627704,Published Confirmed,<a refstr=TURNER_ET_AL__2016 href=https://ui.adsabs.harvard.edu/abs/2016MNRAS.459..789T/abstract target=ref>Turner et al. 2016</a>,0.054580600127077314
WASP-1 b,268.88418,16.241841,0.0,2.51994529,0.34609,1812.0,2016-06-01,0,17.16282,-17.16282,0.459569,-0.459569,Published Confirmed,<a refstr=TURNER_ET_AL__2016 href=https://ui.adsabs.harvard.edu/abs/2016MNRAS.459..789T/abstract target=ref>Turner et al. 2016</a>,0.04606258167775281
WASP-100 b,645.17,18.94,0.0,2.849375,0.53,2190.0,2014-05-01,0,38.14,-38.14,3.25,-3.25,Published Confirmed,<a refstr=HELLIER_ET_AL__2014 href=https://ui.adsabs.harvard.edu/abs/2014MNRAS.440.1982H/abstract target=ref> Hellier et al. 2014 </a>,0.11535535545349335
WASP-101 b,158.91,15.8,0.0,3.585722,0.24,1560.0,2014-05-01,0,12.71,-12.71,0.56,-0.56,Published Confirmed,<a refstr=HELLIER_ET_AL__2014 href=https://ui.adsabs.harvard.edu/abs/2014MNRAS.440.1982H/abstract target=ref> Hellier et al. 2014 </a>,0.05771270896909245
WASP-102 b,197.68926915,14.90794433,0.0,2.709813,0.32,1671.0,2025-04-01,0,42.27117813,-42.27117813,0.56044903,-0.56044903,Published Confirmed,<a refstr=SCHANCHE_ET_AL__2025 href=https://ui.adsabs.harvard.edu/abs/2025arXiv250408091S/abstract target=ref>Schanche et al. 2025</a>,0.12571017559414488
WASP-104 b,404.263,12.745,0.0,1.7554137,1.074,1516.0,2014-10-01,0,14.937,-14.937,0.415,-0.415,Published Confirmed,<a refstr=SMITH_ET_AL__2014 href=https://ui.adsabs.harvard.edu/abs/2014A&A...570A..64S/abstract target=ref>Smith et al. 2014</a>,0.03475525398190402
WASP-105 b,572.094,10.76064,0.0,7.87288,2.65,900.0,2017-08-01,0,31.783,-31.783,0.33627,-0.33627,Published Confirmed,<a refstr=ANDERSON_ET_AL__2017 href=https://ui.adsabs.harvard.edu/abs/2017A&A...604A.110A/abstract target=ref>Anderson et al. 2017</a>,0.043402777777777776
WASP-106 b,611.797,12.162,0.0,9.289715,1.86,1140.0,2014-10-01,0,24.154,-24.154,0.516,-0.314,Published Confirmed,<a refstr=SMITH_ET_AL__2014 href=https://ui.adsabs.harvard.edu/abs/2014A&A...570A..64S/abstract target=ref>Smith et al. 2014</a>,0.03680154654041786
WASP-107 b,38.1396,10.53646,0.0,5.72149,0.19,770.0,2017-08-01,0,3.1783,-3.1783,0.22418,-0.22418,Published Confirmed,<a refstr=ANDERSON_ET_AL__2017 href=https://ui.adsabs.harvard.edu/abs/2017A&A...604A.110A/abstract target=ref>Anderson et al. 2017</a>,0.05230496453900709
WASP-11 b,168.4499,10.20019,0.0,3.722465,0.92,960.0,2009-07-01,0,22.2481,-22.2481,0.67254,-0.33627,Published Confirmed,<a refstr=WEST_ET_AL__2009 href=https://ui.adsabs.harvard.edu/abs/2009A&A...502..395W/abstract target=ref> West et al. 2009 </a>,0.09076301057433132
WASP-113 b,150.96925,15.793481,0.0,4.54216874538,0.228,1496.0,2016-10-01,0,17.16282,-16.52716,1.076064,-1.56926,Published Confirmed,<a refstr=BARROS_ET_AL__2016 href=https://ui.adsabs.harvard.edu/abs/2016A&A...593A.113B/abstract target=ref>Barros et al. 2016</a>,0.09766314295319563
WASP-114 b,562.24127,15.008851,0.012,1.5487743,0.97,2043.0,2016-10-01,0,20.34112,-20.34112,0.717376,-0.717376,Published Confirmed,<a refstr=BARROS_ET_AL__2016 href=https://ui.adsabs.harvard.edu/abs/2016A&A...593A.113B/abstract target=ref>Barros et al. 2016</a>,0.041987747663160796
WASP-116 b,203.41018048,13.67495645,0.0,6.6132,0.43,1414.0,2025-04-01,0,44.49597698,-44.49597698,0.67253884,-0.67253884,Published Confirmed,<a refstr=SCHANCHE_ET_AL__2025 href=https://ui.adsabs.harvard.edu/abs/2025arXiv250408091S/abstract target=ref>Schanche et al. 2025</a>,0.1339651638684926
WASP-117 b,87.5585,11.444,0.302,10.02165,0.3445,1001.0,2014-08-01,0,2.8603,-2.8603,0.852,-0.729,Published Confirmed,<a refstr=LENDL_ET_AL__2014 href=https://ui.adsabs.harvard.edu/abs/2014A&A...568A..81L/abstract target=ref> Lendl et al. 2014</a>,0.050871400254841756
WASP-118 b,163.36462,16.14096,0.0,4.0460435,0.233,1729.0,2016-12-01,0,6.3566,-6.3566,0.403524,-0.403524,Published Confirmed,<a refstr=HAY_ET_AL__2016 href=https://ui.adsabs.harvard.edu/abs/2016MNRAS.463.3276H/abstract target=ref>Hay et al. 2016</a>,0.031955252918287935
WASP-119 b,390.9309,15.6926,0.058,2.49979,0.7,1600.0,2016-06-01,0,25.4264,-25.4264,2.2418,-2.2418,Published Confirmed,<a refstr=MAXTED_ET_AL__2016 href=https://ui.adsabs.harvard.edu/abs/2016A&A...591A..55M/abstract target=ref>Maxted et al. 2016</a>,0.10394889663182345
WASP-12 b,467.2101,21.2971,0.0,1.0914203,0.266,2580.0,2017-02-01,0,24.15508,-21.93027,0.638913,-0.616495,Published Confirmed,<a refstr=COLLINS_ET_AL__2017 href=https://ui.adsabs.harvard.edu/abs/2017AJ....153...78C/abstract target=ref>Collins et al. 2017</a>,0.03939670605084139
WASP-120 b,1541.4755,16.510857,0.057,3.6112706,2.0,1880.0,2016-06-01,0,66.7443,-66.7443,1.076064,-1.076064,Published Confirmed,<a refstr=TURNER_ET_AL__2016 href=https://ui.adsabs.harvard.edu/abs/2016PASP..128f4401T/abstract target=ref>Turner et al. 2016</a>,0.05423604258088899
WASP-121 b,375.99289,20.904785,0.0,1.2749255,0.243,2358.0,2016-06-01,0,20.34112,-19.70546,0.493196,-0.493196,Published Confirmed,<a refstr=DELREZ_ET_AL__2016 href=https://ui.adsabs.harvard.edu/abs/2016MNRAS.458.4025D/abstract target=ref>Delrez et al. 2016</a>,0.03842346558370481
WASP-123 b,285.72917,14.773462,0.0,2.9776412,0.521,1520.0,2016-06-01,0,11.44188,-11.44188,0.728585,-0.728585,Published Confirmed,<a refstr=TURNER_ET_AL__2016 href=https://ui.adsabs.harvard.edu/abs/2016PASP..128f4401T/abstract target=ref>Turner et al. 2016</a>,0.04468082053740372
WASP-124 b,190.698,13.89916,0.017,3.37265,0.43,1400.0,2016-06-01,0,22.2481,-22.2481,0.33627,-0.33627,Published Confirmed,<a refstr=MAXTED_ET_AL__2016 href=https://ui.adsabs.harvard.edu/abs/2016A&A...591A..55M/abstract target=ref>Maxted et al. 2016</a>,0.07043010752688171
WASP-126 b,88.9924,10.76064,0.18,3.2888,0.41,1480.0,2016-06-01,0,12.7132,-12.7132,1.1209,-0.56045,Published Confirmed,<a refstr=MAXTED_ET_AL__2016 href=https://ui.adsabs.harvard.edu/abs/2016A&A...591A..55M/abstract target=ref>Maxted et al. 2016</a>,0.11049107142857141
WASP-129 b,317.83,10.42437,0.096,5.748145,1.6,1100.0,2016-06-01,0,31.783,-31.783,0.33627,-0.33627,Published Confirmed,<a refstr=MAXTED_ET_AL__2016 href=https://ui.adsabs.harvard.edu/abs/2016A&A...591A..55M/abstract target=ref>Maxted et al. 2016</a>,0.06612903225806452
WASP-130 b,390.9309,9.97601,0.0,11.55098,2.34,833.0,2017-03-01,0,12.7132,-12.7132,0.33627,-0.33627,Published Confirmed,<a refstr=HELLIER_ET_AL__2017 href=https://ui.adsabs.harvard.edu/abs/2017MNRAS.465.3693H/abstract target=ref>Hellier et al. 2017</a>,0.033114095185895684
WASP-131 b,85.8141,13.67498,0.0,5.322023,0.2,1460.0,2017-03-01,0,6.3566,-6.3566,0.56045,-0.56045,Published Confirmed,<a refstr=HELLIER_ET_AL__2017 href=https://ui.adsabs.harvard.edu/abs/2017MNRAS.465.3693H/abstract target=ref>Hellier et al. 2017</a>,0.05752884031572557
WASP-132 b,136.0305582,10.09929161,0.0163,7.1335164,0.73,682.0,2025-01-01,0,4.76742611,-4.76742611,0.42594127,-0.42594127,Published Confirmed,<a refstr=GRIEVES_ET_AL__2025 href=https://ui.adsabs.harvard.edu/abs/2025A&A...693A.144G/abstract target=ref>Grieves et al. 2025</a>,0.03861104502879545
WASP-132 c,6.26,1.841,0.0,1.01153624,5.47,1329.0,2025-01-01,0,1.84,-1.83,0.094,-0.093,Published Confirmed,<a refstr=GRIEVES_ET_AL__2025 href=https://ui.adsabs.harvard.edu/abs/2025A&A...693A.144G/abstract target=ref>Grieves et al. 2025</a>,0.1719593029208671
WASP-133 b,368.6828,13.56289,0.17,2.176423,0.88,1790.0,2016-06-01,0,28.6047,-28.6047,0.56045,-0.56045,Published Confirmed,<a refstr=MAXTED_ET_AL__2016 href=https://ui.adsabs.harvard.edu/abs/2016A&A...591A..55M/abstract target=ref>Maxted et al. 2016</a>,0.05945426047306925
WASP-139 b,37.18611,8.9672,0.0,5.924262,0.31,910.0,2017-03-01,0,5.40311,-5.40311,0.56045,-0.56045,Published Confirmed,<a refstr=HELLIER_ET_AL__2017 href=https://ui.adsabs.harvard.edu/abs/2017MNRAS.465.3693H/abstract target=ref>Hellier et al. 2017</a>,0.10389957264957266
WASP-14 b,2412.3297,13.89916,0.087,2.2437655,4.96,1872.0,2015-08-01,0,76.2792,-73.1009,1.300244,-1.154527,Published Confirmed,<a refstr=RAETZ_ET_AL__2015 href=https://ui.adsabs.harvard.edu/abs/2015MNRAS.451.4139R/abstract target=ref>Raetz et al. 2015</a>,0.05963412172213014
WASP-140 b,775.5052,16.14096,0.047,2.2359835,1.1,1320.0,2017-03-01,0,22.2481,-22.2481,4.70778,-2.01762,Published Confirmed,<a refstr=HELLIER_ET_AL__2017 href=https://ui.adsabs.harvard.edu/abs/2017MNRAS.465.3693H/abstract target=ref>Hellier et al. 2017</a>,0.11851092896174863
WASP-141 b,854.9627,13.56289,0.0,3.310651,1.98,1540.0,2017-03-01,0,47.6745,-47.6745,0.89672,-0.89672,Published Confirmed,<a refstr=HELLIER_ET_AL__2017 href=https://ui.adsabs.harvard.edu/abs/2017MNRAS.465.3693H/abstract target=ref>Hellier et al. 2017</a>,0.06093889213186273
WASP-142 b,266.9772,17.14977,0.0,2.052868,0.31,2000.0,2017-03-01,0,28.6047,-28.6047,0.89672,-0.89672,Published Confirmed,<a refstr=HELLIER_ET_AL__2017 href=https://ui.adsabs.harvard.edu/abs/2017MNRAS.465.3693H/abstract target=ref>Hellier et al. 2017</a>,0.07971521942110177
WASP-144 b,139.8452,9.52765,0.0,2.2783152,0.95,1260.0,2019-01-01,0,19.0698,-19.0698,0.56045,-0.56045,Published Confirmed,<a refstr=HELLIER_ET_AL__2019 href=https://ui.adsabs.harvard.edu/abs/2019MNRAS.482.1379H/abstract target=ref>Hellier et al. 2019</a>,0.09759358288770054
WASP-145 A b,282.8687,10.0881,0.0,1.7690381,1.6,1200.0,2019-01-01,0,12.7132,-12.7132,4.4836,-4.4836,Published Confirmed,<a refstr=HELLIER_ET_AL__2019 href=https://ui.adsabs.harvard.edu/abs/2019MNRAS.482.1379H/abstract target=ref>Hellier et al. 2019</a>,0.24469413233458176
WASP-147 b,87.40325,12.498035,0.0,4.60273,0.263,1404.0,2019-01-01,0,8.89924,-8.58141,1.56926,-1.042437,Published Confirmed,<a refstr=LENDL_ET_AL__2019 href=https://ui.adsabs.harvard.edu/abs/2019MNRAS.482..301L/abstract target=ref>Lendl et al. 2019</a>,0.10224215246636771
WASP-148 b,92.48853,8.092898,0.22,8.80381,0.96,940.0,2020-08-01,0,7.94575,-7.94575,0.616495,-0.616495,Published Confirmed,<a refstr=H_EACUTE_BRARD_ET_AL__2020 href=https://ui.adsabs.harvard.edu/abs/2020A&A...640A..32H/abstract target=ref>H&eacute;brard et al. 2020</a>,0.08104396911976088
WASP-149 b,314.96795134,15.24421375,0.0,1.332813,0.49,1855.0,2025-04-01,0,62.29436777,-62.29436777,0.67253884,-0.67253884,Published Confirmed,<a refstr=SCHANCHE_ET_AL__2025 href=https://ui.adsabs.harvard.edu/abs/2025arXiv250408091S/abstract target=ref>Schanche et al. 2025</a>,0.12094883355340767
WASP-150 b,2688.8418,11.99363,0.3775,5.644207,8.54,1460.0,2020-06-01,0,88.9924,-63.566,0.269016,-0.280225,Published Confirmed,<a refstr=COOKE_ET_AL__2020 href=https://ui.adsabs.harvard.edu/abs/2020AJ....159..255C/abstract target=ref>Cooke et al. 2020</a>,0.025632995293961687
WASP-151 b,100.43377661,13.30506009,0.0,4.5334775,0.250651,1312.0,2020-01-01,0,9.85268062,-9.85268062,0.23538859,-0.23538859,Published Confirmed,<a refstr=MO__X10D_NIK_ET_AL__2020 href=https://ui.adsabs.harvard.edu/abs/2020PASP..132a4401M/abstract target=ref>Mo&#x10D;nik et al. 2020</a>,0.05789646257436164
WASP-153 b,123.9537,17.37395,0.009,3.332609,0.15,1700.0,2018-03-01,0,6.3566,-6.3566,1.1209,-0.89672,Published Confirmed,<a refstr=DEMANGEON_ET_AL__2018 href=https://ui.adsabs.harvard.edu/abs/2018A&A...610A..63D/abstract target=ref>Demangeon et al. 2018</a>,0.054673283705541774
WASP-154 b,198.96058278,10.76062147,0.0,3.811678,0.88,994.0,2025-04-01,0,40.9998645,-40.9998645,0.67253884,-0.67253884,Published Confirmed,<a refstr=SCHANCHE_ET_AL__2025 href=https://ui.adsabs.harvard.edu/abs/2025arXiv250408091S/abstract target=ref>Schanche et al. 2025</a>,0.1342851436763414
WASP-155 b,276.8285425,13.45077684,0.0,3.110413,0.62,1468.0,2025-04-01,0,57.20911326,-57.20911326,0.67253884,-0.67253884,Published Confirmed,<a refstr=SCHANCHE_ET_AL__2025 href=https://ui.adsabs.harvard.edu/abs/2025arXiv250408091S/abstract target=ref>Schanche et al. 2025</a>,0.128329506239116
WASP-156 b,41.8,6.02802815,0.0,3.8361623,1.05,934.5,2024-06-01,0,2.9,-2.9,0.12763915,-0.12019801,Published Confirmed,<a refstr=POLANSKI_ET_AL__2024 href=https://ui.adsabs.harvard.edu/abs/2024ApJS..272...32P/abstract target=ref>Polanski et al. 2024</a>,0.044967528834965714
WASP-157 b,182.43442,11.937585,0.0,3.9516205,0.64,1339.0,2016-12-01,0,29.55819,-29.55819,0.526823,-0.526823,Published Confirmed,<a refstr=MO__X10D_NIK_ET_AL__2016 href=https://ui.adsabs.harvard.edu/abs/2016PASP..128l4403M/abstract target=ref>Mo&#x10D;nik et al. 2016</a>,0.103076180661203
WASP-158 b,886.7457,11.99363,0.0,3.656333,3.1,1590.0,2019-01-01,0,73.1009,-73.1009,1.68135,-1.68135,Published Confirmed,<a refstr=HELLIER_ET_AL__2019 href=https://ui.adsabs.harvard.edu/abs/2019MNRAS.482.1379H/abstract target=ref>Hellier et al. 2019</a>,0.11131209593675676
WASP-159 b,174.8065,15.46842,0.0,3.840401,0.28,1850.0,2019-01-01,0,25.4264,-25.4264,1.00881,-1.00881,Published Confirmed,<a refstr=HELLIER_ET_AL__2019 href=https://ui.adsabs.harvard.edu/abs/2019MNRAS.482.1379H/abstract target=ref>Hellier et al. 2019</a>,0.10533596837944664
WASP-160 B b,88.35674,12.21781,0.0,3.7684952,0.284,1119.0,2019-01-01,0,13.98452,-14.30235,0.526823,-0.459569,Published Confirmed,<a refstr=LENDL_ET_AL__2019 href=https://ui.adsabs.harvard.edu/abs/2019MNRAS.482..301L/abstract target=ref>Lendl et al. 2019</a>,0.1002194574615537
WASP-162 b,1652.716,11.209,0.434,9.62468,6.9,910.0,2019-01-01,0,63.566,-63.566,0.56045,-0.56045,Published Confirmed,<a refstr=HELLIER_ET_AL__2019 href=https://ui.adsabs.harvard.edu/abs/2019MNRAS.482.1379H/abstract target=ref>Hellier et al. 2019</a>,0.044230769230769226
WASP-164 b,676.9779,12.643752,0.0,1.7771255,1.96,1610.0,2019-01-01,0,38.1396,-41.3179,0.459569,-0.481987,Published Confirmed,<a refstr=LENDL_ET_AL__2019 href=https://ui.adsabs.harvard.edu/abs/2019MNRAS.482..301L/abstract target=ref>Lendl et al. 2019</a>,0.04795974428129059
WASP-165 b,209.13214,14.12334,0.0,3.465509,0.44,1624.0,2019-01-01,0,30.82951,-29.24036,2.12971,-1.90553,Published Confirmed,<a refstr=LENDL_ET_AL__2019 href=https://ui.adsabs.harvard.edu/abs/2019MNRAS.482..301L/abstract target=ref>Lendl et al. 2019</a>,0.1432370820668693
WASP-166 b,32.10083,7.06167,0.0,5.44354,0.54,1270.0,2019-09-01,0,1.58915,-1.58915,0.33627,-0.33627,Published Confirmed,<a refstr=HELLIER_ET_AL__2019 href=https://ui.adsabs.harvard.edu/abs/2019MNRAS.488.3067H/abstract target=ref>Hellier et al. 2019</a>,0.04856199905704856
WASP-168 b,133.4886,16.8135,0.0,4.153658,0.16,1340.0,2019-01-01,0,12.7132,-12.7132,5.6045,-3.3627,Published Confirmed,<a refstr=HELLIER_ET_AL__2019 href=https://ui.adsabs.harvard.edu/abs/2019MNRAS.482.1379H/abstract target=ref>Hellier et al. 2019</a>,0.18095238095238095
WASP-169 b,178.30263,14.616536,0.0,5.6114118,0.33,1604.0,2019-10-01,0,19.38763,-19.38763,1.68135,-0.818257,Published Confirmed,<a refstr=NIELSEN_ET_AL__2019 href=https://ui.adsabs.harvard.edu/abs/2019MNRAS.489.2478N/abstract target=ref>Nielsen et al. 2019</a>,0.09712026891068753
WASP-17 b,151.60491,21.655788,0.0,3.7354845,0.082,1755.0,2012-10-01,0,10.48839,-10.48839,0.594077,-0.594077,Published Confirmed,<a refstr=SOUTHWORTH_ET_AL__2012 href=https://ui.adsabs.harvard.edu/abs/2012MNRAS.426.1338S/abstract target=ref>Southworth et al. 2012</a>,0.048307551076213914
WASP-171 b,344.52772,10.98482,0.0,3.8186244,1.5,1642.0,2019-10-01,0,29.87602,-29.87602,0.78463,-0.44836,Published Confirmed,<a refstr=NIELSEN_ET_AL__2019 href=https://ui.adsabs.harvard.edu/abs/2019MNRAS.489.2478N/abstract target=ref>Nielsen et al. 2019</a>,0.07141915806913171
WASP-172 b,149.3801,17.59813,0.0,5.477433,0.16,1740.0,2019-01-01,0,31.783,-31.783,1.1209,-1.1209,Published Confirmed,<a refstr=HELLIER_ET_AL__2019 href=https://ui.adsabs.harvard.edu/abs/2019MNRAS.482.1379H/abstract target=ref>Hellier et al. 2019</a>,0.13823011248136605
WASP-173 A b,1172.7927,13.4508,0.0,1.38665318,2.84,1880.0,2019-01-01,0,57.2094,-57.2094,0.67254,-0.67254,Published Confirmed,<a refstr=HELLIER_ET_AL__2019 href=https://ui.adsabs.harvard.edu/abs/2019MNRAS.482.1379H/abstract target=ref>Hellier et al. 2019</a>,0.04939024390243903
WASP-174 b,104.88337431,16.10730527,0.0,4.2337005,0.135,1528.0,2020-01-01,0,28.92238504,-28.92238504,0.56044903,-0.56044903,Published Confirmed,<a refstr=MANCINI_ET_AL__2020 href=https://ui.adsabs.harvard.edu/abs/2020A&A...633A..30M/abstract target=ref>Mancini et al. 2020</a>,0.15527614333540052
WASP-175 b,314.6517,13.540472,0.0,3.0652907,0.74,1571.0,2019-10-01,0,41.3179,-41.3179,0.907929,-0.907929,Published Confirmed,<a refstr=NIELSEN_ET_AL__2019 href=https://ui.adsabs.harvard.edu/abs/2019MNRAS.489.2478N/abstract target=ref>Nielsen et al. 2019</a>,0.09918305572279082
WASP-176 b,271.74465,16.869545,0.0,3.899052,0.31,1721.0,2020-06-01,0,22.88376,-21.93027,0.56045,-0.504405,Published Confirmed,<a refstr=COOKE_ET_AL__2020 href=https://ui.adsabs.harvard.edu/abs/2020AJ....159..255C/abstract target=ref>Cooke et al. 2020</a>,0.057008801072448566
WASP-178 b,527.5978,20.28829,0.0,3.3448285,0.37,2470.0,2019-11-01,0,38.1396,-38.1396,1.00881,-1.00881,Published Confirmed,<a refstr=HELLIER_ET_AL__2019 href=https://ui.adsabs.harvard.edu/abs/2019MNRAS.490.1479H/abstract target=ref>Hellier et al. 2019</a>,0.06100645676629168
WASP-18 b,3241.8497514,13.89913607,0.0051,0.94145223,6.6,2429.0,2020-04-01,0,111.23994245,-111.23994245,0.88550948,-0.88550948,Published Confirmed,<a refstr=CORT_EACUTE_S_ZULETA_ET_AL__2020 href=https://ui.adsabs.harvard.edu/abs/2020A&A...636A..98C/abstract target=ref>Cort&eacute;s-Zuleta et al. 2020</a>,0.049011701619267
WASP-180 A b,286.047,13.89916,0.0,3.409264,0.61,1540.0,2019-12-01,0,31.783,-31.783,0.44836,-0.44836,Published Confirmed,<a refstr=TEMPLE_ET_AL__2019 href=https://ui.adsabs.harvard.edu/abs/2019MNRAS.490.2467T/abstract target=ref>Temple et al. 2019</a>,0.07168458781362005
WASP-182 b,47.03884,9.52765,0.0,3.3769848,0.318,1479.0,2019-10-01,0,3.49613,-3.49613,0.33627,-0.33627,Published Confirmed,<a refstr=NIELSEN_ET_AL__2019 href=https://ui.adsabs.harvard.edu/abs/2019MNRAS.489.2478N/abstract target=ref>Nielsen et al. 2019</a>,0.05480922098569158
WASP-184 b,181.1631,14.90797,0.0,5.1817,0.32,1480.0,2019-11-01,0,31.783,-31.783,1.00881,-1.00881,Published Confirmed,<a refstr=HELLIER_ET_AL__2019 href=https://ui.adsabs.harvard.edu/abs/2019MNRAS.490.1479H/abstract target=ref>Hellier et al. 2019</a>,0.12155388471177946
WASP-185 b,311.4734,14.01125,0.24,9.38755,0.66,1160.0,2019-11-01,0,19.0698,-19.0698,0.89672,-0.89672,Published Confirmed,<a refstr=HELLIER_ET_AL__2019 href=https://ui.adsabs.harvard.edu/abs/2019MNRAS.490.1479H/abstract target=ref>Hellier et al. 2019</a>,0.06261224489795919
WASP-188 b,458.6263913,14.81827249,0.0,5.748916,0.78,1666.0,2025-04-01,0,94.07720847,-94.71286529,0.57165802,-0.57165802,Published Confirmed,<a refstr=SCHANCHE_ET_AL__2025 href=https://ui.adsabs.harvard.edu/abs/2025arXiv250408091S/abstract target=ref>Schanche et al. 2025</a>,0.12219955917810099
WASP-189 b,632.47852993,18.14733975,0.0,2.724033,0.621987,3353.0,2020-11-01,0,50.85254512,-44.49597698,0.23538859,-0.23538859,Published Confirmed,<a refstr=LENDL_ET_AL__2020 href=https://ui.adsabs.harvard.edu/abs/2020A&A...643A..94L/abstract target=ref>Lendl et al. 2020</a>,0.04417392694994103
WASP-19 b,371.21,15.536,0.0046,0.78884,0.583,2050.0,2011-04-01,0,7.31,-7.31,0.359,-0.359,Published Confirmed,<a refstr=HELLIER_ET_AL__2011 href=https://ui.adsabs.harvard.edu/abs/2011ApJ...730L..31H/abstract target=ref> Hellier et al. 2011 </a>,0.021399989217492348
WASP-192 b,731.009,13.78707,0.0,2.8786765,1.62,1620.0,2019-11-01,0,50.8528,-50.8528,0.89672,-0.89672,Published Confirmed,<a refstr=HELLIER_ET_AL__2019 href=https://ui.adsabs.harvard.edu/abs/2019MNRAS.490.1479H/abstract target=ref>Hellier et al. 2019</a>,0.06730293389890421
WASP-193 b,44.17814857,16.40994774,0.056,6.2463345,0.059,1254.0,2023-07-01,0,9.2170238,-9.2170238,0.66132986,-0.6389119,Published Confirmed,<a refstr=BARKAOUI_ET_AL__2023 href=https://ui.adsabs.harvard.edu/abs/2023arXiv230708350B/abstract target=ref>Barkaoui et al. 2023</a>,0.12412528989263179
WASP-194 b,373.13054982,15.47960235,0.0,3.183387,0.55,1693.0,2025-04-01,0,84.22452786,-84.22452786,0.9863903,-0.9863903,Published Confirmed,<a refstr=SCHANCHE_ET_AL__2025 href=https://ui.adsabs.harvard.edu/abs/2025arXiv250408091S/abstract target=ref>Schanche et al. 2025</a>,0.1447229804804556
WASP-195 b,33.05415433,10.31226224,0.0,5.051928,0.16,1522.0,2025-04-01,0,9.53485221,-9.85268062,0.56044903,-0.56044903,Published Confirmed,<a refstr=SCHANCHE_ET_AL__2025 href=https://ui.adsabs.harvard.edu/abs/2025arXiv250408091S/abstract target=ref>Schanche et al. 2025</a>,0.1738085282100219
WASP-197 b,403.32424848,14.44837612,0.0,5.167228,0.74,1665.0,2025-04-01,0,80.72841538,-80.72841538,0.54924005,-0.54924005,Published Confirmed,<a refstr=SCHANCHE_ET_AL__2025 href=https://ui.adsabs.harvard.edu/abs/2025arXiv250408091S/abstract target=ref>Schanche et al. 2025</a>,0.11908578422061623
WASP-20 b,98.841,16.388,0.0,4.8996284,0.132,1379.0,2015-03-01,0,5.403,-5.403,0.661,-0.661,Published Confirmed,<a refstr=ANDERSON_ET_AL__2015 href=https://ui.adsabs.harvard.edu/abs/2015A&A...575A..61A/abstract target=ref>Anderson et al. 2015</a>,0.04749897078435133
WASP-22 b,177.9848,12.55408,0.023,3.53269,0.53,1430.0,2010-12-01,0,6.3566,-6.3566,0.44836,-0.44836,Published Confirmed,<a refstr=MAXTED_ET_AL__2010 href=https://ui.adsabs.harvard.edu/abs/2010AJ....140.2007M/abstract target=ref> Maxted et al. 2010 </a>,0.03571428571428571
WASP-26 b,324.18497514,14.79585452,0.0,2.7566,0.583527,1660.0,2010-09-01,0,9.53485221,-9.53485221,0.89671846,-0.89671846,Published Confirmed,<a refstr=SMALLEY_ET_AL__2010 href=https://ui.adsabs.harvard.edu/abs/2010A&A...520A..56S/abstract target=ref>Smalley et al. 2010</a>,0.045008912799336775
WASP-28 b,288.26,13.597,0.0,3.40883,0.676,1468.0,2015-03-01,0,13.666,-13.666,0.471,-0.471,Published Confirmed,<a refstr=ANDERSON_ET_AL__2015 href=https://ui.adsabs.harvard.edu/abs/2015A&A...575A..61A/abstract target=ref>Anderson et al. 2015</a>,0.041024291792095366
WASP-33 b,1042.4824,18.819911,0.0,1.21987016,0.86,2723.0,2016-06-01,0,232.0159,-232.0159,0.212971,-0.33627,Published Confirmed,<a refstr=TURNER_ET_AL__2016 href=https://ui.adsabs.harvard.edu/abs/2016MNRAS.459..789T/abstract target=ref>Turner et al. 2016</a>,0.11857649733435988
WASP-34 b,187.51,13.675,0.038,4.3176782,0.45,1250.0,2011-02-01,0,3.18,-3.18,1.233,-0.897,Published Confirmed,<a refstr=SMALLEY_ET_AL__2011 href=https://ui.adsabs.harvard.edu/abs/2010arXiv1012.2278S/abstract target=ref> Smalley et al. 2011 </a>,0.04741921868981125
WASP-36 b,726.55938,14.358729,0.0,1.53736423,1.353,1724.0,2016-06-01,0,20.97678,-20.97678,0.291434,-0.291434,Published Confirmed,<a refstr=TURNER_ET_AL__2016 href=https://ui.adsabs.harvard.edu/abs/2016MNRAS.459..789T/abstract target=ref>Turner et al. 2016</a>,0.0245840171617892
WASP-41 b,298.7602,13.22662,0.026,3.052404,0.74,1244.0,2015-09-01,0,15.8915,-15.8915,0.33627,-0.33627,Published Confirmed,<a refstr=NEVEU_VANMALLE_ET_AL__2015 href=https://ui.adsabs.harvard.edu/abs/2015arXiv150907750N/abstract target=ref>Neveu-VanMalle et al. 2015</a>,0.03930760908763073
WASP-43 b,635.02434,11.276254,0.0,0.813473978,2.43,1426.7,2017-05-01,0,25.10857,-25.10857,0.190553,-0.190553,Published Confirmed,<a refstr=ESPOSITO_ET_AL__2017 href=https://ui.adsabs.harvard.edu/abs/2017A&A...601A..53E/abstract target=ref>Esposito et al. 2017</a>,0.028219073944720063
WASP-44 b,275.55861,10.98482,0.0,2.423812,1.14,1304.0,2016-06-01,0,20.34112,-20.34112,0.358688,-0.358688,Published Confirmed,<a refstr=TURNER_ET_AL__2016 href=https://ui.adsabs.harvard.edu/abs/2016MNRAS.459..789T/abstract target=ref>Turner et al. 2016</a>,0.05323541181178354
WASP-48 b,288.0,15.65,0.0,2.14363544,0.415,1956.0,2015-05-01,0,27.0,-27.0,0.57,-0.57,Published Confirmed,<a refstr=CICERI_ET_AL__2015 href=https://ui.adsabs.harvard.edu/abs/2015A&A...577A..54C/abstract target=ref>Ciceri et al. 2015</a>,0.06508586261980831
WASP-49 b,126.81417,13.428382,0.0,2.7817362,0.288,1400.0,2017-06-01,0,9.5349,-9.5349,0.526823,-0.526823,Published Confirmed,<a refstr=WYTTENBACH_ET_AL__2017 href=https://ui.adsabs.harvard.edu/abs/2017A&A...602A..36W/abstract target=ref>Wyttenbach et al. 2017</a>,0.05721001167359133
WASP-5 b,502.15,12.218,0.0,1.6284296,1.62,1753.0,2008-06-01,0,41.32,-25.43,1.054,-0.65,Published Confirmed,<a refstr=ANDERSON_ET_AL__2008 href=https://ui.adsabs.harvard.edu/abs/2008MNRAS.387L...4A/abstract target=ref> Anderson et al. 2008 </a>,0.0680986922382063
WASP-52 b,146.2,14.24,0.0,1.7497798,0.29,1315.0,2013-01-01,0,6.36,-6.36,0.34,-0.34,Published Confirmed,<a refstr=HEBRARD_ET_AL__2013 href=https://ui.adsabs.harvard.edu/abs/2013A%26A...549A.134H/abstract target=ref> Hebrard et al. 2013 </a>,0.033689228238983085
WASP-53 b,677.61356,12.038466,0.03,3.3098443,2.28,1053.0,2017-05-01,0,29.24036,-29.87602,0.414733,-0.414733,Published Confirmed,<a refstr=TRIAUD_ET_AL__2017 href=https://ui.adsabs.harvard.edu/abs/2017MNRAS.467.1714T/abstract target=ref>Triaud et al. 2017</a>,0.03903583245114789
WASP-54 b,202.131,18.528,0.067,3.6936411,0.188,1759.0,2013-03-01,0,7.945,-7.628,1.009,-0.93,Published Confirmed,<a refstr=FAEDI_ET_AL__2013 href=https://ui.adsabs.harvard.edu/abs/2013A%26A...551A..73F/abstract target=ref> Faedi et al. 2013 </a>,0.045424128282002416
WASP-56 b,181.473,12.24,0.0,4.617101,0.583,1216.0,2013-03-01,0,10.806,-11.124,0.392,-0.37,Published Confirmed,<a refstr=FAEDI_ET_AL__2013 href=https://ui.adsabs.harvard.edu/abs/2013A%26A...551A..73F/abstract target=ref> Faedi et al. 2013 </a>,0.045774831274527625
WASP-57 b,213.573,10.267,0.0,2.838971,1.161,1251.0,2013-03-01,0,15.573,-14.62,0.191,-0.157,Published Confirmed,<a refstr=FAEDI_ET_AL__2013 href=https://ui.adsabs.harvard.edu/abs/2013A%26A...551A..73F/abstract target=ref> Faedi et al. 2013 </a>,0.04381646739413003
WASP-58 b,282.86,15.36,0.0,5.01718,0.45,1270.0,2013-01-01,0,22.25,-22.25,2.24,-2.24,Published Confirmed,<a refstr=HEBRARD_ET_AL__2013 href=https://ui.adsabs.harvard.edu/abs/2013A%26A...549A.134H/abstract target=ref> Hebrard et al. 2013 </a>,0.11224707747059795
WASP-59 b,274.276,8.687,0.1,7.919585,2.4,670.0,2013-01-01,0,14.302,-14.302,0.762,-0.762,Published Confirmed,<a refstr=HEBRARD_ET_AL__2013 href=https://ui.adsabs.harvard.edu/abs/2013A%26A...549A.134H/abstract target=ref> Hebrard et al. 2013 </a>,0.06993091690597966
WASP-6 b,154.14755,13.78707,0.054,3.36100208,0.325,1184.0,2015-06-01,0,8.58141,-8.58141,0.392315,-0.392315,Published Confirmed,<a refstr=TREGLOAN_REED_ET_AL__2015 href=https://ui.adsabs.harvard.edu/abs/2015MNRAS.450.1760T/abstract target=ref>Tregloan-Reed et al. 2015</a>,0.04206269382281452
WASP-60 b,163.358,9.64,0.0,4.3050011,1.1,1320.0,2013-01-01,0,10.806,-10.806,1.35,-1.35,Published Confirmed,<a refstr=HEBRARD_ET_AL__2013 href=https://ui.adsabs.harvard.edu/abs/2013A%26A...549A.134H/abstract target=ref> Hebrard et al. 2013 </a>,0.10309534378557818
WASP-61 b,654.7298,13.56289,0.0,3.855898,1.55,1624.4,2017-01-01,0,50.8528,-50.8528,0.33627,-0.33627,Published Confirmed,<a refstr=BROWN_ET_AL__2017 href=https://ui.adsabs.harvard.edu/abs/2017MNRAS.464..810B/abstract target=ref>Brown et al. 2017</a>,0.05123164567118672
WASP-62 b,184.3414,15.02006,0.0,4.41194,0.32,1475.3,2017-01-01,0,9.5349,-9.5349,0.56045,-0.33627,Published Confirmed,<a refstr=BROWN_ET_AL__2017 href=https://ui.adsabs.harvard.edu/abs/2017MNRAS.464..810B/abstract target=ref>Brown et al. 2017</a>,0.040787442099845604
WASP-64 b,403.945,14.247,0.0,1.5732918,0.823,1689.0,2013-04-01,0,21.612,-21.612,0.437,-0.437,Published Confirmed,<a refstr=GILLON_ET_AL__2013 href=https://ui.adsabs.harvard.edu/abs/2013A%26A...552A..82G/abstract target=ref> Gillon et al. 2013 </a>,0.042087728702463564
WASP-65 b,492.62,12.464,0.0,2.3114243,1.5,1480.0,2013-11-01,0,50.85,-50.85,0.661,-0.661,Published Confirmed,<a refstr=GOMEZ_ET_AL__2013 href=https://ui.adsabs.harvard.edu/abs/2013A%26A...559A..36G/abstract target=ref> Gomez et al. 2013 </a>,0.07812815715806119
WASP-68 b,301.93,13.9,0.0,5.084298,0.665,1490.0,2014-03-01,0,9.53,-9.53,1.12,-0.67,Published Confirmed,<a refstr=DELREZ_ET_AL__2014 href=https://ui.adsabs.harvard.edu/abs/2014A%26A...563A.143D/abstract target=ref> Delrez et al. 2014 </a>,0.04797604833365779
WASP-69 b,82.632,9.113,0.0,3.8681382,0.291,963.0,2014-12-01,0,5.403,-5.403,0.314,-0.314,Published Confirmed,<a refstr=ANDERSON_ET_AL__2014 href=https://ui.adsabs.harvard.edu/abs/2014MNRAS.445.1114A/abstract target=ref>Anderson et al. 2014</a>,0.04992128114305241
WASP-7 b,305.1168,10.256235,0.0,4.954658,1.67,1379.0,2009-01-01,0,38.1396,-57.2094,0.515614,-0.44836,Published Confirmed,<a refstr=HELLIER_ET_AL__2008 href=https://ui.adsabs.harvard.edu/abs/2009ApJ...690L..89H/abstract target=ref> Hellier et al. 2008 </a>,0.10162226775956285
WASP-70 A b,187.512,13.047,0.0,3.7130203,0.499,1387.0,2014-12-01,0,6.992,-6.992,0.818,-1.143,Published Confirmed,<a refstr=ANDERSON_ET_AL__2014 href=https://ui.adsabs.harvard.edu/abs/2014MNRAS.445.1114A/abstract target=ref>Anderson et al. 2014</a>,0.05621982800596738
WASP-71 b,712.545,16.37,0.0,2.9036747,0.94,2049.0,2013-04-01,0,25.425,-25.425,1.46,-1.46,Published Confirmed,<a refstr=SMITH_ET_AL__2013 href=https://ui.adsabs.harvard.edu/abs/2013A%26A...552A.120S/abstract target=ref> Smith et al. 2013 </a>,0.062434747554316446
WASP-72 b,491.3763,14.24,0.0,2.2167421,0.96,2210.0,2013-04-01,0,18.751,-17.798,2.24,-2.24,Published Confirmed,<a refstr=GILLON_ET_AL__2013 href=https://ui.adsabs.harvard.edu/abs/2013A%26A...552A..82G/abstract target=ref> Gillon et al. 2013 </a>,0.09724690457660123
WASP-73 b,597.5,13.002,0.0,4.08722,1.596,1790.0,2014-03-01,0,22.25,-19.07,1.345,-0.897,Published Confirmed,<a refstr=DELREZ_ET_AL__2014 href=https://ui.adsabs.harvard.edu/abs/2014A%26A...563A.143D/abstract target=ref> Delrez et al. 2014 </a>,0.060397455428485736
WASP-74 b,301.9385,17.48604,0.0,2.13775,0.33,1910.0,2015-07-01,0,19.0698,-19.0698,0.67254,-0.67254,Published Confirmed,<a refstr=HELLIER_ET_AL__2015 href=https://ui.adsabs.harvard.edu/abs/2015AJ....150...18H/abstract target=ref>Hellier et al. 2015</a>,0.050809716599190285
WASP-75 b,340.06,14.235,0.0,2.484193,0.69,1710.0,2013-11-01,0,15.89,-15.89,0.538,-0.538,Published Confirmed,<a refstr=GOMEZ_ET_AL__2013 href=https://ui.adsabs.harvard.edu/abs/2013A%26A...559A..36G/abstract target=ref> Gomez et al. 2013 </a>,0.04226060873449449
WASP-76 b,284.13859586,20.78145022,0.0,1.80988198,0.17,2228.0,2020-04-01,0,4.4495977,-4.13176929,0.86309151,-0.85188253,Published Confirmed,<a refstr=EHRENREICH_ET_AL__2020 href=https://ui.adsabs.harvard.edu/abs/2020Natur.580..597E/abstract target=ref>Ehrenreich et al. 2020</a>,0.02818140344486476
WASP-77 A b,559.3808,13.56289,0.0,1.3600306,1.234,1674.0,2016-06-01,0,18.11631,-18.11631,0.22418,-0.22418,Published Confirmed,<a refstr=TURNER_ET_AL__2016 href=https://ui.adsabs.harvard.edu/abs/2016MNRAS.459..789T/abstract target=ref>Turner et al. 2016</a>,0.02445764462809917
WASP-78 b,273.3338,23.09054,0.0,2.175173,0.131,2469.7,2017-01-01,0,25.4264,-25.4264,1.1209,-1.1209,Published Confirmed,<a refstr=BROWN_ET_AL__2017 href=https://ui.adsabs.harvard.edu/abs/2017MNRAS.464..810B/abstract target=ref>Brown et al. 2017</a>,0.07078347256717092
WASP-79 b,270.1555,17.14977,0.0,3.662392,0.318,1716.2,2017-01-01,0,25.4264,-25.4264,0.44836,-0.44836,Published Confirmed,<a refstr=BROWN_ET_AL__2017 href=https://ui.adsabs.harvard.edu/abs/2017MNRAS.464..810B/abstract target=ref>Brown et al. 2017</a>,0.06013071895424836
WASP-80 b,170.99254,11.197791,0.002,3.06785234,0.717,825.0,2015-07-01,0,11.12405,-11.44188,0.33627,-0.347479,Published Confirmed,<a refstr=TRIAUD_ET_AL__2015 href=https://ui.adsabs.harvard.edu/abs/2015MNRAS.450.2279T/abstract target=ref>Triaud et al. 2015</a>,0.04825783032102734
WASP-81 b,231.69807,16.017661,0.066,2.7164762,0.332,1623.0,2017-05-01,0,11.44188,-11.12405,0.571659,-0.515614,Published Confirmed,<a refstr=TRIAUD_ET_AL__2017 href=https://ui.adsabs.harvard.edu/abs/2017MNRAS.467.1714T/abstract target=ref>Triaud et al. 2017</a>,0.04131833152386245
WASP-82 b,394.1092,18.71903,0.0,2.705782,0.354,2190.0,2016-01-01,0,12.7132,-12.7132,0.78463,-0.56045,Published Confirmed,<a refstr=WEST_ET_AL__2016 href=https://ui.adsabs.harvard.edu/abs/2016A&A...585A.126W/abstract target=ref>West et al. 2016</a>,0.034093104114351944
WASP-83 b,95.349,11.65736,0.0,4.971252,0.35,1120.0,2015-07-01,0,9.5349,-9.5349,0.89672,-0.56045,Published Confirmed,<a refstr=HELLIER_ET_AL__2015 href=https://ui.adsabs.harvard.edu/abs/2015AJ....150...18H/abstract target=ref>Hellier et al. 2015</a>,0.08125
WASP-84 b,220.565,10.559,0.0,8.5234865,1.104,797.0,2014-12-01,0,8.899,-8.899,0.247,-0.247,Published Confirmed,<a refstr=ANDERSON_ET_AL__2014 href=https://ui.adsabs.harvard.edu/abs/2014MNRAS.445.1114A/abstract target=ref>Anderson et al. 2014</a>,0.03186937492687544
WASP-85 A b,402.05495,13.89916,0.0,2.6556777,0.88,1452.0,2016-06-01,0,20.65895,-20.65895,0.33627,-0.33627,Published Confirmed,<a refstr=MO__X10D_NIK_ET_AL__2016 href=https://ui.adsabs.harvard.edu/abs/2016AJ....151..150M/abstract target=ref>Mo&#x10D;nik et al. 2016</a>,0.03778847379829147
WASP-88 b,177.98,19.055,0.0,4.954,0.146,1772.0,2014-03-01,0,25.43,-25.43,1.457,-0.785,Published Confirmed,<a refstr=DELREZ_ET_AL__2014 href=https://ui.adsabs.harvard.edu/abs/2014A%26A...563A.143D/abstract target=ref> Delrez et al. 2014 </a>,0.10085546304958981
WASP-89 b,1875.197,11.65736,0.193,3.3564227,7.0,1120.0,2015-07-01,0,127.132,-127.132,0.44836,-0.44836,Published Confirmed,<a refstr=HELLIER_ET_AL__2015 href=https://ui.adsabs.harvard.edu/abs/2015AJ....150...18H/abstract target=ref>Hellier et al. 2015</a>,0.053129074315514994
WASP-90 b,200.2329,18.27067,0.0,3.916243,0.193,1840.0,2016-01-01,0,22.2481,-22.2481,1.00881,-1.00881,Published Confirmed,<a refstr=WEST_ET_AL__2016 href=https://ui.adsabs.harvard.edu/abs/2016A&A...585A.126W/abstract target=ref>West et al. 2016</a>,0.08316291751874574
WASP-91 b,425.8922,11.54527,0.0,2.798581,1.59,1160.0,2017-08-01,0,25.4264,-25.4264,0.44836,-0.44836,Published Confirmed,<a refstr=ANDERSON_ET_AL__2017 href=https://ui.adsabs.harvard.edu/abs/2017A&A...604A.110A/abstract target=ref>Anderson et al. 2017</a>,0.04926822199681205
WASP-92 b,255.85315,16.376349,0.0,2.1746742,0.346,1871.0,2016-12-01,0,21.61244,-21.61244,0.863093,-0.863093,Published Confirmed,<a refstr=HAY_ET_AL__2016 href=https://ui.adsabs.harvard.edu/abs/2016MNRAS.463.3276H/abstract target=ref>Hay et al. 2016</a>,0.06858783867086697
WASP-93 b,467.2101,17.900773,0.0,2.7325321,0.479,1942.0,2016-12-01,0,92.1707,-92.1707,0.863093,-0.863093,Published Confirmed,<a refstr=HAY_ET_AL__2016 href=https://ui.adsabs.harvard.edu/abs/2016MNRAS.463.3276H/abstract target=ref>Hay et al. 2016</a>,0.12274715772345257
WASP-94 A b,143.653,19.28,0.13,3.9501907,0.118,1604.0,2014-12-01,0,11.124,-10.17,0.67,-0.56,Published Confirmed,<a refstr=NEVEU_VANMALLE_ET_AL__2014 href=https://ui.adsabs.harvard.edu/abs/2014A&A...572A..49N/abstract target=ref>Neveu-VanMalle et al. 2014</a>,0.05300721973012827
WASP-95 b,359.13,13.56,0.0,2.184673,1.13,1570.0,2014-05-01,0,31.78,-12.71,0.67,-0.67,Published Confirmed,<a refstr=HELLIER_ET_AL__2014 href=https://ui.adsabs.harvard.edu/abs/2014MNRAS.440.1982H/abstract target=ref> Hellier et al. 2014 </a>,0.05567569389052058
WASP-96 b,152.55,13.45,0.0,3.4252602,0.37,1285.0,2014-05-01,0,9.53,-9.53,0.67,-0.67,Published Confirmed,<a refstr=HELLIER_ET_AL__2014 href=https://ui.adsabs.harvard.edu/abs/2014MNRAS.440.1982H/abstract target=ref> Hellier et al. 2014 </a>,0.056142723636226285
WASP-97 b,419.52,12.67,0.0,2.07276,1.21,1555.0,2014-05-01,0,15.89,-15.89,0.67,-0.67,Published Confirmed,<a refstr=HELLIER_ET_AL__2014 href=https://ui.adsabs.harvard.edu/abs/2014MNRAS.440.1982H/abstract target=ref> Hellier et al. 2014 </a>,0.04537872086834911
WASP-98 b,263.79,12.33,0.0,2.96264,0.84,1180.0,2014-05-01,0,22.25,-22.25,0.45,-0.45,Published Confirmed,<a refstr=HELLIER_ET_AL__2014 href=https://ui.adsabs.harvard.edu/abs/2014MNRAS.440.1982H/abstract target=ref> Hellier et al. 2014 </a>,0.060421873958022905
WASP-99 b,883.53,12.33,0.0,5.75251,2.79,1480.0,2014-05-01,0,41.32,-41.32,0.9,-0.56,Published Confirmed,<a refstr=HELLIER_ET_AL__2014 href=https://ui.adsabs.harvard.edu/abs/2014MNRAS.440.1982H/abstract target=ref> Hellier et al. 2014 </a>,0.052986068409559176
WTS-1 b,1274.44,16.7,0.1,3.352057,1.61,1500.0,2012-12-01,0,111.24,-111.24,1.79,-2.02,Published Confirmed,<a refstr=CAPPETTA_ET_AL__2012 href=https://ui.adsabs.harvard.edu/abs/2012MNRAS.427.1877C/abstract target=ref> Cappetta et al. 2012 </a>,0.10067862611301673
WTS-2 b,355.9696,15.277867,0.0,1.0187068,0.54,2000.0,2014-05-01,0,50.8528,-50.8528,0.683749,-0.683749,Published Confirmed,<a refstr=BIRKBY_ET_AL__2014 href=https://ui.adsabs.harvard.edu/abs/2014MNRAS.440.1470B/abstract target=ref> Birkby et al. 2014 </a>,0.093805680746253
Wendelstein-1 b,188.15536,11.5609626,0.012,2.663416,0.72,2198.0,2020-07-01,0,52.44195,-41.00007,0.0683749,-0.0683749,Published Confirmed,<a refstr=OBERMEIER_ET_AL__2020 href=https://ui.adsabs.harvard.edu/abs/2020A&A...639A.130O/abstract target=ref>Obermeier et al. 2020</a>,0.1271125510327081
Wendelstein-2 b,232.33373,12.9934728,0.057,1.7522239,0.62,2470.0,2020-07-01,0,171.94603,-98.84513,0.2286636,-0.235389,Published Confirmed,<a refstr=OBERMEIER_ET_AL__2020 href=https://ui.adsabs.harvard.edu/abs/2020A&A...639A.130O/abstract target=ref>Obermeier et al. 2020</a>,0.30031024037521986
Wolf 327 b,2.53,1.24,0.0,0.5734745,7.24,996.0,2024-01-01,0,0.46,-0.46,0.06,-0.06,Published Confirmed,<a refstr=MURGAS_ET_AL__2024 href=https://ui.adsabs.harvard.edu/abs/2024arXiv240112150M/abstract target=ref>Murgas et al. 2024</a>,0.1151026392961877
Wolf 503 b,6.26,2.043,0.41,6.00127,2.92,790.0,2021-12-01,0,0.69,-0.7,0.069,-0.069,Published Confirmed,<a refstr=POLANSKI_ET_AL__2021 href=https://ui.adsabs.harvard.edu/abs/2021AJ....162..238P/abstract target=ref>Polanski et al. 2021</a>,0.07239811309247347
XO-5 b,378.2,12.78,0.0,4.1877558,1.06,1230.0,2015-03-01,0,9.53,-9.53,0.34,-0.34,Published Confirmed,<a refstr=SMITH_2015 href=https://ui.adsabs.harvard.edu/abs/2015AcA....65..117S/abstract target=ref>Smith 2015</a>,0.025901188315627356
XO-7 b,225.34147,15.389957,0.038,2.8641424,0.34,1743.0,2020-02-01,0,10.80622,-10.80622,0.291434,-0.291434,Published Confirmed,<a refstr=CROUZET_ET_AL__2020 href=https://ui.adsabs.harvard.edu/abs/2020AJ....159...44C/abstract target=ref>Crouzet et al. 2020</a>,0.03344575055703539
pi Men c,4.52,2.06,0.0,6.26834,2.82,1147.0,2018-11-01,0,0.81,-0.81,0.03,-0.03,Published Confirmed,<a refstr=GANDOLFI_ET_AL__2018 href=https://ui.adsabs.harvard.edu/abs/2018A&A...619L..10G/abstract target=ref>Gandolfi et al. 2018</a>,0.09688332330956269
