s_value,val_wmae
60.3125,0.07448730838875779
61.54336734693877,0.07262203605328255
62.77423469387755,0.07039045525669135
64.00510204081633,0.07109898360374234
65.2359693877551,0.07083426837800376
66.46683673469387,0.07162721411541369
67.69770408163265,0.07180326942387188
68.92857142857143,0.0728616180287628
70.15943877551021,0.07163427787509558
71.39030612244898,0.07041807289979378
72.62117346938776,0.06986277317862169
73.85204081632654,0.06875241357621996
75.0829081632653,0.06839539785362933
76.31377551020408,0.07137239692520189
77.54464285714286,0.06946628063239484
78.77551020408163,0.06816098077595482
80.0063775510204,0.06682343492029669
81.23724489795919,0.06475077531347126
82.46811224489795,0.06344141777916598
83.69897959183673,0.05989752169670897
84.92984693877551,0.05896801249631343
86.16071428571428,0.05516922725732706
87.39158163265306,0.056201186892093476
88.62244897959184,0.055765579592834846
89.8533163265306,0.05615428885115982
91.08418367346938,0.05645826897253338
92.31505102040816,0.055314654688594096
93.54591836734693,0.05443963884743707
94.77678571428571,0.054423271236185754
96.00765306122449,0.05327259165906693
97.23852040816325,0.05303297634874686
98.46938775510205,0.0545723619419122
99.70025510204081,0.055654295023518575
100.93112244897958,0.05826705105326925
102.16198979591837,0.061988203486964134
103.39285714285714,0.06487319300562341
104.62372448979592,0.06749915719640728
105.8545918367347,0.06988652944370542
107.08545918367346,0.059977164504904444
108.31632653061224,0.06325048382479882
109.54719387755102,0.06716574957411048
110.77806122448979,0.07019315366890733
112.00892857142857,0.07340373850400274
113.23979591836735,0.07617327543653998
114.47066326530611,0.07859232556565601
115.7015306122449,0.08066076493677955
116.93239795918367,0.08203544468602449
118.16326530612244,0.08231545896110093
119.39413265306122,0.08323968292165126
120.625,0.0827637027686244
60.3125,0.11452000695848975
61.54336734693877,0.11771430876551413
62.77423469387755,0.11515900016074936
64.00510204081633,0.11278728072591078
65.2359693877551,0.11069277491461885
66.46683673469387,0.10901539972598867
67.69770408163265,0.10727156072087839
68.92857142857143,0.10718725619038194
70.15943877551021,0.10565597807250514
71.39030612244898,0.1083655178444107
72.62117346938776,0.10190311356498079
73.85204081632654,0.1019361768960142
75.0829081632653,0.10279834348344571
76.31377551020408,0.10077362628156665
77.54464285714286,0.09886979026062913
78.77551020408163,0.09903632261228525
80.0063775510204,0.09748438463132038
81.23724489795919,0.09989128639375844
82.46811224489795,0.10121483695558621
83.69897959183673,0.09686306593060198
84.92984693877551,0.09329173834621828
86.16071428571428,0.09280541879352198
87.39158163265306,0.09097787416085228
88.62244897959184,0.08961717992519387
89.8533163265306,0.08974507469298168
91.08418367346938,0.08714267117994048
92.31505102040816,0.08643659493145976
93.54591836734693,0.08922216947520833
94.77678571428571,0.08842645696386248
96.00765306122449,0.08719848324772632
97.23852040816325,0.08597057935799621
98.46938775510205,0.0850003331015389
99.70025510204081,0.08963056161195757
100.93112244897958,0.08519534467068696
102.16198979591837,0.0837435667623913
103.39285714285714,0.08319343297917534
104.62372448979592,0.08321123921746856
105.8545918367347,0.08354750939109498
107.08545918367346,0.08412771004506862
108.31632653061224,0.08500988541179252
109.54719387755102,0.08593760539883424
110.77806122448979,0.08711301197799282
112.00892857142857,0.08864033004462182
113.23979591836735,0.09079389192235791
114.47066326530611,0.09177295246993718
115.7015306122449,0.09177295246993718
116.93239795918367,0.09177295246993718
118.16326530612244,0.09177295246993718
119.39413265306122,0.09177295246993718
120.625,0.09177295246993718
60.3125,0.08232540374899845
61.54336734693877,0.08185768924149896
62.77423469387755,0.08424432313596868
64.00510204081633,0.08261237881511889
65.2359693877551,0.08388556901716253
66.46683673469387,0.08390520256341621
67.69770408163265,0.08115544793549205
68.92857142857143,0.08447417678724398
70.15943877551021,0.08543998352243952
71.39030612244898,0.08535294849588354
72.62117346938776,0.08748454077515662
73.85204081632654,0.08640527754222761
75.0829081632653,0.08518144957119099
76.31377551020408,0.08427759018956217
77.54464285714286,0.08478830571626812
78.77551020408163,0.08728328621481976
80.0063775510204,0.08431561041357011
81.23724489795919,0.08309529930548304
82.46811224489795,0.08520301415084391
83.69897959183673,0.0847658977878451
84.92984693877551,0.08363165203173717
86.16071428571428,0.08368112398651915
87.39158163265306,0.0826880314320848
88.62244897959184,0.08196685238188195
89.8533163265306,0.08109022816089456
91.08418367346938,0.08324271136501694
92.31505102040816,0.08236092655392462
93.54591836734693,0.08506215040951778
94.77678571428571,0.08183598546872589
96.00765306122449,0.08395595040877507
97.23852040816325,0.08986136466660406
98.46938775510205,0.09361937233300681
99.70025510204081,0.09672227983206493
100.93112244897958,0.09909300422547924
102.16198979591837,0.08787931110148156
103.39285714285714,0.09373746084786586
104.62372448979592,0.09727818415978089
105.8545918367347,0.10038468312465743
107.08545918367346,0.10309040952963086
108.31632653061224,0.1058157504039616
109.54719387755102,0.1078811401076766
110.77806122448979,0.11007820116680525
112.00892857142857,0.11187846037721691
113.23979591836735,0.11349004743412155
114.47066326530611,0.11432629371014412
115.7015306122449,0.11432629371014412
116.93239795918367,0.11432629371014412
118.16326530612244,0.11432629371014412
119.39413265306122,0.11432629371014412
120.625,0.11432629371014412
60.3125,0.11206387508659942
61.54336734693877,0.11316475347022253
62.77423469387755,0.11559189039503667
64.00510204081633,0.11519671785674372
65.2359693877551,0.11598764912618713
66.46683673469387,0.11646444591015385
67.69770408163265,0.11671274941931932
68.92857142857143,0.11755720004550901
70.15943877551021,0.11758743005991915
71.39030612244898,0.11732660862621522
72.62117346938776,0.11687308053818193
73.85204081632654,0.11626343563190901
75.0829081632653,0.11541145981234427
76.31377551020408,0.11538509557786078
77.54464285714286,0.09956784979620713
78.77551020408163,0.1003101580061968
80.0063775510204,0.10077001943037249
81.23724489795919,0.09971288289552066
82.46811224489795,0.09990407314333492
83.69897959183673,0.099873042285417
84.92984693877551,0.09979726325106195
86.16071428571428,0.09851966779348083
87.39158163265306,0.1006307041217649
88.62244897959184,0.1012179124181385
89.8533163265306,0.1011922567295885
91.08418367346938,0.10037912358288388
92.31505102040816,0.09902507193201629
93.54591836734693,0.10258404053114545
94.77678571428571,0.10545076368406556
96.00765306122449,0.1079186799566416
97.23852040816325,0.10939936090651027
98.46938775510205,0.10260566024237881
99.70025510204081,0.10647288064425334
100.93112244897958,0.10269356717077144
102.16198979591837,0.10513125621944584
103.39285714285714,0.10781623446513883
104.62372448979592,0.11007018858757507
105.8545918367347,0.11243440177725787
107.08545918367346,0.11494793732097912
108.31632653061224,0.11735117906730314
109.54719387755102,0.12027616407522732
110.77806122448979,0.12315304825211772
112.00892857142857,0.12315304825211772
113.23979591836735,0.12315304825211772
114.47066326530611,0.12315304825211772
115.7015306122449,0.12315304825211772
116.93239795918367,0.12315304825211772
118.16326530612244,0.12315304825211772
119.39413265306122,0.12315304825211772
120.625,0.12315304825211772
60.3125,0.0983115843322721
61.54336734693877,0.09387086150374695
62.77423469387755,0.10006966533044481
64.00510204081633,0.09843551109554802
65.2359693877551,0.09731604467261742
66.46683673469387,0.09637499183547382
67.69770408163265,0.09580304766177916
68.92857142857143,0.09538092115721129
70.15943877551021,0.10193599445944658
71.39030612244898,0.09982011558739726
72.62117346938776,0.09844620202356709
73.85204081632654,0.09020409120005729
75.0829081632653,0.08907494774606145
76.31377551020408,0.0920724766648776
77.54464285714286,0.09043071041811454
78.77551020408163,0.0893737981908
80.0063775510204,0.09029432527435202
81.23724489795919,0.0903139236126747
82.46811224489795,0.0898424205691619
83.69897959183673,0.08945923151306942
84.92984693877551,0.08994645580604435
86.16071428571428,0.08840855014991497
87.39158163265306,0.08812767559415496
88.62244897959184,0.08771943636689307
89.8533163265306,0.08952861864960102
91.08418367346938,0.08764076319697074
92.31505102040816,0.08832644170193474
93.54591836734693,0.08595153810858516
94.77678571428571,0.08726184913696369
96.00765306122449,0.08640296214889553
97.23852040816325,0.08798363428673174
98.46938775510205,0.08956146700679322
99.70025510204081,0.09091446093561116
100.93112244897958,0.09084983786959414
102.16198979591837,0.09156835801912709
103.39285714285714,0.09296107147862002
104.62372448979592,0.09454700814166336
105.8545918367347,0.09589389439899271
107.08545918367346,0.09733631645921068
108.31632653061224,0.09859243930654443
109.54719387755102,0.09954726122646956
110.77806122448979,0.10026469858240764
112.00892857142857,0.10062299834911313
113.23979591836735,0.10086497926939231
114.47066326530611,0.10163844998852606
115.7015306122449,0.10163844998852606
116.93239795918367,0.10163844998852606
118.16326530612244,0.10163844998852606
119.39413265306122,0.10163844998852606
120.625,0.10163844998852606
60.3125,0.1381434435898042
61.54336734693877,0.13326851204715817
62.77423469387755,0.13257267857451113
64.00510204081633,0.13208279716676505
65.2359693877551,0.1340939004709375
66.46683673469387,0.13342122518112948
67.69770408163265,0.13342236935150664
68.92857142857143,0.1331073811275311
70.15943877551021,0.12991741593877398
71.39030612244898,0.13471625793786696
72.62117346938776,0.13470716361979532
73.85204081632654,0.1280794767229851
75.0829081632653,0.12529484482044703
76.31377551020408,0.1265341604780683
77.54464285714286,0.11870985795567929
78.77551020408163,0.11353453873577908
80.0063775510204,0.11293971491556806
81.23724489795919,0.11191494918090264
82.46811224489795,0.11268859497290233
83.69897959183673,0.11033572286110899
84.92984693877551,0.1101158978158022
86.16071428571428,0.10742159665647576
87.39158163265306,0.10412294494238647
88.62244897959184,0.09997479629454506
89.8533163265306,0.10125894230020349
91.08418367346938,0.1011596001735907
92.31505102040816,0.10619799145034918
93.54591836734693,0.11145944913794119
94.77678571428571,0.10822501268630895
96.00765306122449,0.11253375116741172
97.23852040816325,0.11661032960060276
98.46938775510205,0.11988126538326423
99.70025510204081,0.12278469875968481
100.93112244897958,0.1060802244000446
102.16198979591837,0.11218089834805262
103.39285714285714,0.11154246425553337
104.62372448979592,0.11723489620172753
105.8545918367347,0.12139517508527886
107.08545918367346,0.12565998236927256
108.31632653061224,0.1289294805982237
109.54719387755102,0.13232898527459946
110.77806122448979,0.1349313441839601
112.00892857142857,0.1358187442572915
113.23979591836735,0.13532031732036126
114.47066326530611,0.13438396786702958
115.7015306122449,0.13438396786702958
116.93239795918367,0.13438396786702958
118.16326530612244,0.13438396786702958
119.39413265306122,0.13438396786702958
120.625,0.13438396786702958
60.3125,0.07918591093941874
61.54336734693877,0.07959062534841356
62.77423469387755,0.07934236481700806
64.00510204081633,0.07906142152921572
65.2359693877551,0.07902494571428911
66.46683673469387,0.07836671832618063
67.69770408163265,0.07798231806376561
68.92857142857143,0.07780911255676917
70.15943877551021,0.07781534241464902
71.39030612244898,0.0779897039304113
72.62117346938776,0.07732701733391721
73.85204081632654,0.07793055504397393
75.0829081632653,0.07939783818616819
76.31377551020408,0.07899633904531457
77.54464285714286,0.0801245896292791
78.77551020408163,0.08072354675179355
80.0063775510204,0.07983558365755494
81.23724489795919,0.07932028847581665
82.46811224489795,0.0819071127835429
83.69897959183673,0.08333246578421125
84.92984693877551,0.08290765953425647
86.16071428571428,0.08357936208402669
87.39158163265306,0.0827147861003927
88.62244897959184,0.08419304342467407
89.8533163265306,0.08141890457981292
91.08418367346938,0.07945661289303839
92.31505102040816,0.07929257091063341
93.54591836734693,0.07921456887732928
94.77678571428571,0.0814380756549286
96.00765306122449,0.0827638438233484
97.23852040816325,0.08298337137571529
98.46938775510205,0.08501151645178268
99.70025510204081,0.08742882987673614
100.93112244897958,0.08860955943860313
102.16198979591837,0.08749287334347762
103.39285714285714,0.0878058296930761
104.62372448979592,0.09118523402812348
105.8545918367347,0.09441600693416718
107.08545918367346,0.09683528554231473
108.31632653061224,0.0996352363769691
109.54719387755102,0.10210981961386202
110.77806122448979,0.10427188920513016
112.00892857142857,0.10584377233932701
113.23979591836735,0.10655954862132481
114.47066326530611,0.10740257390855054
115.7015306122449,0.10740257390855054
116.93239795918367,0.10740257390855054
118.16326530612244,0.10740257390855054
119.39413265306122,0.10740257390855054
120.625,0.10740257390855054
60.3125,0.07538928658404195
61.54336734693877,0.07897499841153505
62.77423469387755,0.07874965469518197
64.00510204081633,0.07405780560665153
65.2359693877551,0.07399810531481651
66.46683673469387,0.0739758734968835
67.69770408163265,0.07396009301729958
68.92857142857143,0.07389428910792624
70.15943877551021,0.07378032091708542
71.39030612244898,0.07383456879340601
72.62117346938776,0.07315913266311638
73.85204081632654,0.07307362696955456
75.0829081632653,0.07301869572815772
76.31377551020408,0.07340240308404355
77.54464285714286,0.07446598733721556
78.77551020408163,0.07698899948607886
80.0063775510204,0.07761694233200195
81.23724489795919,0.07749766477036513
82.46811224489795,0.07693444218820493
83.69897959183673,0.07620753554361635
84.92984693877551,0.07645578495037135
86.16071428571428,0.07538635858980876
87.39158163265306,0.07613546638689558
88.62244897959184,0.07529001281306694
89.8533163265306,0.07366378647629117
91.08418367346938,0.0726127930052695
92.31505102040816,0.07218315186178298
93.54591836734693,0.07021948628328159
94.77678571428571,0.06942168193891465
96.00765306122449,0.07084802874046395
97.23852040816325,0.07208620250357095
98.46938775510205,0.07452662568107073
99.70025510204081,0.07717017382392449
100.93112244897958,0.08000344004755566
102.16198979591837,0.0780917004411306
103.39285714285714,0.07760723071137136
104.62372448979592,0.08239060181079746
105.8545918367347,0.08602560504882045
107.08545918367346,0.08880065160778275
108.31632653061224,0.09203968796124552
109.54719387755102,0.09437145464621846
110.77806122448979,0.09724579253454793
112.00892857142857,0.09975598998669526
113.23979591836735,0.10171643944704653
114.47066326530611,0.10257939166165142
115.7015306122449,0.10257939166165142
116.93239795918367,0.10257939166165142
118.16326530612244,0.10257939166165142
119.39413265306122,0.10257939166165142
120.625,0.10257939166165142
60.3125,0.09056603273950653
61.54336734693877,0.09146586030626722
62.77423469387755,0.09110724749136341
64.00510204081633,0.09174666127405592
65.2359693877551,0.09071241306272165
66.46683673469387,0.09418223811157603
67.69770408163265,0.09432172334037749
68.92857142857143,0.09437381419816358
70.15943877551021,0.09446236463806561
71.39030612244898,0.09455683466494083
72.62117346938776,0.09459976897370505
73.85204081632654,0.09447786754742848
75.0829081632653,0.09473806401830598
76.31377551020408,0.09481084031600309
77.54464285714286,0.09490285342293639
78.77551020408163,0.09497147983371645
80.0063775510204,0.09524835622900656
81.23724489795919,0.09535853941792156
82.46811224489795,0.09382333903272028
83.69897959183673,0.09513042750264986
84.92984693877551,0.09222805328889297
86.16071428571428,0.0943779075985652
87.39158163265306,0.0931060142816522
88.62244897959184,0.09285207469919705
89.8533163265306,0.09166956879885747
91.08418367346938,0.0907150114688099
92.31505102040816,0.09166511739739172
93.54591836734693,0.0919259705554335
94.77678571428571,0.09060002326455818
96.00765306122449,0.09174215028369836
97.23852040816325,0.09080048991307711
98.46938775510205,0.09309243735933875
99.70025510204081,0.09664335054841275
100.93112244897958,0.10030018430052068
102.16198979591837,0.09512110258491854
103.39285714285714,0.09810198767100568
104.62372448979592,0.10019677396161489
105.8545918367347,0.10559804628666379
107.08545918367346,0.10929061944010708
108.31632653061224,0.11265608967848681
109.54719387755102,0.11509103573171117
110.77806122448979,0.11671893912521678
112.00892857142857,0.11729615406249348
113.23979591836735,0.11716824193810374
114.47066326530611,0.12111875442318168
115.7015306122449,0.11725037961779446
116.93239795918367,0.11725037961779446
118.16326530612244,0.11725037961779446
119.39413265306122,0.11725037961779446
120.625,0.11725037961779446
60.3125,0.10253596818853378
61.54336734693877,0.10370978645214267
62.77423469387755,0.10450693404143409
64.00510204081633,0.10389185346401554
65.2359693877551,0.10131450308870585
66.46683673469387,0.1006778170627452
67.69770408163265,0.09983394500074265
68.92857142857143,0.0991896547157834
70.15943877551021,0.1020740524243304
71.39030612244898,0.10014367433830271
72.62117346938776,0.10177527185672797
73.85204081632654,0.09972489433940143
75.0829081632653,0.09807451131827583
76.31377551020408,0.10765421038662376
77.54464285714286,0.10363380501468439
78.77551020408163,0.10465278672372166
80.0063775510204,0.10171230671468048
81.23724489795919,0.10389325926001353
82.46811224489795,0.10235182669243358
83.69897959183673,0.10173818461412631
84.92984693877551,0.10048869325597772
86.16071428571428,0.10022974601285815
87.39158163265306,0.10318539426831082
88.62244897959184,0.10394823237471383
89.8533163265306,0.10283021007388506
91.08418367346938,0.10413906427359879
92.31505102040816,0.1069120367279791
93.54591836734693,0.09769582057957343
94.77678571428571,0.10240227081591334
96.00765306122449,0.10574372060884721
97.23852040816325,0.10892503586715935
98.46938775510205,0.1115880890928488
99.70025510204081,0.11398618788562942
100.93112244897958,0.10710073447409507
102.16198979591837,0.11103814044362782
103.39285714285714,0.11457130278157149
104.62372448979592,0.11723136990299227
105.8545918367347,0.1198759582297678
107.08545918367346,0.1224896147477844
108.31632653061224,0.12449684467757421
109.54719387755102,0.12643614061124755
110.77806122448979,0.12762972369612027
112.00892857142857,0.12823624912962123
113.23979591836735,0.12899746296613362
114.47066326530611,0.12899746296613362
115.7015306122449,0.12899746296613362
116.93239795918367,0.12899746296613362
118.16326530612244,0.12899746296613362
119.39413265306122,0.12899746296613362
120.625,0.12899746296613362
60.3125,0.08359233140426255
61.54336734693877,0.08249158463214451
62.77423469387755,0.08126982445557168
64.00510204081633,0.09134091322790185
65.2359693877551,0.0904844669719884
66.46683673469387,0.08524918350867583
67.69770408163265,0.08530832643909404
68.92857142857143,0.08396968050234994
70.15943877551021,0.08347502813513621
71.39030612244898,0.08248713018478243
72.62117346938776,0.08141861169533864
73.85204081632654,0.08127273953925224
75.0829081632653,0.08236251201386845
76.31377551020408,0.0772469868838228
77.54464285714286,0.07821388745059542
78.77551020408163,0.07803321807207442
80.0063775510204,0.07802994789788699
81.23724489795919,0.08028799984158946
82.46811224489795,0.08569266989017098
83.69897959183673,0.08440341107480873
84.92984693877551,0.07459181971655492
86.16071428571428,0.08831837822541556
87.39158163265306,0.08728012377892685
88.62244897959184,0.08452913355849498
89.8533163265306,0.08250957504716502
91.08418367346938,0.07749395311795561
92.31505102040816,0.06529211635971278
93.54591836734693,0.06178571729923646
94.77678571428571,0.06597256579432473
96.00765306122449,0.060348850220502986
97.23852040816325,0.05999671073084326
98.46938775510205,0.061324787155324766
99.70025510204081,0.06424704919083912
100.93112244897958,0.06314014421435614
102.16198979591837,0.0655289950087688
103.39285714285714,0.0675813593385505
104.62372448979592,0.06952770490467423
105.8545918367347,0.061722403680496446
107.08545918367346,0.06588345985587837
108.31632653061224,0.06809910554314458
109.54719387755102,0.07057454586962364
110.77806122448979,0.07240648788996837
112.00892857142857,0.07469214877070313
113.23979591836735,0.07677384240048478
114.47066326530611,0.07851043061436377
115.7015306122449,0.08010375617672465
116.93239795918367,0.08107362840269985
118.16326530612244,0.0813036308222763
119.39413265306122,0.08094521193854574
120.625,0.08356072166383874
60.3125,0.09768074101930267
61.54336734693877,0.09179278142668444
62.77423469387755,0.08785756339465246
64.00510204081633,0.08479301478330487
65.2359693877551,0.08278160516651788
66.46683673469387,0.08192402691489697
67.69770408163265,0.08107108218040364
68.92857142857143,0.08010831493725382
70.15943877551021,0.07911544720478104
71.39030612244898,0.07814696541465084
72.62117346938776,0.0772173315279263
73.85204081632654,0.07580519024928827
75.0829081632653,0.07675008866030304
76.31377551020408,0.07304840433656683
77.54464285714286,0.07286039846307542
78.77551020408163,0.07228265112986422
80.0063775510204,0.07212461915254355
81.23724489795919,0.07084556220786785
82.46811224489795,0.06775140522125808
83.69897959183673,0.06725808669098597
84.92984693877551,0.06948776902861432
86.16071428571428,0.06938380446535823
87.39158163265306,0.07243240628489901
88.62244897959184,0.07018958868354011
89.8533163265306,0.06920105645316514
91.08418367346938,0.06759560074191547
92.31505102040816,0.06711862820365315
93.54591836734693,0.06684594506143156
94.77678571428571,0.06728616826581638
96.00765306122449,0.0651720141043006
97.23852040816325,0.06527322966484672
98.46938775510205,0.06749649396834752
99.70025510204081,0.06654534191615577
100.93112244897958,0.07143062060323735
102.16198979591837,0.07553457832579341
103.39285714285714,0.07966412536547374
104.62372448979592,0.06990550885400612
105.8545918367347,0.07150482933073936
107.08545918367346,0.07765852760683775
108.31632653061224,0.08370142398572457
109.54719387755102,0.08798564851065048
110.77806122448979,0.09241589525116335
112.00892857142857,0.09563572259873344
113.23979591836735,0.09852791164462281
114.47066326530611,0.10029388692829161
115.7015306122449,0.10104789895479843
116.93239795918367,0.10173622425631386
118.16326530612244,0.10173622425631386
119.39413265306122,0.10173622425631386
120.625,0.10173622425631386
60.3125,0.06632618689810271
61.54336734693877,0.0669513923900455
62.77423469387755,0.06571309812483979
64.00510204081633,0.07025769020495551
65.2359693877551,0.07347091440065702
66.46683673469387,0.07462214045736915
67.69770408163265,0.06759169437579762
68.92857142857143,0.07466943990638078
70.15943877551021,0.07413195734652712
71.39030612244898,0.07362044940711504
72.62117346938776,0.07322462518101362
73.85204081632654,0.0729680230695798
75.0829081632653,0.07208843739779434
76.31377551020408,0.07082330805743264
77.54464285714286,0.0697759674375936
78.77551020408163,0.06609672725678124
80.0063775510204,0.06556738841711604
81.23724489795919,0.06480543414799889
82.46811224489795,0.06472700531613552
83.69897959183673,0.06387634973852108
84.92984693877551,0.06241670754559109
86.16071428571428,0.061197886652481756
87.39158163265306,0.0632370611872512
88.62244897959184,0.06078054004432214
89.8533163265306,0.05967590684102848
91.08418367346938,0.05955654119838327
92.31505102040816,0.055608065181786286
93.54591836734693,0.05511277419614073
94.77678571428571,0.054134030172667665
96.00765306122449,0.053875802387287966
97.23852040816325,0.05344422890849337
98.46938775510205,0.0532437769082757
99.70025510204081,0.05391997296637111
100.93112244897958,0.049026868541206976
102.16198979591837,0.05083242718628002
103.39285714285714,0.0515023282254972
104.62372448979592,0.05303350066142976
105.8545918367347,0.055785597800166974
107.08545918367346,0.05331262994211601
108.31632653061224,0.054002176357637516
109.54719387755102,0.05514742191445084
110.77806122448979,0.05828915175645312
112.00892857142857,0.061133854706039624
113.23979591836735,0.06362461886197357
114.47066326530611,0.06615768481206587
115.7015306122449,0.06825122735787229
116.93239795918367,0.07053550992319095
118.16326530612244,0.07255034477398216
119.39413265306122,0.07372411928150674
120.625,0.0757766901847117
60.3125,0.09513259996029073
61.54336734693877,0.09428188125884991
62.77423469387755,0.09359896314533768
64.00510204081633,0.09281373252678515
65.2359693877551,0.09238356101214322
66.46683673469387,0.1021328569895097
67.69770408163265,0.09869431866959602
68.92857142857143,0.09660898701962387
70.15943877551021,0.09520165944486533
71.39030612244898,0.09988366560736803
72.62117346938776,0.0949876850101788
73.85204081632654,0.09256335630572192
75.0829081632653,0.09089646250798943
76.31377551020408,0.08932416199638243
77.54464285714286,0.09411510587772268
78.77551020408163,0.0937300213741336
80.0063775510204,0.09236281790659137
81.23724489795919,0.0916357858162278
82.46811224489795,0.09115390910557426
83.69897959183673,0.08967160305973297
84.92984693877551,0.08873654582872309
86.16071428571428,0.08906636382315683
87.39158163265306,0.08740489366068026
88.62244897959184,0.08579251721998261
89.8533163265306,0.08553655557678153
91.08418367346938,0.08362288612818218
92.31505102040816,0.08115957392900976
93.54591836734693,0.08094989515005825
94.77678571428571,0.08454416350314797
96.00765306122449,0.08372584037428019
97.23852040816325,0.0858419828295294
98.46938775510205,0.08783844629435095
99.70025510204081,0.09029167261354638
100.93112244897958,0.07964843660332163
102.16198979591837,0.07984745116182862
103.39285714285714,0.07802579279000926
104.62372448979592,0.08311053095329055
105.8545918367347,0.08680261630457768
107.08545918367346,0.08981689538493381
108.31632653061224,0.09305548511112767
109.54719387755102,0.09561400550790806
110.77806122448979,0.09803842145576484
112.00892857142857,0.09959783541029074
113.23979591836735,0.10018991310119846
114.47066326530611,0.1009695168964143
115.7015306122449,0.1009695168964143
116.93239795918367,0.1009695168964143
118.16326530612244,0.1009695168964143
119.39413265306122,0.1009695168964143
120.625,0.1009695168964143
60.3125,0.10570202692366253
61.54336734693877,0.10434593075202828
62.77423469387755,0.10618375054753136
64.00510204081633,0.10620549031483537
65.2359693877551,0.10726334265617028
66.46683673469387,0.10727057108354711
67.69770408163265,0.10722049364480735
68.92857142857143,0.10665274172564379
70.15943877551021,0.10381908687041898
71.39030612244898,0.10177931127627733
72.62117346938776,0.10012321680172137
73.85204081632654,0.09943639003515624
75.0829081632653,0.09882829424875865
76.31377551020408,0.09722288059818689
77.54464285714286,0.0982160625826986
78.77551020408163,0.0961843156656246
80.0063775510204,0.0977372435197192
81.23724489795919,0.1017588256824915
82.46811224489795,0.10201379330655191
83.69897959183673,0.10271480215419833
84.92984693877551,0.1026050988400912
86.16071428571428,0.10257215901691485
87.39158163265306,0.10328234007252289
88.62244897959184,0.10042431008770736
89.8533163265306,0.09950277228463594
91.08418367346938,0.09696765534521268
92.31505102040816,0.09671632669884173
93.54591836734693,0.09773977287539068
94.77678571428571,0.09920327750997412
96.00765306122449,0.10091144464522842
97.23852040816325,0.10312039722875734
98.46938775510205,0.10496176820094148
99.70025510204081,0.10013686869965883
100.93112244897958,0.10409931050724336
102.16198979591837,0.10747649925182036
103.39285714285714,0.10975597773283267
104.62372448979592,0.11226051515786531
105.8545918367347,0.11444295608134879
107.08545918367346,0.11629340700247533
108.31632653061224,0.11785067399551173
109.54719387755102,0.11886311439400582
110.77806122448979,0.11926444752851798
112.00892857142857,0.11880691131710205
113.23979591836735,0.12226595657494989
114.47066326530611,0.11744023616442441
115.7015306122449,0.11744023616442441
116.93239795918367,0.11744023616442441
118.16326530612244,0.11744023616442441
119.39413265306122,0.11744023616442441
120.625,0.11744023616442441
60.3125,0.13100593395266824
61.54336734693877,0.13160593084978148
62.77423469387755,0.1286998489584855
64.00510204081633,0.12619120583645654
65.2359693877551,0.12547335094807321
66.46683673469387,0.12623856437615144
67.69770408163265,0.12390589302393805
68.92857142857143,0.12189309907576733
70.15943877551021,0.11970032820399931
71.39030612244898,0.11788321534510854
72.62117346938776,0.11564466480790513
73.85204081632654,0.11439496488082548
75.0829081632653,0.11183594006490138
76.31377551020408,0.109843719881717
77.54464285714286,0.10866771568311032
78.77551020408163,0.10651173301981155
80.0063775510204,0.10676862994139454
81.23724489795919,0.10333123144320575
82.46811224489795,0.10512367582808804
83.69897959183673,0.10417522176805531
84.92984693877551,0.10076829725649328
86.16071428571428,0.09902639702958932
87.39158163265306,0.10016734423694179
88.62244897959184,0.09587237673104769
89.8533163265306,0.09286162442673009
91.08418367346938,0.08944400107930611
92.31505102040816,0.09080510583755375
93.54591836734693,0.09044758128798996
94.77678571428571,0.09670260244790357
96.00765306122449,0.09545999043476841
97.23852040816325,0.10025266358052026
98.46938775510205,0.104495998288807
99.70025510204081,0.09750068208641278
100.93112244897958,0.10025977468551647
102.16198979591837,0.11033815372319179
103.39285714285714,0.11651062182402736
104.62372448979592,0.1211536509309755
105.8545918367347,0.12544391991510814
107.08545918367346,0.12883413515540418
108.31632653061224,0.13152243662845764
109.54719387755102,0.1328915682067157
110.77806122448979,0.13286337761109074
112.00892857142857,0.13192847983956119
113.23979591836735,0.13406518297230202
114.47066326530611,0.13027790441784462
115.7015306122449,0.13027790441784462
116.93239795918367,0.13027790441784462
118.16326530612244,0.13027790441784462
119.39413265306122,0.13027790441784462
120.625,0.13027790441784462
60.3125,0.11237041873803992
61.54336734693877,0.11167814489171768
62.77423469387755,0.11046134880837476
64.00510204081633,0.11048946312312466
65.2359693877551,0.10619928317987966
66.46683673469387,0.10559550726051126
67.69770408163265,0.10469531212152679
68.92857142857143,0.1025350328746627
70.15943877551021,0.10101009148455528
71.39030612244898,0.09736940863461176
72.62117346938776,0.09607153717305646
73.85204081632654,0.08793755457278528
75.0829081632653,0.08766544370424148
76.31377551020408,0.08653972859506538
77.54464285714286,0.08590906747145667
78.77551020408163,0.0863820891513339
80.0063775510204,0.0862461621928152
81.23724489795919,0.08531160704672452
82.46811224489795,0.08451997931814703
83.69897959183673,0.08375710326211926
84.92984693877551,0.08269602623809043
86.16071428571428,0.08190058335004671
87.39158163265306,0.08442645669242409
88.62244897959184,0.0829496300544233
89.8533163265306,0.08296553958467655
91.08418367346938,0.08037417802090871
92.31505102040816,0.0784146826670626
93.54591836734693,0.07834690024146937
94.77678571428571,0.07834575778463446
96.00765306122449,0.07979921804603766
97.23852040816325,0.08131086522146075
98.46938775510205,0.08045613364558574
99.70025510204081,0.08158389464271712
100.93112244897958,0.0831340736549496
102.16198979591837,0.08148196418273063
103.39285714285714,0.08101854128880587
104.62372448979592,0.08123075889767001
105.8545918367347,0.08338448498118133
107.08545918367346,0.08560553121464858
108.31632653061224,0.08746047202338582
109.54719387755102,0.08936159053177585
110.77806122448979,0.09105465354608039
112.00892857142857,0.09245351656593497
113.23979591836735,0.0935744012403264
114.47066326530611,0.09426341717999578
115.7015306122449,0.09463870786172865
116.93239795918367,0.09758962475894217
118.16326530612244,0.09534650077373494
119.39413265306122,0.09534650077373494
120.625,0.09534650077373494
60.3125,0.09644538675205762
61.54336734693877,0.09528827465941525
62.77423469387755,0.09532859126789514
64.00510204081633,0.09606119781190581
65.2359693877551,0.09633957196994837
66.46683673469387,0.0967718538716853
67.69770408163265,0.09727065113646058
68.92857142857143,0.0978912036553199
70.15943877551021,0.09818677257888257
71.39030612244898,0.09817430019574964
72.62117346938776,0.0945855899090811
73.85204081632654,0.09531278585113266
75.0829081632653,0.0955901162330964
76.31377551020408,0.09442791225100705
77.54464285714286,0.09294241058687477
78.77551020408163,0.09119576768385897
80.0063775510204,0.09117049290429942
81.23724489795919,0.0889412651403928
82.46811224489795,0.09101320328676876
83.69897959183673,0.09042213272469482
84.92984693877551,0.0905510257051993
86.16071428571428,0.09043758654321664
87.39158163265306,0.09057542530913053
88.62244897959184,0.0904203364640954
89.8533163265306,0.09073926070255628
91.08418367346938,0.08998577691370119
92.31505102040816,0.09061744805594044
93.54591836734693,0.09112603559374599
94.77678571428571,0.090062275088145
96.00765306122449,0.09281482562986466
97.23852040816325,0.08999193545854728
98.46938775510205,0.09598411319051812
99.70025510204081,0.09965041134233801
100.93112244897958,0.10305831845668018
102.16198979591837,0.10595236413775821
103.39285714285714,0.0942955240511951
104.62372448979592,0.09277182269026586
105.8545918367347,0.10079605306051674
107.08545918367346,0.10568260599450263
108.31632653061224,0.10947163990661102
109.54719387755102,0.11299360356141168
110.77806122448979,0.11584036689563038
112.00892857142857,0.11831634038665706
113.23979591836735,0.1199331984490056
114.47066326530611,0.12066935305730972
115.7015306122449,0.12066718222810889
116.93239795918367,0.12041998389353264
118.16326530612244,0.12041998389353264
119.39413265306122,0.12041998389353264
120.625,0.12041998389353264
60.3125,0.14619123834042935
61.54336734693877,0.13371778024742803
62.77423469387755,0.13249703813667163
64.00510204081633,0.12981646707567382
65.2359693877551,0.13169063205335976
66.46683673469387,0.13087126112741626
67.69770408163265,0.1302428583361848
68.92857142857143,0.13261770452590535
70.15943877551021,0.13158366328068458
71.39030612244898,0.1333541168418214
72.62117346938776,0.1319661348199346
73.85204081632654,0.13149103225949874
75.0829081632653,0.13259149249874277
76.31377551020408,0.13417684678896294
77.54464285714286,0.13358926852371222
78.77551020408163,0.1322156134420704
80.0063775510204,0.1331364707081837
81.23724489795919,0.1284359724994605
82.46811224489795,0.12753482459239465
83.69897959183673,0.12558358465355113
84.92984693877551,0.12680783264234383
86.16071428571428,0.12907750896397963
87.39158163265306,0.12530632357140484
88.62244897959184,0.12980260587362305
89.8533163265306,0.1322440290774797
91.08418367346938,0.1346917002059608
92.31505102040816,0.13845035016386725
93.54591836734693,0.13023167382029888
94.77678571428571,0.1337525118840299
96.00765306122449,0.13677596219859212
97.23852040816325,0.13972995696472362
98.46938775510205,0.1424771333955238
99.70025510204081,0.1449697571583309
100.93112244897958,0.14770170965809692
102.16198979591837,0.1497669565012274
103.39285714285714,0.1521663668230531
104.62372448979592,0.1542147536533806
105.8545918367347,0.15524300840203
107.08545918367346,0.15524300840203
108.31632653061224,0.15524300840203
109.54719387755102,0.15524300840203
110.77806122448979,0.15524300840203
112.00892857142857,0.15524300840203
113.23979591836735,0.15524300840203
114.47066326530611,0.15524300840203
115.7015306122449,0.15524300840203
116.93239795918367,0.15524300840203
118.16326530612244,0.15524300840203
119.39413265306122,0.15524300840203
120.625,0.15524300840203
60.3125,0.10017141228108263
61.54336734693877,0.10021228410479277
62.77423469387755,0.09928187561985666
64.00510204081633,0.09849308679008806
65.2359693877551,0.09908666360358041
66.46683673469387,0.09955360939677206
67.69770408163265,0.0994769933142744
68.92857142857143,0.09746520102210095
70.15943877551021,0.09392690459527173
71.39030612244898,0.09185461258942611
72.62117346938776,0.09027713609527005
73.85204081632654,0.088548705130173
75.0829081632653,0.08614116713491005
76.31377551020408,0.08623164593632798
77.54464285714286,0.08638345701403137
78.77551020408163,0.08543445798999078
80.0063775510204,0.08732106444909148
81.23724489795919,0.08475394234689333
82.46811224489795,0.08223236263061895
83.69897959183673,0.0821204127169674
84.92984693877551,0.0844371592558922
86.16071428571428,0.08598924753168308
87.39158163265306,0.08109446990740289
88.62244897959184,0.08135248680026624
89.8533163265306,0.08157283466920329
91.08418367346938,0.0828411467104544
92.31505102040816,0.08197872720464079
93.54591836734693,0.084639282015659
94.77678571428571,0.08624274919830974
96.00765306122449,0.08695029453594379
97.23852040816325,0.08781989736041876
98.46938775510205,0.08880752256647119
99.70025510204081,0.0897948432330994
100.93112244897958,0.09092943386063111
102.16198979591837,0.0850442398473302
103.39285714285714,0.08643929747454446
104.62372448979592,0.08818949851730642
105.8545918367347,0.09000767058738006
107.08545918367346,0.09177329357753969
108.31632653061224,0.09373354858036366
109.54719387755102,0.09531280209660506
110.77806122448979,0.09714507038592755
112.00892857142857,0.0987139061859055
113.23979591836735,0.09975940287133152
114.47066326530611,0.10085602224642418
115.7015306122449,0.10085602224642418
116.93239795918367,0.10085602224642418
118.16326530612244,0.10085602224642418
119.39413265306122,0.10085602224642418
120.625,0.10085602224642418
60.3125,0.09891806712676736
61.54336734693877,0.09929453644052955
62.77423469387755,0.09850187583198139
64.00510204081633,0.09796861817196643
65.2359693877551,0.09795524776106006
66.46683673469387,0.09923752777637124
67.69770408163265,0.09856054365121586
68.92857142857143,0.09909976914508987
70.15943877551021,0.09845718355752896
71.39030612244898,0.09602756526448615
72.62117346938776,0.09662250277500768
73.85204081632654,0.09524735260488575
75.0829081632653,0.09288614205550406
76.31377551020408,0.09081534671109809
77.54464285714286,0.09481143027560596
78.77551020408163,0.09153581890561235
80.0063775510204,0.09297052574949367
81.23724489795919,0.09148709259524694
82.46811224489795,0.0876561886852119
83.69897959183673,0.08557635260414842
84.92984693877551,0.08918042116995885
86.16071428571428,0.08788242290203103
87.39158163265306,0.08571116392032728
88.62244897959184,0.08172122727991425
89.8533163265306,0.08255903993661791
91.08418367346938,0.07986968320731039
92.31505102040816,0.08134711044313787
93.54591836734693,0.07872714767189828
94.77678571428571,0.0773020766528209
96.00765306122449,0.07770581827433544
97.23852040816325,0.08191432464483937
98.46938775510205,0.07492723468712931
99.70025510204081,0.0808784406535097
100.93112244897958,0.08508479863308631
102.16198979591837,0.08936669780772302
103.39285714285714,0.09384413003411529
104.62372448979592,0.0813676818277242
105.8545918367347,0.08671939853450207
107.08545918367346,0.09496907926305162
108.31632653061224,0.1002143492292373
109.54719387755102,0.10531184851363297
110.77806122448979,0.10930477567376623
112.00892857142857,0.1125133069419938
113.23979591836735,0.11438205129617732
114.47066326530611,0.11485268668280828
115.7015306122449,0.11568274020050984
116.93239795918367,0.11491727170982274
118.16326530612244,0.11491727170982274
119.39413265306122,0.11491727170982274
120.625,0.11491727170982274
60.3125,0.06808061618320269
61.54336734693877,0.0642091310523648
62.77423469387755,0.06440662884372939
64.00510204081633,0.06391340041268546
65.2359693877551,0.0637614395989791
66.46683673469387,0.06345610567518903
67.69770408163265,0.0636620502501295
68.92857142857143,0.06354779499933035
70.15943877551021,0.06294907715000223
71.39030612244898,0.06365765395121403
72.62117346938776,0.06257872602697859
73.85204081632654,0.06252524742065246
75.0829081632653,0.06262746405387871
76.31377551020408,0.0627489368542682
77.54464285714286,0.06274376115273822
78.77551020408163,0.062291569866662636
80.0063775510204,0.06407121045788036
81.23724489795919,0.06406966737255922
82.46811224489795,0.06369609482590835
83.69897959183673,0.064864346880076
84.92984693877551,0.06358436564969762
86.16071428571428,0.06257217611499452
87.39158163265306,0.06184960787456283
88.62244897959184,0.062194754255692306
89.8533163265306,0.06202919932471086
91.08418367346938,0.06168028221601822
92.31505102040816,0.06204590592815068
93.54591836734693,0.06115940220709721
94.77678571428571,0.06030785294781071
96.00765306122449,0.06031608750756429
97.23852040816325,0.06350187625583534
98.46938775510205,0.06362993983293985
99.70025510204081,0.06445934760812229
100.93112244897958,0.06256625182495823
102.16198979591837,0.06620479109009494
103.39285714285714,0.06954270313197715
104.62372448979592,0.07225112479720719
105.8545918367347,0.06456707243044936
107.08545918367346,0.06878054097694153
108.31632653061224,0.07166981333293497
109.54719387755102,0.07523816828359266
110.77806122448979,0.07828887739928024
112.00892857142857,0.08039743200343241
113.23979591836735,0.08288656817494308
114.47066326530611,0.08508339945754931
115.7015306122449,0.08690282721231156
116.93239795918367,0.08871588164644971
118.16326530612244,0.0902972900900785
119.39413265306122,0.09173815015976469
120.625,0.09281515568260493
60.3125,0.12531334153659998
61.54336734693877,0.12491467666101931
62.77423469387755,0.1236824464665972
64.00510204081633,0.12175125961478657
65.2359693877551,0.11952377221470746
66.46683673469387,0.11729089521833447
67.69770408163265,0.11526382826899544
68.92857142857143,0.12162811532138736
70.15943877551021,0.1182919032083128
71.39030612244898,0.11505963332288163
72.62117346938776,0.11280309592654798
73.85204081632654,0.11109633500592611
75.0829081632653,0.1135997343669905
76.31377551020408,0.11109791322143683
77.54464285714286,0.11061619836341464
78.77551020408163,0.10919719758212772
80.0063775510204,0.10812550745358772
81.23724489795919,0.10765915164733178
82.46811224489795,0.10652115328052628
83.69897959183673,0.1058249193672436
84.92984693877551,0.10426090263319222
86.16071428571428,0.10452590538214915
87.39158163265306,0.1051618912444887
88.62244897959184,0.10660381344417831
89.8533163265306,0.10728250897850637
91.08418367346938,0.10917177408704005
92.31505102040816,0.10675482404339795
93.54591836734693,0.10900747529782659
94.77678571428571,0.11131575923646382
96.00765306122449,0.11372857551910996
97.23852040816325,0.11613137657468492
98.46938775510205,0.10960315176002569
99.70025510204081,0.11212643637163783
100.93112244897958,0.11496497904176962
102.16198979591837,0.11784161118213117
103.39285714285714,0.12015207063690354
104.62372448979592,0.12260531665792418
105.8545918367347,0.12479599826576208
107.08545918367346,0.12665237312906855
108.31632653061224,0.1281224183473278
109.54719387755102,0.1289777743236104
110.77806122448979,0.12920130165717658
112.00892857142857,0.13039793267794852
113.23979591836735,0.129469869054392
114.47066326530611,0.129469869054392
115.7015306122449,0.129469869054392
116.93239795918367,0.129469869054392
118.16326530612244,0.129469869054392
119.39413265306122,0.129469869054392
120.625,0.129469869054392
60.3125,0.08514853627644232
61.54336734693877,0.08445586569944871
62.77423469387755,0.08426685213478806
64.00510204081633,0.08414796947820635
65.2359693877551,0.08259519891557579
66.46683673469387,0.08553656436959384
67.69770408163265,0.08249485713651927
68.92857142857143,0.08109742953229575
70.15943877551021,0.08079775915897663
71.39030612244898,0.08410480742381517
72.62117346938776,0.08383023685116416
73.85204081632654,0.08375664267553333
75.0829081632653,0.08381152450063717
76.31377551020408,0.08560972364815168
77.54464285714286,0.0809259081688361
78.77551020408163,0.08076744298351328
80.0063775510204,0.0791082545402852
81.23724489795919,0.080017448235579
82.46811224489795,0.08058740696998323
83.69897959183673,0.07893458680829421
84.92984693877551,0.08011012364911892
86.16071428571428,0.08001443861723034
87.39158163265306,0.07990476294704452
88.62244897959184,0.08030742070783788
89.8533163265306,0.08037722599410088
91.08418367346938,0.07960048799637165
92.31505102040816,0.07631815795149254
93.54591836734693,0.07343371983231467
94.77678571428571,0.07212233556132411
96.00765306122449,0.07346201203943889
97.23852040816325,0.07129686189999236
98.46938775510205,0.07576899335435466
99.70025510204081,0.07066603481428452
100.93112244897958,0.07556145466300963
102.16198979591837,0.07969157281294893
103.39285714285714,0.08366122223963172
104.62372448979592,0.07276621766444724
105.8545918367347,0.07218393603268573
107.08545918367346,0.07520418491146592
108.31632653061224,0.08229336089365656
109.54719387755102,0.0869872436820658
110.77806122448979,0.09152150428675684
112.00892857142857,0.09490358051035136
113.23979591836735,0.09797454706436524
114.47066326530611,0.09973667590021586
115.7015306122449,0.09979912254764889
116.93239795918367,0.09854606053507883
118.16326530612244,0.10019967054818499
119.39413265306122,0.09633425807073759
120.625,0.09633425807073759
60.3125,0.13005431518357968
61.54336734693877,0.1285119293505147
62.77423469387755,0.12951357519153456
64.00510204081633,0.12830236972374112
65.2359693877551,0.12689402166518662
66.46683673469387,0.12387851127813841
67.69770408163265,0.12010128013418687
68.92857142857143,0.11725651051363663
70.15943877551021,0.11527938848169028
71.39030612244898,0.11388250374015685
72.62117346938776,0.11270781688128899
73.85204081632654,0.1137977583920031
75.0829081632653,0.11315209854298508
76.31377551020408,0.11298043281094122
77.54464285714286,0.11175128805709238
78.77551020408163,0.11538784880331196
80.0063775510204,0.11423670758582873
81.23724489795919,0.11253908685779637
82.46811224489795,0.09891409918332625
83.69897959183673,0.11140571492091494
84.92984693877551,0.10986992299456894
86.16071428571428,0.11271146434737161
87.39158163265306,0.11155162978141445
88.62244897959184,0.11195926901189396
89.8533163265306,0.09644972044048945
91.08418367346938,0.09204690681708684
92.31505102040816,0.09329196599873035
93.54591836734693,0.08966132250603422
94.77678571428571,0.09150651488708637
96.00765306122449,0.09550754004335908
97.23852040816325,0.09027155888483773
98.46938775510205,0.09404215170074126
99.70025510204081,0.0968634394343203
100.93112244897958,0.0998590882629527
102.16198979591837,0.10268142081666538
103.39285714285714,0.08665988524131127
104.62372448979592,0.09239094580547853
105.8545918367347,0.0964978701542701
107.08545918367346,0.10157519301154186
108.31632653061224,0.10555994750614306
109.54719387755102,0.10985545287976624
110.77806122448979,0.11364344877953014
112.00892857142857,0.11708734088102066
113.23979591836735,0.12022755608314939
114.47066326530611,0.12240698561293335
115.7015306122449,0.12305707808476989
116.93239795918367,0.12301417240500596
118.16326530612244,0.12301417240500596
119.39413265306122,0.12301417240500596
120.625,0.12301417240500596
60.3125,0.10154420448458473
61.54336734693877,0.1022425456248222
62.77423469387755,0.1011803340607554
64.00510204081633,0.09995503864142
65.2359693877551,0.0983234347445978
66.46683673469387,0.09648572302955183
67.69770408163265,0.09502454665989954
68.92857142857143,0.0925649752373813
70.15943877551021,0.09119330537261815
71.39030612244898,0.09064887659412162
72.62117346938776,0.0901262868385673
73.85204081632654,0.08993525883917601
75.0829081632653,0.08914350448875424
76.31377551020408,0.0927499463907707
77.54464285714286,0.09353189088720917
78.77551020408163,0.09444595299646051
80.0063775510204,0.09368079289979363
81.23724489795919,0.09416969452606852
82.46811224489795,0.09362629031050582
83.69897959183673,0.09357095548160628
84.92984693877551,0.09354074836502196
86.16071428571428,0.0947723616512319
87.39158163265306,0.09481240832206315
88.62244897959184,0.09354394508156692
89.8533163265306,0.09196755027825188
91.08418367346938,0.09184836497725848
92.31505102040816,0.09000730489102016
93.54591836734693,0.09447767111129646
94.77678571428571,0.0922848930792908
96.00765306122449,0.09182786567246416
97.23852040816325,0.09242480721112752
98.46938775510205,0.09757172963508055
99.70025510204081,0.09650559523823118
100.93112244897958,0.09760255253611207
102.16198979591837,0.10003929777603174
103.39285714285714,0.10231485876096688
104.62372448979592,0.1043729691837535
105.8545918367347,0.10652981636164544
107.08545918367346,0.10832170583557671
108.31632653061224,0.11043879599443272
109.54719387755102,0.11249557619642528
110.77806122448979,0.11395219963834395
112.00892857142857,0.11511166651515471
113.23979591836735,0.11502532267408842
114.47066326530611,0.11502532267408842
115.7015306122449,0.11502532267408842
116.93239795918367,0.11502532267408842
118.16326530612244,0.11502532267408842
119.39413265306122,0.11502532267408842
120.625,0.11502532267408842
60.3125,0.12228991547369533
61.54336734693877,0.12315939011418621
62.77423469387755,0.12300039328911411
64.00510204081633,0.12237534364403888
65.2359693877551,0.12098023846673173
66.46683673469387,0.11958947558525573
67.69770408163265,0.11827758360425972
68.92857142857143,0.11406657668779603
70.15943877551021,0.11307520678426544
71.39030612244898,0.11238048189312373
72.62117346938776,0.11270355944523124
73.85204081632654,0.11309922437599886
75.0829081632653,0.11189140150824105
76.31377551020408,0.11250444817673977
77.54464285714286,0.11158852471631593
78.77551020408163,0.1106073951966457
80.0063775510204,0.11345443106159642
81.23724489795919,0.11142955670444868
82.46811224489795,0.11095058236817562
83.69897959183673,0.11049490755710978
84.92984693877551,0.10947953238630422
86.16071428571428,0.10754643229748159
87.39158163265306,0.1073904448735331
88.62244897959184,0.10829820535117841
89.8533163265306,0.10267778890454353
91.08418367346938,0.10569616606470482
92.31505102040816,0.10474526889242346
93.54591836734693,0.10545277060077614
94.77678571428571,0.10691848169022172
96.00765306122449,0.10882455527030953
97.23852040816325,0.11075434032355293
98.46938775510205,0.10725211850285811
99.70025510204081,0.10964214317944428
100.93112244897958,0.11197590786766505
102.16198979591837,0.11425546245769949
103.39285714285714,0.11637709560611532
104.62372448979592,0.1185127619445781
105.8545918367347,0.12013175363765513
107.08545918367346,0.12157770991559896
108.31632653061224,0.12234934152187989
109.54719387755102,0.12268384836766609
110.77806122448979,0.12336633831331714
112.00892857142857,0.12336633831331714
113.23979591836735,0.12336633831331714
114.47066326530611,0.12336633831331714
115.7015306122449,0.12336633831331714
116.93239795918367,0.12336633831331714
118.16326530612244,0.12336633831331714
119.39413265306122,0.12336633831331714
120.625,0.12336633831331714
60.3125,0.0967090506541317
61.54336734693877,0.09423762554657629
62.77423469387755,0.0978739283746753
64.00510204081633,0.09833506864331513
65.2359693877551,0.0954487121950681
66.46683673469387,0.08438443801608415
67.69770408163265,0.08308880952182819
68.92857142857143,0.08187614773454881
70.15943877551021,0.08104870861541558
71.39030612244898,0.07911256978839043
72.62117346938776,0.07868686005477961
73.85204081632654,0.0786719307031051
75.0829081632653,0.07786135633687488
76.31377551020408,0.07982085936609888
77.54464285714286,0.07826443370582199
78.77551020408163,0.07485114181685194
80.0063775510204,0.07504763841614877
81.23724489795919,0.07542431895301005
82.46811224489795,0.07283966819789774
83.69897959183673,0.07135589812663945
84.92984693877551,0.07153379802166114
86.16071428571428,0.06895171961501151
87.39158163265306,0.07390097243672575
88.62244897959184,0.06902929218132267
89.8533163265306,0.06897622835824335
91.08418367346938,0.06691693975219064
92.31505102040816,0.06675977865408332
93.54591836734693,0.06552581923669076
94.77678571428571,0.06620875622054778
96.00765306122449,0.06590885792310264
97.23852040816325,0.06585497225844895
98.46938775510205,0.0638258421009492
99.70025510204081,0.06388203615380024
100.93112244897958,0.06465492733828658
102.16198979591837,0.06529541940881393
103.39285714285714,0.06743606394265798
104.62372448979592,0.0667370749826459
105.8545918367347,0.06917988463992868
107.08545918367346,0.07195955938347191
108.31632653061224,0.0744981642472633
109.54719387755102,0.07679992651172307
110.77806122448979,0.07909545324069868
112.00892857142857,0.0810737342438892
113.23979591836735,0.08306793070388534
114.47066326530611,0.08471672117376651
115.7015306122449,0.0855766054042545
116.93239795918367,0.0874955608286628
118.16326530612244,0.08548992482592613
119.39413265306122,0.08548992482592613
120.625,0.08548992482592613
60.3125,0.08494098197409976
61.54336734693877,0.08506119434361915
62.77423469387755,0.08503791567918001
64.00510204081633,0.08532527882661249
65.2359693877551,0.08737448270200733
66.46683673469387,0.09100957961675031
67.69770408163265,0.08727892214241942
68.92857142857143,0.08547049530303406
70.15943877551021,0.08493867320666335
71.39030612244898,0.08435718065197269
72.62117346938776,0.08338255315091807
73.85204081632654,0.08209356524128293
75.0829081632653,0.0809271984124686
76.31377551020408,0.08060112398506439
77.54464285714286,0.07997991925279496
78.77551020408163,0.08512104759013596
80.0063775510204,0.08415116349431576
81.23724489795919,0.08226515839916533
82.46811224489795,0.07996159026977358
83.69897959183673,0.07807167910276651
84.92984693877551,0.07737192219534701
86.16071428571428,0.07630445443487156
87.39158163265306,0.0759242117502324
88.62244897959184,0.07607097787994663
89.8533163265306,0.07315571600836575
91.08418367346938,0.07192539274977604
92.31505102040816,0.0719654382392104
93.54591836734693,0.07072378338356632
94.77678571428571,0.0692303613908353
96.00765306122449,0.07007863394458987
97.23852040816325,0.06728306324927508
98.46938775510205,0.06793315178582214
99.70025510204081,0.0710644335060976
100.93112244897958,0.07374508499979471
102.16198979591837,0.07897088525429673
103.39285714285714,0.07891821946974882
104.62372448979592,0.08231056513793844
105.8545918367347,0.08068201911259727
107.08545918367346,0.08371396965520325
108.31632653061224,0.08658662602422411
109.54719387755102,0.08912603354780702
110.77806122448979,0.09160235152120129
112.00892857142857,0.09393495423771386
113.23979591836735,0.0961829953831852
114.47066326530611,0.09820864484495773
115.7015306122449,0.09820864484495773
116.93239795918367,0.09820864484495773
118.16326530612244,0.09820864484495773
119.39413265306122,0.09820864484495773
120.625,0.09820864484495773
60.3125,0.08004529539368355
61.54336734693877,0.08275476548406231
62.77423469387755,0.08206785289248322
64.00510204081633,0.08281725934191207
65.2359693877551,0.08234640851908377
66.46683673469387,0.07943771370171704
67.69770408163265,0.07869592731806041
68.92857142857143,0.0786913339598033
70.15943877551021,0.07880315555191175
71.39030612244898,0.07828584949170284
72.62117346938776,0.0785627782519289
73.85204081632654,0.07907205126622792
75.0829081632653,0.07921039172431468
76.31377551020408,0.07915985856290278
77.54464285714286,0.07975586568454343
78.77551020408163,0.08073836659815277
80.0063775510204,0.07835477102305996
81.23724489795919,0.07798735452302799
82.46811224489795,0.07602545606470505
83.69897959183673,0.07812018712926441
84.92984693877551,0.07504627145234163
86.16071428571428,0.07996590089698753
87.39158163265306,0.07714792742974617
88.62244897959184,0.07405615154725903
89.8533163265306,0.07243011424535918
91.08418367346938,0.07360116214537826
92.31505102040816,0.07109265916679681
93.54591836734693,0.07015510651658141
94.77678571428571,0.06927453100259456
96.00765306122449,0.06860741776149816
97.23852040816325,0.06884367512580408
98.46938775510205,0.07023607425210301
99.70025510204081,0.07123684816701538
100.93112244897958,0.07254445074481929
102.16198979591837,0.07381690021833333
103.39285714285714,0.07512716118721262
104.62372448979592,0.0728678071329122
105.8545918367347,0.07376827647859312
107.08545918367346,0.07230834216897838
108.31632653061224,0.07401006832333085
109.54719387755102,0.07606382864084746
110.77806122448979,0.07772758971867111
112.00892857142857,0.07972903724382162
113.23979591836735,0.08162700730627537
114.47066326530611,0.08339224441620181
115.7015306122449,0.08503372982362331
116.93239795918367,0.08620402734772706
118.16326530612244,0.08765949913454228
119.39413265306122,0.08703103412661133
120.625,0.08703103412661133
60.3125,0.08886218040057366
61.54336734693877,0.08923686867675605
62.77423469387755,0.08841269076462328
64.00510204081633,0.0881272050511589
65.2359693877551,0.0780684043033377
66.46683673469387,0.07670877854993216
67.69770408163265,0.07804719510531527
68.92857142857143,0.07791916455678424
70.15943877551021,0.07759533320229194
71.39030612244898,0.07778876498332093
72.62117346938776,0.0777236632253331
73.85204081632654,0.07730462967098256
75.0829081632653,0.0771955994485361
76.31377551020408,0.07672724431076705
77.54464285714286,0.07727645974505087
78.77551020408163,0.08101128700488096
80.0063775510204,0.08170466961843167
81.23724489795919,0.0821025484128923
82.46811224489795,0.08239920012295161
83.69897959183673,0.08318668344694419
84.92984693877551,0.0842059762566782
86.16071428571428,0.08379632729044181
87.39158163265306,0.08409330467320658
88.62244897959184,0.0851837681733575
89.8533163265306,0.08412267715381193
91.08418367346938,0.08425343524521586
92.31505102040816,0.08132157794316341
93.54591836734693,0.0803533081732109
94.77678571428571,0.0800189558349537
96.00765306122449,0.07968633153229736
97.23852040816325,0.07651590916168086
98.46938775510205,0.07706224693101006
99.70025510204081,0.0784805828717263
100.93112244897958,0.08008321521139211
102.16198979591837,0.0814144876142114
103.39285714285714,0.07798956890542531
104.62372448979592,0.0746685414419718
105.8545918367347,0.07517546439910515
107.08545918367346,0.07843538232296185
108.31632653061224,0.08331391839973401
109.54719387755102,0.08713389627301622
110.77806122448979,0.09110920181750545
112.00892857142857,0.09426647292847544
113.23979591836735,0.09749670782903094
114.47066326530611,0.09954752112798168
115.7015306122449,0.10024529907072158
116.93239795918367,0.10558281647606706
118.16326530612244,0.10033325862665698
119.39413265306122,0.10033325862665698
120.625,0.10033325862665698
60.3125,0.12667350058551846
61.54336734693877,0.12037976682697694
62.77423469387755,0.11953456362620996
64.00510204081633,0.11589224846067729
65.2359693877551,0.11461296681313761
66.46683673469387,0.11371862795174066
67.69770408163265,0.11305862079471858
68.92857142857143,0.11255159262129008
70.15943877551021,0.11205869347636618
71.39030612244898,0.11017560202080773
72.62117346938776,0.10887649556859802
73.85204081632654,0.10915174922843725
75.0829081632653,0.1089347722685755
76.31377551020408,0.10796062684854672
77.54464285714286,0.1070648249410652
78.77551020408163,0.1065195463802891
80.0063775510204,0.1066256697528166
81.23724489795919,0.1054316516369412
82.46811224489795,0.10462591011101609
83.69897959183673,0.10435648608180005
84.92984693877551,0.10379670149404711
86.16071428571428,0.10201750951159266
87.39158163265306,0.09992456087325878
88.62244897959184,0.09880931592937499
89.8533163265306,0.10004525674677715
91.08418367346938,0.09763405097846999
92.31505102040816,0.09934123883785446
93.54591836734693,0.09352799271183315
94.77678571428571,0.0962822989396095
96.00765306122449,0.09825857872491806
97.23852040816325,0.0999464083043815
98.46938775510205,0.10263480007183919
99.70025510204081,0.09495619763233845
100.93112244897958,0.09742317320991717
102.16198979591837,0.10166803522870027
103.39285714285714,0.09487684641510508
104.62372448979592,0.09826250641646139
105.8545918367347,0.10121137454703555
107.08545918367346,0.10387656725088336
108.31632653061224,0.10650831307253873
109.54719387755102,0.10896422944924315
110.77806122448979,0.11161456528319594
112.00892857142857,0.1140988925147302
113.23979591836735,0.11453819758791775
114.47066326530611,0.11453819758791775
115.7015306122449,0.11453819758791775
116.93239795918367,0.11453819758791775
118.16326530612244,0.11453819758791775
119.39413265306122,0.11453819758791775
120.625,0.11453819758791775
60.3125,0.08684257832788995
61.54336734693877,0.086354188441069
62.77423469387755,0.08534542778392067
64.00510204081633,0.08462490954484607
65.2359693877551,0.0845962480817883
66.46683673469387,0.08301528127815011
67.69770408163265,0.08368501642604542
68.92857142857143,0.08316046026154636
70.15943877551021,0.08290301596153005
71.39030612244898,0.08285804458837193
72.62117346938776,0.0828139138611591
73.85204081632654,0.08278554568793309
75.0829081632653,0.08278293249374698
76.31377551020408,0.09041115104745215
77.54464285714286,0.09008349573308058
78.77551020408163,0.0892625954297196
80.0063775510204,0.08833189622894672
81.23724489795919,0.09467644781221769
82.46811224489795,0.08963488660386203
83.69897959183673,0.09365453552047774
84.92984693877551,0.09070991465702494
86.16071428571428,0.09098415161360222
87.39158163265306,0.08866372674824317
88.62244897959184,0.08387009624893481
89.8533163265306,0.08983855106653407
91.08418367346938,0.08855478796698257
92.31505102040816,0.08699080460433821
93.54591836734693,0.09167276604426566
94.77678571428571,0.08854946323990193
96.00765306122449,0.08917801148114052
97.23852040816325,0.09022681946303954
98.46938775510205,0.09150148041275692
99.70025510204081,0.09259102015987183
100.93112244897958,0.0902562065362437
102.16198979591837,0.09247713532645555
103.39285714285714,0.09455656107296674
104.62372448979592,0.09659974234411266
105.8545918367347,0.09856976564897944
107.08545918367346,0.10044388940059785
108.31632653061224,0.10242204946096768
109.54719387755102,0.10390612594332234
110.77806122448979,0.10550847567336481
112.00892857142857,0.10657782959577546
113.23979591836735,0.10727448655084776
114.47066326530611,0.10830290798569944
115.7015306122449,0.10830290798569944
116.93239795918367,0.10830290798569944
118.16326530612244,0.10830290798569944
119.39413265306122,0.10830290798569944
120.625,0.10830290798569944
60.3125,0.09773044845599588
61.54336734693877,0.09823763880603865
62.77423469387755,0.0963117141592723
64.00510204081633,0.09291642357703363
65.2359693877551,0.09226759571396015
66.46683673469387,0.08923984257518942
67.69770408163265,0.08902167796528396
68.92857142857143,0.0883231490105272
70.15943877551021,0.08694584477103832
71.39030612244898,0.0851315173452014
72.62117346938776,0.08350700430080764
73.85204081632654,0.08518663784194039
75.0829081632653,0.0841593077794509
76.31377551020408,0.0842593698009767
77.54464285714286,0.08080557206624049
78.77551020408163,0.08125270084937003
80.0063775510204,0.08249625128960646
81.23724489795919,0.08002524204220475
82.46811224489795,0.07676753161236438
83.69897959183673,0.07428577662201853
84.92984693877551,0.0731929535859526
86.16071428571428,0.07356205903973646
87.39158163265306,0.07073268822434078
88.62244897959184,0.06931345168972187
89.8533163265306,0.06921682111835421
91.08418367346938,0.06851536662398866
92.31505102040816,0.06678524023571805
93.54591836734693,0.06581877547834285
94.77678571428571,0.06513049066644841
96.00765306122449,0.06580468931917101
97.23852040816325,0.06565725377324748
98.46938775510205,0.060591884291067176
99.70025510204081,0.06263274992564513
100.93112244897958,0.06038619922295926
102.16198979591837,0.0607012790281873
103.39285714285714,0.06177668357265315
104.62372448979592,0.06320349461859687
105.8545918367347,0.061067776952198956
107.08545918367346,0.059833302923288964
108.31632653061224,0.06176275451646865
109.54719387755102,0.06402689389992622
110.77806122448979,0.06586482254294228
112.00892857142857,0.06803070130840656
113.23979591836735,0.07005703786655221
114.47066326530611,0.0719395596108238
115.7015306122449,0.07367243858206651
116.93239795918367,0.0752247740909166
118.16326530612244,0.07681767763280122
119.39413265306122,0.07681767763280122
120.625,0.07681767763280122
60.3125,0.08618403013080927
61.54336734693877,0.08674518578987434
62.77423469387755,0.08530631273540007
64.00510204081633,0.08500054017197382
65.2359693877551,0.08427672074418116
66.46683673469387,0.08184876050416347
67.69770408163265,0.0804259857810594
68.92857142857143,0.07934957653467674
70.15943877551021,0.0794562150746864
71.39030612244898,0.08009034522925562
72.62117346938776,0.08022065375954936
73.85204081632654,0.08075691221086952
75.0829081632653,0.08109441589738882
76.31377551020408,0.08463066193318285
77.54464285714286,0.08444225836598294
78.77551020408163,0.08229997478967906
80.0063775510204,0.0827802415114897
81.23724489795919,0.08564527144490074
82.46811224489795,0.08748902542334624
83.69897959183673,0.08626203113398251
84.92984693877551,0.08736020045133515
86.16071428571428,0.08835712720740677
87.39158163265306,0.08883789280067682
88.62244897959184,0.08901516545840565
89.8533163265306,0.0841354479759179
91.08418367346938,0.08274522696551324
92.31505102040816,0.08251702537789404
93.54591836734693,0.08384094527676617
94.77678571428571,0.08740703106674666
96.00765306122449,0.08311855942030913
97.23852040816325,0.08719323981774241
98.46938775510205,0.09156394018995521
99.70025510204081,0.09749526376299603
100.93112244897958,0.08503700995021736
102.16198979591837,0.09048832036175633
103.39285714285714,0.09359400617405456
104.62372448979592,0.0992671128658766
105.8545918367347,0.10359465754411043
107.08545918367346,0.10753673229280133
108.31632653061224,0.1107901074963884
109.54719387755102,0.11315023204262588
110.77806122448979,0.11432820271413544
112.00892857142857,0.11805917548550807
113.23979591836735,0.11523502539811063
114.47066326530611,0.11523502539811063
115.7015306122449,0.11523502539811063
116.93239795918367,0.11523502539811063
118.16326530612244,0.11523502539811063
119.39413265306122,0.11523502539811063
120.625,0.11523502539811063
60.3125,0.09321808581688514
61.54336734693877,0.0930266500928726
62.77423469387755,0.09265712967022612
64.00510204081633,0.09207441225630181
65.2359693877551,0.09212186450450302
66.46683673469387,0.08896789578869788
67.69770408163265,0.08166846116047084
68.92857142857143,0.08069361346308683
70.15943877551021,0.08182076503468937
71.39030612244898,0.08178477327973423
72.62117346938776,0.08194878114737135
73.85204081632654,0.08234708375091575
75.0829081632653,0.08244788432472637
76.31377551020408,0.0819836583295067
77.54464285714286,0.08067136175511448
78.77551020408163,0.08164956629136766
80.0063775510204,0.08265948593502331
81.23724489795919,0.0791461367115746
82.46811224489795,0.07936114436157236
83.69897959183673,0.08027652053962174
84.92984693877551,0.07848120745147603
86.16071428571428,0.07832201715122411
87.39158163265306,0.07801780650424857
88.62244897959184,0.0808614851763077
89.8533163265306,0.08083719201266253
91.08418367346938,0.07953988580459805
92.31505102040816,0.07924576359289365
93.54591836734693,0.07725832175528864
94.77678571428571,0.07607893332522757
96.00765306122449,0.07743800286461001
97.23852040816325,0.0823498153596419
98.46938775510205,0.07986332660699157
99.70025510204081,0.08347543216762099
100.93112244897958,0.08661166016050148
102.16198979591837,0.08932311423979993
103.39285714285714,0.08070709848200884
104.62372448979592,0.08417455668963027
105.8545918367347,0.08245921826615203
107.08545918367346,0.08631215739725745
108.31632653061224,0.08964584560986161
109.54719387755102,0.09257232663516751
110.77806122448979,0.09548169535207722
112.00892857142857,0.09796216414442105
113.23979591836735,0.10051379702350753
114.47066326530611,0.10267653082764003
115.7015306122449,0.10427511934256958
116.93239795918367,0.10480300854480418
118.16326530612244,0.10480300854480418
119.39413265306122,0.10480300854480418
120.625,0.10480300854480418
60.3125,0.10708879968065044
61.54336734693877,0.1073757513382884
62.77423469387755,0.10891830693577291
64.00510204081633,0.10899107657686112
65.2359693877551,0.1090545550172057
66.46683673469387,0.10907071329828254
67.69770408163265,0.10891118797702176
68.92857142857143,0.10776709496673952
70.15943877551021,0.10803189567456796
71.39030612244898,0.10817506674680605
72.62117346938776,0.10676866494472151
73.85204081632654,0.10921456316494525
75.0829081632653,0.1099359360681521
76.31377551020408,0.11097957884043984
77.54464285714286,0.10479514972579614
78.77551020408163,0.10477094545912095
80.0063775510204,0.10412964305934216
81.23724489795919,0.10391079564059853
82.46811224489795,0.10322041627827434
83.69897959183673,0.1027456099487782
84.92984693877551,0.10341675377110496
86.16071428571428,0.10345268723589866
87.39158163265306,0.10253401913883635
88.62244897959184,0.10255210986774661
89.8533163265306,0.10361563887287442
91.08418367346938,0.10347363369572513
92.31505102040816,0.10336610143963822
93.54591836734693,0.10571082088874396
94.77678571428571,0.10430905832673934
96.00765306122449,0.10901841978654811
97.23852040816325,0.11268665056725735
98.46938775510205,0.11616090775793349
99.70025510204081,0.11861980400570549
100.93112244897958,0.10417744497752697
102.16198979591837,0.1045378508588592
103.39285714285714,0.11382586911289405
104.62372448979592,0.11857900877544943
105.8545918367347,0.12234250227473721
107.08545918367346,0.12553854021376337
108.31632653061224,0.12799579368363187
109.54719387755102,0.12957144007586546
110.77806122448979,0.13011512288304594
112.00892857142857,0.12980175246368605
113.23979591836735,0.13865280424841583
114.47066326530611,0.1283170372668033
115.7015306122449,0.1281581261247176
116.93239795918367,0.1281581261247176
118.16326530612244,0.1281581261247176
119.39413265306122,0.1281581261247176
120.625,0.1281581261247176
60.3125,0.07392125729349319
61.54336734693877,0.07231237811740002
62.77423469387755,0.07078979953517037
64.00510204081633,0.06939043099197319
65.2359693877551,0.06948531846973605
66.46683673469387,0.06920346931131906
67.69770408163265,0.06651358548172355
68.92857142857143,0.06557725356116925
70.15943877551021,0.061828402714314355
71.39030612244898,0.06014285055574598
72.62117346938776,0.0557443963377013
73.85204081632654,0.05518192497144394
75.0829081632653,0.05468107471461375
76.31377551020408,0.054221170284579456
77.54464285714286,0.0538969492755015
78.77551020408163,0.053181370510753896
80.0063775510204,0.053434703868627066
81.23724489795919,0.05426926492440323
82.46811224489795,0.053843741513116904
83.69897959183673,0.0564520268799919
84.92984693877551,0.054250054430662636
86.16071428571428,0.0561535289289917
87.39158163265306,0.05843144572400324
88.62244897959184,0.061436748989889406
89.8533163265306,0.06019688300543049
91.08418367346938,0.062126568308136475
92.31505102040816,0.06305400442741421
93.54591836734693,0.06265486057942236
94.77678571428571,0.06134157337102511
96.00765306122449,0.06160490925622866
97.23852040816325,0.06054647483346149
98.46938775510205,0.05974903027254108
99.70025510204081,0.060060819076636636
100.93112244897958,0.06058237199882053
102.16198979591837,0.06148840093787537
103.39285714285714,0.06365081691868736
104.62372448979592,0.06593396563611405
105.8545918367347,0.06844043320133524
107.08545918367346,0.06348164502786979
108.31632653061224,0.06231770731180905
109.54719387755102,0.06638156598706749
110.77806122448979,0.0694534007691479
112.00892857142857,0.07191978554514677
113.23979591836735,0.07451229093651429
114.47066326530611,0.07652109624338654
115.7015306122449,0.07866821570047416
116.93239795918367,0.0802683028492071
118.16326530612244,0.08127573867637539
119.39413265306122,0.08149895446075621
120.625,0.08223856141417059
60.3125,0.06998028150636933
61.54336734693877,0.06848376602622133
62.77423469387755,0.06562775396262578
64.00510204081633,0.06376902221757891
65.2359693877551,0.06476163802838847
66.46683673469387,0.06221662771034293
67.69770408163265,0.06077820198405575
68.92857142857143,0.05971801671734686
70.15943877551021,0.05875125831093499
71.39030612244898,0.057368262826147765
72.62117346938776,0.055993629073270254
73.85204081632654,0.05496625000717496
75.0829081632653,0.05441628180121141
76.31377551020408,0.054249990830760646
77.54464285714286,0.05440390387690561
78.77551020408163,0.05427077423353489
80.0063775510204,0.05514273231059169
81.23724489795919,0.05718977704813572
82.46811224489795,0.05372523248792124
83.69897959183673,0.055283678039242355
84.92984693877551,0.05448299429235809
86.16071428571428,0.054872015127623304
87.39158163265306,0.054178131396320266
88.62244897959184,0.05476295679710029
89.8533163265306,0.054913525415498377
91.08418367346938,0.05393566359213632
92.31505102040816,0.055688760859496145
93.54591836734693,0.05354870066704829
94.77678571428571,0.052612305755130394
96.00765306122449,0.052523299654809036
97.23852040816325,0.05081930708026714
98.46938775510205,0.05042067007779644
99.70025510204081,0.050247217135432724
100.93112244897958,0.049612969333632996
102.16198979591837,0.05049328091143157
103.39285714285714,0.04857950852732173
104.62372448979592,0.04836818360116129
105.8545918367347,0.048470198427227815
107.08545918367346,0.04858261797378954
108.31632653061224,0.050740082661594764
109.54719387755102,0.048750485874096666
110.77806122448979,0.04682409243762988
112.00892857142857,0.04730090919300135
113.23979591836735,0.04825440431734187
114.47066326530611,0.04914146103917009
115.7015306122449,0.05015915663631359
116.93239795918367,0.051265903502048286
118.16326530612244,0.05229716397009122
119.39413265306122,0.05342749798624667
120.625,0.05454041844495522
60.3125,0.08410384213442387
61.54336734693877,0.0828692949756717
62.77423469387755,0.08181266125518986
64.00510204081633,0.0821391512559841
65.2359693877551,0.08478067477365754
66.46683673469387,0.0843734784246804
67.69770408163265,0.08895651326434635
68.92857142857143,0.0886869586395474
70.15943877551021,0.08849971275121131
71.39030612244898,0.08835122767741431
72.62117346938776,0.08457008875406966
73.85204081632654,0.0884100310231109
75.0829081632653,0.08803682197412527
76.31377551020408,0.08782332317606623
77.54464285714286,0.08642880048236332
78.77551020408163,0.08821508588896505
80.0063775510204,0.086407870908569
81.23724489795919,0.08638958797425765
82.46811224489795,0.0854456149573118
83.69897959183673,0.08568634437808312
84.92984693877551,0.0869595726212609
86.16071428571428,0.08620666865928456
87.39158163265306,0.08357578983583537
88.62244897959184,0.08283104439814419
89.8533163265306,0.08330039081045468
91.08418367346938,0.08021156422883383
92.31505102040816,0.08048755753946682
93.54591836734693,0.08171795839088788
94.77678571428571,0.0821107942888292
96.00765306122449,0.08074862424147004
97.23852040816325,0.08323506509210529
98.46938775510205,0.09173759979174344
99.70025510204081,0.09655334681054617
100.93112244897958,0.10066917532723951
102.16198979591837,0.1019446369631569
103.39285714285714,0.09039059790642326
104.62372448979592,0.0926107387822284
105.8545918367347,0.0827861173484056
107.08545918367346,0.09488794098905919
108.31632653061224,0.10121881812245129
109.54719387755102,0.1073751183050008
110.77806122448979,0.11183267065383241
112.00892857142857,0.11639072443933692
113.23979591836735,0.11970362622340092
114.47066326530611,0.12058835261638558
115.7015306122449,0.1203028684203305
116.93239795918367,0.1203028684203305
118.16326530612244,0.1203028684203305
119.39413265306122,0.1203028684203305
120.625,0.1203028684203305
60.3125,0.06887719404639765
61.54336734693877,0.06905923659153834
62.77423469387755,0.07012259235859228
64.00510204081633,0.0611593079520792
65.2359693877551,0.0690064994375723
66.46683673469387,0.061611521861979594
67.69770408163265,0.06197913242279658
68.92857142857143,0.06224559346026335
70.15943877551021,0.06298851071053077
71.39030612244898,0.0629898586418197
72.62117346938776,0.06343854279888365
73.85204081632654,0.06377359755623853
75.0829081632653,0.06455239360988468
76.31377551020408,0.0645517182839772
77.54464285714286,0.06380546185130014
78.77551020408163,0.06310898498326444
80.0063775510204,0.06297931167290935
81.23724489795919,0.0625394569030393
82.46811224489795,0.06163376708474732
83.69897959183673,0.061630526143047766
84.92984693877551,0.06091336505793581
86.16071428571428,0.061740126004425744
87.39158163265306,0.05950885642366254
88.62244897959184,0.06034929153546838
89.8533163265306,0.06059072635759694
91.08418367346938,0.060283380800658655
92.31505102040816,0.06018074618457531
93.54591836734693,0.061735652992441846
94.77678571428571,0.06209336475946984
96.00765306122449,0.05979426655262646
97.23852040816325,0.058543889488392085
98.46938775510205,0.05972794622112598
99.70025510204081,0.05880483440619716
100.93112244897958,0.06080323973099506
102.16198979591837,0.06243414030303119
103.39285714285714,0.06423496271263807
104.62372448979592,0.06341309461723543
105.8545918367347,0.06406508706019759
107.08545918367346,0.06376042080152486
108.31632653061224,0.06579640558044843
109.54719387755102,0.06816306018809047
110.77806122448979,0.07014673103023954
112.00892857142857,0.07242917477989715
113.23979591836735,0.07459124278189395
114.47066326530611,0.07656945581540192
115.7015306122449,0.07845842136027442
116.93239795918367,0.08006705283265494
118.16326530612244,0.08147265140257175
119.39413265306122,0.08225707099586706
120.625,0.08225707099586706
60.3125,0.09177079021103038
61.54336734693877,0.09232418036226349
62.77423469387755,0.09223796769314921
64.00510204081633,0.09018436888165297
65.2359693877551,0.08970925078518012
66.46683673469387,0.08874076370412307
67.69770408163265,0.08809189815596087
68.92857142857143,0.085529330204496
70.15943877551021,0.08786425577666329
71.39030612244898,0.08474918056807779
72.62117346938776,0.08711062292098573
73.85204081632654,0.08670416393932902
75.0829081632653,0.07531588146938369
76.31377551020408,0.07558860814591657
77.54464285714286,0.07490614587313425
78.77551020408163,0.07239818918771355
80.0063775510204,0.07173563658544303
81.23724489795919,0.06787478759092891
82.46811224489795,0.06629251035850325
83.69897959183673,0.06516629211836446
84.92984693877551,0.06490018528120478
86.16071428571428,0.06559701856908677
87.39158163265306,0.06527230085299351
88.62244897959184,0.06270038085165273
89.8533163265306,0.06265711747744747
91.08418367346938,0.061966569344565806
92.31505102040816,0.06410486262375707
93.54591836734693,0.061562836439274744
94.77678571428571,0.06043331135865115
96.00765306122449,0.059632692791519185
97.23852040816325,0.0593661248773134
98.46938775510205,0.0591216029639095
99.70025510204081,0.05709640681624827
100.93112244897958,0.056036091496970954
102.16198979591837,0.0578438891123181
103.39285714285714,0.05967472794166003
104.62372448979592,0.061582388618547035
105.8545918367347,0.06147081171602443
107.08545918367346,0.06190934576680738
108.31632653061224,0.06216558704280229
109.54719387755102,0.06450401559456163
110.77806122448979,0.06672509796166681
112.00892857142857,0.0688434607305751
113.23979591836735,0.07096443363815384
114.47066326530611,0.07287952905610844
115.7015306122449,0.07476769397074043
116.93239795918367,0.07628179871507658
118.16326530612244,0.07692604474988572
119.39413265306122,0.07954946102544265
120.625,0.07615790050413118
60.3125,0.07481733419894297
61.54336734693877,0.07492903494039174
62.77423469387755,0.07506833070896107
64.00510204081633,0.07407589206717903
65.2359693877551,0.07594732795420163
66.46683673469387,0.07557115025015741
67.69770408163265,0.07516542457885032
68.92857142857143,0.07123778770031708
70.15943877551021,0.07124162823772687
71.39030612244898,0.07236242157401163
72.62117346938776,0.07672425704376455
73.85204081632654,0.07840695253788356
75.0829081632653,0.07730059011599906
76.31377551020408,0.07739660659393958
77.54464285714286,0.07996652932596304
78.77551020408163,0.07926573262650782
80.0063775510204,0.08301297909338247
81.23724489795919,0.07764617103674469
82.46811224489795,0.07867755151029861
83.69897959183673,0.07562593673278002
84.92984693877551,0.07628924485054409
86.16071428571428,0.07638883313012841
87.39158163265306,0.07552766168708006
88.62244897959184,0.07489833108703468
89.8533163265306,0.07300058977814633
91.08418367346938,0.07090350372783599
92.31505102040816,0.0709208059763647
93.54591836734693,0.07038642333061623
94.77678571428571,0.0696111877585369
96.00765306122449,0.06981512439079496
97.23852040816325,0.07046936019370002
98.46938775510205,0.07073898026452191
99.70025510204081,0.07156075544895191
100.93112244897958,0.07367579305639886
102.16198979591837,0.07611115251820343
103.39285714285714,0.07260355569303592
104.62372448979592,0.07324916039932067
105.8545918367347,0.07504366570887129
107.08545918367346,0.07675464778036774
108.31632653061224,0.07838644318215524
109.54719387755102,0.08000836503081622
110.77806122448979,0.08144442923156572
112.00892857142857,0.08278081884531979
113.23979591836735,0.08387272029284823
114.47066326530611,0.08461497229673783
115.7015306122449,0.08569294805398793
116.93239795918367,0.08569294805398793
118.16326530612244,0.08569294805398793
119.39413265306122,0.08569294805398793
120.625,0.08569294805398793
60.3125,0.09191000051725368
61.54336734693877,0.0919539860112997
62.77423469387755,0.09067459401603799
64.00510204081633,0.08992822450410778
65.2359693877551,0.08574994798075655
66.46683673469387,0.08656065848683231
67.69770408163265,0.08621685353660469
68.92857142857143,0.08372858839087587
70.15943877551021,0.08552219781737155
71.39030612244898,0.08299495655975245
72.62117346938776,0.08143786518924674
73.85204081632654,0.08098222261279212
75.0829081632653,0.0804424147649063
76.31377551020408,0.07987093527063807
77.54464285714286,0.0832296670955515
78.77551020408163,0.07917130802286171
80.0063775510204,0.07803658656949569
81.23724489795919,0.07716594807408513
82.46811224489795,0.07684696546561287
83.69897959183673,0.08008486962142893
84.92984693877551,0.08003752418198448
86.16071428571428,0.08036348074788548
87.39158163265306,0.08169736806944661
88.62244897959184,0.08044764992960063
89.8533163265306,0.07998792088478654
91.08418367346938,0.07996269223750926
92.31505102040816,0.07680875286375148
93.54591836734693,0.07539070101663509
94.77678571428571,0.07463471527261864
96.00765306122449,0.07403403321855145
97.23852040816325,0.0749402828739081
98.46938775510205,0.07266158525867805
99.70025510204081,0.07389616494971185
100.93112244897958,0.07536927852480768
102.16198979591837,0.07721704156253732
103.39285714285714,0.07555037875191077
104.62372448979592,0.07859241804483434
105.8545918367347,0.08058193812718802
107.08545918367346,0.08269373540725679
108.31632653061224,0.08437382495310758
109.54719387755102,0.08615274989442424
110.77806122448979,0.08796533308546302
112.00892857142857,0.08954045358261585
113.23979591836735,0.09118528575541178
114.47066326530611,0.09257127540965017
115.7015306122449,0.09376787129823211
116.93239795918367,0.09509524736057512
118.16326530612244,0.09509524736057512
119.39413265306122,0.09509524736057512
120.625,0.09509524736057512
60.3125,0.09646723400215536
61.54336734693877,0.0912253484927254
62.77423469387755,0.09225195760549028
64.00510204081633,0.09149786593530193
65.2359693877551,0.08868354677664238
66.46683673469387,0.09152160532202172
67.69770408163265,0.09152026130226312
68.92857142857143,0.09151064667564852
70.15943877551021,0.09149580670052732
71.39030612244898,0.09145746083741467
72.62117346938776,0.09131027393705585
73.85204081632654,0.09210573217644805
75.0829081632653,0.09431583045174101
76.31377551020408,0.09432182518074049
77.54464285714286,0.09356372495874629
78.77551020408163,0.09151211364469128
80.0063775510204,0.09096368843546714
81.23724489795919,0.08679581654592577
82.46811224489795,0.087819957663774
83.69897959183673,0.08690911102364718
84.92984693877551,0.08696593812973748
86.16071428571428,0.08675242597118227
87.39158163265306,0.08595512799160164
88.62244897959184,0.08566004391359675
89.8533163265306,0.0857075454465634
91.08418367346938,0.08522422428591873
92.31505102040816,0.08693705747335337
93.54591836734693,0.0866323899839768
94.77678571428571,0.08852038445207261
96.00765306122449,0.08863345637758498
97.23852040816325,0.08968214701221376
98.46938775510205,0.09085161500785378
99.70025510204081,0.09148141805228215
100.93112244897958,0.08816135020745319
102.16198979591837,0.09012264795965581
103.39285714285714,0.09209245606367689
104.62372448979592,0.09398408993977908
105.8545918367347,0.0958565277960022
107.08545918367346,0.09753672381137979
108.31632653061224,0.0993164989086139
109.54719387755102,0.10098569075221009
110.77806122448979,0.10241258437679622
112.00892857142857,0.10372526620900543
113.23979591836735,0.10460963282985636
114.47066326530611,0.10505355859740279
115.7015306122449,0.10525919245286801
116.93239795918367,0.10550717808025598
118.16326530612244,0.10550717808025598
119.39413265306122,0.10550717808025598
120.625,0.10550717808025598
60.3125,0.11860953307246026
61.54336734693877,0.11671531475078929
62.77423469387755,0.11498348140330276
64.00510204081633,0.11396980763090761
65.2359693877551,0.11366799012453335
66.46683673469387,0.11123734336722359
67.69770408163265,0.10929769087073815
68.92857142857143,0.10845353480617667
70.15943877551021,0.10762684078933538
71.39030612244898,0.10701455268234909
72.62117346938776,0.10659801579058086
73.85204081632654,0.10628799934168737
75.0829081632653,0.10636564424274762
76.31377551020408,0.11191459025577187
77.54464285714286,0.11250528556696787
78.77551020408163,0.11528862598445494
80.0063775510204,0.11373209070462538
81.23724489795919,0.11310002603586208
82.46811224489795,0.11383461810208291
83.69897959183673,0.11357057309765996
84.92984693877551,0.11188986034230244
86.16071428571428,0.1092465261228154
87.39158163265306,0.10725143125764744
88.62244897959184,0.10558655657897517
89.8533163265306,0.10528789113427404
91.08418367346938,0.10379359537930953
92.31505102040816,0.1040140039042678
93.54591836734693,0.10484662522208862
94.77678571428571,0.10609085106957891
96.00765306122449,0.10709650216692992
97.23852040816325,0.10995837802535786
98.46938775510205,0.10907497312501635
99.70025510204081,0.11044567619504216
100.93112244897958,0.11211016540309815
102.16198979591837,0.1135287457136749
103.39285714285714,0.11518218208903706
104.62372448979592,0.11662495824025088
105.8545918367347,0.11827720689301512
107.08545918367346,0.11961331719680572
108.31632653061224,0.12084906596566024
109.54719387755102,0.12216337270057229
110.77806122448979,0.12216337270057229
112.00892857142857,0.12216337270057229
113.23979591836735,0.12216337270057229
114.47066326530611,0.12216337270057229
115.7015306122449,0.12216337270057229
116.93239795918367,0.12216337270057229
118.16326530612244,0.12216337270057229
119.39413265306122,0.12216337270057229
120.625,0.12216337270057229
60.3125,0.10761236586854843
61.54336734693877,0.1073573259272319
62.77423469387755,0.09743313119314198
64.00510204081633,0.09720364587573656
65.2359693877551,0.09770349131354206
66.46683673469387,0.09765186254857451
67.69770408163265,0.09762537905192953
68.92857142857143,0.09405220473847102
70.15943877551021,0.09180651496699918
71.39030612244898,0.0896262614018169
72.62117346938776,0.08764467488251239
73.85204081632654,0.08572947938305474
75.0829081632653,0.09011631451503876
76.31377551020408,0.08633548318436328
77.54464285714286,0.08361994833114883
78.77551020408163,0.08043159565384013
80.0063775510204,0.07985635680228673
81.23724489795919,0.07713714401849832
82.46811224489795,0.0736014968641191
83.69897959183673,0.06961808753989644
84.92984693877551,0.07034134358078996
86.16071428571428,0.06900002429288558
87.39158163265306,0.0707560047987727
88.62244897959184,0.06768006139294598
89.8533163265306,0.06624588522806091
91.08418367346938,0.06733980421045674
92.31505102040816,0.06605748438067759
93.54591836734693,0.06327140910218364
94.77678571428571,0.06369719784917043
96.00765306122449,0.0631781285172168
97.23852040816325,0.06353978786424222
98.46938775510205,0.06695705466051989
99.70025510204081,0.06275831730610051
100.93112244897958,0.06654468564028192
102.16198979591837,0.06906284811092189
103.39285714285714,0.07122294479603763
104.62372448979592,0.07315663232929684
105.8545918367347,0.06114387170966909
107.08545918367346,0.06723840531246511
108.31632653061224,0.06569816364567095
109.54719387755102,0.06951532774294532
110.77806122448979,0.07262640738623294
112.00892857142857,0.07627988908414149
113.23979591836735,0.0787744915509444
114.47066326530611,0.08195173501091836
115.7015306122449,0.08468414422489506
116.93239795918367,0.08703127459367468
118.16326530612244,0.08672550584420329
119.39413265306122,0.08672550584420329
120.625,0.08672550584420329
60.3125,0.07194254772710013
61.54336734693877,0.07131258505311983
62.77423469387755,0.07129682750017151
64.00510204081633,0.07159852977176007
65.2359693877551,0.07169912221732207
66.46683673469387,0.06967683299847324
67.69770408163265,0.07086081518954924
68.92857142857143,0.07133956554451847
70.15943877551021,0.07123756047526295
71.39030612244898,0.07123756882832805
72.62117346938776,0.07099075604595897
73.85204081632654,0.06886000470532994
75.0829081632653,0.07031887523752443
76.31377551020408,0.06706690758861804
77.54464285714286,0.06234939574445388
78.77551020408163,0.06165713982521866
80.0063775510204,0.060962884101650947
81.23724489795919,0.06120690705950137
82.46811224489795,0.062121564579326743
83.69897959183673,0.06234821406163396
84.92984693877551,0.05949709760743553
86.16071428571428,0.062067369393152445
87.39158163265306,0.06214999709315475
88.62244897959184,0.061545533679325394
89.8533163265306,0.06568383848085085
91.08418367346938,0.06365140100899722
92.31505102040816,0.06190891384957126
93.54591836734693,0.06246876012390168
94.77678571428571,0.061852794704055816
96.00765306122449,0.06183596494607728
97.23852040816325,0.062238523791272087
98.46938775510205,0.064001209091304
99.70025510204081,0.06534368234317289
100.93112244897958,0.06675293757414259
102.16198979591837,0.06930819464017275
103.39285714285714,0.0721348173163614
104.62372448979592,0.07490875884649227
105.8545918367347,0.06236189010595774
107.08545918367346,0.06493612197714595
108.31632653061224,0.0726650507245576
109.54719387755102,0.0768329784167775
110.77806122448979,0.08014793007359114
112.00892857142857,0.08303435413720983
113.23979591836735,0.08533086035235869
114.47066326530611,0.08692768590623362
115.7015306122449,0.08764067447280721
116.93239795918367,0.08758966069315616
118.16326530612244,0.09462735823260665
119.39413265306122,0.08673882131227001
120.625,0.08673882131227001
60.3125,0.1025947501855928
61.54336734693877,0.10372276466770108
62.77423469387755,0.10208971741803317
64.00510204081633,0.10303290084962759
65.2359693877551,0.10182498040916264
66.46683673469387,0.10112643285718817
67.69770408163265,0.1006953128190927
68.92857142857143,0.1068961022183009
70.15943877551021,0.10394463450513826
71.39030612244898,0.10339071513450784
72.62117346938776,0.10240506629904408
73.85204081632654,0.1080665844339026
75.0829081632653,0.1032822502972489
76.31377551020408,0.1043001585504534
77.54464285714286,0.10209229511801447
78.77551020408163,0.10963804326794964
80.0063775510204,0.1055572846793998
81.23724489795919,0.10109220784319971
82.46811224489795,0.09944652147987906
83.69897959183673,0.099250410172049
84.92984693877551,0.10201685212419222
86.16071428571428,0.10265182088820288
87.39158163265306,0.10184332394347506
88.62244897959184,0.10312524287600369
89.8533163265306,0.10823710554369054
91.08418367346938,0.1109079352898764
92.31505102040816,0.11303805403707552
93.54591836734693,0.11902982231977129
94.77678571428571,0.11688416600237275
96.00765306122449,0.11750136253252284
97.23852040816325,0.11873284897240341
98.46938775510205,0.12005979486603187
99.70025510204081,0.12145973151541552
100.93112244897958,0.1229853464389909
102.16198979591837,0.12437710602143756
103.39285714285714,0.126052843652702
104.62372448979592,0.1277294199174554
105.8545918367347,0.12898796621973607
107.08545918367346,0.12898969478799013
108.31632653061224,0.12850431979342236
109.54719387755102,0.12850431979342236
110.77806122448979,0.12850431979342236
112.00892857142857,0.12850431979342236
113.23979591836735,0.12850431979342236
114.47066326530611,0.12850431979342236
115.7015306122449,0.12850431979342236
116.93239795918367,0.12850431979342236
118.16326530612244,0.12850431979342236
119.39413265306122,0.12850431979342236
120.625,0.12850431979342236
60.3125,0.10537164645533852
61.54336734693877,0.10366756886235295
62.77423469387755,0.10201082663297031
64.00510204081633,0.10009698909649198
65.2359693877551,0.09912731559034273
66.46683673469387,0.09932019219527916
67.69770408163265,0.10093818703545486
68.92857142857143,0.10479012355447838
70.15943877551021,0.10229548092118315
71.39030612244898,0.10030216417971272
72.62117346938776,0.09829040154224941
73.85204081632654,0.0964189483864132
75.0829081632653,0.09426156958807567
76.31377551020408,0.09229396257313355
77.54464285714286,0.09179765870911395
78.77551020408163,0.09307479308256313
80.0063775510204,0.0911313183615153
81.23724489795919,0.08772671413414569
82.46811224489795,0.08589786498860423
83.69897959183673,0.08809458194442912
84.92984693877551,0.0838604951350819
86.16071428571428,0.08284291875350153
87.39158163265306,0.08196882444823275
88.62244897959184,0.08123544992340878
89.8533163265306,0.08253397007473176
91.08418367346938,0.08078342415818811
92.31505102040816,0.08023197453711814
93.54591836734693,0.0796952342291596
94.77678571428571,0.07989493299634212
96.00765306122449,0.07902134714793932
97.23852040816325,0.08338924579655475
98.46938775510205,0.08227941014342316
99.70025510204081,0.08553154248908079
100.93112244897958,0.08818575627875967
102.16198979591837,0.09099311538921316
103.39285714285714,0.087951856393289
104.62372448979592,0.0906987898279042
105.8545918367347,0.09539349554091199
107.08545918367346,0.0991108674981298
108.31632653061224,0.10201367076980081
109.54719387755102,0.10501264663885664
110.77806122448979,0.10728077187558202
112.00892857142857,0.10931037022158414
113.23979591836735,0.11087802171958887
114.47066326530611,0.11196721629317695
115.7015306122449,0.11278737921087069
116.93239795918367,0.11366571596661536
118.16326530612244,0.11366571596661536
119.39413265306122,0.11366571596661536
120.625,0.11366571596661536
60.3125,0.09330378983363319
61.54336734693877,0.09101360229174131
62.77423469387755,0.09098961921620738
64.00510204081633,0.09116065457213851
65.2359693877551,0.09036245515775558
66.46683673469387,0.08886962306307199
67.69770408163265,0.08712012203939877
68.92857142857143,0.08543321244590503
70.15943877551021,0.08385305654409464
71.39030612244898,0.08246953986559974
72.62117346938776,0.08366034867711375
73.85204081632654,0.08055621352218859
75.0829081632653,0.07872939575923159
76.31377551020408,0.07717071624052291
77.54464285714286,0.07587149148428828
78.77551020408163,0.07472646567081681
80.0063775510204,0.07627440645229401
81.23724489795919,0.07451614798079832
82.46811224489795,0.07304097102733301
83.69897959183673,0.07223903509848008
84.92984693877551,0.07103423549938656
86.16071428571428,0.07153155545950693
87.39158163265306,0.07029788832607772
88.62244897959184,0.0690777068857392
89.8533163265306,0.06829896543590754
91.08418367346938,0.06655618952915643
92.31505102040816,0.06935929158388934
93.54591836734693,0.06675838382131523
94.77678571428571,0.06593985149725672
96.00765306122449,0.06804623114432543
97.23852040816325,0.07031668659222955
98.46938775510205,0.07213444740555054
99.70025510204081,0.07396762221833895
100.93112244897958,0.07551965019209635
102.16198979591837,0.07653598725456967
103.39285714285714,0.07331574251063062
104.62372448979592,0.07240395222971856
105.8545918367347,0.07415129997190979
107.08545918367346,0.0760767290403043
108.31632653061224,0.07800301203416361
109.54719387755102,0.08008571327439207
110.77806122448979,0.08190000086631218
112.00892857142857,0.08401704009656204
113.23979591836735,0.08597173886971794
114.47066326530611,0.08731025177434486
115.7015306122449,0.08733226598179455
116.93239795918367,0.08709499386446669
118.16326530612244,0.08709499386446669
119.39413265306122,0.08709499386446669
120.625,0.08709499386446669
60.3125,0.07458419789581706
61.54336734693877,0.07525891905966528
62.77423469387755,0.07349697215711475
64.00510204081633,0.07260548715985783
65.2359693877551,0.07357471821778572
66.46683673469387,0.0738257474438384
67.69770408163265,0.07356907880668982
68.92857142857143,0.07252819794511124
70.15943877551021,0.07152351625181
71.39030612244898,0.07073435868347461
72.62117346938776,0.0701204508186874
73.85204081632654,0.07170994825300593
75.0829081632653,0.07083699514288079
76.31377551020408,0.06920448411230111
77.54464285714286,0.06921474230026728
78.77551020408163,0.06868835875877398
80.0063775510204,0.06962905946113677
81.23724489795919,0.06964204076377142
82.46811224489795,0.06680166910563756
83.69897959183673,0.06748370603965913
84.92984693877551,0.06771052189252491
86.16071428571428,0.0665929782559067
87.39158163265306,0.06620658905598881
88.62244897959184,0.06583459293421498
89.8533163265306,0.06661495777650023
91.08418367346938,0.06554505561830709
92.31505102040816,0.06470528864819106
93.54591836734693,0.06464293793851594
94.77678571428571,0.06416174364930627
96.00765306122449,0.06434627836234488
97.23852040816325,0.06543375870815306
98.46938775510205,0.06656281212914017
99.70025510204081,0.06227724217850435
100.93112244897958,0.06394645458469389
102.16198979591837,0.06548907162440162
103.39285714285714,0.06673357710803991
104.62372448979592,0.062287457036484216
105.8545918367347,0.06363301904576732
107.08545918367346,0.06324927617199379
108.31632653061224,0.06588049986598722
109.54719387755102,0.06854329143589416
110.77806122448979,0.0706477022744745
112.00892857142857,0.07286027112183811
113.23979591836735,0.07508825194209011
114.47066326530611,0.0771539774663248
115.7015306122449,0.07916916768642554
116.93239795918367,0.08086613962350943
118.16326530612244,0.0821196128433656
119.39413265306122,0.0821196128433656
120.625,0.0821196128433656
60.3125,0.08418735224593624
61.54336734693877,0.08389809979778677
62.77423469387755,0.08544878607861255
64.00510204081633,0.08949725206827255
65.2359693877551,0.08403688168466077
66.46683673469387,0.08397352235275524
67.69770408163265,0.08391867083585705
68.92857142857143,0.08396422986929364
70.15943877551021,0.08403912770854631
71.39030612244898,0.08481557424150586
72.62117346938776,0.08489323321802963
73.85204081632654,0.08508936501121508
75.0829081632653,0.0833744528878712
76.31377551020408,0.08054874582478817
77.54464285714286,0.08277632708915725
78.77551020408163,0.08189976177728563
80.0063775510204,0.07888431370094266
81.23724489795919,0.0774357052790164
82.46811224489795,0.0770428506597742
83.69897959183673,0.07695792145747976
84.92984693877551,0.07603282074620678
86.16071428571428,0.07717099620918888
87.39158163265306,0.0767977100665496
88.62244897959184,0.07729957621179351
89.8533163265306,0.07473897639668503
91.08418367346938,0.0741623327313153
92.31505102040816,0.07450319037474885
93.54591836734693,0.07375959257753857
94.77678571428571,0.07504247124197976
96.00765306122449,0.07739177516685852
97.23852040816325,0.07802384892044026
98.46938775510205,0.08192238805687264
99.70025510204081,0.08464748375433272
100.93112244897958,0.08743307569205525
102.16198979591837,0.09013548582390134
103.39285714285714,0.07667198228136775
104.62372448979592,0.08266462432774223
105.8545918367347,0.0873888252462024
107.08545918367346,0.09134861085801838
108.31632653061224,0.09471272230586965
109.54719387755102,0.09786743009275095
110.77806122448979,0.10049547939238682
112.00892857142857,0.10268460421213103
113.23979591836735,0.10407475870657999
114.47066326530611,0.10446438295313043
115.7015306122449,0.10803358821669481
116.93239795918367,0.10458281515490125
118.16326530612244,0.10458281515490125
119.39413265306122,0.10458281515490125
120.625,0.10458281515490125
60.3125,0.11459192311044494
61.54336734693877,0.11521626278185465
62.77423469387755,0.11594799676639717
64.00510204081633,0.11363368578953936
65.2359693877551,0.11387745591749644
66.46683673469387,0.11427556675023903
67.69770408163265,0.11454396923140175
68.92857142857143,0.11454353795754033
70.15943877551021,0.1166003183195598
71.39030612244898,0.11347852322879493
72.62117346938776,0.11320747342536051
73.85204081632654,0.11464991606667624
75.0829081632653,0.10957051731889636
76.31377551020408,0.10896611947904486
77.54464285714286,0.10783168259081298
78.77551020408163,0.10734894098811071
80.0063775510204,0.107118299305792
81.23724489795919,0.10646674509713927
82.46811224489795,0.10758269134878812
83.69897959183673,0.10653579452273133
84.92984693877551,0.1085167005553579
86.16071428571428,0.10789485994623384
87.39158163265306,0.10914017564042139
88.62244897959184,0.10728753770232707
89.8533163265306,0.10856077976384647
91.08418367346938,0.11237918264014235
92.31505102040816,0.1130672062957623
93.54591836734693,0.11589231925629692
94.77678571428571,0.11844890356968002
96.00765306122449,0.12095896915987815
97.23852040816325,0.12317794469453111
98.46938775510205,0.11725022044974014
99.70025510204081,0.12069358766040626
100.93112244897958,0.1237662125637013
102.16198979591837,0.12626850311767843
103.39285714285714,0.12882269770679602
104.62372448979592,0.13067460222675623
105.8545918367347,0.13224124521279002
107.08545918367346,0.1332786528665497
108.31632653061224,0.13380708646119074
109.54719387755102,0.13409429413994683
110.77806122448979,0.13489983444100168
112.00892857142857,0.13489983444100168
113.23979591836735,0.13489983444100168
114.47066326530611,0.13489983444100168
115.7015306122449,0.13489983444100168
116.93239795918367,0.13489983444100168
118.16326530612244,0.13489983444100168
119.39413265306122,0.13489983444100168
120.625,0.13489983444100168
60.3125,0.09958257964272421
61.54336734693877,0.09811023507539729
62.77423469387755,0.09812846111184585
64.00510204081633,0.09782591796165233
65.2359693877551,0.097755905164964
66.46683673469387,0.09601491186714878
67.69770408163265,0.09171320836939394
68.92857142857143,0.09087075936908658
70.15943877551021,0.09092040027303094
71.39030612244898,0.09096638424305709
72.62117346938776,0.09097758607667393
73.85204081632654,0.09095154678103387
75.0829081632653,0.09085873913792697
76.31377551020408,0.09301669786909177
77.54464285714286,0.0937659511357429
78.77551020408163,0.09206012651124336
80.0063775510204,0.08808792685732553
81.23724489795919,0.08776695176834397
82.46811224489795,0.08767421534250594
83.69897959183673,0.08909239636607606
84.92984693877551,0.08971393074222758
86.16071428571428,0.09217183207692849
87.39158163265306,0.092488712223509
88.62244897959184,0.09238185405978411
89.8533163265306,0.09196368814771776
91.08418367346938,0.09153176608024367
92.31505102040816,0.0914394463772943
93.54591836734693,0.09074345910368596
94.77678571428571,0.09320561424884163
96.00765306122449,0.09707441687919999
97.23852040816325,0.09379918031696774
98.46938775510205,0.09808955019087898
99.70025510204081,0.1024096472225892
100.93112244897958,0.09603658588760763
102.16198979591837,0.09929861483300298
103.39285714285714,0.1048511172434324
104.62372448979592,0.10999813807342976
105.8545918367347,0.11340604623388488
107.08545918367346,0.11702852483214987
108.31632653061224,0.11965134959395819
109.54719387755102,0.12214364679738263
110.77806122448979,0.12357398395630464
112.00892857142857,0.12371923246234122
113.23979591836735,0.12306201606055862
114.47066326530611,0.12272829779421462
115.7015306122449,0.12272829779421462
116.93239795918367,0.12272829779421462
118.16326530612244,0.12272829779421462
119.39413265306122,0.12272829779421462
120.625,0.12272829779421462
60.3125,0.10508361978223475
61.54336734693877,0.10524462226092207
62.77423469387755,0.10381686939878873
64.00510204081633,0.09442153315174348
65.2359693877551,0.09442152857946502
66.46683673469387,0.09327539745746845
67.69770408163265,0.09229508829783728
68.92857142857143,0.09165757893579812
70.15943877551021,0.09218164686428332
71.39030612244898,0.0912298398172443
72.62117346938776,0.09062216773196309
73.85204081632654,0.09054579642604015
75.0829081632653,0.08894309406057452
76.31377551020408,0.09131453432458257
77.54464285714286,0.08865877482835836
78.77551020408163,0.08995495174003229
80.0063775510204,0.09118167829643149
81.23724489795919,0.08848382621663779
82.46811224489795,0.09052219333157276
83.69897959183673,0.0922519919195036
84.92984693877551,0.09120555026650225
86.16071428571428,0.0924406381325922
87.39158163265306,0.0928139907215167
88.62244897959184,0.08966857444873179
89.8533163265306,0.08802737229128667
91.08418367346938,0.08789370071108556
92.31505102040816,0.08798524020022284
93.54591836734693,0.08916470468197094
94.77678571428571,0.08656248383006578
96.00765306122449,0.08827183396705517
97.23852040816325,0.09012786390531692
98.46938775510205,0.09130403633738719
99.70025510204081,0.0930004895385081
100.93112244897958,0.09415390082616018
102.16198979591837,0.09375584002809383
103.39285714285714,0.09491270684253962
104.62372448979592,0.09626164050389811
105.8545918367347,0.09765411233486283
107.08545918367346,0.09916159863995197
108.31632653061224,0.10035540519103378
109.54719387755102,0.1016427318832149
110.77806122448979,0.1024411750055709
112.00892857142857,0.10250754549175943
113.23979591836735,0.10173455647648971
114.47066326530611,0.10624340084007965
115.7015306122449,0.09985470224990436
116.93239795918367,0.09985470224990436
118.16326530612244,0.09985470224990436
119.39413265306122,0.09985470224990436
120.625,0.09985470224990436
60.3125,0.11927419563597011
61.54336734693877,0.11933376405031651
62.77423469387755,0.11912451464691075
64.00510204081633,0.11701719109682923
65.2359693877551,0.11693122744643314
66.46683673469387,0.11648595668917139
67.69770408163265,0.11337595402044856
68.92857142857143,0.11322375620888651
70.15943877551021,0.1121037772407166
71.39030612244898,0.1112073218153502
72.62117346938776,0.1100404173015514
73.85204081632654,0.10973939047708785
75.0829081632653,0.10872041218757444
76.31377551020408,0.11037653383062744
77.54464285714286,0.10203308658546689
78.77551020408163,0.10182215469965737
80.0063775510204,0.09936862851321396
81.23724489795919,0.10318619518033585
82.46811224489795,0.10233543484741152
83.69897959183673,0.09656881531660137
84.92984693877551,0.10662841657988335
86.16071428571428,0.10310521590987963
87.39158163265306,0.10477780868139472
88.62244897959184,0.10579294119718165
89.8533163265306,0.087426475229864
91.08418367346938,0.0834973365502046
92.31505102040816,0.08249293907527037
93.54591836734693,0.08169223815032363
94.77678571428571,0.07936642358632472
96.00765306122449,0.0791509297092072
97.23852040816325,0.08225214293671183
98.46938775510205,0.08189967035941659
99.70025510204081,0.08443996635522386
100.93112244897958,0.08854536382949035
102.16198979591837,0.09237011623466149
103.39285714285714,0.08756306711346223
104.62372448979592,0.09039638083757484
105.8545918367347,0.09320110368301676
107.08545918367346,0.09767340209407319
108.31632653061224,0.10086764288988469
109.54719387755102,0.10477047153652164
110.77806122448979,0.10745032300305464
112.00892857142857,0.1107268097877903
113.23979591836735,0.11319127483844288
114.47066326530611,0.11469202891222181
115.7015306122449,0.11880139655321283
116.93239795918367,0.11574488322261896
118.16326530612244,0.11574488322261896
119.39413265306122,0.11574488322261896
120.625,0.11574488322261896
60.3125,0.09987254675394899
61.54336734693877,0.09962198512940681
62.77423469387755,0.09804830010360832
64.00510204081633,0.10012178980842386
65.2359693877551,0.10012177226138426
66.46683673469387,0.09999451381150645
67.69770408163265,0.09935050047325521
68.92857142857143,0.09800374714565403
70.15943877551021,0.09656267719831198
71.39030612244898,0.09510389776734687
72.62117346938776,0.09531926412991908
73.85204081632654,0.09304460936105934
75.0829081632653,0.09113727272043924
76.31377551020408,0.09031271561362779
77.54464285714286,0.09066912569567288
78.77551020408163,0.0889895745380242
80.0063775510204,0.08877945155168848
81.23724489795919,0.08539646275772925
82.46811224489795,0.08497231688123577
83.69897959183673,0.08465643738507397
84.92984693877551,0.08472691016318419
86.16071428571428,0.08433014371842415
87.39158163265306,0.0843224346257811
88.62244897959184,0.08379291080898656
89.8533163265306,0.08343410774583754
91.08418367346938,0.08136202215963366
92.31505102040816,0.08140307653824885
93.54591836734693,0.08041374094574827
94.77678571428571,0.07956797533984182
96.00765306122449,0.08090687493584965
97.23852040816325,0.08360502972280301
98.46938775510205,0.08714644450110359
99.70025510204081,0.08281958410750956
100.93112244897958,0.08730759229560404
102.16198979591837,0.09144131943987265
103.39285714285714,0.09516110709934832
104.62372448979592,0.08370287004891216
105.8545918367347,0.0872021948974941
107.08545918367346,0.09271808106115605
108.31632653061224,0.09709855210637935
109.54719387755102,0.10174306912314954
110.77806122448979,0.10489764134781711
112.00892857142857,0.10863706904171903
113.23979591836735,0.11173562704485988
114.47066326530611,0.11330451610232425
115.7015306122449,0.1132597288795013
116.93239795918367,0.11261731796097296
118.16326530612244,0.11261731796097296
119.39413265306122,0.11261731796097296
120.625,0.11261731796097296
60.3125,0.08304221633427555
61.54336734693877,0.08129821987541071
62.77423469387755,0.08098947270433807
64.00510204081633,0.08097392496656422
65.2359693877551,0.07783114697348334
66.46683673469387,0.07790473262012962
67.69770408163265,0.07757718708208322
68.92857142857143,0.07799817623165028
70.15943877551021,0.07760166349883853
71.39030612244898,0.0776863375816143
72.62117346938776,0.07778781026756268
73.85204081632654,0.07781123892026884
75.0829081632653,0.07765904760475084
76.31377551020408,0.07962668128730228
77.54464285714286,0.07755437365150386
78.77551020408163,0.07733115146026506
80.0063775510204,0.07597963071482748
81.23724489795919,0.07607269055469935
82.46811224489795,0.07419974737676258
83.69897959183673,0.07545632133665077
84.92984693877551,0.07410917805110954
86.16071428571428,0.07255583674659918
87.39158163265306,0.07238059328167483
88.62244897959184,0.07151176484279123
89.8533163265306,0.07168008747453052
91.08418367346938,0.0709938417615221
92.31505102040816,0.07332434329623941
93.54591836734693,0.07213070449964655
94.77678571428571,0.0718052454738006
96.00765306122449,0.06989798057617135
97.23852040816325,0.07015356335479202
98.46938775510205,0.07079298052767541
99.70025510204081,0.06473000470203925
100.93112244897958,0.06765437686449391
102.16198979591837,0.06896561043249426
103.39285714285714,0.07016947432688439
104.62372448979592,0.07141173936414333
105.8545918367347,0.07262474058125347
107.08545918367346,0.06870780768089443
108.31632653061224,0.07064408599626042
109.54719387755102,0.07269310959911639
110.77806122448979,0.07464787645413719
112.00892857142857,0.07647933574601233
113.23979591836735,0.0785052868997621
114.47066326530611,0.08011522358883523
115.7015306122449,0.0816845363795628
116.93239795918367,0.0830759009383795
118.16326530612244,0.0842158547271289
119.39413265306122,0.08569072277557593
120.625,0.08569072277557593
60.3125,0.12464610660049473
61.54336734693877,0.12664103934347581
62.77423469387755,0.12668568183075243
64.00510204081633,0.127186615906162
65.2359693877551,0.1268098572737002
66.46683673469387,0.123269760154242
67.69770408163265,0.12296552594625633
68.92857142857143,0.12306812644655125
70.15943877551021,0.12345656023838
71.39030612244898,0.1231433742498196
72.62117346938776,0.12117542629830201
73.85204081632654,0.1244447895186714
75.0829081632653,0.11982524761648936
76.31377551020408,0.11670990104168566
77.54464285714286,0.11894170753420318
78.77551020408163,0.11339688240945045
80.0063775510204,0.10881168200995188
81.23724489795919,0.12405559714710236
82.46811224489795,0.12201491642090379
83.69897959183673,0.11986270460177303
84.92984693877551,0.11923962494650044
86.16071428571428,0.12567041729100414
87.39158163265306,0.10802045798313649
88.62244897959184,0.10101287655029176
89.8533163265306,0.09835838363130509
91.08418367346938,0.09705063219823978
92.31505102040816,0.0966211769080952
93.54591836734693,0.09621239491992246
94.77678571428571,0.096283868146116
96.00765306122449,0.09401625002032671
97.23852040816325,0.09511783774147196
98.46938775510205,0.09662747372251428
99.70025510204081,0.09677352074149158
100.93112244897958,0.09869471737098183
102.16198979591837,0.10116143875881288
103.39285714285714,0.10332399219792977
104.62372448979592,0.10565304308091106
105.8545918367347,0.10773053457875721
107.08545918367346,0.10994711461258887
108.31632653061224,0.11170540422013026
109.54719387755102,0.1135016957303033
110.77806122448979,0.1146350612723423
112.00892857142857,0.11481596956264681
113.23979591836735,0.11408168260815173
114.47066326530611,0.11509324030689283
115.7015306122449,0.11301808463143526
116.93239795918367,0.11301808463143526
118.16326530612244,0.11301808463143526
119.39413265306122,0.11301808463143526
120.625,0.11301808463143526
60.3125,0.11301587960681089
61.54336734693877,0.11356564099200635
62.77423469387755,0.11500335103063473
64.00510204081633,0.11526436604147605
65.2359693877551,0.11610595265547037
66.46683673469387,0.1146216943162547
67.69770408163265,0.11482733206616628
68.92857142857143,0.11504299582157657
70.15943877551021,0.11523913913461632
71.39030612244898,0.11527743647690472
72.62117346938776,0.1168298504785001
73.85204081632654,0.11616858483789526
75.0829081632653,0.11226956093054419
76.31377551020408,0.10185646765449573
77.54464285714286,0.11109169841748273
78.77551020408163,0.11118072087214141
80.0063775510204,0.10771940088814572
81.23724489795919,0.10761414099681445
82.46811224489795,0.1046826993719267
83.69897959183673,0.1042443526576517
84.92984693877551,0.10063014363117416
86.16071428571428,0.10007645055158114
87.39158163265306,0.09413547503755122
88.62244897959184,0.092067001152225
89.8533163265306,0.08843813947986892
91.08418367346938,0.08843387559167472
92.31505102040816,0.0880050157326114
93.54591836734693,0.08660035424098544
94.77678571428571,0.08797921097721705
96.00765306122449,0.09040863367593001
97.23852040816325,0.09092737072711525
98.46938775510205,0.09421469652831256
99.70025510204081,0.09695262032174648
100.93112244897958,0.09909660757392195
102.16198979591837,0.08991794084436909
103.39285714285714,0.08881794228987205
104.62372448979592,0.09440657534169614
105.8545918367347,0.10077901674672608
107.08545918367346,0.10496944858177426
108.31632653061224,0.10932349679809178
109.54719387755102,0.11273575550371684
110.77806122448979,0.11604132709333718
112.00892857142857,0.11842058804083924
113.23979591836735,0.1193283342897145
114.47066326530611,0.11957846431718165
115.7015306122449,0.11957846431718165
116.93239795918367,0.11957846431718165
118.16326530612244,0.11957846431718165
119.39413265306122,0.11957846431718165
120.625,0.11957846431718165
60.3125,0.06369642248702381
61.54336734693877,0.06379256997004626
62.77423469387755,0.0636903968481851
64.00510204081633,0.06365082796752966
65.2359693877551,0.06362466856207039
66.46683673469387,0.06339014559072463
67.69770408163265,0.06194647879410796
68.92857142857143,0.061633728374518415
70.15943877551021,0.06257769163708544
71.39030612244898,0.06256869907871714
72.62117346938776,0.06235004164093098
73.85204081632654,0.06171256481072795
75.0829081632653,0.060986866373999575
76.31377551020408,0.06028201717011876
77.54464285714286,0.06478958038422837
78.77551020408163,0.06589080529121852
80.0063775510204,0.0666120291409336
81.23724489795919,0.06725983447719013
82.46811224489795,0.06518313173121022
83.69897959183673,0.06500939929126388
84.92984693877551,0.06425301535080197
86.16071428571428,0.06361692805779905
87.39158163265306,0.063505221329277
88.62244897959184,0.06250579159385246
89.8533163265306,0.06293744779634154
91.08418367346938,0.062200344669351905
92.31505102040816,0.061533923723313094
93.54591836734693,0.060588297220975175
94.77678571428571,0.05906754800166326
96.00765306122449,0.057973410570613865
97.23852040816325,0.05653772931253476
98.46938775510205,0.05648300417556495
99.70025510204081,0.05468477616735727
100.93112244897958,0.054880114172082994
102.16198979591837,0.056509205522879656
103.39285714285714,0.05627448149519333
104.62372448979592,0.055986958016924174
105.8545918367347,0.057017951203533895
107.08545918367346,0.05817860041693465
108.31632653061224,0.0584257297119973
109.54719387755102,0.06006523661946631
110.77806122448979,0.06150702022998813
112.00892857142857,0.06310970291609758
113.23979591836735,0.0647248582016581
114.47066326530611,0.0663854850425815
115.7015306122449,0.06797619836211329
116.93239795918367,0.06954260975224569
118.16326530612244,0.07074029868891676
119.39413265306122,0.07081490852587558
120.625,0.07018590363678837
60.3125,0.07787023381306253
61.54336734693877,0.07660526196001374
62.77423469387755,0.07855911827256179
64.00510204081633,0.07878366012929491
65.2359693877551,0.07991140630512693
66.46683673469387,0.08008449619466462
67.69770408163265,0.07980928287440835
68.92857142857143,0.07968165012997826
70.15943877551021,0.07962179656060164
71.39030612244898,0.07879781796401096
72.62117346938776,0.07843190385643131
73.85204081632654,0.07748828526890716
75.0829081632653,0.07700059919970242
76.31377551020408,0.07687434193838352
77.54464285714286,0.07856016730758664
78.77551020408163,0.07740614353872444
80.0063775510204,0.0780903915428155
81.23724489795919,0.08162076244289633
82.46811224489795,0.08366997365107985
83.69897959183673,0.08356445941903454
84.92984693877551,0.08217975569471193
86.16071428571428,0.08166597650927195
87.39158163265306,0.082780941328341
88.62244897959184,0.08136106104172595
89.8533163265306,0.08192672244227314
91.08418367346938,0.07691277657346714
92.31505102040816,0.0750947227410009
93.54591836734693,0.0758556067123715
94.77678571428571,0.07546318213138195
96.00765306122449,0.08062376803224515
97.23852040816325,0.07878490116650057
98.46938775510205,0.08148594692086997
99.70025510204081,0.08382553815077919
100.93112244897958,0.08607275693709353
102.16198979591837,0.07934815765633445
103.39285714285714,0.07844505405090475
104.62372448979592,0.08101726050298988
105.8545918367347,0.08402832836134921
107.08545918367346,0.08847869535410444
108.31632653061224,0.09232988545277684
109.54719387755102,0.09574600948834554
110.77806122448979,0.09902319013762627
112.00892857142857,0.10187021261508925
113.23979591836735,0.10419012377623454
114.47066326530611,0.10523315882455342
115.7015306122449,0.10926858570043724
116.93239795918367,0.10510769017699363
118.16326530612244,0.10510769017699363
119.39413265306122,0.10510769017699363
120.625,0.10510769017699363
60.3125,0.10591638797193115
61.54336734693877,0.1084098986904915
62.77423469387755,0.10825004716411875
64.00510204081633,0.11251693115369472
65.2359693877551,0.1128272381030833
66.46683673469387,0.11307301276456898
67.69770408163265,0.10543715612057951
68.92857142857143,0.10582184136707541
70.15943877551021,0.10572419199948935
71.39030612244898,0.10577982765128285
72.62117346938776,0.10557706891222357
73.85204081632654,0.1057636786844997
75.0829081632653,0.10552256335151178
76.31377551020408,0.10515995054473562
77.54464285714286,0.10077575038717233
78.77551020408163,0.09913310628757598
80.0063775510204,0.09472462753758788
81.23724489795919,0.09318952042526307
82.46811224489795,0.10385994372113234
83.69897959183673,0.10409574860516442
84.92984693877551,0.10291277010921157
86.16071428571428,0.10338127208533358
87.39158163265306,0.10218796366274183
88.62244897959184,0.1005043548767241
89.8533163265306,0.0918111989500225
91.08418367346938,0.08873472655804975
92.31505102040816,0.08290346037472414
93.54591836734693,0.08129577660465243
94.77678571428571,0.080233640633125
96.00765306122449,0.08440108347627055
97.23852040816325,0.08138911125150217
98.46938775510205,0.0821352860937151
99.70025510204081,0.08345510932575863
100.93112244897958,0.08480900573055296
102.16198979591837,0.08619725751069257
103.39285714285714,0.08150507143048634
104.62372448979592,0.08212592587916834
105.8545918367347,0.08348790050891726
107.08545918367346,0.08551658191946203
108.31632653061224,0.08732575512768927
109.54719387755102,0.08930365440431315
110.77806122448979,0.09135106060754047
112.00892857142857,0.09314956862997617
113.23979591836735,0.09490846844978992
114.47066326530611,0.09625378926800499
115.7015306122449,0.09692750944592568
116.93239795918367,0.09758136337959536
118.16326530612244,0.09758136337959536
119.39413265306122,0.09758136337959536
120.625,0.09758136337959536
60.3125,0.12134388145211454
61.54336734693877,0.12170268308537291
62.77423469387755,0.12156422318782205
64.00510204081633,0.12095565179023912
65.2359693877551,0.11998801031682513
66.46683673469387,0.1188543028284523
67.69770408163265,0.11820835294009316
68.92857142857143,0.1211519712822271
70.15943877551021,0.12106247924917837
71.39030612244898,0.12068856163678666
72.62117346938776,0.11799322067475457
73.85204081632654,0.11737058080474531
75.0829081632653,0.11772460327593469
76.31377551020408,0.11721084297052317
77.54464285714286,0.11721954382529977
78.77551020408163,0.11650795140707512
80.0063775510204,0.11655454303054893
81.23724489795919,0.11413293416025455
82.46811224489795,0.1157333354384719
83.69897959183673,0.11704647262382065
84.92984693877551,0.11718130460116502
86.16071428571428,0.11758589515647913
87.39158163265306,0.11633102645419154
88.62244897959184,0.11864320348401851
89.8533163265306,0.12218161997571544
91.08418367346938,0.12415771968662996
92.31505102040816,0.12589285831742864
93.54591836734693,0.12776202570767656
94.77678571428571,0.12146035816909334
96.00765306122449,0.12023187697595689
97.23852040816325,0.12344447331373364
98.46938775510205,0.1288482879625812
99.70025510204081,0.13248528620894465
100.93112244897958,0.13493921343846377
102.16198979591837,0.13771123151068343
103.39285714285714,0.13998582350309907
104.62372448979592,0.14230589902017357
105.8545918367347,0.14379509250598482
107.08545918367346,0.14460428948969167
108.31632653061224,0.14460428948969167
109.54719387755102,0.14460428948969167
110.77806122448979,0.14460428948969167
112.00892857142857,0.14460428948969167
113.23979591836735,0.14460428948969167
114.47066326530611,0.14460428948969167
115.7015306122449,0.14460428948969167
116.93239795918367,0.14460428948969167
118.16326530612244,0.14460428948969167
119.39413265306122,0.14460428948969167
120.625,0.14460428948969167
60.3125,0.1024245453739627
61.54336734693877,0.10133059379163788
62.77423469387755,0.09899845590361395
64.00510204081633,0.09870716535611927
65.2359693877551,0.0987828377268406
66.46683673469387,0.09760695306588014
67.69770408163265,0.09749780158548761
68.92857142857143,0.09757671669978428
70.15943877551021,0.09766802014898048
71.39030612244898,0.09773667100514048
72.62117346938776,0.09680303819251318
73.85204081632654,0.09621123117824534
75.0829081632653,0.09524587368671464
76.31377551020408,0.09485640077390094
77.54464285714286,0.09539953138137944
78.77551020408163,0.09579372661637127
80.0063775510204,0.09294671067275537
81.23724489795919,0.08944635322917605
82.46811224489795,0.08929204046885725
83.69897959183673,0.08976218678989331
84.92984693877551,0.08139504791784247
86.16071428571428,0.09548975258668288
87.39158163265306,0.06804223583697992
88.62244897959184,0.094993653688538
89.8533163265306,0.0896285231209149
91.08418367346938,0.08807999538752907
92.31505102040816,0.08878439813984587
93.54591836734693,0.07836132666092069
94.77678571428571,0.06625901002602474
96.00765306122449,0.0660114978591016
97.23852040816325,0.05631478419327321
98.46938775510205,0.05532867659186378
99.70025510204081,0.0553332814718842
100.93112244897958,0.05560791611677989
102.16198979591837,0.054827068341078464
103.39285714285714,0.05451652060253764
104.62372448979592,0.055589627980977
105.8545918367347,0.05712181500999244
107.08545918367346,0.05910153633114599
108.31632653061224,0.05805204112875385
109.54719387755102,0.05859153887903769
110.77806122448979,0.06055509163062392
112.00892857142857,0.06274960117619298
113.23979591836735,0.06493936341368023
114.47066326530611,0.06710013610983404
115.7015306122449,0.0693533969009595
116.93239795918367,0.07140683633222758
118.16326530612244,0.0735029322033014
119.39413265306122,0.07529226556926513
120.625,0.07783272593795201
60.3125,0.092983354608624
61.54336734693877,0.09288976900616146
62.77423469387755,0.09550597805798154
64.00510204081633,0.0954934119101265
65.2359693877551,0.09547262350357286
66.46683673469387,0.09504249008155188
67.69770408163265,0.0944702646275218
68.92857142857143,0.09378532243594478
70.15943877551021,0.09306474032628598
71.39030612244898,0.09230389378532722
72.62117346938776,0.09154196318846915
73.85204081632654,0.09224321767311983
75.0829081632653,0.0924267766611628
76.31377551020408,0.0912506485824029
77.54464285714286,0.09173084103551861
78.77551020408163,0.0904716666318192
80.0063775510204,0.08905768042731355
81.23724489795919,0.0898448031802909
82.46811224489795,0.08905961490898964
83.69897959183673,0.0892256936512119
84.92984693877551,0.0887329082913677
86.16071428571428,0.08658122092874267
87.39158163265306,0.08664459311169091
88.62244897959184,0.08496494769447178
89.8533163265306,0.08743822112226252
91.08418367346938,0.08678991471463575
92.31505102040816,0.08549206827381453
93.54591836734693,0.0842352720262753
94.77678571428571,0.08382798377676173
96.00765306122449,0.08456935037738988
97.23852040816325,0.08318909732737964
98.46938775510205,0.08596686616131409
99.70025510204081,0.08842131003782071
100.93112244897958,0.09084393963438785
102.16198979591837,0.0944399078321582
103.39285714285714,0.08358740223892201
104.62372448979592,0.08632010714939284
105.8545918367347,0.08843061519111978
107.08545918367346,0.09257462756577554
108.31632653061224,0.09588544486603154
109.54719387755102,0.0994240670140419
110.77806122448979,0.10256430163725791
112.00892857142857,0.10546573110586224
113.23979591836735,0.10824252816474085
114.47066326530611,0.11020843014074543
115.7015306122449,0.11133711035090488
116.93239795918367,0.11133711035090488
118.16326530612244,0.11133711035090488
119.39413265306122,0.11133711035090488
120.625,0.11133711035090488
60.3125,0.10107989296657742
61.54336734693877,0.10128492680149262
62.77423469387755,0.10131992161166334
64.00510204081633,0.10108928600928355
65.2359693877551,0.09569422462964161
66.46683673469387,0.0987953588506361
67.69770408163265,0.10318033629346626
68.92857142857143,0.09570020070175832
70.15943877551021,0.08586187942683325
71.39030612244898,0.08164628358047292
72.62117346938776,0.07972436846496768
73.85204081632654,0.07433380792231176
75.0829081632653,0.0745506675447918
76.31377551020408,0.07764650520269552
77.54464285714286,0.0782116119655444
78.77551020408163,0.07922097465315903
80.0063775510204,0.07859252549508536
81.23724489795919,0.07940383648015005
82.46811224489795,0.07928800463521168
83.69897959183673,0.07971870319428509
84.92984693877551,0.08075001564128809
86.16071428571428,0.07964503813360677
87.39158163265306,0.08536981400870758
88.62244897959184,0.08132894478361163
89.8533163265306,0.07805175495451655
91.08418367346938,0.07674730900386295
92.31505102040816,0.0747901110139255
93.54591836734693,0.07181836390242662
94.77678571428571,0.07335095100572246
96.00765306122449,0.07472415216114284
97.23852040816325,0.07705640566341783
98.46938775510205,0.0762178974778026
99.70025510204081,0.07782645548303582
100.93112244897958,0.07950951548962136
102.16198979591837,0.08150381206917706
103.39285714285714,0.07658685349560973
104.62372448979592,0.07732443425166129
105.8545918367347,0.08201855763485788
107.08545918367346,0.08548329109200861
108.31632653061224,0.08791512366998659
109.54719387755102,0.09078064375739539
110.77806122448979,0.0929762895091222
112.00892857142857,0.09514471290281541
113.23979591836735,0.09695190045960972
114.47066326530611,0.0979627491757737
115.7015306122449,0.0972111259162735
116.93239795918367,0.09750668336505314
118.16326530612244,0.09660638186287893
119.39413265306122,0.09660638186287893
120.625,0.09660638186287893
60.3125,0.07748462939413706
61.54336734693877,0.07678425461628206
62.77423469387755,0.07446814070616409
64.00510204081633,0.07419400772163527
65.2359693877551,0.0744378520160169
66.46683673469387,0.07228765696120962
67.69770408163265,0.07027228559904342
68.92857142857143,0.07036096883042804
70.15943877551021,0.06984518708000059
71.39030612244898,0.06864266398985863
72.62117346938776,0.0688223352074015
73.85204081632654,0.06729387824998555
75.0829081632653,0.06701115310879374
76.31377551020408,0.06729109622796862
77.54464285714286,0.06611218332035206
78.77551020408163,0.06429668119455711
80.0063775510204,0.0661332202091829
81.23724489795919,0.06495421006931136
82.46811224489795,0.06356834125891932
83.69897959183673,0.062441966090120114
84.92984693877551,0.060964700450242736
86.16071428571428,0.0611623884167313
87.39158163265306,0.061227195586108896
88.62244897959184,0.06037763729339084
89.8533163265306,0.06019659693986176
91.08418367346938,0.0598073910887152
92.31505102040816,0.060517077117682776
93.54591836734693,0.06032834847270076
94.77678571428571,0.06083631908185532
96.00765306122449,0.06098807070334805
97.23852040816325,0.061839504137601746
98.46938775510205,0.06373178271709609
99.70025510204081,0.06258784618792558
100.93112244897958,0.06339163929359766
102.16198979591837,0.06469516086052167
103.39285714285714,0.06632571275512722
104.62372448979592,0.06637996712545882
105.8545918367347,0.06784551499977325
107.08545918367346,0.06966176886499023
108.31632653061224,0.07161082091217967
109.54719387755102,0.0735975654409874
110.77806122448979,0.0754626255244637
112.00892857142857,0.07756886876648822
113.23979591836735,0.07938061826709138
114.47066326530611,0.08127144327244482
115.7015306122449,0.08319192875820884
116.93239795918367,0.08463170605949835
118.16326530612244,0.08543614445300984
119.39413265306122,0.08543614445300984
120.625,0.08543614445300984
60.3125,0.07169382638641077
61.54336734693877,0.0711571936454685
62.77423469387755,0.06972286179692744
64.00510204081633,0.0697798400185266
65.2359693877551,0.06871395969347378
66.46683673469387,0.06780280015518331
67.69770408163265,0.06655482791219752
68.92857142857143,0.06607894106809224
70.15943877551021,0.06451779379453619
71.39030612244898,0.06353099373073828
72.62117346938776,0.06514028923981696
73.85204081632654,0.06212084517897452
75.0829081632653,0.06054433333463188
76.31377551020408,0.05917248040841519
77.54464285714286,0.05823235041460552
78.77551020408163,0.05818474218076796
80.0063775510204,0.05936803317397061
81.23724489795919,0.05939570352906117
82.46811224489795,0.05710219162497634
83.69897959183673,0.054170507772522226
84.92984693877551,0.053650093969262846
86.16071428571428,0.05453895464090589
87.39158163265306,0.053034894330566934
88.62244897959184,0.052918124768167984
89.8533163265306,0.05377515873023744
91.08418367346938,0.05351089524779234
92.31505102040816,0.05513645434881706
93.54591836734693,0.05356202440262589
94.77678571428571,0.05269656099093379
96.00765306122449,0.052728120070180906
97.23852040816325,0.053258158540543145
98.46938775510205,0.054223863992570974
99.70025510204081,0.0558228254493137
100.93112244897958,0.0567669752503559
102.16198979591837,0.060292806431199095
103.39285714285714,0.06305020545098629
104.62372448979592,0.06574894230242596
105.8545918367347,0.059942575695917176
107.08545918367346,0.0621829870636973
108.31632653061224,0.06468590075120723
109.54719387755102,0.06819641353935159
110.77806122448979,0.07115953453596688
112.00892857142857,0.07376646821346276
113.23979591836735,0.07619965959259335
114.47066326530611,0.07819846146946148
115.7015306122449,0.07983426750783587
116.93239795918367,0.08074232709009078
118.16326530612244,0.08095157595525744
119.39413265306122,0.08570168268729554
120.625,0.0808920640130005
60.3125,2.1540516860933936
61.54336734693877,2.153713924496863
62.77423469387755,2.1521052427732235
64.00510204081633,2.15244421446336
65.2359693877551,2.1528206460077564
66.46683673469387,2.1474034083035227
67.69770408163265,2.1153502605140737
68.92857142857143,2.0278419183732908
70.15943877551021,1.9476532673362665
71.39030612244898,1.8699040647071137
72.62117346938776,1.7856920634264117
73.85204081632654,2.1437745409354756
75.0829081632653,1.5740387886041682
76.31377551020408,1.5789338139997349
77.54464285714286,1.956285975549646
78.77551020408163,1.8596229940369375
80.0063775510204,1.4874697516259647
81.23724489795919,1.3097757246197967
82.46811224489795,1.8539505223241473
83.69897959183673,1.8824819969285438
84.92984693877551,0.9982481006089915
86.16071428571428,0.8412523040902425
87.39158163265306,0.4107147329262998
88.62244897959184,0.32331678340322023
89.8533163265306,0.06580867561719142
91.08418367346938,0.06479867301630324
92.31505102040816,0.06772349445208474
93.54591836734693,0.07058077458795525
94.77678571428571,0.06378372941125986
96.00765306122449,0.09694815050558486
97.23852040816325,0.06490619256544028
98.46938775510205,0.05997674409735097
99.70025510204081,0.06153497317019408
100.93112244897958,0.058653816418982624
102.16198979591837,0.059452989183536274
103.39285714285714,0.06095284676048033
104.62372448979592,0.06253127881992854
105.8545918367347,0.05813970907630944
107.08545918367346,0.05824779381376919
108.31632653061224,0.056264333773493595
109.54719387755102,0.058493274036438385
110.77806122448979,0.061197714079393374
112.00892857142857,0.06342849550810058
113.23979591836735,0.0660186628627367
114.47066326530611,0.0684845025319989
115.7015306122449,0.07080170314945396
116.93239795918367,0.07293913406211579
118.16326530612244,0.07452439317089307
119.39413265306122,0.07528859761103722
120.625,0.07564282938043702
60.3125,0.08911418588651834
61.54336734693877,0.09435774806877117
62.77423469387755,0.08520223118720521
64.00510204081633,0.08551897334636699
65.2359693877551,0.08522628931971062
66.46683673469387,0.08782953477142881
67.69770408163265,0.08534320419723582
68.92857142857143,0.08517430813681094
70.15943877551021,0.08535594666941222
71.39030612244898,0.08744005401910471
72.62117346938776,0.0869937719623203
73.85204081632654,0.08575243019400687
75.0829081632653,0.0844519546236004
76.31377551020408,0.08446094604694526
77.54464285714286,0.0840509241584253
78.77551020408163,0.08480981633854026
80.0063775510204,0.08387667874835163
81.23724489795919,0.08173051292899353
82.46811224489795,0.08063177941581631
83.69897959183673,0.08117790986973658
84.92984693877551,0.08215253239056017
86.16071428571428,0.08183932482751582
87.39158163265306,0.0809032511237129
88.62244897959184,0.07930048570619803
89.8533163265306,0.07830579340383186
91.08418367346938,0.0763484414074966
92.31505102040816,0.07877075144827803
93.54591836734693,0.07990600079086385
94.77678571428571,0.0812696223993639
96.00765306122449,0.08474330870976363
97.23852040816325,0.07826620329564872
98.46938775510205,0.08452555055481734
99.70025510204081,0.08894441227072049
100.93112244897958,0.09271246543101941
102.16198979591837,0.09597951909423191
103.39285714285714,0.08598875039833596
104.62372448979592,0.09148463867150686
105.8545918367347,0.09589663614408654
107.08545918367346,0.09970416769622673
108.31632653061224,0.10297418336041438
109.54719387755102,0.10616844477790177
110.77806122448979,0.10854221224878405
112.00892857142857,0.11083133319788388
113.23979591836735,0.11231844163894371
114.47066326530611,0.11323994805968317
115.7015306122449,0.11496838437782415
116.93239795918367,0.1144405291439404
118.16326530612244,0.1144405291439404
119.39413265306122,0.1144405291439404
120.625,0.1144405291439404
60.3125,0.09022619734613356
61.54336734693877,0.08759308351411406
62.77423469387755,0.08811620308821091
64.00510204081633,0.08843062151558229
65.2359693877551,0.09789644794913285
66.46683673469387,0.0891720891367259
67.69770408163265,0.08749259467403529
68.92857142857143,0.08550964172506569
70.15943877551021,0.08429079577097576
71.39030612244898,0.08407331727237505
72.62117346938776,0.08761027438877562
73.85204081632654,0.0877922205292567
75.0829081632653,0.08774527652991415
76.31377551020408,0.08359116303423736
77.54464285714286,0.08375577868500486
78.77551020408163,0.08175864556103009
80.0063775510204,0.08186651943896979
81.23724489795919,0.08394630853261804
82.46811224489795,0.08620540207944023
83.69897959183673,0.08579800300802495
84.92984693877551,0.0854764705354698
86.16071428571428,0.0863111272236082
87.39158163265306,0.08502243991452324
88.62244897959184,0.08395428026501851
89.8533163265306,0.083418976805519
91.08418367346938,0.083968953079397
92.31505102040816,0.08198683263896889
93.54591836734693,0.0803731724494529
94.77678571428571,0.0800826006588246
96.00765306122449,0.08087716457085706
97.23852040816325,0.08079964260390107
98.46938775510205,0.08136958982310684
99.70025510204081,0.08269407110652036
100.93112244897958,0.08157126133606112
102.16198979591837,0.08265835176104551
103.39285714285714,0.08544660059710868
104.62372448979592,0.0873431561630371
105.8545918367347,0.08921850412152021
107.08545918367346,0.09094136916423066
108.31632653061224,0.09282719679939834
109.54719387755102,0.09428641013193372
110.77806122448979,0.09567137017068271
112.00892857142857,0.09671858919853052
113.23979591836735,0.09722386476919377
114.47066326530611,0.09714247971221238
115.7015306122449,0.09672464823084949
116.93239795918367,0.09695735351439964
118.16326530612244,0.09645590792316427
119.39413265306122,0.09645590792316427
120.625,0.09645590792316427
60.3125,0.08342484401341252
61.54336734693877,0.07973040211571379
62.77423469387755,0.07714157272536419
64.00510204081633,0.07545722186613038
65.2359693877551,0.07577769834129505
66.46683673469387,0.07331276951551421
67.69770408163265,0.07426860888101029
68.92857142857143,0.07302563220438979
70.15943877551021,0.07129061962908093
71.39030612244898,0.06911478904260909
72.62117346938776,0.06986946602488957
73.85204081632654,0.06935469836875267
75.0829081632653,0.06909755844921327
76.31377551020408,0.06992047341075153
77.54464285714286,0.07168097303832256
78.77551020408163,0.07299453950166063
80.0063775510204,0.06908341817774327
81.23724489795919,0.06710435371780955
82.46811224489795,0.06650542020809136
83.69897959183673,0.0680369264339885
84.92984693877551,0.06508139382628549
86.16071428571428,0.06574311539166419
87.39158163265306,0.06308445262944976
88.62244897959184,0.06288370474721998
89.8533163265306,0.06825284024578368
91.08418367346938,0.06469451094720016
92.31505102040816,0.06249972456830373
93.54591836734693,0.0635317188331829
94.77678571428571,0.061269719521379926
96.00765306122449,0.06002445893489239
97.23852040816325,0.059070353246376064
98.46938775510205,0.059947766311309936
99.70025510204081,0.061659957260268586
100.93112244897958,0.06048853791684722
102.16198979591837,0.06056625882545116
103.39285714285714,0.06456782500337245
104.62372448979592,0.06775208616208556
105.8545918367347,0.0709959264929696
107.08545918367346,0.06326330458268475
108.31632653061224,0.06628214866409159
109.54719387755102,0.07192264571377928
110.77806122448979,0.07588079141558886
112.00892857142857,0.07927703553925908
113.23979591836735,0.08242120075259349
114.47066326530611,0.0851864040544044
115.7015306122449,0.08747780188550698
116.93239795918367,0.08897654640105863
118.16326530612244,0.08972037059269675
119.39413265306122,0.0900219832061024
120.625,0.0900219832061024
60.3125,0.10293634322101075
61.54336734693877,0.10680748603039898
62.77423469387755,0.10895003731946884
64.00510204081633,0.10798411691236115
65.2359693877551,0.10320180119951392
66.46683673469387,0.09799828711384731
67.69770408163265,0.09415160541759485
68.92857142857143,0.09132940263691368
70.15943877551021,0.08925458098753981
71.39030612244898,0.08754164535799736
72.62117346938776,0.08522069886646018
73.85204081632654,0.08567258947347055
75.0829081632653,0.08503907605774783
76.31377551020408,0.08427445597620911
77.54464285714286,0.085342513853266
78.77551020408163,0.08500957303280855
80.0063775510204,0.08328502792898111
81.23724489795919,0.08270000591778849
82.46811224489795,0.08300979773130313
83.69897959183673,0.08278282317435876
84.92984693877551,0.08291551370303384
86.16071428571428,0.0822607936700699
87.39158163265306,0.08061546813512585
88.62244897959184,0.08441976289776028
89.8533163265306,0.07922497965878206
91.08418367346938,0.08150831599479534
92.31505102040816,0.07749180650159962
93.54591836734693,0.07625030693370159
94.77678571428571,0.07585173385165367
96.00765306122449,0.07850018127000453
97.23852040816325,0.07626970108051186
98.46938775510205,0.07953033522768911
99.70025510204081,0.08206282692449204
100.93112244897958,0.0843710713256574
102.16198979591837,0.08083274408933099
103.39285714285714,0.08023548404626038
104.62372448979592,0.0826839986560436
105.8545918367347,0.08663891515867757
107.08545918367346,0.08980056429012648
108.31632653061224,0.09318032035208566
109.54719387755102,0.09554757351305583
110.77806122448979,0.0982209630830585
112.00892857142857,0.10012013885497457
113.23979591836735,0.10094290485735884
114.47066326530611,0.1005788823995921
115.7015306122449,0.10035332499138472
116.93239795918367,0.09938940956759756
118.16326530612244,0.09938940956759756
119.39413265306122,0.09938940956759756
120.625,0.09938940956759756
60.3125,0.09929765652281468
61.54336734693877,0.09893739004959887
62.77423469387755,0.09978488973272483
64.00510204081633,0.1001428203350193
65.2359693877551,0.10084820083958934
66.46683673469387,0.09089012358219896
67.69770408163265,0.0908341220904073
68.92857142857143,0.09034720491033543
70.15943877551021,0.08913126958550353
71.39030612244898,0.08781114614759308
72.62117346938776,0.08666333993294482
73.85204081632654,0.08560421523813468
75.0829081632653,0.08521638097882939
76.31377551020408,0.08965202755385063
77.54464285714286,0.08900727933529104
78.77551020408163,0.08814276095403605
80.0063775510204,0.08692934654739681
81.23724489795919,0.08784803790180662
82.46811224489795,0.08656930924306327
83.69897959183673,0.08570501997833224
84.92984693877551,0.08236296031673813
86.16071428571428,0.08193544679817115
87.39158163265306,0.08125004416131561
88.62244897959184,0.08160738106749539
89.8533163265306,0.080587298933819
91.08418367346938,0.08081155779897996
92.31505102040816,0.08059700438592418
93.54591836734693,0.08108732420094765
94.77678571428571,0.08347434917118746
96.00765306122449,0.08608193189199705
97.23852040816325,0.08217281594122511
98.46938775510205,0.08516749815519918
99.70025510204081,0.08810144852276873
100.93112244897958,0.09063329394167859
102.16198979591837,0.07943048973161179
103.39285714285714,0.08114051959721309
104.62372448979592,0.08353722710132233
105.8545918367347,0.08827186625507084
107.08545918367346,0.09195240358686015
108.31632653061224,0.09503012469976235
109.54719387755102,0.09809135665170676
110.77806122448979,0.10063791568152297
112.00892857142857,0.10312777628957705
113.23979591836735,0.1048844408817605
114.47066326530611,0.10496323417520897
115.7015306122449,0.10524806009138073
116.93239795918367,0.10524806009138073
118.16326530612244,0.10524806009138073
119.39413265306122,0.10524806009138073
120.625,0.10524806009138073
60.3125,0.09134341519990401
61.54336734693877,0.09293969083272578
62.77423469387755,0.0929122085215629
64.00510204081633,0.09289258948914368
65.2359693877551,0.09287746981363375
66.46683673469387,0.0898402439949985
67.69770408163265,0.087983594499021
68.92857142857143,0.08677916667978529
70.15943877551021,0.08581079943384726
71.39030612244898,0.09002004900316793
72.62117346938776,0.08837084229962344
73.85204081632654,0.0865344875820016
75.0829081632653,0.08566744886723433
76.31377551020408,0.0853116166518922
77.54464285714286,0.08389501420036355
78.77551020408163,0.08228608516975182
80.0063775510204,0.08399501444430187
81.23724489795919,0.08760330749029503
82.46811224489795,0.08521752615744758
83.69897959183673,0.08289759505314392
84.92984693877551,0.08305161229326369
86.16071428571428,0.08524140419480616
87.39158163265306,0.08329173181471677
88.62244897959184,0.08248453210906788
89.8533163265306,0.08307448822473196
91.08418367346938,0.08150546442329369
92.31505102040816,0.08126588110174021
93.54591836734693,0.07988817507637988
94.77678571428571,0.08040314439595508
96.00765306122449,0.07962873224656612
97.23852040816325,0.0842832507578918
98.46938775510205,0.0813116829126815
99.70025510204081,0.08282922510828199
100.93112244897958,0.08440672424143432
102.16198979591837,0.08592461574975298
103.39285714285714,0.08052702973083252
104.62372448979592,0.08322760184464954
105.8545918367347,0.08347033135400252
107.08545918367346,0.08580290382990474
108.31632653061224,0.08841121362909
109.54719387755102,0.09062884139110138
110.77806122448979,0.0930637568785809
112.00892857142857,0.0953641458212111
113.23979591836735,0.09751290033154036
114.47066326530611,0.09948452141368584
115.7015306122449,0.10115660581241177
116.93239795918367,0.10280732024155975
118.16326530612244,0.10280732024155975
119.39413265306122,0.10280732024155975
120.625,0.10280732024155975
60.3125,0.11192941306145708
61.54336734693877,0.11186998529868551
62.77423469387755,0.11169164911898939
64.00510204081633,0.10995299964724452
65.2359693877551,0.10269326013922729
66.46683673469387,0.10346826702898883
67.69770408163265,0.10302952761773061
68.92857142857143,0.10277274554611293
70.15943877551021,0.10278497980527021
71.39030612244898,0.10158356598062142
72.62117346938776,0.1002928184724605
73.85204081632654,0.10474576576332992
75.0829081632653,0.10445391025758523
76.31377551020408,0.10119386696865378
77.54464285714286,0.09843062334201653
78.77551020408163,0.09784839989403801
80.0063775510204,0.09517904554535216
81.23724489795919,0.10731448176462369
82.46811224489795,0.10764979658696462
83.69897959183673,0.10665288465957899
84.92984693877551,0.10368989113274496
86.16071428571428,0.10169529682417723
87.39158163265306,0.1039215071953403
88.62244897959184,0.09366811237129398
89.8533163265306,0.09229970915600255
91.08418367346938,0.08560546618164042
92.31505102040816,0.08529324598462697
93.54591836734693,0.08004872729960003
94.77678571428571,0.08040172577475305
96.00765306122449,0.08204655187306484
97.23852040816325,0.08118009116916802
98.46938775510205,0.08217342024551151
99.70025510204081,0.08326903777387142
100.93112244897958,0.0842580534721595
102.16198979591837,0.08427454595847374
103.39285714285714,0.08503302975926136
104.62372448979592,0.08402316431758812
105.8545918367347,0.0846236560067449
107.08545918367346,0.08559042051386614
108.31632653061224,0.0867089890194697
109.54719387755102,0.08805272888229539
110.77806122448979,0.08929020984209592
112.00892857142857,0.09057209309708535
113.23979591836735,0.09183878290267884
114.47066326530611,0.0929472865595919
115.7015306122449,0.09359286516124085
116.93239795918367,0.09376207408133325
118.16326530612244,0.0936222240419551
119.39413265306122,0.0936222240419551
120.625,0.0936222240419551
60.3125,0.06609818380791056
61.54336734693877,0.06626546055467619
62.77423469387755,0.06636781970229332
64.00510204081633,0.06579773344129082
65.2359693877551,0.06505981312417619
66.46683673469387,0.06529779141191179
67.69770408163265,0.06468945766330518
68.92857142857143,0.06501288860682229
70.15943877551021,0.06296522020718415
71.39030612244898,0.06198147197296256
72.62117346938776,0.061483176984802886
73.85204081632654,0.06131898749948341
75.0829081632653,0.06133268850862997
76.31377551020408,0.061470756161363826
77.54464285714286,0.06404280386211332
78.77551020408163,0.06493645924763863
80.0063775510204,0.0646964227191623
81.23724489795919,0.06368103202749248
82.46811224489795,0.06411434621486706
83.69897959183673,0.06441335847163707
84.92984693877551,0.06421101386840622
86.16071428571428,0.06458035762193196
87.39158163265306,0.0646610153968028
88.62244897959184,0.06504148952956434
89.8533163265306,0.06732023356155956
91.08418367346938,0.06575850254884243
92.31505102040816,0.06580494792616179
93.54591836734693,0.06700254531830223
94.77678571428571,0.06666988470979758
96.00765306122449,0.06495790248881368
97.23852040816325,0.06272993598812897
98.46938775510205,0.0614319469442416
99.70025510204081,0.06129629078562592
100.93112244897958,0.06110318912566445
102.16198979591837,0.060921904680524455
103.39285714285714,0.061284306875754105
104.62372448979592,0.06199271445570482
105.8545918367347,0.06541061965386477
107.08545918367346,0.06362346402530493
108.31632653061224,0.062261520650926605
109.54719387755102,0.06338863079517032
110.77806122448979,0.06487680315243735
112.00892857142857,0.06614046009410769
113.23979591836735,0.06749866726228852
114.47066326530611,0.06891967234612563
115.7015306122449,0.07003046457002055
116.93239795918367,0.07123266294970816
118.16326530612244,0.07208600216746883
119.39413265306122,0.0726505633676561
120.625,0.07304773888029178
60.3125,0.11602651805704593
61.54336734693877,0.11564436357604832
62.77423469387755,0.11582960568976
64.00510204081633,0.11324165657149886
65.2359693877551,0.11288843412429579
66.46683673469387,0.11293293625808022
67.69770408163265,0.11087358959682758
68.92857142857143,0.11029721446072902
70.15943877551021,0.10958558830970548
71.39030612244898,0.10768611483732224
72.62117346938776,0.11085523637984061
73.85204081632654,0.10727829277835024
75.0829081632653,0.10449971775789994
76.31377551020408,0.10285030856127568
77.54464285714286,0.10156159841537941
78.77551020408163,0.09728242340015782
80.0063775510204,0.09604301595452225
81.23724489795919,0.09654164455027918
82.46811224489795,0.09414959322760873
83.69897959183673,0.09259522497672079
84.92984693877551,0.0913538150291842
86.16071428571428,0.09034450829209456
87.39158163265306,0.0889256179180381
88.62244897959184,0.08729556031391934
89.8533163265306,0.08449373816302667
91.08418367346938,0.08437057108044586
92.31505102040816,0.08785860557936723
93.54591836734693,0.0873414611122509
94.77678571428571,0.08844825540486353
96.00765306122449,0.09044435471840867
97.23852040816325,0.1011405138926056
98.46938775510205,0.1020525573099721
99.70025510204081,0.10412214737842365
100.93112244897958,0.10655975554324844
102.16198979591837,0.10841582873208976
103.39285714285714,0.11064067056077238
104.62372448979592,0.11275435581830427
105.8545918367347,0.11481922016927493
107.08545918367346,0.11701658183310443
108.31632653061224,0.11887381591977039
109.54719387755102,0.1195351397833254
110.77806122448979,0.1195351397833254
112.00892857142857,0.1195351397833254
113.23979591836735,0.1195351397833254
114.47066326530611,0.1195351397833254
115.7015306122449,0.1195351397833254
116.93239795918367,0.1195351397833254
118.16326530612244,0.1195351397833254
119.39413265306122,0.1195351397833254
120.625,0.1195351397833254
60.3125,0.0813982619534884
61.54336734693877,0.081720960946767
62.77423469387755,0.08148286513581879
64.00510204081633,0.08070588909703097
65.2359693877551,0.08198485512877013
66.46683673469387,0.08181985512370579
67.69770408163265,0.08153945363611637
68.92857142857143,0.0812014044229031
70.15943877551021,0.08084065947291688
71.39030612244898,0.08042133282690347
72.62117346938776,0.08037341024859923
73.85204081632654,0.08013117169923267
75.0829081632653,0.07988312437292217
76.31377551020408,0.07978854721263345
77.54464285714286,0.07936857347060278
78.77551020408163,0.08014410748647884
80.0063775510204,0.08309604322476769
81.23724489795919,0.08162736274909492
82.46811224489795,0.07932488024715799
83.69897959183673,0.0776423967286196
84.92984693877551,0.07535273672325192
86.16071428571428,0.07605248345768015
87.39158163265306,0.07722783849558598
88.62244897959184,0.07566308684538192
89.8533163265306,0.07868624616828193
91.08418367346938,0.07605720330364069
92.31505102040816,0.0741494205099837
93.54591836734693,0.0737382898210089
94.77678571428571,0.07329030863750229
96.00765306122449,0.07441504979612919
97.23852040816325,0.0772787423174289
98.46938775510205,0.07348640708253967
99.70025510204081,0.07929261594369295
100.93112244897958,0.08312275621469353
102.16198979591837,0.08655321308049069
103.39285714285714,0.08971183239009459
104.62372448979592,0.07683043713649092
105.8545918367347,0.07739194543402306
107.08545918367346,0.08181818601036167
108.31632653061224,0.08729541289607019
109.54719387755102,0.0913627182285692
110.77806122448979,0.09545649628570779
112.00892857142857,0.09890909393024201
113.23979591836735,0.1018646810882906
114.47066326530611,0.10431720024687315
115.7015306122449,0.10601672889431729
116.93239795918367,0.10690232445633663
118.16326530612244,0.10720197884557241
119.39413265306122,0.10720197884557241
120.625,0.10720197884557241
60.3125,0.07391614297809375
61.54336734693877,0.07283845192967013
62.77423469387755,0.07198805671718042
64.00510204081633,0.07238348684126328
65.2359693877551,0.0686536361270262
66.46683673469387,0.06797528407900646
67.69770408163265,0.0722725175550936
68.92857142857143,0.07055580194862678
70.15943877551021,0.06816513273413491
71.39030612244898,0.06706337828230445
72.62117346938776,0.06671577850117857
73.85204081632654,0.0654479041485872
75.0829081632653,0.06419062228053547
76.31377551020408,0.06511970256503177
77.54464285714286,0.06565239592238557
78.77551020408163,0.060405323361708806
80.0063775510204,0.05919589663598413
81.23724489795919,0.059261749022351665
82.46811224489795,0.058921536601391176
83.69897959183673,0.05728727972270236
84.92984693877551,0.0585560616869907
86.16071428571428,0.05778071134427557
87.39158163265306,0.057449049558693545
88.62244897959184,0.057456200719644926
89.8533163265306,0.05713742568690031
91.08418367346938,0.057432710895108034
92.31505102040816,0.05657664870718759
93.54591836734693,0.05747864010200285
94.77678571428571,0.056533258763895484
96.00765306122449,0.05656949202352161
97.23852040816325,0.057089192035637185
98.46938775510205,0.056421102630398144
99.70025510204081,0.05552410046308616
100.93112244897958,0.05611127022283061
102.16198979591837,0.056996404397259184
103.39285714285714,0.05799104612848977
104.62372448979592,0.05889070965795526
105.8545918367347,0.06245118744495017
107.08545918367346,0.06412240508227789
108.31632653061224,0.061827358930943314
109.54719387755102,0.06384353839203871
110.77806122448979,0.0658307398545535
112.00892857142857,0.06740989082199059
113.23979591836735,0.06916312356073344
114.47066326530611,0.07077852408169731
115.7015306122449,0.0722031157487439
116.93239795918367,0.07350396309128547
118.16326530612244,0.07456691664177285
119.39413265306122,0.07519735544739474
120.625,0.07804741483970942
60.3125,0.09295715054892217
61.54336734693877,0.09241718091580442
62.77423469387755,0.08869760937240133
64.00510204081633,0.0892766947685148
65.2359693877551,0.08976420227258335
66.46683673469387,0.08992279409546078
67.69770408163265,0.08978364377998511
68.92857142857143,0.08928398013976004
70.15943877551021,0.08866867840454523
71.39030612244898,0.0887082120320885
72.62117346938776,0.08826040382117972
73.85204081632654,0.0873339363131251
75.0829081632653,0.08612133243745435
76.31377551020408,0.08499903146170164
77.54464285714286,0.08411899519356848
78.77551020408163,0.08450323512611779
80.0063775510204,0.08350752869093857
81.23724489795919,0.08223793328902054
82.46811224489795,0.0808927843756653
83.69897959183673,0.08015341574876911
84.92984693877551,0.0793361905831198
86.16071428571428,0.07816442059594983
87.39158163265306,0.07833479582953945
88.62244897959184,0.07837503648487446
89.8533163265306,0.07823110507318659
91.08418367346938,0.07746218015546902
92.31505102040816,0.07987476727310341
93.54591836734693,0.08116290752344424
94.77678571428571,0.07716854032835853
96.00765306122449,0.07845745845057367
97.23852040816325,0.07668016655237335
98.46938775510205,0.0764473369873533
99.70025510204081,0.0769345232957622
100.93112244897958,0.07742549156891487
102.16198979591837,0.08018504381434824
103.39285714285714,0.07900701963313912
104.62372448979592,0.07911224446888983
105.8545918367347,0.07974187314679454
107.08545918367346,0.08056320685674817
108.31632653061224,0.0814832695539242
109.54719387755102,0.08254408957767854
110.77806122448979,0.08353887579017877
112.00892857142857,0.08456471462145829
113.23979591836735,0.08557691424675037
114.47066326530611,0.08650492178862211
115.7015306122449,0.08785136020841054
116.93239795918367,0.08752709789746678
118.16326530612244,0.08752709789746678
119.39413265306122,0.08752709789746678
120.625,0.08752709789746678
60.3125,0.1397545217394895
61.54336734693877,0.13993620597079934
62.77423469387755,0.1397672073801511
64.00510204081633,0.13931998766232376
65.2359693877551,0.13338864005849407
66.46683673469387,0.13171351677713652
67.69770408163265,0.130472680599781
68.92857142857143,0.13129298745756396
70.15943877551021,0.13017453604918994
71.39030612244898,0.12822421129816222
72.62117346938776,0.13534578116953017
73.85204081632654,0.1343690023028047
75.0829081632653,0.1334674793373334
76.31377551020408,0.13050593510841837
77.54464285714286,0.13089120464300116
78.77551020408163,0.13144896402411302
80.0063775510204,0.13068888871910542
81.23724489795919,0.13423671026153308
82.46811224489795,0.1298668153270273
83.69897959183673,0.12602091710057353
84.92984693877551,0.12331011258006984
86.16071428571428,0.1239503703821287
87.39158163265306,0.12054435467951845
88.62244897959184,0.11722293517586799
89.8533163265306,0.11625870556383511
91.08418367346938,0.11906230856485615
92.31505102040816,0.12322948343734352
93.54591836734693,0.12357699201090921
94.77678571428571,0.12841251136693912
96.00765306122449,0.13268661711685387
97.23852040816325,0.1360503808864095
98.46938775510205,0.12304448708313695
99.70025510204081,0.12342493687150444
100.93112244897958,0.13114826330468482
102.16198979591837,0.13614952935344785
103.39285714285714,0.13973518835070514
104.62372448979592,0.14363617703857945
105.8545918367347,0.1464574803321829
107.08545918367346,0.14899364126268028
108.31632653061224,0.15088307936023967
109.54719387755102,0.15200574949094958
110.77806122448979,0.15245520387761485
112.00892857142857,0.152852777322693
113.23979591836735,0.152852777322693
114.47066326530611,0.152852777322693
115.7015306122449,0.152852777322693
116.93239795918367,0.152852777322693
118.16326530612244,0.152852777322693
119.39413265306122,0.152852777322693
120.625,0.152852777322693
60.3125,0.09644788481576934
61.54336734693877,0.09369025083132891
62.77423469387755,0.09231436998416435
64.00510204081633,0.09058666160426826
65.2359693877551,0.08974787938950213
66.46683673469387,0.08830204530273696
67.69770408163265,0.08674108269182382
68.92857142857143,0.08527963799201081
70.15943877551021,0.08412572753490631
71.39030612244898,0.08332486019984137
72.62117346938776,0.08204245461042999
73.85204081632654,0.08348219495454363
75.0829081632653,0.08392727982462657
76.31377551020408,0.07981393924654774
77.54464285714286,0.07961902043380067
78.77551020408163,0.08188974446756403
80.0063775510204,0.08120442446157146
81.23724489795919,0.08100610504340368
82.46811224489795,0.08037449708601342
83.69897959183673,0.08022795931337573
84.92984693877551,0.0794603736361277
86.16071428571428,0.07878874467967355
87.39158163265306,0.08205791258537946
88.62244897959184,0.07976942857697078
89.8533163265306,0.07880674141073463
91.08418367346938,0.07870853849033577
92.31505102040816,0.08088596784201744
93.54591836734693,0.0804728466265912
94.77678571428571,0.08154630123852447
96.00765306122449,0.08372239233471279
97.23852040816325,0.0858139434360634
98.46938775510205,0.08786163102346409
99.70025510204081,0.08862160864830367
100.93112244897958,0.08394730923380857
102.16198979591837,0.08610783578850043
103.39285714285714,0.08905566515771833
104.62372448979592,0.09148656060610096
105.8545918367347,0.09357096288966261
107.08545918367346,0.09563363383317593
108.31632653061224,0.09735310771456882
109.54719387755102,0.09897701317697215
110.77806122448979,0.1001599519530373
112.00892857142857,0.1008809178687667
113.23979591836735,0.10382881778839045
114.47066326530611,0.10111338848173114
115.7015306122449,0.10111338848173114
116.93239795918367,0.10111338848173114
118.16326530612244,0.10111338848173114
119.39413265306122,0.10111338848173114
120.625,0.10111338848173114
60.3125,0.07915444361812313
61.54336734693877,0.07657288593813759
62.77423469387755,0.07550243949573898
64.00510204081633,0.07192997322590919
65.2359693877551,0.07494860165180563
66.46683673469387,0.07244961288965089
67.69770408163265,0.0758803209513845
68.92857142857143,0.06980270904124596
70.15943877551021,0.06914483322714886
71.39030612244898,0.06966044393765257
72.62117346938776,0.06909530037336803
73.85204081632654,0.06676219982623084
75.0829081632653,0.06587350550866314
76.31377551020408,0.064419094814345
77.54464285714286,0.06367205172319018
78.77551020408163,0.06326756003913554
80.0063775510204,0.0624234353053863
81.23724489795919,0.060923755800312465
82.46811224489795,0.06332982968346748
83.69897959183673,0.06238143955373727
84.92984693877551,0.0635125121415294
86.16071428571428,0.06332838057869221
87.39158163265306,0.06270239346122483
88.62244897959184,0.06596713318486859
89.8533163265306,0.06662586563633772
91.08418367346938,0.06604184712746056
92.31505102040816,0.06693011726018977
93.54591836734693,0.06666873519471629
94.77678571428571,0.06572843212502862
96.00765306122449,0.06479627791013051
97.23852040816325,0.0648408224704662
98.46938775510205,0.0634854832851738
99.70025510204081,0.06422381435101433
100.93112244897958,0.06623758589923932
102.16198979591837,0.06863706959527704
103.39285714285714,0.06734230202578435
104.62372448979592,0.06965535560380551
105.8545918367347,0.06541399721552564
107.08545918367346,0.06664036347054814
108.31632653061224,0.06640631068315996
109.54719387755102,0.07067054540455514
110.77806122448979,0.07398433434351617
112.00892857142857,0.07674229820519916
113.23979591836735,0.07921548855092972
114.47066326530611,0.08113272574346721
115.7015306122449,0.08252077953167065
116.93239795918367,0.08313055925726381
118.16326530612244,0.08306732946634564
119.39413265306122,0.08265151649907275
120.625,0.08309262483198714
60.3125,0.08391713064852961
61.54336734693877,0.08179189047109271
62.77423469387755,0.08182529492486222
64.00510204081633,0.08178146949228278
65.2359693877551,0.08203057869529257
66.46683673469387,0.08234297384624083
67.69770408163265,0.08308630962357694
68.92857142857143,0.08272522138344719
70.15943877551021,0.0839162375847753
71.39030612244898,0.08444501056141362
72.62117346938776,0.08285472159603294
73.85204081632654,0.08004961898885106
75.0829081632653,0.07796482985438555
76.31377551020408,0.07615752228652478
77.54464285714286,0.08166024868323929
78.77551020408163,0.0804989249398861
80.0063775510204,0.07906531333186242
81.23724489795919,0.08039850561464815
82.46811224489795,0.07887443611496879
83.69897959183673,0.07410556124805104
84.92984693877551,0.06926759529158286
86.16071428571428,0.06635335773370958
87.39158163265306,0.06559727581837053
88.62244897959184,0.06465086245296786
89.8533163265306,0.06418722912127532
91.08418367346938,0.06415026015019307
92.31505102040816,0.06373971548732296
93.54591836734693,0.06740457149918695
94.77678571428571,0.06731151108379503
96.00765306122449,0.06747706841819569
97.23852040816325,0.06792948815844478
98.46938775510205,0.06731635986184722
99.70025510204081,0.06891675798728727
100.93112244897958,0.0706100856395674
102.16198979591837,0.07193631439253938
103.39285714285714,0.06888096408482997
104.62372448979592,0.06754921601312093
105.8545918367347,0.06852078429096375
107.08545918367346,0.07021339994016808
108.31632653061224,0.07208304103472817
109.54719387755102,0.0738201397734795
110.77806122448979,0.0757418677119173
112.00892857142857,0.07758529570228757
113.23979591836735,0.07923091918628503
114.47066326530611,0.0807960612798126
115.7015306122449,0.0821139517554705
116.93239795918367,0.08480079054780344
118.16326530612244,0.08372245490342826
119.39413265306122,0.08372245490342826
120.625,0.08372245490342826
60.3125,0.09797861162698761
61.54336734693877,0.09836846447200305
62.77423469387755,0.09693201175553975
64.00510204081633,0.09728912039795894
65.2359693877551,0.09705165223749954
66.46683673469387,0.09504065824365732
67.69770408163265,0.09619149052608238
68.92857142857143,0.09531947188787665
70.15943877551021,0.09693642143102815
71.39030612244898,0.09593840387450643
72.62117346938776,0.09245047712780163
73.85204081632654,0.093068667866333
75.0829081632653,0.09048465229512716
76.31377551020408,0.08883944894072507
77.54464285714286,0.08784097650053312
78.77551020408163,0.08878658426630909
80.0063775510204,0.08794082888400492
81.23724489795919,0.08778756593480523
82.46811224489795,0.08695106248775591
83.69897959183673,0.08662141076992029
84.92984693877551,0.08605172403134997
86.16071428571428,0.08667877586821064
87.39158163265306,0.08930122627339697
88.62244897959184,0.08753805744501203
89.8533163265306,0.08471302894127739
91.08418367346938,0.0851670990167558
92.31505102040816,0.08406279351447048
93.54591836734693,0.0891261087660439
94.77678571428571,0.0934560603303448
96.00765306122449,0.0930292502484672
97.23852040816325,0.09868772272804598
98.46938775510205,0.10284584004854923
99.70025510204081,0.10595546327266944
100.93112244897958,0.09365846916817931
102.16198979591837,0.09732480991372978
103.39285714285714,0.09760580914039757
104.62372448979592,0.1024287432040656
105.8545918367347,0.10655165153869019
107.08545918367346,0.11001735303346494
108.31632653061224,0.11319758218186424
109.54719387755102,0.11572197025327309
110.77806122448979,0.11783758796799064
112.00892857142857,0.1191015863688085
113.23979591836735,0.11956548959493181
114.47066326530611,0.11941351922244971
115.7015306122449,0.12005176731125847
116.93239795918367,0.11906711710772715
118.16326530612244,0.11906711710772715
119.39413265306122,0.11906711710772715
120.625,0.11906711710772715
60.3125,0.09349387351390932
61.54336734693877,0.09228691792226348
62.77423469387755,0.093144409713608
64.00510204081633,0.09229502504378155
65.2359693877551,0.09243535626008925
66.46683673469387,0.09401288636418097
67.69770408163265,0.09365654742517189
68.92857142857143,0.09401489421636769
70.15943877551021,0.09013160052807004
71.39030612244898,0.08654821465077345
72.62117346938776,0.08379298481788808
73.85204081632654,0.0819199348055016
75.0829081632653,0.08066168983154126
76.31377551020408,0.07331517074636071
77.54464285714286,0.07934561115576463
78.77551020408163,0.07903349156366447
80.0063775510204,0.0746445839085319
81.23724489795919,0.07426450672680276
82.46811224489795,0.07223219769156139
83.69897959183673,0.07074780721965672
84.92984693877551,0.07030950922067392
86.16071428571428,0.06930180004095195
87.39158163265306,0.06954205509962007
88.62244897959184,0.06960211247370222
89.8533163265306,0.06905367017075474
91.08418367346938,0.06988996375711225
92.31505102040816,0.0692713128640644
93.54591836734693,0.06885374906724039
94.77678571428571,0.06849186233206507
96.00765306122449,0.06943023092002813
97.23852040816325,0.0709105844427127
98.46938775510205,0.06989613860756684
99.70025510204081,0.06968588130992412
100.93112244897958,0.07472343673702737
102.16198979591837,0.07804217741058642
103.39285714285714,0.08129710402573216
104.62372448979592,0.08415915121382933
105.8545918367347,0.07269286722232923
107.08545918367346,0.07202879469767269
108.31632653061224,0.0795033397473254
109.54719387755102,0.08414678626014722
110.77806122448979,0.08734495019891911
112.00892857142857,0.09090269004692583
113.23979591836735,0.09398397839440745
114.47066326530611,0.09660586544688689
115.7015306122449,0.09869922925793091
116.93239795918367,0.09993510619859221
118.16326530612244,0.10030804100748977
119.39413265306122,0.10078746292064529
120.625,0.10078746292064529
60.3125,0.1265588358333016
61.54336734693877,0.12500399146457722
62.77423469387755,0.12774919167703414
64.00510204081633,0.12740724782786142
65.2359693877551,0.12647749042134482
66.46683673469387,0.1251399204422671
67.69770408163265,0.12462859537838107
68.92857142857143,0.12538891970393046
70.15943877551021,0.12468619404575242
71.39030612244898,0.11939513222202308
72.62117346938776,0.12244511131183418
73.85204081632654,0.12274263668384269
75.0829081632653,0.12762443798640774
76.31377551020408,0.1130027753448609
77.54464285714286,0.1125900532065656
78.77551020408163,0.11858652403333449
80.0063775510204,0.11543595728830867
81.23724489795919,0.11130018479357397
82.46811224489795,0.10842469200059804
83.69897959183673,0.1095722874815727
84.92984693877551,0.10936884949445708
86.16071428571428,0.10431599951734621
87.39158163265306,0.10280781739716284
88.62244897959184,0.09753553331554864
89.8533163265306,0.08638247736879934
91.08418367346938,0.08749189113761549
92.31505102040816,0.08404955667677265
93.54591836734693,0.08410138295285684
94.77678571428571,0.08364400614200836
96.00765306122449,0.08425539919478761
97.23852040816325,0.09009861085567536
98.46938775510205,0.0951849710844977
99.70025510204081,0.09942458363370246
100.93112244897958,0.10299484324481567
102.16198979591837,0.08839137609677691
103.39285714285714,0.09465370917181722
104.62372448979592,0.09677995087527123
105.8545918367347,0.10203195722663132
107.08545918367346,0.10626450924486397
108.31632653061224,0.11029591004278126
109.54719387755102,0.11375413487261272
110.77806122448979,0.11655900247807231
112.00892857142857,0.1180239932451519
113.23979591836735,0.11766287563100421
114.47066326530611,0.12476908061843761
115.7015306122449,0.11585822187860535
116.93239795918367,0.11585822187860535
118.16326530612244,0.11585822187860535
119.39413265306122,0.11585822187860535
120.625,0.11585822187860535
60.3125,0.11581808552213738
61.54336734693877,0.11670031165451636
62.77423469387755,0.1158978107363359
64.00510204081633,0.11070463299573309
65.2359693877551,0.11200050080328194
66.46683673469387,0.1114830592537742
67.69770408163265,0.11069140860193834
68.92857142857143,0.10962558175579788
70.15943877551021,0.10836914144153137
71.39030612244898,0.10712295403132742
72.62117346938776,0.10415030939455018
73.85204081632654,0.10488587851454946
75.0829081632653,0.10320772080683742
76.31377551020408,0.10213628919924543
77.54464285714286,0.10042351063587199
78.77551020408163,0.09857808499122071
80.0063775510204,0.09812375558905442
81.23724489795919,0.09806480730677564
82.46811224489795,0.09750408669529688
83.69897959183673,0.09691803357482713
84.92984693877551,0.09716751760706388
86.16071428571428,0.09389166233935495
87.39158163265306,0.09154231114868051
88.62244897959184,0.09258657655264568
89.8533163265306,0.09273530604917164
91.08418367346938,0.0922478608254802
92.31505102040816,0.09129937295054989
93.54591836734693,0.09219490417713194
94.77678571428571,0.09254236236769384
96.00765306122449,0.09436981228903203
97.23852040816325,0.09675835427181184
98.46938775510205,0.09902604032105784
99.70025510204081,0.10107888219489747
100.93112244897958,0.10461372699471683
102.16198979591837,0.1062408482082717
103.39285714285714,0.10789287950582442
104.62372448979592,0.10921180818771786
105.8545918367347,0.11047961850737267
107.08545918367346,0.11170375932124924
108.31632653061224,0.11255298854458538
109.54719387755102,0.11315254144683592
110.77806122448979,0.11342815897307287
112.00892857142857,0.11339871937101613
113.23979591836735,0.11329441613762767
114.47066326530611,0.11102573243759369
115.7015306122449,0.11387200288052068
116.93239795918367,0.11387200288052068
118.16326530612244,0.11387200288052068
119.39413265306122,0.11387200288052068
120.625,0.11387200288052068
60.3125,0.07815080440927305
61.54336734693877,0.07512447483823591
62.77423469387755,0.07517315429508187
64.00510204081633,0.07290451891667857
65.2359693877551,0.07385535525150337
66.46683673469387,0.0714085478220871
67.69770408163265,0.07060757844867878
68.92857142857143,0.07015039477062704
70.15943877551021,0.0701106545649657
71.39030612244898,0.06896140716772084
72.62117346938776,0.0669779484908053
73.85204081632654,0.06506994602643176
75.0829081632653,0.06371204149145819
76.31377551020408,0.06300066885308778
77.54464285714286,0.06337950953319764
78.77551020408163,0.06308259849762884
80.0063775510204,0.062149067948784144
81.23724489795919,0.05917538594678263
82.46811224489795,0.05902238388712078
83.69897959183673,0.058389899771168215
84.92984693877551,0.06021561097583016
86.16071428571428,0.061637970752770666
87.39158163265306,0.06133000063004676
88.62244897959184,0.06241272058934389
89.8533163265306,0.06364916613567284
91.08418367346938,0.06364368710927344
92.31505102040816,0.06496682209737453
93.54591836734693,0.06418594593084989
94.77678571428571,0.06323105891144544
96.00765306122449,0.06257470671240262
97.23852040816325,0.06176428387182839
98.46938775510205,0.06271815630589007
99.70025510204081,0.06656557654765538
100.93112244897958,0.0640513917075419
102.16198979591837,0.0675716822975766
103.39285714285714,0.07031888443692166
104.62372448979592,0.07388140807464551
105.8545918367347,0.06495826827325027
107.08545918367346,0.06755671634158451
108.31632653061224,0.06569734123067379
109.54719387755102,0.07269809907722485
110.77806122448979,0.07726043836479371
112.00892857142857,0.08095164192793518
113.23979591836735,0.08454101025181651
114.47066326530611,0.08780189318971901
115.7015306122449,0.09112036592698808
116.93239795918367,0.0934538478981231
118.16326530612244,0.09421371367482428
119.39413265306122,0.09417019573812817
120.625,0.09417019573812817
60.3125,0.09280497464112282
61.54336734693877,0.09277397484591594
62.77423469387755,0.09273911886367203
64.00510204081633,0.08874284615937122
65.2359693877551,0.08934263009297075
66.46683673469387,0.08979564993973035
67.69770408163265,0.0895855599039611
68.92857142857143,0.08681126184566401
70.15943877551021,0.08806580977833488
71.39030612244898,0.08862472482095778
72.62117346938776,0.08857831763588805
73.85204081632654,0.08805124880622314
75.0829081632653,0.08957131931192433
76.31377551020408,0.09038085503758549
77.54464285714286,0.0909565726394772
78.77551020408163,0.08530800142591947
80.0063775510204,0.0865114894151181
81.23724489795919,0.0875206094417254
82.46811224489795,0.08620611283425654
83.69897959183673,0.08521219309104339
84.92984693877551,0.08192954826282106
86.16071428571428,0.08114758078090165
87.39158163265306,0.08097608265534133
88.62244897959184,0.08175504996433036
89.8533163265306,0.08023417486363364
91.08418367346938,0.08156264749751399
92.31505102040816,0.08046063701211899
93.54591836734693,0.08067853751022916
94.77678571428571,0.07869645020499498
96.00765306122449,0.07806202504252997
97.23852040816325,0.07875695008295706
98.46938775510205,0.08082650119096585
99.70025510204081,0.0814582612371212
100.93112244897958,0.08254961486034837
102.16198979591837,0.0834760509361125
103.39285714285714,0.08746539768258875
104.62372448979592,0.08680073448623682
105.8545918367347,0.08728270073914454
107.08545918367346,0.08870603510981802
108.31632653061224,0.09024369788689572
109.54719387755102,0.09175402572716404
110.77806122448979,0.09341567042210135
112.00892857142857,0.09477454172351059
113.23979591836735,0.09605754354644788
114.47066326530611,0.09705682808409954
115.7015306122449,0.09767454561308932
116.93239795918367,0.09793920944330141
118.16326530612244,0.09857465989487993
119.39413265306122,0.0985637110040086
120.625,0.0985637110040086
60.3125,0.11534813664882948
61.54336734693877,0.11574245890972924
62.77423469387755,0.11572610589033802
64.00510204081633,0.11573850988780045
65.2359693877551,0.11584641559035505
66.46683673469387,0.11399227558007986
67.69770408163265,0.11390934361226956
68.92857142857143,0.11398536630860275
70.15943877551021,0.1136385541515972
71.39030612244898,0.11299306494799737
72.62117346938776,0.11675877013332984
73.85204081632654,0.11548721064318175
75.0829081632653,0.11693147333072111
76.31377551020408,0.1158565844876444
77.54464285714286,0.11260675359040695
78.77551020408163,0.11200917026178847
80.0063775510204,0.11250449522764876
81.23724489795919,0.1098409614238676
82.46811224489795,0.10908546705154815
83.69897959183673,0.10971769633287408
84.92984693877551,0.1122485853443562
86.16071428571428,0.11107117456111573
87.39158163265306,0.11072163641508523
88.62244897959184,0.10921723672755629
89.8533163265306,0.10853887556703705
91.08418367346938,0.11161225464922907
92.31505102040816,0.11698936070250059
93.54591836734693,0.115501193344712
94.77678571428571,0.11962645496893047
96.00765306122449,0.12353738835021591
97.23852040816325,0.12710286855131908
98.46938775510205,0.1299379182317102
99.70025510204081,0.11294219647870832
100.93112244897958,0.12198906828418804
102.16198979591837,0.12737841303081204
103.39285714285714,0.13154594306405779
104.62372448979592,0.13531683384971538
105.8545918367347,0.13847453934233353
107.08545918367346,0.14094086879911485
108.31632653061224,0.14229912432953007
109.54719387755102,0.14233216942048696
110.77806122448979,0.14903461493494852
112.00892857142857,0.1410321349923052
113.23979591836735,0.1410321349923052
114.47066326530611,0.1410321349923052
115.7015306122449,0.1410321349923052
116.93239795918367,0.1410321349923052
118.16326530612244,0.1410321349923052
119.39413265306122,0.1410321349923052
120.625,0.1410321349923052
60.3125,0.09901412559157301
61.54336734693877,0.100926107766406
62.77423469387755,0.09824036232169223
64.00510204081633,0.09733863814962378
65.2359693877551,0.09566718338761165
66.46683673469387,0.0930229090647578
67.69770408163265,0.09113932096136029
68.92857142857143,0.089838454891205
70.15943877551021,0.08888304025601208
71.39030612244898,0.08816397376255156
72.62117346938776,0.09196572641917085
73.85204081632654,0.08992608343867041
75.0829081632653,0.08912866474168628
76.31377551020408,0.08834925967260404
77.54464285714286,0.0874300985688829
78.77551020408163,0.08877739697704598
80.0063775510204,0.08680787774956301
81.23724489795919,0.08612279128996253
82.46811224489795,0.08782167246752962
83.69897959183673,0.08578964953118445
84.92984693877551,0.08637566431593352
86.16071428571428,0.08685419157559046
87.39158163265306,0.08860291350466314
88.62244897959184,0.08628603049448391
89.8533163265306,0.08713321730053569
91.08418367346938,0.08539889107632215
92.31505102040816,0.08327773299038725
93.54591836734693,0.08925918192981523
94.77678571428571,0.08529978242602461
96.00765306122449,0.08582773692665034
97.23852040816325,0.08799750830817021
98.46938775510205,0.09085482948555462
99.70025510204081,0.09065064754756172
100.93112244897958,0.09191627558847547
102.16198979591837,0.09365733665134923
103.39285714285714,0.09519110349286837
104.62372448979592,0.09685714225373634
105.8545918367347,0.09830581561176362
107.08545918367346,0.09947749218578918
108.31632653061224,0.10038683516870713
109.54719387755102,0.10080668893739597
110.77806122448979,0.10069918889296695
112.00892857142857,0.10022419572110207
113.23979591836735,0.10563877740026448
114.47066326530611,0.09898464405960758
115.7015306122449,0.09898464405960758
116.93239795918367,0.09898464405960758
118.16326530612244,0.09898464405960758
119.39413265306122,0.09898464405960758
120.625,0.09898464405960758
60.3125,0.09398765529589352
61.54336734693877,0.09453863436478546
62.77423469387755,0.09247080891635677
64.00510204081633,0.09067317416794887
65.2359693877551,0.09064708475049962
66.46683673469387,0.09297536949313792
67.69770408163265,0.091969005569593
68.92857142857143,0.08305429790286492
70.15943877551021,0.08231477385958044
71.39030612244898,0.08179641230771674
72.62117346938776,0.07977768462650216
73.85204081632654,0.07716201889275513
75.0829081632653,0.07636342455071869
76.31377551020408,0.07506925423862833
77.54464285714286,0.072191341259702
78.77551020408163,0.07120015528611262
80.0063775510204,0.06771744358964656
81.23724489795919,0.0671821239989184
82.46811224489795,0.0640123028803439
83.69897959183673,0.06583491365581641
84.92984693877551,0.06619617522134708
86.16071428571428,0.06727881432923673
87.39158163265306,0.06769702561334387
88.62244897959184,0.07077361575711068
89.8533163265306,0.0702396604417879
91.08418367346938,0.06926190989129064
92.31505102040816,0.06865273235990517
93.54591836734693,0.06818928335484122
94.77678571428571,0.0673465059525794
96.00765306122449,0.06657408243371302
97.23852040816325,0.06708964923082432
98.46938775510205,0.06851027660833588
99.70025510204081,0.06909199623981892
100.93112244897958,0.07113905764791291
102.16198979591837,0.07327448689560537
103.39285714285714,0.07212577886936836
104.62372448979592,0.07262432283463997
105.8545918367347,0.07661452731981758
107.08545918367346,0.08022857281587345
108.31632653061224,0.08340408621143243
109.54719387755102,0.08608313445698035
110.77806122448979,0.08870304184308773
112.00892857142857,0.09084315721478273
113.23979591836735,0.09275599303886428
114.47066326530611,0.0938651261570956
115.7015306122449,0.09401287953893801
116.93239795918367,0.09696841175910191
118.16326530612244,0.09369928714282985
119.39413265306122,0.09369928714282985
120.625,0.09369928714282985
60.3125,0.09225754812784527
61.54336734693877,0.09353545365250786
62.77423469387755,0.09063728977860631
64.00510204081633,0.09219684866699442
65.2359693877551,0.09069778438830502
66.46683673469387,0.09263160259131656
67.69770408163265,0.08812019164678368
68.92857142857143,0.08812063501968016
70.15943877551021,0.08809752102533494
71.39030612244898,0.0878480960121657
72.62117346938776,0.08729623296962663
73.85204081632654,0.08636383615340265
75.0829081632653,0.0862261828455826
76.31377551020408,0.08416665675712345
77.54464285714286,0.08865937317809465
78.77551020408163,0.08616883103703107
80.0063775510204,0.08540406969879143
81.23724489795919,0.0840337093395431
82.46811224489795,0.07525831330831419
83.69897959183673,0.07508856123297565
84.92984693877551,0.07777711067762491
86.16071428571428,0.07585383069176731
87.39158163265306,0.07782711196169784
88.62244897959184,0.07699831920578809
89.8533163265306,0.07683499731985823
91.08418367346938,0.07861134441955397
92.31505102040816,0.07760381231952912
93.54591836734693,0.07752733767132253
94.77678571428571,0.0763523366806055
96.00765306122449,0.07907771303165295
97.23852040816325,0.07885017588095031
98.46938775510205,0.08267780624060123
99.70025510204081,0.08562413191753336
100.93112244897958,0.08491626075685273
102.16198979591837,0.087847698828989
103.39285714285714,0.0878758513613404
104.62372448979592,0.09091911605222937
105.8545918367347,0.09310862482770368
107.08545918367346,0.09552974218651877
108.31632653061224,0.09766782572468347
109.54719387755102,0.09952096415182883
110.77806122448979,0.1009250008106792
112.00892857142857,0.10163196747162268
113.23979591836735,0.10164308018400228
114.47066326530611,0.10271389983028818
115.7015306122449,0.10153371718281504
116.93239795918367,0.10153371718281504
118.16326530612244,0.10153371718281504
119.39413265306122,0.10153371718281504
120.625,0.10153371718281504
60.3125,0.12484122177247932
61.54336734693877,0.12457537215175227
62.77423469387755,0.12453157628123966
64.00510204081633,0.12438663480051458
65.2359693877551,0.12402888703572132
66.46683673469387,0.12735305815397635
67.69770408163265,0.12724589654437823
68.92857142857143,0.12681438051045357
70.15943877551021,0.12551913703164166
71.39030612244898,0.1266297095969196
72.62117346938776,0.12582570290459436
73.85204081632654,0.12333699930488949
75.0829081632653,0.12035416048371639
76.31377551020408,0.11916803299523904
77.54464285714286,0.11492600497420473
78.77551020408163,0.11262110320188141
80.0063775510204,0.11012168481585619
81.23724489795919,0.11141902596781458
82.46811224489795,0.11032108000669477
83.69897959183673,0.11032582359396591
84.92984693877551,0.11065167096573077
86.16071428571428,0.11053563187658619
87.39158163265306,0.11082324147025485
88.62244897959184,0.11172201763835607
89.8533163265306,0.1081721589622121
91.08418367346938,0.10908071111399772
92.31505102040816,0.1101002344119565
93.54591836734693,0.11083041490685659
94.77678571428571,0.11186347546887444
96.00765306122449,0.11320778056905999
97.23852040816325,0.11463974094191105
98.46938775510205,0.1164277794602022
99.70025510204081,0.1098167559775961
100.93112244897958,0.11255276415788518
102.16198979591837,0.11484646713043413
103.39285714285714,0.11695432707413086
104.62372448979592,0.11889329096751672
105.8545918367347,0.12092599787692365
107.08545918367346,0.12253477967101137
108.31632653061224,0.12402038355246003
109.54719387755102,0.12517340471011382
110.77806122448979,0.1257740548099618
112.00892857142857,0.12578952415981628
113.23979591836735,0.12542346929423295
114.47066326530611,0.12522610428440048
115.7015306122449,0.12522610428440048
116.93239795918367,0.12522610428440048
118.16326530612244,0.12522610428440048
119.39413265306122,0.12522610428440048
120.625,0.12522610428440048
60.3125,0.07617569893044608
61.54336734693877,0.07641875757698577
62.77423469387755,0.07560694218150346
64.00510204081633,0.07520604198494417
65.2359693877551,0.07442268626979666
66.46683673469387,0.07481726297489563
67.69770408163265,0.07486120695782546
68.92857142857143,0.07383191727661778
70.15943877551021,0.07311699887604266
71.39030612244898,0.0739151331844516
72.62117346938776,0.07388534867722382
73.85204081632654,0.07286263109651547
75.0829081632653,0.07173372613691846
76.31377551020408,0.06963411437223099
77.54464285714286,0.06856400636397185
78.77551020408163,0.06751909759623993
80.0063775510204,0.06948164180455137
81.23724489795919,0.06721253101306789
82.46811224489795,0.0653193105720779
83.69897959183673,0.06482466841506791
84.92984693877551,0.0667055221803116
86.16071428571428,0.06413861232355231
87.39158163265306,0.06407603303508162
88.62244897959184,0.06184322454799107
89.8533163265306,0.06131254385076227
91.08418367346938,0.060660979633583294
92.31505102040816,0.060054994026325415
93.54591836734693,0.05968388254092096
94.77678571428571,0.05832151261805935
96.00765306122449,0.058195994485162696
97.23852040816325,0.05743096397097061
98.46938775510205,0.05632574019384417
99.70025510204081,0.060353183632601934
100.93112244897958,0.057782695682879526
102.16198979591837,0.058267442395491045
103.39285714285714,0.05922090587144088
104.62372448979592,0.06025689370230881
105.8545918367347,0.061142484177923735
107.08545918367346,0.05977854981827104
108.31632653061224,0.0603651000528716
109.54719387755102,0.061559074912923076
110.77806122448979,0.06287918485888432
112.00892857142857,0.06414626437473667
113.23979591836735,0.0655285268865691
114.47066326530611,0.0665145004933225
115.7015306122449,0.06759605117440089
116.93239795918367,0.06822446178152985
118.16326530612244,0.06836866892450098
119.39413265306122,0.06808932735192849
120.625,0.07202419349133696
60.3125,0.11243980537560319
61.54336734693877,0.11179892050107064
62.77423469387755,0.11190532249162946
64.00510204081633,0.1114343479609463
65.2359693877551,0.11096137055655364
66.46683673469387,0.11029418840196199
67.69770408163265,0.109619696703937
68.92857142857143,0.10922601461111427
70.15943877551021,0.10965017431137511
71.39030612244898,0.10960436125069165
72.62117346938776,0.10889611547003578
73.85204081632654,0.10254292845496535
75.0829081632653,0.10383966687890119
76.31377551020408,0.10267972663324969
77.54464285714286,0.09786953116872184
78.77551020408163,0.0968305255178565
80.0063775510204,0.09803729482450156
81.23724489795919,0.09443329744413972
82.46811224489795,0.09662976614522785
83.69897959183673,0.09657479491764973
84.92984693877551,0.09461471137528679
86.16071428571428,0.09619120506795781
87.39158163265306,0.09167558825672764
88.62244897959184,0.09141640314030604
89.8533163265306,0.09114467519803586
91.08418367346938,0.0913366161979979
92.31505102040816,0.09246172840954951
93.54591836734693,0.09461321626811664
94.77678571428571,0.09168273864190696
96.00765306122449,0.09526647315595016
97.23852040816325,0.09764275772655609
98.46938775510205,0.09972826094381167
99.70025510204081,0.10139512330683187
100.93112244897958,0.09826512439663654
102.16198979591837,0.09826445184199478
103.39285714285714,0.10050644793574728
104.62372448979592,0.10309325864044154
105.8545918367347,0.10515600812741717
107.08545918367346,0.10733683568832013
108.31632653061224,0.10956636817757476
109.54719387755102,0.11168326120352849
110.77806122448979,0.11395550142167665
112.00892857142857,0.11599008545877275
113.23979591836735,0.11631006426271916
114.47066326530611,0.11631006426271916
115.7015306122449,0.11631006426271916
116.93239795918367,0.11631006426271916
118.16326530612244,0.11631006426271916
119.39413265306122,0.11631006426271916
120.625,0.11631006426271916
60.3125,0.0753337556764157
61.54336734693877,0.07547749647439685
62.77423469387755,0.0749384895635021
64.00510204081633,0.07416387957492074
65.2359693877551,0.0728787622436375
66.46683673469387,0.07292755464985073
67.69770408163265,0.07333743233609542
68.92857142857143,0.07435338999839161
70.15943877551021,0.07372324894132677
71.39030612244898,0.07199366768546739
72.62117346938776,0.07107252799854076
73.85204081632654,0.0701692860599106
75.0829081632653,0.06936905250502003
76.31377551020408,0.06876546430803193
77.54464285714286,0.06907246059283427
78.77551020408163,0.06885955450068468
80.0063775510204,0.06894930605185777
81.23724489795919,0.06937127324427826
82.46811224489795,0.06810409025977975
83.69897959183673,0.0674511326735065
84.92984693877551,0.06862825369923786
86.16071428571428,0.06815446308076177
87.39158163265306,0.06843140803271931
88.62244897959184,0.06981626574726164
89.8533163265306,0.07008859285059657
91.08418367346938,0.0698736127845468
92.31505102040816,0.07196825185907463
93.54591836734693,0.07110322323354616
94.77678571428571,0.06914222757960645
96.00765306122449,0.06889229994781701
97.23852040816325,0.06914768933638239
98.46938775510205,0.07165845973972254
99.70025510204081,0.07545795337267233
100.93112244897958,0.07911638157447488
102.16198979591837,0.08326379692160193
103.39285714285714,0.0819631472680355
104.62372448979592,0.08489395616960153
105.8545918367347,0.09217986179184216
107.08545918367346,0.09682446549700517
108.31632653061224,0.10056782465136652
109.54719387755102,0.1040925533343457
110.77806122448979,0.10733001565723627
112.00892857142857,0.11070981307285459
113.23979591836735,0.1129633437394423
114.47066326530611,0.1141720084461986
115.7015306122449,0.11330565679958064
116.93239795918367,0.11330565679958064
118.16326530612244,0.11330565679958064
119.39413265306122,0.11330565679958064
120.625,0.11330565679958064
60.3125,0.10273102092607864
61.54336734693877,0.10136947983585275
62.77423469387755,0.10112351982511844
64.00510204081633,0.10152029824256775
65.2359693877551,0.09075688739626009
66.46683673469387,0.08979685868052038
67.69770408163265,0.08925999740250046
68.92857142857143,0.08895814836354746
70.15943877551021,0.08802650345885668
71.39030612244898,0.08729006867530761
72.62117346938776,0.0866855784567538
73.85204081632654,0.08751873277899856
75.0829081632653,0.08594206998415828
76.31377551020408,0.08445103898793921
77.54464285714286,0.08510152530821377
78.77551020408163,0.08419885383449814
80.0063775510204,0.0829496459427303
81.23724489795919,0.07982227593241994
82.46811224489795,0.08007652724094708
83.69897959183673,0.07882759948950122
84.92984693877551,0.07948355891532904
86.16071428571428,0.07828134376687704
87.39158163265306,0.07729318548482492
88.62244897959184,0.07758376439596348
89.8533163265306,0.07730490085566859
91.08418367346938,0.07552293391679045
92.31505102040816,0.07709737487320936
93.54591836734693,0.0766490270578942
94.77678571428571,0.07516432312585487
96.00765306122449,0.07428262296493568
97.23852040816325,0.07418096110740023
98.46938775510205,0.07477069163820699
99.70025510204081,0.07371256225386039
100.93112244897958,0.07741282850342214
102.16198979591837,0.08050746013739214
103.39285714285714,0.08361533007745536
104.62372448979592,0.08634581833013226
105.8545918367347,0.0721965229079706
107.08545918367346,0.07311811042256056
108.31632653061224,0.08175538178338129
109.54719387755102,0.08681473552256719
110.77806122448979,0.09070898149592473
112.00892857142857,0.09442566186798121
113.23979591836735,0.09744699152432437
114.47066326530611,0.10007632255948698
115.7015306122449,0.10174159088010884
116.93239795918367,0.10232428044594033
118.16326530612244,0.10250338176142366
119.39413265306122,0.10250338176142366
120.625,0.10250338176142366
60.3125,0.07912194845398528
61.54336734693877,0.07697620730036159
62.77423469387755,0.07641706891276963
64.00510204081633,0.07550785595796922
65.2359693877551,0.07546177695544698
66.46683673469387,0.0762535832557223
67.69770408163265,0.07539565549345598
68.92857142857143,0.07509398399293847
70.15943877551021,0.07669033530005892
71.39030612244898,0.07779909646400325
72.62117346938776,0.0765323642719035
73.85204081632654,0.07452110208320525
75.0829081632653,0.07391599261604527
76.31377551020408,0.06636003707933831
77.54464285714286,0.06868501224214309
78.77551020408163,0.06636467333186727
80.0063775510204,0.06530549162619968
81.23724489795919,0.06511661787365217
82.46811224489795,0.06548973434512664
83.69897959183673,0.06701412375420059
84.92984693877551,0.06727629671091168
86.16071428571428,0.06550696827165073
87.39158163265306,0.06600946517239359
88.62244897959184,0.06471562725332644
89.8533163265306,0.06397283262424945
91.08418367346938,0.06542294095287998
92.31505102040816,0.06385633883275078
93.54591836734693,0.06274204764979627
94.77678571428571,0.06205560633025537
96.00765306122449,0.06181818380465339
97.23852040816325,0.060950557727282174
98.46938775510205,0.061210657654630546
99.70025510204081,0.05984924460891053
100.93112244897958,0.06435609600944796
102.16198979591837,0.06340950264082393
103.39285714285714,0.06442723118204986
104.62372448979592,0.06580234954922617
105.8545918367347,0.0673521026862279
107.08545918367346,0.06376107952565319
108.31632653061224,0.06317259373034059
109.54719387755102,0.06581716154569782
110.77806122448979,0.0682388196673902
112.00892857142857,0.07013708180020004
113.23979591836735,0.07224852883119158
114.47066326530611,0.07413430377610072
115.7015306122449,0.07573687560684593
116.93239795918367,0.07692771511314661
118.16326530612244,0.07742487872495478
119.39413265306122,0.0772204529748758
120.625,0.0803961741864302
60.3125,0.0698891207735851
61.54336734693877,0.06921454930179106
62.77423469387755,0.0670242201209292
64.00510204081633,0.06612639648844068
65.2359693877551,0.0625167970005529
66.46683673469387,0.06512474789071884
67.69770408163265,0.06376891815921
68.92857142857143,0.06320154777697787
70.15943877551021,0.05923148116607458
71.39030612244898,0.05906063938569862
72.62117346938776,0.05861513197376444
73.85204081632654,0.058858977212166874
75.0829081632653,0.05824123959427949
76.31377551020408,0.057382897141297136
77.54464285714286,0.056530870526922024
78.77551020408163,0.05957780928520483
80.0063775510204,0.05924872330775109
81.23724489795919,0.05698190025932112
82.46811224489795,0.057054412438767646
83.69897959183673,0.055798355340482
84.92984693877551,0.0534655140105612
86.16071428571428,0.05290392997300129
87.39158163265306,0.053633962751826796
88.62244897959184,0.05123847793538175
89.8533163265306,0.05344223297992368
91.08418367346938,0.05300985486037199
92.31505102040816,0.0530671721766999
93.54591836734693,0.053862311331968116
94.77678571428571,0.05538463978684345
96.00765306122449,0.05204178230203675
97.23852040816325,0.05124939997432989
98.46938775510205,0.049642213004916766
99.70025510204081,0.04892129862141797
100.93112244897958,0.05053167648162954
102.16198979591837,0.050489175380315096
103.39285714285714,0.05084053495759046
104.62372448979592,0.05281680866236005
105.8545918367347,0.05484961831345648
107.08545918367346,0.05683158811116036
108.31632653061224,0.05237897731081141
109.54719387755102,0.05382335219886435
110.77806122448979,0.05343675008923284
112.00892857142857,0.055911504370275256
113.23979591836735,0.058660151496816526
114.47066326530611,0.061145115075658625
115.7015306122449,0.06380138616935352
116.93239795918367,0.06611709467302683
118.16326530612244,0.06860561148184666
119.39413265306122,0.0707528187415892
120.625,0.0724856222651456
60.3125,0.09170634793795995
61.54336734693877,0.09129587022759224
62.77423469387755,0.08969917784951825
64.00510204081633,0.08611568802265655
65.2359693877551,0.0876619875025791
66.46683673469387,0.08226201171725953
67.69770408163265,0.08320582077802406
68.92857142857143,0.0804015462979773
70.15943877551021,0.07697614802305022
71.39030612244898,0.0828790894045209
72.62117346938776,0.07685252860635186
73.85204081632654,0.07290851971155082
75.0829081632653,0.07004273728511878
76.31377551020408,0.06728531106180598
77.54464285714286,0.06312524259503918
78.77551020408163,0.06360933509829943
80.0063775510204,0.06285914162827945
81.23724489795919,0.06433963025847134
82.46811224489795,0.06475149934901687
83.69897959183673,0.06469765238476885
84.92984693877551,0.06480657003898789
86.16071428571428,0.06539124819448401
87.39158163265306,0.06582537491826479
88.62244897959184,0.06614431211223072
89.8533163265306,0.06636806455510394
91.08418367346938,0.07131492557609861
92.31505102040816,0.07059056121452978
93.54591836734693,0.0678765187772552
94.77678571428571,0.06746800353908702
96.00765306122449,0.06651113813985282
97.23852040816325,0.06395189950947576
98.46938775510205,0.061732770545848
99.70025510204081,0.0618703473876885
100.93112244897958,0.06134845336270121
102.16198979591837,0.06369831419711801
103.39285714285714,0.06729232562437894
104.62372448979592,0.06993175629581297
105.8545918367347,0.06621660762999027
107.08545918367346,0.06803992197807107
108.31632653061224,0.06632666256076847
109.54719387755102,0.07046018525445363
110.77806122448979,0.07393195560990506
112.00892857142857,0.07665210335453264
113.23979591836735,0.07938040813421243
114.47066326530611,0.08144303262804928
115.7015306122449,0.08351139200652674
116.93239795918367,0.0849295979772268
118.16326530612244,0.08572639890359973
119.39413265306122,0.08605375597167446
120.625,0.08646514878368268
60.3125,0.09863734997616261
61.54336734693877,0.08932724277027496
62.77423469387755,0.08979545564719504
64.00510204081633,0.09040481639745535
65.2359693877551,0.09066524392942744
66.46683673469387,0.08954675619545659
67.69770408163265,0.08856583964103458
68.92857142857143,0.08685112629358183
70.15943877551021,0.08671006568959666
71.39030612244898,0.08697534595322053
72.62117346938776,0.08690390062815577
73.85204081632654,0.08682107205180399
75.0829081632653,0.08696082541031593
76.31377551020408,0.08670115121496785
77.54464285714286,0.08291939301954802
78.77551020408163,0.08385803420212719
80.0063775510204,0.0844549473662927
81.23724489795919,0.08322429687954
82.46811224489795,0.08180274942019256
83.69897959183673,0.08826472516834223
84.92984693877551,0.08730419841199835
86.16071428571428,0.07707302201188235
87.39158163265306,0.0928795205533942
88.62244897959184,0.09084567111052796
89.8533163265306,0.09307671643619232
91.08418367346938,0.09127726296862697
92.31505102040816,0.07235766854482588
93.54591836734693,0.07009792986915883
94.77678571428571,0.06801875110580084
96.00765306122449,0.06652287232722454
97.23852040816325,0.06425797213818726
98.46938775510205,0.06615932197219125
99.70025510204081,0.07070782876159665
100.93112244897958,0.06749325497848109
102.16198979591837,0.07238402004087252
103.39285714285714,0.07587819615530224
104.62372448979592,0.07913688588334422
105.8545918367347,0.06698299360896043
107.08545918367346,0.07231204617301053
108.31632653061224,0.07882842696559424
109.54719387755102,0.08324966485885404
110.77806122448979,0.08641774102064567
112.00892857142857,0.08992679393783534
113.23979591836735,0.09300886540297486
114.47066326530611,0.09568862505146955
115.7015306122449,0.09784601041430319
116.93239795918367,0.09920600661217373
118.16326530612244,0.09985967987455535
119.39413265306122,0.10065278590188695
120.625,0.10065278590188695
60.3125,0.11179044753454669
61.54336734693877,0.10916148649166202
62.77423469387755,0.10995791480980982
64.00510204081633,0.10863055481973266
65.2359693877551,0.10798159632412642
66.46683673469387,0.10639857035932976
67.69770408163265,0.10400180917389253
68.92857142857143,0.10135491064292523
70.15943877551021,0.09867863279757766
71.39030612244898,0.09619507813241755
72.62117346938776,0.10189507792485765
73.85204081632654,0.09598854495777645
75.0829081632653,0.09412197485343533
76.31377551020408,0.09125862863902139
77.54464285714286,0.09664652913898479
78.77551020408163,0.09268959206654648
80.0063775510204,0.09085058274007779
81.23724489795919,0.09168175496012787
82.46811224489795,0.08755165923862457
83.69897959183673,0.09058122199063773
84.92984693877551,0.08902020770913148
86.16071428571428,0.08801896214714636
87.39158163265306,0.08881461419870666
88.62244897959184,0.08747575980344736
89.8533163265306,0.08904915116402091
91.08418367346938,0.08550908686189908
92.31505102040816,0.08521508752646413
93.54591836734693,0.08607902139215985
94.77678571428571,0.0852353045747566
96.00765306122449,0.08577019988264228
97.23852040816325,0.08645543869220278
98.46938775510205,0.08522351719053264
99.70025510204081,0.0891610206563605
100.93112244897958,0.08833742566533963
102.16198979591837,0.08633430680367486
103.39285714285714,0.08673028095959676
104.62372448979592,0.08756740310113809
105.8545918367347,0.08846205465954315
107.08545918367346,0.08962684396785442
108.31632653061224,0.09084443803600174
109.54719387755102,0.09196809888507228
110.77806122448979,0.09323671166825481
112.00892857142857,0.0943773082839299
113.23979591836735,0.09505665215957226
114.47066326530611,0.09558247376956414
115.7015306122449,0.0954046923828961
116.93239795918367,0.0954046923828961
118.16326530612244,0.0954046923828961
119.39413265306122,0.0954046923828961
120.625,0.0954046923828961
60.3125,0.09485001951551598
61.54336734693877,0.09783977325182003
62.77423469387755,0.09411527627350717
64.00510204081633,0.09720034282615803
65.2359693877551,0.09739175658218117
66.46683673469387,0.0956449508438931
67.69770408163265,0.09501403997758119
68.92857142857143,0.09390062806740769
70.15943877551021,0.09328021612966254
71.39030612244898,0.09274784322605681
72.62117346938776,0.09229991327104793
73.85204081632654,0.09185743440061547
75.0829081632653,0.09396662692460406
76.31377551020408,0.09226180146015205
77.54464285714286,0.09155401205508329
78.77551020408163,0.09051044704806926
80.0063775510204,0.08970468505623531
81.23724489795919,0.08787269616956417
82.46811224489795,0.08761259500943491
83.69897959183673,0.0868525749096792
84.92984693877551,0.08852128611361149
86.16071428571428,0.08867501516441448
87.39158163265306,0.0890298349488543
88.62244897959184,0.0893298317939462
89.8533163265306,0.08865043350118776
91.08418367346938,0.08781773703510845
92.31505102040816,0.09021390397175254
93.54591836734693,0.08795878351936535
94.77678571428571,0.0875624870490553
96.00765306122449,0.08774246383912662
97.23852040816325,0.08720331407461819
98.46938775510205,0.08815707908419608
99.70025510204081,0.0897198244983201
100.93112244897958,0.09150316423342086
102.16198979591837,0.09352905987076035
103.39285714285714,0.08826550810633635
104.62372448979592,0.08975715046664465
105.8545918367347,0.09345453235731757
107.08545918367346,0.09681966866969234
108.31632653061224,0.09927733031079512
109.54719387755102,0.10202739176222334
110.77806122448979,0.10444261171184606
112.00892857142857,0.10645360569741126
113.23979591836735,0.10812524543371822
114.47066326530611,0.10911476263291366
115.7015306122449,0.10946448262457248
116.93239795918367,0.11481241287718554
118.16326530612244,0.10957750587037685
119.39413265306122,0.10957750587037685
120.625,0.10957750587037685
60.3125,0.08913420861420814
61.54336734693877,0.08968002251477591
62.77423469387755,0.09020353682075383
64.00510204081633,0.08981768498004189
65.2359693877551,0.08983225584420065
66.46683673469387,0.0867117936001186
67.69770408163265,0.0893395333992493
68.92857142857143,0.08672731230891755
70.15943877551021,0.08658691320249641
71.39030612244898,0.08588948005922581
72.62117346938776,0.08488886394513855
73.85204081632654,0.08370732673691636
75.0829081632653,0.08141444799913987
76.31377551020408,0.08148094807484192
77.54464285714286,0.08571560571910664
78.77551020408163,0.08518498572297734
80.0063775510204,0.08644041091958901
81.23724489795919,0.08712774172861676
82.46811224489795,0.08176356186028709
83.69897959183673,0.08085932989629556
84.92984693877551,0.08078962484787237
86.16071428571428,0.08114757822457946
87.39158163265306,0.0793188089577934
88.62244897959184,0.07788146644743586
89.8533163265306,0.07807070824173287
91.08418367346938,0.07608445848777988
92.31505102040816,0.07606421884736358
93.54591836734693,0.0751345343860745
94.77678571428571,0.07386905687518064
96.00765306122449,0.0727347929035005
97.23852040816325,0.07270326314261166
98.46938775510205,0.07513153186304711
99.70025510204081,0.07798601979338426
100.93112244897958,0.07511420813098696
102.16198979591837,0.07821671864721441
103.39285714285714,0.08101376984712332
104.62372448979592,0.083453236276979
105.8545918367347,0.07142826071894601
107.08545918367346,0.0761444435120676
108.31632653061224,0.0776880251060583
109.54719387755102,0.08389166464293615
110.77806122448979,0.08794673050826343
112.00892857142857,0.09193811165455529
113.23979591836735,0.09497327515088631
114.47066326530611,0.09756978321341972
115.7015306122449,0.09908957693067175
116.93239795918367,0.09956799333000267
118.16326530612244,0.10338951767715221
119.39413265306122,0.09963056805981052
120.625,0.09963056805981052
60.3125,0.08158378238392124
61.54336734693877,0.0790692840076902
62.77423469387755,0.07923760451051888
64.00510204081633,0.07942220939190162
65.2359693877551,0.0770238196600952
66.46683673469387,0.07721455631900181
67.69770408163265,0.07712239800712108
68.92857142857143,0.07727571726012183
70.15943877551021,0.07815748728235931
71.39030612244898,0.07573605607762762
72.62117346938776,0.07558984933896487
73.85204081632654,0.07623627957653074
75.0829081632653,0.07651711882717159
76.31377551020408,0.07619046309386193
77.54464285714286,0.07552521724788984
78.77551020408163,0.07703435628253465
80.0063775510204,0.07374721603403676
81.23724489795919,0.07636792038107695
82.46811224489795,0.07540755218914452
83.69897959183673,0.07488012289921091
84.92984693877551,0.07317587994716591
86.16071428571428,0.0727792426007558
87.39158163265306,0.07337275284058707
88.62244897959184,0.07186949926164432
89.8533163265306,0.07057793329195107
91.08418367346938,0.06957326884254109
92.31505102040816,0.07189588244878133
93.54591836734693,0.07126759438894927
94.77678571428571,0.07155553784909359
96.00765306122449,0.070147235016333
97.23852040816325,0.07222557267859622
98.46938775510205,0.07185506748611553
99.70025510204081,0.0747956862470676
100.93112244897958,0.08232174811472198
102.16198979591837,0.08194894723583303
103.39285714285714,0.07623944780268153
104.62372448979592,0.07872995206295817
105.8545918367347,0.08047776625800779
107.08545918367346,0.08416651813803579
108.31632653061224,0.0870156066943031
109.54719387755102,0.0900266253573024
110.77806122448979,0.09257357269580577
112.00892857142857,0.09469501434576606
113.23979591836735,0.09654738878239416
114.47066326530611,0.09795413772205233
115.7015306122449,0.09881859168279579
116.93239795918367,0.09973277569890336
118.16326530612244,0.09973277569890336
119.39413265306122,0.09973277569890336
120.625,0.09973277569890336
60.3125,0.059190902975204254
61.54336734693877,0.05885842027266788
62.77423469387755,0.05850511869950177
64.00510204081633,0.05815620123200978
65.2359693877551,0.05723118172791227
66.46683673469387,0.05679986423014796
67.69770408163265,0.055985908604281695
68.92857142857143,0.056034743182776355
70.15943877551021,0.055718692265073
71.39030612244898,0.056031899198698276
72.62117346938776,0.05603461782671589
73.85204081632654,0.055823942119832416
75.0829081632653,0.05498469950250708
76.31377551020408,0.05482032819536909
77.54464285714286,0.05473271394605924
78.77551020408163,0.054685235986487356
80.0063775510204,0.05466564653503875
81.23724489795919,0.054560083610823075
82.46811224489795,0.057999619001555744
83.69897959183673,0.05733096044898757
84.92984693877551,0.057152661713298566
86.16071428571428,0.05625460237108414
87.39158163265306,0.0558252355004617
88.62244897959184,0.05663443557970583
89.8533163265306,0.056771739529751765
91.08418367346938,0.057974845465848364
92.31505102040816,0.057229198804005094
93.54591836734693,0.05726386005523772
94.77678571428571,0.05754552829096147
96.00765306122449,0.05677198360489961
97.23852040816325,0.0577913045049536
98.46938775510205,0.05851591189424798
99.70025510204081,0.05864873610316879
100.93112244897958,0.06404451051973614
102.16198979591837,0.06104129496710814
103.39285714285714,0.06587469495285989
104.62372448979592,0.06916244310141895
105.8545918367347,0.07214280141701852
107.08545918367346,0.07498495891100396
108.31632653061224,0.06525719993578005
109.54719387755102,0.06144296695828043
110.77806122448979,0.06861068066254994
112.00892857142857,0.07291757261751618
113.23979591836735,0.07618635818920552
114.47066326530611,0.07944361791519883
115.7015306122449,0.08191969618470346
116.93239795918367,0.08446356810622108
118.16326530612244,0.08627958140455573
119.39413265306122,0.08728820303367864
120.625,0.08720059255831783
60.3125,0.08307450349192898
61.54336734693877,0.08409884872162442
62.77423469387755,0.0836501380422925
64.00510204081633,0.08340363188101711
65.2359693877551,0.0822108383750606
66.46683673469387,0.08438939493074513
67.69770408163265,0.083876665490166
68.92857142857143,0.0837555184751352
70.15943877551021,0.08373638005637243
71.39030612244898,0.08370298752672113
72.62117346938776,0.08364172233664618
73.85204081632654,0.08353509077639731
75.0829081632653,0.09521163743240531
76.31377551020408,0.09161263539585951
77.54464285714286,0.0843289614586605
78.77551020408163,0.08614979127994006
80.0063775510204,0.08393346045918294
81.23724489795919,0.08403426417396491
82.46811224489795,0.08589995750333772
83.69897959183673,0.08572312651876159
84.92984693877551,0.08592900612424173
86.16071428571428,0.08564185451715993
87.39158163265306,0.08808934104708892
88.62244897959184,0.08843661953115009
89.8533163265306,0.08636519040475495
91.08418367346938,0.08736222478887178
92.31505102040816,0.08535127704302237
93.54591836734693,0.08471872878016512
94.77678571428571,0.08538931686101217
96.00765306122449,0.08532132127568028
97.23852040816325,0.08564230463225718
98.46938775510205,0.08783776900295324
99.70025510204081,0.08965102172918452
100.93112244897958,0.09143199866070417
102.16198979591837,0.08722376721996104
103.39285714285714,0.08951141440019927
104.62372448979592,0.0915379117541245
105.8545918367347,0.09374996698547154
107.08545918367346,0.09550686859694153
108.31632653061224,0.09741882676272862
109.54719387755102,0.09910587508049949
110.77806122448979,0.10044423642860793
112.00892857142857,0.1015474320635978
113.23979591836735,0.1021709405418267
114.47066326530611,0.10237706590079633
115.7015306122449,0.10232836118201298
116.93239795918367,0.10432273751686579
118.16326530612244,0.10238396407390993
119.39413265306122,0.10238396407390993
120.625,0.10238396407390993
60.3125,0.09055451736798685
61.54336734693877,0.09036010892959341
62.77423469387755,0.08969362504764025
64.00510204081633,0.09405745880341998
65.2359693877551,0.09368807566808868
66.46683673469387,0.08198945347850171
67.69770408163265,0.0934653298107314
68.92857142857143,0.09164265399802114
70.15943877551021,0.08853296016453208
71.39030612244898,0.0855217200250224
72.62117346938776,0.08342731659935484
73.85204081632654,0.08142496896871858
75.0829081632653,0.08060647329997837
76.31377551020408,0.08173029646795893
77.54464285714286,0.08107333300255315
78.77551020408163,0.0801290271113457
80.0063775510204,0.08194387563497829
81.23724489795919,0.08531324311197293
82.46811224489795,0.07990453160098043
83.69897959183673,0.08197287345759889
84.92984693877551,0.0814749595421649
86.16071428571428,0.0830092315154932
87.39158163265306,0.08057273422938527
88.62244897959184,0.08197708495551408
89.8533163265306,0.08037823657730385
91.08418367346938,0.07826527490644802
92.31505102040816,0.0781634150909367
93.54591836734693,0.07725030625309608
94.77678571428571,0.07511636983623747
96.00765306122449,0.08004825104948089
97.23852040816325,0.07739817606949352
98.46938775510205,0.0790345753777005
99.70025510204081,0.08082966838768448
100.93112244897958,0.08272979749389328
102.16198979591837,0.08009917689093782
103.39285714285714,0.07975958396717679
104.62372448979592,0.08017807208711375
105.8545918367347,0.08342897368582589
107.08545918367346,0.08630515861855413
108.31632653061224,0.08880536370914235
109.54719387755102,0.09107268337668153
110.77806122448979,0.09292153706631849
112.00892857142857,0.09430843047442738
113.23979591836735,0.09508550700485366
114.47066326530611,0.09525659252807758
115.7015306122449,0.09716201728641934
116.93239795918367,0.09523534140808956
118.16326530612244,0.09523534140808956
119.39413265306122,0.09523534140808956
120.625,0.09523534140808956
60.3125,0.06480579998210043
61.54336734693877,0.06243285921440069
62.77423469387755,0.06339877398967658
64.00510204081633,0.06355127009985266
65.2359693877551,0.06311263847886152
66.46683673469387,0.06326734294952545
67.69770408163265,0.06339487906132557
68.92857142857143,0.06252122623315508
70.15943877551021,0.0630223402267241
71.39030612244898,0.06305938382800978
72.62117346938776,0.06312624522401765
73.85204081632654,0.0632162847361437
75.0829081632653,0.06329612216651406
76.31377551020408,0.06330979528725016
77.54464285714286,0.0637076395223396
78.77551020408163,0.06346446476878277
80.0063775510204,0.06305354801505379
81.23724489795919,0.06417118991346364
82.46811224489795,0.06385419675499864
83.69897959183673,0.06316739292535034
84.92984693877551,0.06202060709416709
86.16071428571428,0.06177258730564026
87.39158163265306,0.05909188160788789
88.62244897959184,0.058399951856395294
89.8533163265306,0.05803081444752268
91.08418367346938,0.057617921624213225
92.31505102040816,0.05934214668953129
93.54591836734693,0.05868112611551457
94.77678571428571,0.05650236913214674
96.00765306122449,0.05757447427961309
97.23852040816325,0.056134411096277155
98.46938775510205,0.055959218909265876
99.70025510204081,0.05554826908240266
100.93112244897958,0.05542115406161676
102.16198979591837,0.0550778361112291
103.39285714285714,0.056146643739358536
104.62372448979592,0.057461129366945356
105.8545918367347,0.058866638910773116
107.08545918367346,0.05632208321763372
108.31632653061224,0.05714359841092667
109.54719387755102,0.0574861056594964
110.77806122448979,0.05909302518752738
112.00892857142857,0.06089418907570619
113.23979591836735,0.06261015835730445
114.47066326530611,0.06446006150723012
115.7015306122449,0.0660333751265715
116.93239795918367,0.06774270566036311
118.16326530612244,0.06912941151333196
119.39413265306122,0.06975858906953362
120.625,0.0702517729053225
60.3125,0.12154939931662823
61.54336734693877,0.12176331902222912
62.77423469387755,0.11928340661543443
64.00510204081633,0.1196185111107064
65.2359693877551,0.1217634127019158
66.46683673469387,0.11812416114110512
67.69770408163265,0.11802264566438231
68.92857142857143,0.11573375496385088
70.15943877551021,0.11295286218308398
71.39030612244898,0.11055564357122628
72.62117346938776,0.11401551649095497
73.85204081632654,0.11161463067391725
75.0829081632653,0.10323576281698596
76.31377551020408,0.10580234015105511
77.54464285714286,0.10441344480530693
78.77551020408163,0.09840371719587283
80.0063775510204,0.09822020527609827
81.23724489795919,0.0955700782018123
82.46811224489795,0.0940856778164084
83.69897959183673,0.09170685716882718
84.92984693877551,0.09216660345163792
86.16071428571428,0.09262590081038093
87.39158163265306,0.09207667900780103
88.62244897959184,0.09089544889763965
89.8533163265306,0.0905756433576246
91.08418367346938,0.08977955794738339
92.31505102040816,0.09052175326529954
93.54591836734693,0.09310811948718005
94.77678571428571,0.09233804584411454
96.00765306122449,0.09530675848268745
97.23852040816325,0.09732572634062525
98.46938775510205,0.09923019095967633
99.70025510204081,0.10101603046587176
100.93112244897958,0.0960225515036987
102.16198979591837,0.09737825295986909
103.39285714285714,0.09936719780296759
104.62372448979592,0.10155408389442372
105.8545918367347,0.1036932784729427
107.08545918367346,0.10571664031564473
108.31632653061224,0.1080153780436269
109.54719387755102,0.10995663592886999
110.77806122448979,0.11199019721050786
112.00892857142857,0.1140723996188115
113.23979591836735,0.11573813652691972
114.47066326530611,0.11625381344423616
115.7015306122449,0.11625381344423616
116.93239795918367,0.11625381344423616
118.16326530612244,0.11625381344423616
119.39413265306122,0.11625381344423616
120.625,0.11625381344423616
60.3125,0.15049762218431426
61.54336734693877,0.14728690308422193
62.77423469387755,0.14243190525994823
64.00510204081633,0.1388106587793817
65.2359693877551,0.13614714265820466
66.46683673469387,0.13759643272690644
67.69770408163265,0.13581755157805045
68.92857142857143,0.13348998256131428
70.15943877551021,0.1313385466026126
71.39030612244898,0.12891510984637936
72.62117346938776,0.1241481755207151
73.85204081632654,0.12532587462141614
75.0829081632653,0.12475839865602224
76.31377551020408,0.1248674646878192
77.54464285714286,0.12252625875772286
78.77551020408163,0.12304051766225817
80.0063775510204,0.1260644033151818
81.23724489795919,0.12234911604368899
82.46811224489795,0.122240863124427
83.69897959183673,0.12168310436945687
84.92984693877551,0.11956295765900983
86.16071428571428,0.11763248600826433
87.39158163265306,0.11678615287799708
88.62244897959184,0.11713089999986107
89.8533163265306,0.11810270638029323
91.08418367346938,0.11623365601571618
92.31505102040816,0.1182441234023554
93.54591836734693,0.11946255350131273
94.77678571428571,0.12247234831087621
96.00765306122449,0.11896516007869
97.23852040816325,0.11985056167986734
98.46938775510205,0.12073098796796661
99.70025510204081,0.12176668083503149
100.93112244897958,0.1267166633112052
102.16198979591837,0.13003430599772314
103.39285714285714,0.1338129096301905
104.62372448979592,0.13717289828533713
105.8545918367347,0.1402699741322725
107.08545918367346,0.1430039561600698
108.31632653061224,0.14483265087266467
109.54719387755102,0.14559886863961125
110.77806122448979,0.14559886863961125
112.00892857142857,0.14559886863961125
113.23979591836735,0.14559886863961125
114.47066326530611,0.14559886863961125
115.7015306122449,0.14559886863961125
116.93239795918367,0.14559886863961125
118.16326530612244,0.14559886863961125
119.39413265306122,0.14559886863961125
120.625,0.14559886863961125
60.3125,0.10912664459457123
61.54336734693877,0.10924826239659884
62.77423469387755,0.10278320640368767
64.00510204081633,0.10288722040551954
65.2359693877551,0.10307104935844147
66.46683673469387,0.1033737619851911
67.69770408163265,0.10377253749851645
68.92857142857143,0.10418642817126487
70.15943877551021,0.10536185434652283
71.39030612244898,0.10543042682953925
72.62117346938776,0.10551600393367479
73.85204081632654,0.10525444681458015
75.0829081632653,0.10448187129924144
76.31377551020408,0.10320417751734692
77.54464285714286,0.1035771674351256
78.77551020408163,0.10112332761316853
80.0063775510204,0.09806716231245918
81.23724489795919,0.09800983081226702
82.46811224489795,0.09773291179294129
83.69897959183673,0.0951443154810956
84.92984693877551,0.09746515135665448
86.16071428571428,0.09629011950059443
87.39158163265306,0.09619594992259217
88.62244897959184,0.09428253891457304
89.8533163265306,0.09875997201591251
91.08418367346938,0.09750843060340819
92.31505102040816,0.09732317066117759
93.54591836734693,0.0975395618159433
94.77678571428571,0.09621030857434437
96.00765306122449,0.09688623858338298
97.23852040816325,0.09936305236925146
98.46938775510205,0.10195284560702884
99.70025510204081,0.10441752778045851
100.93112244897958,0.10067323548413397
102.16198979591837,0.1039260381616017
103.39285714285714,0.10856819872734941
104.62372448979592,0.11214529222991074
105.8545918367347,0.11495359348412641
107.08545918367346,0.11789151953109583
108.31632653061224,0.11984633790780098
109.54719387755102,0.12191392698017477
110.77806122448979,0.123147368600928
112.00892857142857,0.1236894804483763
113.23979591836735,0.12390213070275305
114.47066326530611,0.12430995995524036
115.7015306122449,0.12430995995524036
116.93239795918367,0.12430995995524036
118.16326530612244,0.12430995995524036
119.39413265306122,0.12430995995524036
120.625,0.12430995995524036
60.3125,0.07819817625328472
61.54336734693877,0.07679449407909252
62.77423469387755,0.07518017102285511
64.00510204081633,0.0734070451875403
65.2359693877551,0.07191742622354336
66.46683673469387,0.06989145287405532
67.69770408163265,0.07268708820533014
68.92857142857143,0.07064311503256022
70.15943877551021,0.07075557255460277
71.39030612244898,0.06810329400844829
72.62117346938776,0.06742171526138309
73.85204081632654,0.06700818319445243
75.0829081632653,0.066898445070575
76.31377551020408,0.06708818073164526
77.54464285714286,0.07103813674342446
78.77551020408163,0.07108280084110016
80.0063775510204,0.07079658768781884
81.23724489795919,0.06880611524872567
82.46811224489795,0.07110952650839998
83.69897959183673,0.07069711316208188
84.92984693877551,0.06932528867715912
86.16071428571428,0.0702782974123041
87.39158163265306,0.0705229122858747
88.62244897959184,0.07059515967487036
89.8533163265306,0.07285701495741902
91.08418367346938,0.07040826939476852
92.31505102040816,0.06854816210640788
93.54591836734693,0.06953298935086859
94.77678571428571,0.07033054277851118
96.00765306122449,0.07226864354323818
97.23852040816325,0.07597987219912046
98.46938775510205,0.07839381582353894
99.70025510204081,0.08066099838182116
100.93112244897958,0.08298911591030203
102.16198979591837,0.08223484327538366
103.39285714285714,0.08587041259751034
104.62372448979592,0.08991061221655644
105.8545918367347,0.0930962672577271
107.08545918367346,0.09648978750218126
108.31632653061224,0.09949893905811444
109.54719387755102,0.10232392044226363
110.77806122448979,0.10519314044214398
112.00892857142857,0.10731637086961565
113.23979591836735,0.10772895390183203
114.47066326530611,0.10720388685350984
115.7015306122449,0.10720388685350984
116.93239795918367,0.10720388685350984
118.16326530612244,0.10720388685350984
119.39413265306122,0.10720388685350984
120.625,0.10720388685350984
60.3125,0.08915364460371109
61.54336734693877,0.08941057619257221
62.77423469387755,0.08575629256848476
64.00510204081633,0.08555311585307218
65.2359693877551,0.08737207062394954
66.46683673469387,0.08739449761441939
67.69770408163265,0.08774570123960036
68.92857142857143,0.0873641923147108
70.15943877551021,0.0874082661018474
71.39030612244898,0.08741131918763079
72.62117346938776,0.08740149055539737
73.85204081632654,0.08748808290201934
75.0829081632653,0.08620213000190158
76.31377551020408,0.0858078432902197
77.54464285714286,0.08652246150706318
78.77551020408163,0.08678624404726978
80.0063775510204,0.08729356301679689
81.23724489795919,0.0890790376859959
82.46811224489795,0.09002287495513026
83.69897959183673,0.09288457655862466
84.92984693877551,0.09310744055475094
86.16071428571428,0.09254020748961003
87.39158163265306,0.09253378772266604
88.62244897959184,0.0905834117227513
89.8533163265306,0.08823020740649266
91.08418367346938,0.08890466973276308
92.31505102040816,0.08903173122503408
93.54591836734693,0.08826323389238086
94.77678571428571,0.09125148577544724
96.00765306122449,0.08986669412579747
97.23852040816325,0.08961151256801522
98.46938775510205,0.08976086809494818
99.70025510204081,0.09015554732065062
100.93112244897958,0.08906373244244407
102.16198979591837,0.08988682569539427
103.39285714285714,0.08753698382557888
104.62372448979592,0.08779913005805717
105.8545918367347,0.08895059216020247
107.08545918367346,0.0899669545127865
108.31632653061224,0.0913556712423324
109.54719387755102,0.09272502266983404
110.77806122448979,0.09388563537570231
112.00892857142857,0.0951489846846933
113.23979591836735,0.09606834292908835
114.47066326530611,0.09645827121670755
115.7015306122449,0.09605415137132327
116.93239795918367,0.09506395457539081
118.16326530612244,0.0936602947709673
119.39413265306122,0.0936602947709673
120.625,0.0936602947709673
60.3125,0.11585371050922061
61.54336734693877,0.11598781810406099
62.77423469387755,0.11568713058896653
64.00510204081633,0.11345552060411908
65.2359693877551,0.11443625471435448
66.46683673469387,0.11460875770562279
67.69770408163265,0.11409329095723186
68.92857142857143,0.11316154240402097
70.15943877551021,0.11168615272943053
71.39030612244898,0.10942409973672886
72.62117346938776,0.10840600791065408
73.85204081632654,0.10564253959440957
75.0829081632653,0.10402697202413724
76.31377551020408,0.1030969655316777
77.54464285714286,0.10102025449541732
78.77551020408163,0.10162378101565903
80.0063775510204,0.09845854651937125
81.23724489795919,0.10074854119144845
82.46811224489795,0.0993937278087543
83.69897959183673,0.09823872223866709
84.92984693877551,0.09919150670694925
86.16071428571428,0.103065529606253
87.39158163265306,0.09749860218658449
88.62244897959184,0.09488401814879925
89.8533163265306,0.09166927690264788
91.08418367346938,0.08939862228390193
92.31505102040816,0.08646208323849476
93.54591836734693,0.08502630435281235
94.77678571428571,0.08713597900129569
96.00765306122449,0.08489736368691349
97.23852040816325,0.08420125405386826
98.46938775510205,0.08230905535190253
99.70025510204081,0.08855130433780654
100.93112244897958,0.08841194645028412
102.16198979591837,0.08697431546630416
103.39285714285714,0.08667988199974543
104.62372448979592,0.08690939991888844
105.8545918367347,0.08744170240294662
107.08545918367346,0.0881126547211528
108.31632653061224,0.088769934574901
109.54719387755102,0.08945133019968747
110.77806122448979,0.08988662693172711
112.00892857142857,0.08986392992210597
113.23979591836735,0.08922519751854584
114.47066326530611,0.08766911795462562
115.7015306122449,0.08835834210337405
116.93239795918367,0.08606549324239426
118.16326530612244,0.08606549324239426
119.39413265306122,0.08606549324239426
120.625,0.08606549324239426
60.3125,0.12548253934879297
61.54336734693877,0.12302111259295755
62.77423469387755,0.12274721465076195
64.00510204081633,0.12209367022136192
65.2359693877551,0.12077466907278869
66.46683673469387,0.11826736069266737
67.69770408163265,0.11895121581793681
68.92857142857143,0.11742340949132424
70.15943877551021,0.11581909751611201
71.39030612244898,0.11154968085817327
72.62117346938776,0.1108185303000734
73.85204081632654,0.11781483837189291
75.0829081632653,0.11198645428727197
76.31377551020408,0.10571580602180425
77.54464285714286,0.10749736275095927
78.77551020408163,0.11617874321649838
80.0063775510204,0.09931134230547935
81.23724489795919,0.11957197652770307
82.46811224489795,0.11065337734801163
83.69897959183673,0.10611740012258493
84.92984693877551,0.12174716756102945
86.16071428571428,0.1077537124940221
87.39158163265306,0.10460394415976403
88.62244897959184,0.09055934349563965
89.8533163265306,0.08910709761222997
91.08418367346938,0.08851463767159613
92.31505102040816,0.08677484795112606
93.54591836734693,0.08696824819092917
94.77678571428571,0.09214374419052511
96.00765306122449,0.08866083991460885
97.23852040816325,0.09436655628721385
98.46938775510205,0.09919058106345362
99.70025510204081,0.10317975207334336
100.93112244897958,0.09407220380969089
102.16198979591837,0.09805006941238502
103.39285714285714,0.10262058648028964
104.62372448979592,0.10666660355143577
105.8545918367347,0.11000324096526791
107.08545918367346,0.11336318980540593
108.31632653061224,0.11582968272198606
109.54719387755102,0.11832484475817867
110.77806122448979,0.1199353971593659
112.00892857142857,0.12071859791834458
113.23979591836735,0.12077956584783868
114.47066326530611,0.12278358734126991
115.7015306122449,0.12077472582149819
116.93239795918367,0.12077472582149819
118.16326530612244,0.12077472582149819
119.39413265306122,0.12077472582149819
120.625,0.12077472582149819
60.3125,0.0749451657097854
61.54336734693877,0.07504468285438175
62.77423469387755,0.07437577569919197
64.00510204081633,0.07411573725872711
65.2359693877551,0.07357198433349287
66.46683673469387,0.07500206546883653
67.69770408163265,0.07077781775724575
68.92857142857143,0.07077793960608567
70.15943877551021,0.07107436989043948
71.39030612244898,0.06921111373519491
72.62117346938776,0.06904167730429121
73.85204081632654,0.06897899879341211
75.0829081632653,0.06894741405998314
76.31377551020408,0.06890385514819775
77.54464285714286,0.06876057242461318
78.77551020408163,0.07310050353938623
80.0063775510204,0.07676993922166778
81.23724489795919,0.07492886839170722
82.46811224489795,0.0745927756530121
83.69897959183673,0.07352909150867894
84.92984693877551,0.07070486368346822
86.16071428571428,0.07067531843005401
87.39158163265306,0.07202811578632912
88.62244897959184,0.07162406726142784
89.8533163265306,0.07122666498719443
91.08418367346938,0.07141540039293526
92.31505102040816,0.06622232757752322
93.54591836734693,0.06626250403445033
94.77678571428571,0.06551844910353274
96.00765306122449,0.06627878574387978
97.23852040816325,0.06670180036914408
98.46938775510205,0.06536288248975072
99.70025510204081,0.06856001041773364
100.93112244897958,0.0706073751135876
102.16198979591837,0.07273697092860164
103.39285714285714,0.07500985456273071
104.62372448979592,0.07015312868966973
105.8545918367347,0.07277547419448635
107.08545918367346,0.0766918891528954
108.31632653061224,0.07985728073622511
109.54719387755102,0.08237458759562366
110.77806122448979,0.0849458984640005
112.00892857142857,0.08683561916916255
113.23979591836735,0.08845757807383359
114.47066326530611,0.08953323877594657
115.7015306122449,0.0899454063601673
116.93239795918367,0.08978238918448408
118.16326530612244,0.08939002546573804
119.39413265306122,0.08977359701293511
120.625,0.08895294203078392
60.3125,0.08649148854124615
61.54336734693877,0.08538615215578312
62.77423469387755,0.08540722090700208
64.00510204081633,0.08559159089348371
65.2359693877551,0.08671398043823336
66.46683673469387,0.08669636883166308
67.69770408163265,0.08420853307454855
68.92857142857143,0.0662526385387165
70.15943877551021,0.0660931233635552
71.39030612244898,0.06509006999846749
72.62117346938776,0.06405772175677808
73.85204081632654,0.06338505463448155
75.0829081632653,0.06233140153734011
76.31377551020408,0.06236252738997489
77.54464285714286,0.0627940743409053
78.77551020408163,0.061781884223364406
80.0063775510204,0.06126146243538974
81.23724489795919,0.06177384186882086
82.46811224489795,0.06193201131279288
83.69897959183673,0.05955789811683527
84.92984693877551,0.06039573603819528
86.16071428571428,0.060590154338349377
87.39158163265306,0.061246981826994173
88.62244897959184,0.06148305072427081
89.8533163265306,0.06369714826247766
91.08418367346938,0.06446004169460445
92.31505102040816,0.0627094928080097
93.54591836734693,0.06066846433887319
94.77678571428571,0.05964270757367508
96.00765306122449,0.05827771999615151
97.23852040816325,0.06079959776021405
98.46938775510205,0.0593931876804663
99.70025510204081,0.05850208424655459
100.93112244897958,0.058758184075842566
102.16198979591837,0.05937222208195941
103.39285714285714,0.0619603088090877
104.62372448979592,0.062141795138696436
105.8545918367347,0.06154190795088057
107.08545918367346,0.061593413200815794
108.31632653061224,0.06217718787502154
109.54719387755102,0.0629080585696943
110.77806122448979,0.06383817087013001
112.00892857142857,0.06468208006627844
113.23979591836735,0.06555508193607046
114.47066326530611,0.06635590736171501
115.7015306122449,0.06692580476500169
116.93239795918367,0.06701204585155572
118.16326530612244,0.06643209090296331
119.39413265306122,0.06557640207251811
120.625,0.06534138216277775
60.3125,0.10660024651719327
61.54336734693877,0.10633062173781656
62.77423469387755,0.10628393513125219
64.00510204081633,0.1056518244314639
65.2359693877551,0.10170374374293148
66.46683673469387,0.09930028168506257
67.69770408163265,0.09858965113949635
68.92857142857143,0.09810927872128218
70.15943877551021,0.0974492837225296
71.39030612244898,0.09621557411471707
72.62117346938776,0.09493137720361997
73.85204081632654,0.09398462891425784
75.0829081632653,0.0924304232018614
76.31377551020408,0.09280547260633142
77.54464285714286,0.0901141571710641
78.77551020408163,0.0890325032603261
80.0063775510204,0.08873175310994014
81.23724489795919,0.08649086721723845
82.46811224489795,0.08503132168098959
83.69897959183673,0.08402528068059831
84.92984693877551,0.08380502261646876
86.16071428571428,0.08307789821758924
87.39158163265306,0.08264586859403654
88.62244897959184,0.08218871645560394
89.8533163265306,0.08167899251043997
91.08418367346938,0.08109705107592424
92.31505102040816,0.08068455960950772
93.54591836734693,0.08035247045275033
94.77678571428571,0.07969388388816988
96.00765306122449,0.08317958333293766
97.23852040816325,0.08444411985758275
98.46938775510205,0.08644170479889057
99.70025510204081,0.08851766621137058
100.93112244897958,0.09131966737119677
102.16198979591837,0.08649902460528802
103.39285714285714,0.08923458625110663
104.62372448979592,0.0880029755403806
105.8545918367347,0.0909478431197798
107.08545918367346,0.09316432190096348
108.31632653061224,0.09574126621410034
109.54719387755102,0.0976330573264604
110.77806122448979,0.09968969688001583
112.00892857142857,0.10108751452659148
113.23979591836735,0.1015072635332379
114.47066326530611,0.10172308175644774
115.7015306122449,0.10172308175644774
116.93239795918367,0.10172308175644774
118.16326530612244,0.10172308175644774
119.39413265306122,0.10172308175644774
120.625,0.10172308175644774
60.3125,0.1360556179574872
61.54336734693877,0.13405705432705892
62.77423469387755,0.13307593274174223
64.00510204081633,0.13196859628493648
65.2359693877551,0.13053485022962244
66.46683673469387,0.1287535531461423
67.69770408163265,0.12673058343708787
68.92857142857143,0.11534588131390999
70.15943877551021,0.11458228166036426
71.39030612244898,0.11383161867969928
72.62117346938776,0.11298011048878213
73.85204081632654,0.11240538306030193
75.0829081632653,0.11311662300332562
76.31377551020408,0.11167093429221317
77.54464285714286,0.1098842948529207
78.77551020408163,0.11062291341218017
80.0063775510204,0.11397608382039269
81.23724489795919,0.11204178915609028
82.46811224489795,0.11015272460711571
83.69897959183673,0.11348576493102744
84.92984693877551,0.10964690552807904
86.16071428571428,0.10795987648330443
87.39158163265306,0.10611450414113954
88.62244897959184,0.10754941692683061
89.8533163265306,0.10700907145032704
91.08418367346938,0.1118714487860753
92.31505102040816,0.11329725025602128
93.54591836734693,0.11782478827377384
94.77678571428571,0.1193744208608857
96.00765306122449,0.11826146494059378
97.23852040816325,0.1217044208749664
98.46938775510205,0.12674583151242425
99.70025510204081,0.13064521911074847
100.93112244897958,0.13426979021530114
102.16198979591837,0.13745433105616023
103.39285714285714,0.14031873587606944
104.62372448979592,0.142538805476915
105.8545918367347,0.1453408692690617
107.08545918367346,0.14412870555438256
108.31632653061224,0.14412870555438256
109.54719387755102,0.14412870555438256
110.77806122448979,0.14412870555438256
112.00892857142857,0.14412870555438256
113.23979591836735,0.14412870555438256
114.47066326530611,0.14412870555438256
115.7015306122449,0.14412870555438256
116.93239795918367,0.14412870555438256
118.16326530612244,0.14412870555438256
119.39413265306122,0.14412870555438256
120.625,0.14412870555438256
60.3125,0.1101557072016606
61.54336734693877,0.11028934807040712
62.77423469387755,0.11154387694716901
64.00510204081633,0.10944612651265771
65.2359693877551,0.11203960739874032
66.46683673469387,0.11122878066161533
67.69770408163265,0.10543140724609446
68.92857142857143,0.10599910675023438
70.15943877551021,0.10536909804053196
71.39030612244898,0.10496734036945747
72.62117346938776,0.105470310980615
73.85204081632654,0.10512499924077064
75.0829081632653,0.10410781083884653
76.31377551020408,0.10139617695745619
77.54464285714286,0.10007550325223576
78.77551020408163,0.10773676223612243
80.0063775510204,0.09833538417826854
81.23724489795919,0.09788238474805266
82.46811224489795,0.09099395217948505
83.69897959183673,0.11094491284203326
84.92984693877551,0.10389968818878294
86.16071428571428,0.10872107450329338
87.39158163265306,0.1039220580230025
88.62244897959184,0.09300297975858919
89.8533163265306,0.08605832599158639
91.08418367346938,0.08348110742999833
92.31505102040816,0.0827542445430075
93.54591836734693,0.08313274063247564
94.77678571428571,0.08272684843078298
96.00765306122449,0.08169255410288309
97.23852040816325,0.08267283736426659
98.46938775510205,0.08383765601704105
99.70025510204081,0.08520680309536764
100.93112244897958,0.08660936081812949
102.16198979591837,0.0806617160815589
103.39285714285714,0.08302556994155624
104.62372448979592,0.08392648762785779
105.8545918367347,0.0856707601322417
107.08545918367346,0.08726910613119217
108.31632653061224,0.08919292228437972
109.54719387755102,0.0910852640431052
110.77806122448979,0.09282991943937265
112.00892857142857,0.09453697101746056
113.23979591836735,0.09581564160050947
114.47066326530611,0.09641778889252797
115.7015306122449,0.09602834615820567
116.93239795918367,0.09590837600740183
118.16326530612244,0.0956708871254488
119.39413265306122,0.0956708871254488
120.625,0.0956708871254488
60.3125,0.08981966497393938
61.54336734693877,0.08951075683498569
62.77423469387755,0.08880332515700362
64.00510204081633,0.09048622765979371
65.2359693877551,0.08969565754089781
66.46683673469387,0.08859814017652035
67.69770408163265,0.08808421209776006
68.92857142857143,0.08651513898179042
70.15943877551021,0.08706691747502766
71.39030612244898,0.08543825216155702
72.62117346938776,0.08287918520505143
73.85204081632654,0.081391102359124
75.0829081632653,0.07917126124209035
76.31377551020408,0.07982858859540068
77.54464285714286,0.07951770167408088
78.77551020408163,0.07945125810455077
80.0063775510204,0.07964104633365562
81.23724489795919,0.08289815851686691
82.46811224489795,0.08270014070204186
83.69897959183673,0.08423225401231511
84.92984693877551,0.08341553427665983
86.16071428571428,0.08727249522198731
87.39158163265306,0.08489149549998061
88.62244897959184,0.08452859114626812
89.8533163265306,0.08244508131071562
91.08418367346938,0.08102783396615587
92.31505102040816,0.07907166776349693
93.54591836734693,0.0793163233743527
94.77678571428571,0.0778294304593116
96.00765306122449,0.0790249180213335
97.23852040816325,0.08105835259131884
98.46938775510205,0.08337027706722061
99.70025510204081,0.08484923905106855
100.93112244897958,0.08692336935937033
102.16198979591837,0.08582887137748568
103.39285714285714,0.08731515631995461
104.62372448979592,0.09032297284447764
105.8545918367347,0.09256173410498691
107.08545918367346,0.09503954340608775
108.31632653061224,0.09694745859526388
109.54719387755102,0.09904712772990848
110.77806122448979,0.10070543643622386
112.00892857142857,0.1018753049418416
113.23979591836735,0.10243265758484203
114.47066326530611,0.10386829437466022
115.7015306122449,0.10167330719055982
116.93239795918367,0.10167330719055982
118.16326530612244,0.10167330719055982
119.39413265306122,0.10167330719055982
120.625,0.10167330719055982
60.3125,0.13349687649920453
61.54336734693877,0.12639804987276443
62.77423469387755,0.1261115376282461
64.00510204081633,0.12593085037188773
65.2359693877551,0.1257925474853853
66.46683673469387,0.12595186207136333
67.69770408163265,0.12315440137333733
68.92857142857143,0.12718336400335506
70.15943877551021,0.1265822098669271
71.39030612244898,0.12633324752032726
72.62117346938776,0.11807755062403398
73.85204081632654,0.1118086792627993
75.0829081632653,0.1078568539584139
76.31377551020408,0.10425067388894081
77.54464285714286,0.1150651855263736
78.77551020408163,0.11264719133866834
80.0063775510204,0.11049335797201805
81.23724489795919,0.1102553725636094
82.46811224489795,0.10771197070940537
83.69897959183673,0.10652017521110142
84.92984693877551,0.10500933378472356
86.16071428571428,0.09644297836407918
87.39158163265306,0.0898192744434322
88.62244897959184,0.08645703810570608
89.8533163265306,0.08230113823518463
91.08418367346938,0.08297301008337724
92.31505102040816,0.08247935080473237
93.54591836734693,0.08304455292481445
94.77678571428571,0.08391577387489225
96.00765306122449,0.08446996830499248
97.23852040816325,0.0856298523758856
98.46938775510205,0.08709107138122901
99.70025510204081,0.0864258287723445
100.93112244897958,0.08624728482804973
102.16198979591837,0.08724955857176182
103.39285714285714,0.08890455428457748
104.62372448979592,0.09072561644454
105.8545918367347,0.09259394082015288
107.08545918367346,0.09465431740530926
108.31632653061224,0.09640688587828307
109.54719387755102,0.09845627793906225
110.77806122448979,0.10041258912796709
112.00892857142857,0.10199427201992536
113.23979591836735,0.10340545629570883
114.47066326530611,0.10340545629570883
115.7015306122449,0.10340545629570883
116.93239795918367,0.10340545629570883
118.16326530612244,0.10340545629570883
119.39413265306122,0.10340545629570883
120.625,0.10340545629570883
60.3125,0.11697756035984576
61.54336734693877,0.11490797595775104
62.77423469387755,0.11459863199743442
64.00510204081633,0.11457950671555911
65.2359693877551,0.11209540516342825
66.46683673469387,0.11339321879632089
67.69770408163265,0.11011023037278622
68.92857142857143,0.10723659147972735
70.15943877551021,0.10846961016042889
71.39030612244898,0.10509046820715677
72.62117346938776,0.10202011507326392
73.85204081632654,0.09826812001900456
75.0829081632653,0.09678577145825276
76.31377551020408,0.09516281822567664
77.54464285714286,0.09530614646884068
78.77551020408163,0.09765766518021783
80.0063775510204,0.09955372932831279
81.23724489795919,0.09521693967280799
82.46811224489795,0.09322278534729316
83.69897959183673,0.09554985475526634
84.92984693877551,0.09352737234654737
86.16071428571428,0.09477095840999787
87.39158163265306,0.09443665416720609
88.62244897959184,0.09373017632191967
89.8533163265306,0.09302178307474421
91.08418367346938,0.09222908841213313
92.31505102040816,0.09139513007215402
93.54591836734693,0.09097059274423437
94.77678571428571,0.09215106611717862
96.00765306122449,0.0950648621748535
97.23852040816325,0.09503737888050133
98.46938775510205,0.09863420291060546
99.70025510204081,0.10283356476782361
100.93112244897958,0.10713845482876502
102.16198979591837,0.09259306879964282
103.39285714285714,0.0943191751115854
104.62372448979592,0.10410647744815892
105.8545918367347,0.11083063715890488
107.08545918367346,0.11568478688281814
108.31632653061224,0.11987481624474224
109.54719387755102,0.12297845979284122
110.77806122448979,0.12497063637551217
112.00892857142857,0.1256998707653663
113.23979591836735,0.12553840026797256
114.47066326530611,0.13007185894553655
115.7015306122449,0.1250654588025094
116.93239795918367,0.1250654588025094
118.16326530612244,0.1250654588025094
119.39413265306122,0.1250654588025094
120.625,0.1250654588025094
60.3125,0.06898743558628945
61.54336734693877,0.07192067064515818
62.77423469387755,0.07084429409438989
64.00510204081633,0.06989078438168744
65.2359693877551,0.068559745041481
66.46683673469387,0.06683009489126475
67.69770408163265,0.0666187861303321
68.92857142857143,0.06625127934837202
70.15943877551021,0.06569324597755352
71.39030612244898,0.06496089778226502
72.62117346938776,0.06413581598979218
73.85204081632654,0.06326034743506065
75.0829081632653,0.06464765457333509
76.31377551020408,0.06436686926215977
77.54464285714286,0.06394749755631048
78.77551020408163,0.0631419505282071
80.0063775510204,0.06211804480598367
81.23724489795919,0.06094252218628008
82.46811224489795,0.0612758574895147
83.69897959183673,0.060778366881502774
84.92984693877551,0.05773980976918458
86.16071428571428,0.05926710204690074
87.39158163265306,0.05594352197404649
88.62244897959184,0.0543530705203468
89.8533163265306,0.056906994657172714
91.08418367346938,0.05425419692409474
92.31505102040816,0.05408307787611511
93.54591836734693,0.05402116560149089
94.77678571428571,0.05455059795832826
96.00765306122449,0.05698964325277025
97.23852040816325,0.05627834935537548
98.46938775510205,0.05800895342874545
99.70025510204081,0.060430391010272505
100.93112244897958,0.05795229361185619
102.16198979591837,0.060812106077340576
103.39285714285714,0.06299528786619353
104.62372448979592,0.06496661178768352
105.8545918367347,0.06663844117555308
107.08545918367346,0.05892107146196082
108.31632653061224,0.06165305993977796
109.54719387755102,0.06421652595552375
110.77806122448979,0.0666405648718671
112.00892857142857,0.0687474998141938
113.23979591836735,0.07107015969880803
114.47066326530611,0.07286074122405095
115.7015306122449,0.0745705714858566
116.93239795918367,0.07597461280158273
118.16326530612244,0.0768867109520626
119.39413265306122,0.07730036998555287
120.625,0.0776650731868053
60.3125,0.11267757752146432
61.54336734693877,0.1109909768721382
62.77423469387755,0.11103965340453606
64.00510204081633,0.11250693241776398
65.2359693877551,0.11174770828014335
66.46683673469387,0.11059578651041876
67.69770408163265,0.1095169621723227
68.92857142857143,0.10867612912815154
70.15943877551021,0.10798297683896586
71.39030612244898,0.10843388698433591
72.62117346938776,0.11151524634043727
73.85204081632654,0.1110325842973805
75.0829081632653,0.1113800003232801
76.31377551020408,0.11074995212950586
77.54464285714286,0.10937207166227447
78.77551020408163,0.10834542373736855
80.0063775510204,0.10789756554063246
81.23724489795919,0.10720351314330917
82.46811224489795,0.10782970808378275
83.69897959183673,0.10787475598641418
84.92984693877551,0.10897930770350149
86.16071428571428,0.10951961108956824
87.39158163265306,0.1094332678853567
88.62244897959184,0.10943555756972029
89.8533163265306,0.10983283734182839
91.08418367346938,0.11235908471353179
92.31505102040816,0.11635752769247824
93.54591836734693,0.10954498117347093
94.77678571428571,0.11503201013653074
96.00765306122449,0.11844135837946813
97.23852040816325,0.12124702587313062
98.46938775510205,0.12354125378067707
99.70025510204081,0.11103035383488574
100.93112244897958,0.11035411653274535
102.16198979591837,0.11639948327582245
103.39285714285714,0.12105811920074225
104.62372448979592,0.12472922048775269
105.8545918367347,0.12825375882849765
107.08545918367346,0.1311044823447296
108.31632653061224,0.1336172194203554
109.54719387755102,0.13529317181518374
110.77806122448979,0.13615445141565657
112.00892857142857,0.13694072034651197
113.23979591836735,0.13694072034651197
114.47066326530611,0.13694072034651197
115.7015306122449,0.13694072034651197
116.93239795918367,0.13694072034651197
118.16326530612244,0.13694072034651197
119.39413265306122,0.13694072034651197
120.625,0.13694072034651197
60.3125,0.10861877257418949
61.54336734693877,0.10906009652997192
62.77423469387755,0.10946650515964587
64.00510204081633,0.10889518764355571
65.2359693877551,0.10889516201659631
66.46683673469387,0.10832169591500629
67.69770408163265,0.10763437328658278
68.92857142857143,0.10708273886220299
70.15943877551021,0.10675104124425065
71.39030612244898,0.10656543071550416
72.62117346938776,0.10284189534472236
73.85204081632654,0.10223947290902813
75.0829081632653,0.10212072598168367
76.31377551020408,0.10212238104145524
77.54464285714286,0.10205692458832308
78.77551020408163,0.10182750010869603
80.0063775510204,0.10037638397137752
81.23724489795919,0.10013947112470004
82.46811224489795,0.10105161055631397
83.69897959183673,0.0995282358830838
84.92984693877551,0.09894395470255786
86.16071428571428,0.0990073757959017
87.39158163265306,0.09937257775296099
88.62244897959184,0.0994997132305083
89.8533163265306,0.0989202062615086
91.08418367346938,0.09636641081693477
92.31505102040816,0.0949702231602704
93.54591836734693,0.09417966836695393
94.77678571428571,0.0938571889569138
96.00765306122449,0.09812592235884852
97.23852040816325,0.09709205634009521
98.46938775510205,0.09988914625219755
99.70025510204081,0.10312608642153069
100.93112244897958,0.1059291488178098
102.16198979591837,0.0962875646924155
103.39285714285714,0.09595275179476455
104.62372448979592,0.10287246263373931
105.8545918367347,0.10836269143561428
107.08545918367346,0.1126423267054212
108.31632653061224,0.11611493103501298
109.54719387755102,0.11918142137233428
110.77806122448979,0.12148009894010622
112.00892857142857,0.12325454455175885
113.23979591836735,0.12420733698973264
114.47066326530611,0.12458750547984207
115.7015306122449,0.12727261795932748
116.93239795918367,0.12512205843211438
118.16326530612244,0.12512205843211438
119.39413265306122,0.12512205843211438
120.625,0.12512205843211438
60.3125,0.10058634185697424
61.54336734693877,0.09930908372871884
62.77423469387755,0.09949119011088237
64.00510204081633,0.09872320517049492
65.2359693877551,0.09505511915773715
66.46683673469387,0.09603368771247241
67.69770408163265,0.09552272106857358
68.92857142857143,0.09547250268829371
70.15943877551021,0.09480341941982319
71.39030612244898,0.0950080303919234
72.62117346938776,0.09545157180963555
73.85204081632654,0.09426180061485366
75.0829081632653,0.09096516343852173
76.31377551020408,0.08654266338329053
77.54464285714286,0.09296022785055018
78.77551020408163,0.093856687548723
80.0063775510204,0.09296387374889047
81.23724489795919,0.0922406627031186
82.46811224489795,0.09066863900508608
83.69897959183673,0.09247260575685963
84.92984693877551,0.09341426590844128
86.16071428571428,0.09386269081345354
87.39158163265306,0.09235747838160659
88.62244897959184,0.09429820129064784
89.8533163265306,0.09321593270373123
91.08418367346938,0.09276980664706803
92.31505102040816,0.09138108338556782
93.54591836734693,0.09249846324870409
94.77678571428571,0.08999802507642872
96.00765306122449,0.09119540921533072
97.23852040816325,0.09205855126872127
98.46938775510205,0.091672240559123
99.70025510204081,0.09393203326285689
100.93112244897958,0.09314728700731469
102.16198979591837,0.09361437316841914
103.39285714285714,0.0955435545465066
104.62372448979592,0.0974722026878979
105.8545918367347,0.09927349339586726
107.08545918367346,0.1011235899470347
108.31632653061224,0.10251013082043058
109.54719387755102,0.10400117021896284
110.77806122448979,0.10496669453511842
112.00892857142857,0.10529822197381701
113.23979591836735,0.10477590503908768
114.47066326530611,0.10310766369453692
115.7015306122449,0.10193958992952018
116.93239795918367,0.10131929243194256
118.16326530612244,0.09945137605218414
119.39413265306122,0.09945137605218414
120.625,0.09945137605218414
60.3125,0.06814018084094965
61.54336734693877,0.06711984531647598
62.77423469387755,0.06551259039876847
64.00510204081633,0.06511388249838224
65.2359693877551,0.06435253448544302
66.46683673469387,0.06330628113577845
67.69770408163265,0.06262383585932745
68.92857142857143,0.06364580130749763
70.15943877551021,0.06221623358488115
71.39030612244898,0.060489918025389604
72.62117346938776,0.059631585125406394
73.85204081632654,0.05853434738072107
75.0829081632653,0.05809200037374203
76.31377551020408,0.05780878702009819
77.54464285714286,0.05516519108458603
78.77551020408163,0.05446011296703717
80.0063775510204,0.05420494950349676
81.23724489795919,0.05518679643380054
82.46811224489795,0.05573024689770263
83.69897959183673,0.057002654276304604
84.92984693877551,0.056701133659499664
86.16071428571428,0.055516121657124606
87.39158163265306,0.05370232994987062
88.62244897959184,0.0537500373627641
89.8533163265306,0.053921568934662975
91.08418367346938,0.05769756217565845
92.31505102040816,0.05609911310214852
93.54591836734693,0.053271991891289124
94.77678571428571,0.051556506090476226
96.00765306122449,0.051040366114546286
97.23852040816325,0.049809081454823025
98.46938775510205,0.0497255868851779
99.70025510204081,0.04976493871014735
100.93112244897958,0.0512842310860906
102.16198979591837,0.05154571586260049
103.39285714285714,0.05236654159429692
104.62372448979592,0.053229485508881666
105.8545918367347,0.054392355975952766
107.08545918367346,0.054818108875763924
108.31632653061224,0.05338859603391868
109.54719387755102,0.05514138419419181
110.77806122448979,0.05698360039092162
112.00892857142857,0.05875656280212515
113.23979591836735,0.06049174250706406
114.47066326530611,0.06226662107035435
115.7015306122449,0.0638694135175698
116.93239795918367,0.06548686273440701
118.16326530612244,0.06680179838696033
119.39413265306122,0.06748000670339205
120.625,0.06778575986892371
60.3125,0.08736305611926097
61.54336734693877,0.08732456319943904
62.77423469387755,0.08752441054795272
64.00510204081633,0.08657568715393198
65.2359693877551,0.08411305718134789
66.46683673469387,0.08720755888691348
67.69770408163265,0.0859429957902624
68.92857142857143,0.08559550278092831
70.15943877551021,0.0853716749533937
71.39030612244898,0.08491415102352308
72.62117346938776,0.08415490013101674
73.85204081632654,0.08325533978422181
75.0829081632653,0.08121874533083877
76.31377551020408,0.08123448482561456
77.54464285714286,0.08169834010224981
78.77551020408163,0.08219911172379551
80.0063775510204,0.08141709559572945
81.23724489795919,0.08139925859523431
82.46811224489795,0.08143056822075044
83.69897959183673,0.07873621303215735
84.92984693877551,0.07977199645230665
86.16071428571428,0.07781115173351089
87.39158163265306,0.0780884536654188
88.62244897959184,0.07673952873938727
89.8533163265306,0.07687662272461344
91.08418367346938,0.07654275400114037
92.31505102040816,0.0763642240438294
93.54591836734693,0.07666974239983163
94.77678571428571,0.07547581721293224
96.00765306122449,0.0756398206373249
97.23852040816325,0.07777477215920625
98.46938775510205,0.07525574116692976
99.70025510204081,0.07609588606949047
100.93112244897958,0.07737647470962251
102.16198979591837,0.07884800454268735
103.39285714285714,0.07825423999578988
104.62372448979592,0.07845947886682143
105.8545918367347,0.08063540203933414
107.08545918367346,0.08260967429629658
108.31632653061224,0.08448093307520485
109.54719387755102,0.0861817443255839
110.77806122448979,0.08782028530127448
112.00892857142857,0.08906580673615146
113.23979591836735,0.09014728121588698
114.47066326530611,0.09071657844548119
115.7015306122449,0.09081379413548168
116.93239795918367,0.09061617602916047
118.16326530612244,0.09205695423551033
119.39413265306122,0.09033158982311024
120.625,0.09033158982311024
60.3125,0.08802297300582865
61.54336734693877,0.0884690466412247
62.77423469387755,0.08822575156930396
64.00510204081633,0.09027875809048282
65.2359693877551,0.0906288194327608
66.46683673469387,0.09038810290171687
67.69770408163265,0.08916190010198283
68.92857142857143,0.08805695019827632
70.15943877551021,0.08731765615177625
71.39030612244898,0.08638961359014109
72.62117346938776,0.08546119907604664
73.85204081632654,0.08560833237854466
75.0829081632653,0.08420811435430002
76.31377551020408,0.08325581572900209
77.54464285714286,0.08191737157300522
78.77551020408163,0.0807255675700985
80.0063775510204,0.08103875209626495
81.23724489795919,0.07968671663060578
82.46811224489795,0.07952421878932739
83.69897959183673,0.07765728851040056
84.92984693877551,0.07687247848145634
86.16071428571428,0.0753842073060173
87.39158163265306,0.07684183173129043
88.62244897959184,0.07499692427776332
89.8533163265306,0.0731223759967668
91.08418367346938,0.07155427315841019
92.31505102040816,0.07248706767089104
93.54591836734693,0.06924239589853179
94.77678571428571,0.06873620463030425
96.00765306122449,0.0676006301326217
97.23852040816325,0.06655773844693617
98.46938775510205,0.066881288461504
99.70025510204081,0.06760287686163917
100.93112244897958,0.06794293711874101
102.16198979591837,0.06873133353379404
103.39285714285714,0.06921426918012466
104.62372448979592,0.07027457122638821
105.8545918367347,0.06921663152726322
107.08545918367346,0.06895156536907839
108.31632653061224,0.07067659519218186
109.54719387755102,0.07251539797635534
110.77806122448979,0.07430915860098708
112.00892857142857,0.07623309418115765
113.23979591836735,0.07779181289437183
114.47066326530611,0.07958395643593183
115.7015306122449,0.08105691453429259
116.93239795918367,0.08223118799062336
118.16326530612244,0.08454534227658798
119.39413265306122,0.08331728803500264
120.625,0.08331728803500264
60.3125,0.061988592790722497
61.54336734693877,0.0622835593819991
62.77423469387755,0.06277806120369545
64.00510204081633,0.06370369366907658
65.2359693877551,0.06371238699047431
66.46683673469387,0.06339420916812993
67.69770408163265,0.0628693659093369
68.92857142857143,0.0611521834345217
70.15943877551021,0.06023638990450853
71.39030612244898,0.0600507681152604
72.62117346938776,0.058549372673503915
73.85204081632654,0.05723773228276457
75.0829081632653,0.05645489469331907
76.31377551020408,0.05594850663787875
77.54464285714286,0.05488983090655941
78.77551020408163,0.05516363257567739
80.0063775510204,0.05517291806988332
81.23724489795919,0.055132326154939994
82.46811224489795,0.05498060275929009
83.69897959183673,0.057706224022952564
84.92984693877551,0.05750397849587055
86.16071428571428,0.05739861690175858
87.39158163265306,0.05650003246825397
88.62244897959184,0.05702831982577131
89.8533163265306,0.0567298778761968
91.08418367346938,0.05677223255295253
92.31505102040816,0.056326231080428224
93.54591836734693,0.05700867112632215
94.77678571428571,0.055188056881139785
96.00765306122449,0.05439095618276789
97.23852040816325,0.05382632067636806
98.46938775510205,0.05372955277296198
99.70025510204081,0.05493409752969024
100.93112244897958,0.05702771837395981
102.16198979591837,0.05306235434004933
103.39285714285714,0.054875068541341374
104.62372448979592,0.05720354981870658
105.8545918367347,0.059599379564354175
107.08545918367346,0.06192512661958828
108.31632653061224,0.05257482934344548
109.54719387755102,0.05458323571070484
110.77806122448979,0.058756826071661515
112.00892857142857,0.06238878255918925
113.23979591836735,0.06550118588567566
114.47066326530611,0.06847572804294776
115.7015306122449,0.07098162502752349
116.93239795918367,0.07312157581584648
118.16326530612244,0.07436603813336487
119.39413265306122,0.0744167572602534
120.625,0.07606605906257227
60.3125,0.08443337575106126
61.54336734693877,0.08369059648024055
62.77423469387755,0.08309301321268553
64.00510204081633,0.08375281143368746
65.2359693877551,0.0821120087791022
66.46683673469387,0.08205710606523575
67.69770408163265,0.0813421575419632
68.92857142857143,0.0813616319058687
70.15943877551021,0.07933831443824506
71.39030612244898,0.07954316113386614
72.62117346938776,0.07983222250835265
73.85204081632654,0.07568314746996196
75.0829081632653,0.07453875707924104
76.31377551020408,0.07725894108172374
77.54464285714286,0.07490478660499755
78.77551020408163,0.08097910377725051
80.0063775510204,0.0753927356635857
81.23724489795919,0.0746125390192065
82.46811224489795,0.07260482438770541
83.69897959183673,0.0722592214380981
84.92984693877551,0.07106358827008187
86.16071428571428,0.07153587647597981
87.39158163265306,0.0700224161625533
88.62244897959184,0.06971639877582185
89.8533163265306,0.07125332059491224
91.08418367346938,0.06985956064431932
92.31505102040816,0.0689002751692654
93.54591836734693,0.0678439240774984
94.77678571428571,0.06738005536161677
96.00765306122449,0.06778409472954378
97.23852040816325,0.06864951028675814
98.46938775510205,0.06790691977867418
99.70025510204081,0.06994083484372747
100.93112244897958,0.07267704683716705
102.16198979591837,0.07537135920111071
103.39285714285714,0.07755069999177432
104.62372448979592,0.07948345656636036
105.8545918367347,0.06743487790138014
107.08545918367346,0.07245631725742857
108.31632653061224,0.0712048903216924
109.54719387755102,0.07531148498987136
110.77806122448979,0.07824173339992793
112.00892857142857,0.08160957524475411
113.23979591836735,0.08406092524350295
114.47066326530611,0.08684223273687461
115.7015306122449,0.08900307612233237
116.93239795918367,0.09000441258701732
118.16326530612244,0.0902943988916527
119.39413265306122,0.0902943988916527
120.625,0.0902943988916527
60.3125,0.11734971231915829
61.54336734693877,0.11357705094372815
62.77423469387755,0.11723930018760925
64.00510204081633,0.10791217683781415
65.2359693877551,0.10725421327810167
66.46683673469387,0.10618519496762832
67.69770408163265,0.11013475665718342
68.92857142857143,0.10884095290216318
70.15943877551021,0.10765691915777649
71.39030612244898,0.1066271515613383
72.62117346938776,0.10681955651682848
73.85204081632654,0.10585757781827658
75.0829081632653,0.1084477909137422
76.31377551020408,0.10454166376836532
77.54464285714286,0.1042564140864797
78.77551020408163,0.10653486785083896
80.0063775510204,0.10524611515120903
81.23724489795919,0.10492487967526641
82.46811224489795,0.10294582203087808
83.69897959183673,0.1019888227510608
84.92984693877551,0.10099343666275593
86.16071428571428,0.09875157860549706
87.39158163265306,0.09904452218164747
88.62244897959184,0.09512889592445266
89.8533163265306,0.0942533373419875
91.08418367346938,0.09069612636797492
92.31505102040816,0.08940660381632765
93.54591836734693,0.0873946955503495
94.77678571428571,0.08709172192820451
96.00765306122449,0.09240758547064093
97.23852040816325,0.0966517935640381
98.46938775510205,0.09126024720920313
99.70025510204081,0.09531204134096936
100.93112244897958,0.09883843855505757
102.16198979591837,0.10321851790584004
103.39285714285714,0.08999315152884212
104.62372448979592,0.08828000996115715
105.8545918367347,0.09266189387292709
107.08545918367346,0.09942880761407108
108.31632653061224,0.10425058352100176
109.54719387755102,0.10877398722058501
110.77806122448979,0.11255249492898539
112.00892857142857,0.1158114647263098
113.23979591836735,0.11786394342341067
114.47066326530611,0.11724446931174697
115.7015306122449,0.11675781387458602
116.93239795918367,0.11485986255007243
118.16326530612244,0.11485986255007243
119.39413265306122,0.11485986255007243
120.625,0.11485986255007243
60.3125,0.09239276073054793
61.54336734693877,0.0935322367783717
62.77423469387755,0.09191184219744311
64.00510204081633,0.09077649599085734
65.2359693877551,0.09394788176586519
66.46683673469387,0.09598986720505004
67.69770408163265,0.09439670062377412
68.92857142857143,0.08898379564585142
70.15943877551021,0.08847493262543463
71.39030612244898,0.08846906494824122
72.62117346938776,0.0870194689819598
73.85204081632654,0.08630512671720722
75.0829081632653,0.08571876757448825
76.31377551020408,0.08518690062010596
77.54464285714286,0.08373117803823552
78.77551020408163,0.08356994635605598
80.0063775510204,0.0824745819394018
81.23724489795919,0.08270555899666425
82.46811224489795,0.08232701192203681
83.69897959183673,0.08556475161739473
84.92984693877551,0.08399294637441375
86.16071428571428,0.08188130592999215
87.39158163265306,0.0813223915686934
88.62244897959184,0.07812030228503573
89.8533163265306,0.07762227787285797
91.08418367346938,0.0772243559884633
92.31505102040816,0.07679856703853122
93.54591836734693,0.07559989533713908
94.77678571428571,0.07557669241888973
96.00765306122449,0.07526350702287922
97.23852040816325,0.07765842881458339
98.46938775510205,0.08032696844895929
99.70025510204081,0.07609599718771275
100.93112244897958,0.07985673533741752
102.16198979591837,0.08266301998864005
103.39285714285714,0.08053347960141238
104.62372448979592,0.08112084046063547
105.8545918367347,0.08399104116388738
107.08545918367346,0.0873020386364193
108.31632653061224,0.09038685625339032
109.54719387755102,0.0930375038879292
110.77806122448979,0.09561541070310295
112.00892857142857,0.09772178602769015
113.23979591836735,0.09970860960044912
114.47066326530611,0.10098460373927197
115.7015306122449,0.10128804480497285
116.93239795918367,0.10078289827609999
118.16326530612244,0.10037673839602469
119.39413265306122,0.10037673839602469
120.625,0.10037673839602469
60.3125,0.07000010943510254
61.54336734693877,0.0699379217510208
62.77423469387755,0.07175886025424551
64.00510204081633,0.07173903517631466
65.2359693877551,0.0704644966162799
66.46683673469387,0.06996835766108771
67.69770408163265,0.07035829969163002
68.92857142857143,0.07038930391535629
70.15943877551021,0.06920461540075525
71.39030612244898,0.06898539433632633
72.62117346938776,0.06978666156812835
73.85204081632654,0.06941522658213377
75.0829081632653,0.06914847967316232
76.31377551020408,0.06896899503231108
77.54464285714286,0.06638649836090792
78.77551020408163,0.06221656295673157
80.0063775510204,0.06143766417873317
81.23724489795919,0.06103853233192159
82.46811224489795,0.06108298727619973
83.69897959183673,0.061957441812382295
84.92984693877551,0.052294527682735875
86.16071428571428,0.05316634078780856
87.39158163265306,0.050882829943084906
88.62244897959184,0.0505293329540741
89.8533163265306,0.05090761379794035
91.08418367346938,0.05005149768154788
92.31505102040816,0.050262317161288594
93.54591836734693,0.050332177867508605
94.77678571428571,0.05024295182727285
96.00765306122449,0.050846975226695755
97.23852040816325,0.048978348370753766
98.46938775510205,0.05200124815659388
99.70025510204081,0.04697727197751247
100.93112244897958,0.04607512797025482
102.16198979591837,0.04631915567609654
103.39285714285714,0.045374391693806145
104.62372448979592,0.04639567706395992
105.8545918367347,0.04751174635889266
107.08545918367346,0.048566920436921866
108.31632653061224,0.04833635034856
109.54719387755102,0.04875488813578614
110.77806122448979,0.04873514447695588
112.00892857142857,0.050277075582243515
113.23979591836735,0.05191105956816102
114.47066326530611,0.05341966178248523
115.7015306122449,0.0551164091538945
116.93239795918367,0.05635745171888732
118.16326530612244,0.05784461076178782
119.39413265306122,0.05895301251132477
120.625,0.05976108394108549
60.3125,0.09896474096791213
61.54336734693877,0.09946875497789434
62.77423469387755,0.09447545659311585
64.00510204081633,0.09613536416890947
65.2359693877551,0.09613441900123022
66.46683673469387,0.09340994292634273
67.69770408163265,0.09042002405765387
68.92857142857143,0.08937918853975213
70.15943877551021,0.08846666608703097
71.39030612244898,0.08757102345129814
72.62117346938776,0.09732450310754029
73.85204081632654,0.09281456761211135
75.0829081632653,0.08564403037344492
76.31377551020408,0.08472208367297833
77.54464285714286,0.08744201670885644
78.77551020408163,0.08683802128458402
80.0063775510204,0.08959560044046556
81.23724489795919,0.08765358632086828
82.46811224489795,0.08729166719849422
83.69897959183673,0.0867996667440065
84.92984693877551,0.08626505073135861
86.16071428571428,0.08597752840842356
87.39158163265306,0.0869106559824619
88.62244897959184,0.08514599923793997
89.8533163265306,0.08418957337354895
91.08418367346938,0.08409654550034831
92.31505102040816,0.08309739139706188
93.54591836734693,0.08294725731133361
94.77678571428571,0.08439230325671508
96.00765306122449,0.08392070441549881
97.23852040816325,0.08631544433614803
98.46938775510205,0.08870988081619599
99.70025510204081,0.09137619971991345
100.93112244897958,0.09002351592378308
102.16198979591837,0.09054928661340408
103.39285714285714,0.093412743883141
104.62372448979592,0.09749451396812817
105.8545918367347,0.1005701898281862
107.08545918367346,0.10366990112187344
108.31632653061224,0.10600371781334395
109.54719387755102,0.10817908670201233
110.77806122448979,0.10946415868658867
112.00892857142857,0.10972291043211914
113.23979591836735,0.10903797422593549
114.47066326530611,0.10779422754257799
115.7015306122449,0.10775351324301856
116.93239795918367,0.10609338907225405
118.16326530612244,0.10609338907225405
119.39413265306122,0.10609338907225405
120.625,0.10609338907225405
60.3125,0.08336401854383192
61.54336734693877,0.08328699600753638
62.77423469387755,0.0837356171760142
64.00510204081633,0.08563693831280807
65.2359693877551,0.08517754899114312
66.46683673469387,0.08639892482289249
67.69770408163265,0.08672408660561141
68.92857142857143,0.08671366075484312
70.15943877551021,0.08664777844759003
71.39030612244898,0.08641842412080727
72.62117346938776,0.08596988042810473
73.85204081632654,0.085336937395713
75.0829081632653,0.08667739479532285
76.31377551020408,0.08600530844931673
77.54464285714286,0.08544597492391953
78.77551020408163,0.08326965512382162
80.0063775510204,0.08379663428442254
81.23724489795919,0.08311055886155914
82.46811224489795,0.08079722046299044
83.69897959183673,0.08156299201530168
84.92984693877551,0.08276533317339514
86.16071428571428,0.08343197681034915
87.39158163265306,0.08380754834084964
88.62244897959184,0.08414437166501348
89.8533163265306,0.08420169448307517
91.08418367346938,0.08329525020199309
92.31505102040816,0.0829131343155969
93.54591836734693,0.0828679737471706
94.77678571428571,0.08876354667447713
96.00765306122449,0.08909240064713835
97.23852040816325,0.09225924630513994
98.46938775510205,0.09578997264497013
99.70025510204081,0.09918507018748327
100.93112244897958,0.099399687287916
102.16198979591837,0.1019478121276128
103.39285714285714,0.10615418618793639
104.62372448979592,0.10942125789334235
105.8545918367347,0.11275664578649623
107.08545918367346,0.11549574164437092
108.31632653061224,0.11835766415587036
109.54719387755102,0.12076193315230715
110.77806122448979,0.1221113814883949
112.00892857142857,0.12486984886543977
113.23979591836735,0.12253044727466081
114.47066326530611,0.12253044727466081
115.7015306122449,0.12253044727466081
116.93239795918367,0.12253044727466081
118.16326530612244,0.12253044727466081
119.39413265306122,0.12253044727466081
120.625,0.12253044727466081
60.3125,0.10363335061185629
61.54336734693877,0.10400485112890849
62.77423469387755,0.10409431566161273
64.00510204081633,0.10398120060665356
65.2359693877551,0.10358764986813386
66.46683673469387,0.102709050495132
67.69770408163265,0.10141111277216153
68.92857142857143,0.10160804442531632
70.15943877551021,0.09902317595531357
71.39030612244898,0.09427355185397632
72.62117346938776,0.09749823103889038
73.85204081632654,0.09615629139085437
75.0829081632653,0.0922968481865337
76.31377551020408,0.09237280628923589
77.54464285714286,0.0914633809500161
78.77551020408163,0.08904126423686251
80.0063775510204,0.087550334513669
81.23724489795919,0.08823759266792418
82.46811224489795,0.08781190913625653
83.69897959183673,0.08664048910636334
84.92984693877551,0.08440381935600735
86.16071428571428,0.08510422290622514
87.39158163265306,0.08456465265449277
88.62244897959184,0.08579670487053893
89.8533163265306,0.08953814663763247
91.08418367346938,0.08782372483835654
92.31505102040816,0.08372410958805725
93.54591836734693,0.08409863812323769
94.77678571428571,0.08672373367809573
96.00765306122449,0.08765820946041562
97.23852040816325,0.08893409475238018
98.46938775510205,0.09043942770108158
99.70025510204081,0.09206141650978811
100.93112244897958,0.08872013921033016
102.16198979591837,0.09031265066362651
103.39285714285714,0.09227331323208214
104.62372448979592,0.09428474760095867
105.8545918367347,0.09619833843281539
107.08545918367346,0.09832002433333809
108.31632653061224,0.10018466591145987
109.54719387755102,0.1021011363662031
110.77806122448979,0.10394976405474037
112.00892857142857,0.10547389644058829
113.23979591836735,0.10705248719940287
114.47066326530611,0.10627802935512684
115.7015306122449,0.10627802935512684
116.93239795918367,0.10627802935512684
118.16326530612244,0.10627802935512684
119.39413265306122,0.10627802935512684
120.625,0.10627802935512684
60.3125,0.08333008707128939
61.54336734693877,0.08208084775232266
62.77423469387755,0.08004225888259853
64.00510204081633,0.07986170101899501
65.2359693877551,0.07783210434350156
66.46683673469387,0.07920970501218892
67.69770408163265,0.07710860529956458
68.92857142857143,0.07621672255882914
70.15943877551021,0.07530611679042278
71.39030612244898,0.07306202731890798
72.62117346938776,0.07313948394357195
73.85204081632654,0.07086443591801514
75.0829081632653,0.06920009567421159
76.31377551020408,0.067893081061891
77.54464285714286,0.06686358185535243
78.77551020408163,0.06652127111764926
80.0063775510204,0.06575472296579286
81.23724489795919,0.06637218779938203
82.46811224489795,0.0648486697020431
83.69897959183673,0.06351269955472202
84.92984693877551,0.06313100543875814
86.16071428571428,0.0644483276930716
87.39158163265306,0.06531141020856242
88.62244897959184,0.06478906811236783
89.8533163265306,0.06560613353332483
91.08418367346938,0.06629472097666483
92.31505102040816,0.06565138570162003
93.54591836734693,0.06630816210518194
94.77678571428571,0.06704924959857551
96.00765306122449,0.0679873880267038
97.23852040816325,0.07080060414155191
98.46938775510205,0.06763380851238827
99.70025510204081,0.07225948044198616
100.93112244897958,0.07557555091423467
102.16198979591837,0.07895527535706968
103.39285714285714,0.08233766786867674
104.62372448979592,0.07010043692514455
105.8545918367347,0.07101968017238518
107.08545918367346,0.07890080077131074
108.31632653061224,0.08427482888976821
109.54719387755102,0.08808392644423511
110.77806122448979,0.09221457087162704
112.00892857142857,0.09517583497847422
113.23979591836735,0.09819928393132332
114.47066326530611,0.10036831720872115
115.7015306122449,0.10160671180181165
116.93239795918367,0.10259872821367537
118.16326530612244,0.10259872821367537
119.39413265306122,0.10259872821367537
120.625,0.10259872821367537
60.3125,0.07798001402621704
61.54336734693877,0.0815802006310924
62.77423469387755,0.08445280254703412
64.00510204081633,0.08410012143397987
65.2359693877551,0.08571555857647736
66.46683673469387,0.07956241166902416
67.69770408163265,0.08572575586149875
68.92857142857143,0.08544726693447473
70.15943877551021,0.08524497763308435
71.39030612244898,0.08509460311900645
72.62117346938776,0.08197819977837914
73.85204081632654,0.08529629134844134
75.0829081632653,0.08516881845689032
76.31377551020408,0.07870391113021034
77.54464285714286,0.08327454548594601
78.77551020408163,0.07928120158371722
80.0063775510204,0.07901313843050281
81.23724489795919,0.07790609764122469
82.46811224489795,0.07540327745115974
83.69897959183673,0.07537254330259341
84.92984693877551,0.06686566311797837
86.16071428571428,0.07065879856390964
87.39158163265306,0.06745788119012998
88.62244897959184,0.06723093032803847
89.8533163265306,0.06579136028112136
91.08418367346938,0.06873183949560675
92.31505102040816,0.06596078931659155
93.54591836734693,0.06702148155015525
94.77678571428571,0.06431941625055353
96.00765306122449,0.06319475751482209
97.23852040816325,0.06115521897616573
98.46938775510205,0.0633007761876326
99.70025510204081,0.06259631605695448
100.93112244897958,0.06264069902933361
102.16198979591837,0.06313569417281041
103.39285714285714,0.06388008105181191
104.62372448979592,0.06480825832270222
105.8545918367347,0.0632998778464268
107.08545918367346,0.061279093795371074
108.31632653061224,0.06278848802479448
109.54719387755102,0.06457865153975496
110.77806122448979,0.06616840781838973
112.00892857142857,0.06790687724672839
113.23979591836735,0.06924193871791606
114.47066326530611,0.07070851097090494
115.7015306122449,0.07176493269036228
116.93239795918367,0.07239165569930961
118.16326530612244,0.07240970212241007
119.39413265306122,0.07430349516735497
120.625,0.07203276675404985
60.3125,0.07713509713000476
61.54336734693877,0.07738531577780806
62.77423469387755,0.07719753428941331
64.00510204081633,0.07592810270269801
65.2359693877551,0.07422741026367134
66.46683673469387,0.07468301061727395
67.69770408163265,0.07464636866007367
68.92857142857143,0.07415719732626612
70.15943877551021,0.07014117663821956
71.39030612244898,0.06813598462799714
72.62117346938776,0.06758659905228769
73.85204081632654,0.06809220938161444
75.0829081632653,0.06749388309013274
76.31377551020408,0.06638854691460129
77.54464285714286,0.06689758732527969
78.77551020408163,0.07038426061811622
80.0063775510204,0.07040025197862305
81.23724489795919,0.06930394649188665
82.46811224489795,0.07100944007258785
83.69897959183673,0.07027655019542911
84.92984693877551,0.06928979617558485
86.16071428571428,0.06870241228504215
87.39158163265306,0.06849176983438432
88.62244897959184,0.06780322853067648
89.8533163265306,0.06598183482058892
91.08418367346938,0.06677416104817596
92.31505102040816,0.06597276736717542
93.54591836734693,0.06441191976486503
94.77678571428571,0.06350951847361137
96.00765306122449,0.06276468861885746
97.23852040816325,0.0609034249808136
98.46938775510205,0.06499923855778965
99.70025510204081,0.06266686037217471
100.93112244897958,0.06203101841105383
102.16198979591837,0.06221782882227104
103.39285714285714,0.06264710825079989
104.62372448979592,0.06376015134067159
105.8545918367347,0.06217381874816657
107.08545918367346,0.05947846045586205
108.31632653061224,0.06066282193127645
109.54719387755102,0.06210241448404362
110.77806122448979,0.06338059499607059
112.00892857142857,0.0648613227787043
113.23979591836735,0.06597460325669485
114.47066326530611,0.06731460526655585
115.7015306122449,0.068380189737611
116.93239795918367,0.06921705049680282
118.16326530612244,0.0698364838332313
119.39413265306122,0.0703148709727163
120.625,0.0703148709727163
60.3125,0.08854197497667707
61.54336734693877,0.09094307566096768
62.77423469387755,0.08706714682242371
64.00510204081633,0.0866907296861375
65.2359693877551,0.08940252149240772
66.46683673469387,0.08646087769335256
67.69770408163265,0.08644817768114027
68.92857142857143,0.08714005583897988
70.15943877551021,0.08715782346905902
71.39030612244898,0.08491041528242695
72.62117346938776,0.08311847211040142
73.85204081632654,0.0824226804552148
75.0829081632653,0.08157731918187659
76.31377551020408,0.08084553886553539
77.54464285714286,0.08130222657166944
78.77551020408163,0.07961281675645329
80.0063775510204,0.07863107865912587
81.23724489795919,0.07816363915603035
82.46811224489795,0.07819553141461927
83.69897959183673,0.07924406856046852
84.92984693877551,0.07937686578587769
86.16071428571428,0.07909046164758345
87.39158163265306,0.08974463004067534
88.62244897959184,0.08955844446477386
89.8533163265306,0.08372945928729458
91.08418367346938,0.08110151110418047
92.31505102040816,0.08119873922872273
93.54591836734693,0.07750911585432015
94.77678571428571,0.07802576752594535
96.00765306122449,0.07836138387746963
97.23852040816325,0.07826027116121
98.46938775510205,0.07512276408750031
99.70025510204081,0.07580688149887484
100.93112244897958,0.07738765570929514
102.16198979591837,0.07919722542874036
103.39285714285714,0.08095468448185589
104.62372448979592,0.07675657899565276
105.8545918367347,0.07869730217285527
107.08545918367346,0.08066738625629727
108.31632653061224,0.082764709479688
109.54719387755102,0.08468570611158474
110.77806122448979,0.08655806182206875
112.00892857142857,0.0880240181421056
113.23979591836735,0.08925179691467834
114.47066326530611,0.08985987808363648
115.7015306122449,0.08982342275327357
116.93239795918367,0.08919846681986912
118.16326530612244,0.08830412661550335
119.39413265306122,0.09163333913756876
120.625,0.08631562175596653
60.3125,0.10627384551902615
61.54336734693877,0.10517455493007631
62.77423469387755,0.10411775989480046
64.00510204081633,0.10380277102685528
65.2359693877551,0.10195476966018338
66.46683673469387,0.10009786648673691
67.69770408163265,0.0983102842632832
68.92857142857143,0.09656027334631503
70.15943877551021,0.0948343675328321
71.39030612244898,0.09318107428129932
72.62117346938776,0.09201419912139053
73.85204081632654,0.08909636798441262
75.0829081632653,0.08735378397666951
76.31377551020408,0.08425925974553287
77.54464285714286,0.08296335160839981
78.77551020408163,0.08235921702438703
80.0063775510204,0.08150503044858594
81.23724489795919,0.08285035438600193
82.46811224489795,0.08000266188004236
83.69897959183673,0.08456255339522147
84.92984693877551,0.07964167002316953
86.16071428571428,0.080903563488938
87.39158163265306,0.07750580312582923
88.62244897959184,0.08304366253523159
89.8533163265306,0.0808228239039212
91.08418367346938,0.07865109351921241
92.31505102040816,0.07484289477480745
93.54591836734693,0.07146756002221574
94.77678571428571,0.069237938388064
96.00765306122449,0.06881132343408206
97.23852040816325,0.06951388044303773
98.46938775510205,0.07024134017685313
99.70025510204081,0.07178749049695454
100.93112244897958,0.0740859318503743
102.16198979591837,0.07625652090928699
103.39285714285714,0.07460543086182025
104.62372448979592,0.07416390598531121
105.8545918367347,0.07872293710656768
107.08545918367346,0.07745137488024853
108.31632653061224,0.08060239700274058
109.54719387755102,0.08310166867976955
110.77806122448979,0.08574221027953802
112.00892857142857,0.08803162220300671
113.23979591836735,0.09004655003553899
114.47066326530611,0.09160527757149639
115.7015306122449,0.0920623018777616
116.93239795918367,0.09124275926454121
118.16326530612244,0.09038865446372503
119.39413265306122,0.09038865446372503
120.625,0.09038865446372503
60.3125,0.09970956858249706
61.54336734693877,0.09924950671436972
62.77423469387755,0.09924372900958288
64.00510204081633,0.09483074390422999
65.2359693877551,0.09405990206851096
66.46683673469387,0.09403636594546505
67.69770408163265,0.09395700430478549
68.92857142857143,0.09370705641987755
70.15943877551021,0.09320458509694861
71.39030612244898,0.0926404725000336
72.62117346938776,0.09226311085494295
73.85204081632654,0.08812224118785816
75.0829081632653,0.08766166334105462
76.31377551020408,0.08729517281528888
77.54464285714286,0.08957359254370223
78.77551020408163,0.08983988455690933
80.0063775510204,0.08988290745740143
81.23724489795919,0.08971929583446558
82.46811224489795,0.08937282323572643
83.69897959183673,0.08879425478005895
84.92984693877551,0.08864731544773628
86.16071428571428,0.08820311780472635
87.39158163265306,0.08803891881021893
88.62244897959184,0.08769046830281255
89.8533163265306,0.08656417792279587
91.08418367346938,0.08571492492325826
92.31505102040816,0.08550462421104639
93.54591836734693,0.08503811879850105
94.77678571428571,0.0862173157153024
96.00765306122449,0.08780946182758718
97.23852040816325,0.08603838228361102
98.46938775510205,0.0876593251200591
99.70025510204081,0.089969997645679
100.93112244897958,0.08935039832853335
102.16198979591837,0.09121336095652567
103.39285714285714,0.0917004578791468
104.62372448979592,0.09367817349068347
105.8545918367347,0.09589415030635971
107.08545918367346,0.09782446935391871
108.31632653061224,0.09994688630171546
109.54719387755102,0.10167942010238507
110.77806122448979,0.10336005565370032
112.00892857142857,0.10476419815666152
113.23979591836735,0.10554601671087747
114.47066326530611,0.10528672005664622
115.7015306122449,0.10424477432479456
116.93239795918367,0.10296114285202634
118.16326530612244,0.10296114285202634
119.39413265306122,0.10296114285202634
120.625,0.10296114285202634
60.3125,0.11260371706531061
61.54336734693877,0.11152650529685802
62.77423469387755,0.12293579111490946
64.00510204081633,0.11951329757885405
65.2359693877551,0.11740646780109053
66.46683673469387,0.11608602200991967
67.69770408163265,0.11381338470277738
68.92857142857143,0.11228025230899692
70.15943877551021,0.11302684022419678
71.39030612244898,0.10940554910537413
72.62117346938776,0.1083589785485006
73.85204081632654,0.1076913492697975
75.0829081632653,0.1031467439892528
76.31377551020408,0.09968089196022142
77.54464285714286,0.0981780173058472
78.77551020408163,0.09622542439104242
80.0063775510204,0.09751253496125012
81.23724489795919,0.09543778553834867
82.46811224489795,0.0941814603146443
83.69897959183673,0.09302974023369573
84.92984693877551,0.09313933572634198
86.16071428571428,0.0919522690068586
87.39158163265306,0.09400414020166387
88.62244897959184,0.09449717078125153
89.8533163265306,0.09380938944013653
91.08418367346938,0.09508692184720043
92.31505102040816,0.09304499597724565
93.54591836734693,0.09307473138271607
94.77678571428571,0.095706789339679
96.00765306122449,0.09825289519679388
97.23852040816325,0.1006177023159825
98.46938775510205,0.09629083558616623
99.70025510204081,0.09954308508942657
100.93112244897958,0.10240806599901127
102.16198979591837,0.10468361273163075
103.39285714285714,0.10700308629164561
104.62372448979592,0.10890706793634503
105.8545918367347,0.11112861476734061
107.08545918367346,0.11319803021302102
108.31632653061224,0.1151326603184399
109.54719387755102,0.11694862534938164
110.77806122448979,0.11861892952582354
112.00892857142857,0.11861892952582354
113.23979591836735,0.11861892952582354
114.47066326530611,0.11861892952582354
115.7015306122449,0.11861892952582354
116.93239795918367,0.11861892952582354
118.16326530612244,0.11861892952582354
119.39413265306122,0.11861892952582354
120.625,0.11861892952582354
60.3125,0.08294901791271615
61.54336734693877,0.08537823105222757
62.77423469387755,0.08513305006256645
64.00510204081633,0.08172471410945481
65.2359693877551,0.07958659470165146
66.46683673469387,0.07950756826824272
67.69770408163265,0.07939935475893606
68.92857142857143,0.07970813160342415
70.15943877551021,0.07956150145280204
71.39030612244898,0.07938263533301428
72.62117346938776,0.07920468145958691
73.85204081632654,0.08278020633700962
75.0829081632653,0.08245445580798973
76.31377551020408,0.08220298892373074
77.54464285714286,0.08225035597844027
78.77551020408163,0.08270730955959286
80.0063775510204,0.08304027646810797
81.23724489795919,0.08315918206423256
82.46811224489795,0.08313106062849969
83.69897959183673,0.08479344010471937
84.92984693877551,0.08368090882001898
86.16071428571428,0.08306589100706267
87.39158163265306,0.08284212212716971
88.62244897959184,0.08145721613649991
89.8533163265306,0.08190753725779655
91.08418367346938,0.0815594403607882
92.31505102040816,0.07934260858783254
93.54591836734693,0.08241882263556874
94.77678571428571,0.08382438296946071
96.00765306122449,0.0850161775620407
97.23852040816325,0.08762906545292612
98.46938775510205,0.08279290638024014
99.70025510204081,0.08638264092547707
100.93112244897958,0.08881592289348712
102.16198979591837,0.09129030429985069
103.39285714285714,0.09372855954686335
104.62372448979592,0.08673196299345409
105.8545918367347,0.08684064074895055
107.08545918367346,0.09083066125034664
108.31632653061224,0.09419897662817066
109.54719387755102,0.09711239518061333
110.77806122448979,0.09999003164381953
112.00892857142857,0.10254497325569756
113.23979591836735,0.10511208645694395
114.47066326530611,0.10727652165077667
115.7015306122449,0.10849545301995682
116.93239795918367,0.11076949695320883
118.16326530612244,0.1079825914618539
119.39413265306122,0.1079825914618539
120.625,0.1079825914618539
60.3125,0.07979260623909298
61.54336734693877,0.07927978373045805
62.77423469387755,0.08560816301263544
64.00510204081633,0.08285055786759712
65.2359693877551,0.08741966528213553
66.46683673469387,0.08683291357356195
67.69770408163265,0.08684087633634863
68.92857142857143,0.08691336853105626
70.15943877551021,0.08695802947828553
71.39030612244898,0.08695498568230071
72.62117346938776,0.09357009448705358
73.85204081632654,0.0904716505849137
75.0829081632653,0.08863052541454272
76.31377551020408,0.08918883079217907
77.54464285714286,0.0888739779330283
78.77551020408163,0.08954572952992661
80.0063775510204,0.08712896179944127
81.23724489795919,0.08657544664293054
82.46811224489795,0.0868986916994574
83.69897959183673,0.08606809992077588
84.92984693877551,0.08499611055124168
86.16071428571428,0.0876459537813915
87.39158163265306,0.08665368243612313
88.62244897959184,0.08292891756058451
89.8533163265306,0.08267148393575958
91.08418367346938,0.08261717775167171
92.31505102040816,0.08273051689820027
93.54591836734693,0.08326562210406156
94.77678571428571,0.08017135423831788
96.00765306122449,0.08093355207568852
97.23852040816325,0.08183534620431139
98.46938775510205,0.08296962493258667
99.70025510204081,0.08415427727372822
100.93112244897958,0.0793546906144608
102.16198979591837,0.08151891903683972
103.39285714285714,0.08331347892847435
104.62372448979592,0.08490360413323673
105.8545918367347,0.0864965084071617
107.08545918367346,0.08802656537188248
108.31632653061224,0.08965459726266105
109.54719387755102,0.09093602281241803
110.77806122448979,0.09237438442672685
112.00892857142857,0.09340904818184623
113.23979591836735,0.09390938331284125
114.47066326530611,0.09340383734504251
115.7015306122449,0.09396589361148576
116.93239795918367,0.0935816845098226
118.16326530612244,0.0935816845098226
119.39413265306122,0.0935816845098226
120.625,0.0935816845098226
60.3125,0.11383503197618271
61.54336734693877,0.11213722867963834
62.77423469387755,0.10704139462457143
64.00510204081633,0.1012926276136731
65.2359693877551,0.1025898786884512
66.46683673469387,0.10256452299577375
67.69770408163265,0.10242359441828829
68.92857142857143,0.10201645106217386
70.15943877551021,0.10196330227082392
71.39030612244898,0.1018604850665678
72.62117346938776,0.10164343029395842
73.85204081632654,0.10279653837396856
75.0829081632653,0.0989429115431067
76.31377551020408,0.0977641159181414
77.54464285714286,0.09507135284914746
78.77551020408163,0.0932128163717857
80.0063775510204,0.0896024975875422
81.23724489795919,0.08898651705042629
82.46811224489795,0.08806655457556792
83.69897959183673,0.08814534074799134
84.92984693877551,0.08750470748068147
86.16071428571428,0.08953656277501933
87.39158163265306,0.08879418403010172
88.62244897959184,0.08954348887066174
89.8533163265306,0.08658998961516645
91.08418367346938,0.08593317730107611
92.31505102040816,0.08492837872833875
93.54591836734693,0.08371644331754192
94.77678571428571,0.08374865620054409
96.00765306122449,0.08578905285599214
97.23852040816325,0.08176846728901001
98.46938775510205,0.08345068983743648
99.70025510204081,0.08522943539853794
100.93112244897958,0.0872087856263468
102.16198979591837,0.08916570706700544
103.39285714285714,0.07875276845837495
104.62372448979592,0.08176234724280165
105.8545918367347,0.08652534265617512
107.08545918367346,0.08971877065423878
108.31632653061224,0.09261598521844984
109.54719387755102,0.09528633250970259
110.77806122448979,0.0980136257482389
112.00892857142857,0.10026770085404074
113.23979591836735,0.10269555215962356
114.47066326530611,0.10483038569541653
115.7015306122449,0.10634902185845962
116.93239795918367,0.10751384672618246
118.16326530612244,0.10751384672618246
119.39413265306122,0.10751384672618246
120.625,0.10751384672618246
60.3125,0.09186210811413943
61.54336734693877,0.09191342409679984
62.77423469387755,0.09238391108219055
64.00510204081633,0.09150236842011217
65.2359693877551,0.09003377196580148
66.46683673469387,0.08979014150818286
67.69770408163265,0.08915180806473845
68.92857142857143,0.08641778149991015
70.15943877551021,0.08655377824847704
71.39030612244898,0.08541436896036246
72.62117346938776,0.08407927280677602
73.85204081632654,0.08272772377806166
75.0829081632653,0.08151060204519232
76.31377551020408,0.0805141999849024
77.54464285714286,0.0819745669258282
78.77551020408163,0.08132474161177762
80.0063775510204,0.08047663184986531
81.23724489795919,0.07979195956683183
82.46811224489795,0.07911686337465683
83.69897959183673,0.08214105434256383
84.92984693877551,0.07945255765929654
86.16071428571428,0.07719230216031732
87.39158163265306,0.07702001407962568
88.62244897959184,0.0773404068703962
89.8533163265306,0.07728366046424978
91.08418367346938,0.07836541895890135
92.31505102040816,0.07640017485656848
93.54591836734693,0.07540360729964068
94.77678571428571,0.07605387308890921
96.00765306122449,0.0764943481837017
97.23852040816325,0.07324472887438771
98.46938775510205,0.07811585715883182
99.70025510204081,0.08051501669346649
100.93112244897958,0.08238225157313503
102.16198979591837,0.08398993604685197
103.39285714285714,0.08271777211951606
104.62372448979592,0.0835148368568082
105.8545918367347,0.08514346349082469
107.08545918367346,0.08685514264941839
108.31632653061224,0.08858504133062256
109.54719387755102,0.09043069689928065
110.77806122448979,0.09200995620437478
112.00892857142857,0.09384297155862281
113.23979591836735,0.09545178528677975
114.47066326530611,0.09682253164947875
115.7015306122449,0.0977556908323201
116.93239795918367,0.09803019821467554
118.16326530612244,0.09803019821467554
119.39413265306122,0.09803019821467554
120.625,0.09803019821467554
60.3125,0.12166528328422585
61.54336734693877,0.12199967362933462
62.77423469387755,0.12483554432055688
64.00510204081633,0.12266193910750904
65.2359693877551,0.12167338975129789
66.46683673469387,0.12020283235775803
67.69770408163265,0.11763947849261784
68.92857142857143,0.12041065229641051
70.15943877551021,0.09565439062357792
71.39030612244898,0.09547124807202202
72.62117346938776,0.09493337324948502
73.85204081632654,0.09071820103315628
75.0829081632653,0.09136904068678649
76.31377551020408,0.09159795131345318
77.54464285714286,0.09153692092291293
78.77551020408163,0.09040735943085423
80.0063775510204,0.09202201148985091
81.23724489795919,0.08559636785575603
82.46811224489795,0.08600272274134017
83.69897959183673,0.09137884034068564
84.92984693877551,0.08997616976341116
86.16071428571428,0.0904603571778888
87.39158163265306,0.08406519564696409
88.62244897959184,0.08206733134686492
89.8533163265306,0.08025428025443353
91.08418367346938,0.07630721377327271
92.31505102040816,0.07330173739141146
93.54591836734693,0.07129679375698478
94.77678571428571,0.07417010524332773
96.00765306122449,0.07246030012235628
97.23852040816325,0.07296873125671188
98.46938775510205,0.07383125073768719
99.70025510204081,0.07484980845571614
100.93112244897958,0.07594337477911436
102.16198979591837,0.06907640881176108
103.39285714285714,0.06841879002085786
104.62372448979592,0.07048115262738945
105.8545918367347,0.07293258592118293
107.08545918367346,0.07498086312545343
108.31632653061224,0.07721600462824574
109.54719387755102,0.07917232046797607
110.77806122448979,0.08087257831069139
112.00892857142857,0.08225083172403522
113.23979591836735,0.08318073721229108
114.47066326530611,0.08369937520571381
115.7015306122449,0.0842976298258868
116.93239795918367,0.0842976298258868
118.16326530612244,0.0842976298258868
119.39413265306122,0.0842976298258868
120.625,0.0842976298258868
60.3125,0.11852486556790753
61.54336734693877,0.1183304073234288
62.77423469387755,0.11897680854150439
64.00510204081633,0.11964045725650575
65.2359693877551,0.11937117052885102
66.46683673469387,0.11710758441448925
67.69770408163265,0.11670624527532755
68.92857142857143,0.11644795786440616
70.15943877551021,0.1133215787357645
71.39030612244898,0.11098278788830712
72.62117346938776,0.11532763009298516
73.85204081632654,0.10727947873717646
75.0829081632653,0.10728059118312161
76.31377551020408,0.1048225258369442
77.54464285714286,0.11190438985116118
78.77551020408163,0.10578100251438696
80.0063775510204,0.10620707254170841
81.23724489795919,0.09065522213349118
82.46811224489795,0.09017163743448346
83.69897959183673,0.08668889827229492
84.92984693877551,0.09948647790475942
86.16071428571428,0.09780545849515422
87.39158163265306,0.09878083723589687
88.62244897959184,0.09899400824453174
89.8533163265306,0.0854650539854212
91.08418367346938,0.08095435506240223
92.31505102040816,0.08015785001112431
93.54591836734693,0.07636863936012299
94.77678571428571,0.0748464802328455
96.00765306122449,0.07403850184370615
97.23852040816325,0.07454554888107624
98.46938775510205,0.07225925042070981
99.70025510204081,0.0722470783712813
100.93112244897958,0.07259237920941457
102.16198979591837,0.07324258836271057
103.39285714285714,0.0736886884651398
104.62372448979592,0.07186012190259974
105.8545918367347,0.07089964215850467
107.08545918367346,0.07183410732931772
108.31632653061224,0.07310205082933158
109.54719387755102,0.07433038111053192
110.77806122448979,0.07574333146017524
112.00892857142857,0.07711242982791996
113.23979591836735,0.0783294156618995
114.47066326530611,0.07946366586500486
115.7015306122449,0.08039084395218014
116.93239795918367,0.08105434843502246
118.16326530612244,0.0820337627682753
119.39413265306122,0.0820337627682753
120.625,0.0820337627682753
60.3125,0.06979586503353105
61.54336734693877,0.06921276628979288
62.77423469387755,0.06811334915258101
64.00510204081633,0.0675923682172552
65.2359693877551,0.06770838973868266
66.46683673469387,0.0654813048807753
67.69770408163265,0.06363296804945082
68.92857142857143,0.06337552919856575
70.15943877551021,0.06343952835315124
71.39030612244898,0.06377794957943345
72.62117346938776,0.06443215371742753
73.85204081632654,0.06537254333448804
75.0829081632653,0.06642283534520058
76.31377551020408,0.07020004980765523
77.54464285714286,0.07027998693358876
78.77551020408163,0.07058236018627508
80.0063775510204,0.07054861381901809
81.23724489795919,0.07327329504643391
82.46811224489795,0.0655505238289221
83.69897959183673,0.06695113208076428
84.92984693877551,0.06683166496940651
86.16071428571428,0.06443881414301737
87.39158163265306,0.06558274977302753
88.62244897959184,0.06445792031639158
89.8533163265306,0.06456822797258932
91.08418367346938,0.0661754327493933
92.31505102040816,0.06378382881849665
93.54591836734693,0.06282050822981568
94.77678571428571,0.06246917336858202
96.00765306122449,0.06366572795580702
97.23852040816325,0.06287537683993996
98.46938775510205,0.06104401000668904
99.70025510204081,0.06084941165902138
100.93112244897958,0.06247066728446097
102.16198979591837,0.061845448866665396
103.39285714285714,0.06218229176848564
104.62372448979592,0.070473958326048
105.8545918367347,0.06687942760592129
107.08545918367346,0.06479365993474798
108.31632653061224,0.06384302003953629
109.54719387755102,0.06492658009189746
110.77806122448979,0.06633022650026967
112.00892857142857,0.06783247128122492
113.23979591836735,0.06954524813021666
114.47066326530611,0.07095820414220719
115.7015306122449,0.07265378754222265
116.93239795918367,0.07402643498198938
118.16326530612244,0.07502325435264814
119.39413265306122,0.07563219475930967
120.625,0.0758816968605212
60.3125,0.10527474057235246
61.54336734693877,0.10359824266341502
62.77423469387755,0.10206257445113154
64.00510204081633,0.1025378257090161
65.2359693877551,0.10250815186128986
66.46683673469387,0.10178871898062168
67.69770408163265,0.10081129766913485
68.92857142857143,0.10006898204774273
70.15943877551021,0.09944009624869475
71.39030612244898,0.0975665425819194
72.62117346938776,0.09758144617612402
73.85204081632654,0.09747422117004337
75.0829081632653,0.09781622910026247
76.31377551020408,0.09508504254807533
77.54464285714286,0.09486319282590376
78.77551020408163,0.0936212438920204
80.0063775510204,0.09272279045208802
81.23724489795919,0.09193581000923987
82.46811224489795,0.09285179258273299
83.69897959183673,0.09161156429223592
84.92984693877551,0.0929259009459375
86.16071428571428,0.09321891491689921
87.39158163265306,0.08993758753074917
88.62244897959184,0.08976843802799411
89.8533163265306,0.08915077937682436
91.08418367346938,0.09019783674214547
92.31505102040816,0.09147751631988285
93.54591836734693,0.09554684923550193
94.77678571428571,0.09516892917320284
96.00765306122449,0.09855561691732047
97.23852040816325,0.10037283819582135
98.46938775510205,0.10355941481702413
99.70025510204081,0.10588373406418193
100.93112244897958,0.10752554654163674
102.16198979591837,0.11014201190599056
103.39285714285714,0.11253473831138247
104.62372448979592,0.11488822870530041
105.8545918367347,0.11709648203580375
107.08545918367346,0.11936354767288498
108.31632653061224,0.12116272229039753
109.54719387755102,0.12357132205293868
110.77806122448979,0.12271834638026591
112.00892857142857,0.1216379519927717
113.23979591836735,0.11864118187069393
114.47066326530611,0.11864118187069393
115.7015306122449,0.11864118187069393
116.93239795918367,0.11864118187069393
118.16326530612244,0.11864118187069393
119.39413265306122,0.11864118187069393
120.625,0.11864118187069393
60.3125,0.13613475515163379
61.54336734693877,0.13527619653246314
62.77423469387755,0.13412624971185264
64.00510204081633,0.13106637162815307
65.2359693877551,0.13043413093878314
66.46683673469387,0.12971902896396453
67.69770408163265,0.13008944160514194
68.92857142857143,0.12835411016510306
70.15943877551021,0.12810914285106023
71.39030612244898,0.127597300628083
72.62117346938776,0.1276219836369657
73.85204081632654,0.126718239208928
75.0829081632653,0.12576146489424841
76.31377551020408,0.12707479183749915
77.54464285714286,0.12655183922261046
78.77551020408163,0.12717883241753156
80.0063775510204,0.12488644911477405
81.23724489795919,0.12240323164194143
82.46811224489795,0.12034779904263321
83.69897959183673,0.11729232436406392
84.92984693877551,0.11893567894713433
86.16071428571428,0.12275211351685254
87.39158163265306,0.12435719674662712
88.62244897959184,0.12318853048386524
89.8533163265306,0.13234579883526798
91.08418367346938,0.13033597173552167
92.31505102040816,0.12683530052419947
93.54591836734693,0.12583702950266135
94.77678571428571,0.1257307278818146
96.00765306122449,0.12609784307840458
97.23852040816325,0.12670148558439334
98.46938775510205,0.1275377745811242
99.70025510204081,0.128616887072178
100.93112244897958,0.12980373230832692
102.16198979591837,0.13168499673132078
103.39285714285714,0.13421214939154985
104.62372448979592,0.13421214939155035
105.8545918367347,0.13421214939155035
107.08545918367346,0.13421214939155035
108.31632653061224,0.13421214939155035
109.54719387755102,0.13421214939155035
110.77806122448979,0.13421214939155035
112.00892857142857,0.13421214939155035
113.23979591836735,0.13421214939155035
114.47066326530611,0.13421214939155035
115.7015306122449,0.13421214939155035
116.93239795918367,0.13421214939155035
118.16326530612244,0.13421214939155035
119.39413265306122,0.13421214939155035
120.625,0.13421214939155035
60.3125,0.11125577944750778
61.54336734693877,0.1131009283678
62.77423469387755,0.11329201195000356
64.00510204081633,0.11315694680549084
65.2359693877551,0.11155750399270992
66.46683673469387,0.11149385440408546
67.69770408163265,0.11013837981153783
68.92857142857143,0.10987967274465166
70.15943877551021,0.11142618288251813
71.39030612244898,0.10998523033050918
72.62117346938776,0.10826722946934925
73.85204081632654,0.10691393812394293
75.0829081632653,0.10812313685165387
76.31377551020408,0.10700949838428837
77.54464285714286,0.10487285502509824
78.77551020408163,0.10605430230031303
80.0063775510204,0.10530793927259724
81.23724489795919,0.10447472675876485
82.46811224489795,0.10803334869417815
83.69897959183673,0.10465105833340387
84.92984693877551,0.10391731125737376
86.16071428571428,0.10126789802561546
87.39158163265306,0.10213167123432107
88.62244897959184,0.09995450523726242
89.8533163265306,0.10083348878400197
91.08418367346938,0.10130285783569651
92.31505102040816,0.10259274246929324
93.54591836734693,0.10271576689183239
94.77678571428571,0.1040554677537678
96.00765306122449,0.1054134132050746
97.23852040816325,0.10699496740929522
98.46938775510205,0.10267921741992522
99.70025510204081,0.10484507249489106
100.93112244897958,0.10665494559033363
102.16198979591837,0.10873215029477601
103.39285714285714,0.11073193613228205
104.62372448979592,0.11268669439506995
105.8545918367347,0.11468698078337823
107.08545918367346,0.11648801198299595
108.31632653061224,0.1182789057337224
109.54719387755102,0.11961458946676183
110.77806122448979,0.12103064671981238
112.00892857142857,0.12049442227856345
113.23979591836735,0.12049442227856345
114.47066326530611,0.12049442227856345
115.7015306122449,0.12049442227856345
116.93239795918367,0.12049442227856345
118.16326530612244,0.12049442227856345
119.39413265306122,0.12049442227856345
120.625,0.12049442227856345
60.3125,0.1185336039997796
61.54336734693877,0.11873574003895702
62.77423469387755,0.11707683682198196
64.00510204081633,0.11813043310924508
65.2359693877551,0.11779302827611321
66.46683673469387,0.11694092226657125
67.69770408163265,0.11570948131891436
68.92857142857143,0.11424549260871801
70.15943877551021,0.11412406126159313
71.39030612244898,0.10777819917281654
72.62117346938776,0.10636214083654741
73.85204081632654,0.10715100500583384
75.0829081632653,0.10710226413480262
76.31377551020408,0.10331355711788817
77.54464285714286,0.1018917085661849
78.77551020408163,0.10193935545111887
80.0063775510204,0.10099444877942793
81.23724489795919,0.10049516595974634
82.46811224489795,0.10000287102550576
83.69897959183673,0.09867321101459571
84.92984693877551,0.09588628915369547
86.16071428571428,0.09946438752870031
87.39158163265306,0.09700512043174778
88.62244897959184,0.09572014789764564
89.8533163265306,0.09475508208649111
91.08418367346938,0.09696572486559091
92.31505102040816,0.1006434497010072
93.54591836734693,0.09936985702946159
94.77678571428571,0.10296629195426331
96.00765306122449,0.10563500974069766
97.23852040816325,0.1079201101500122
98.46938775510205,0.10983746609610645
99.70025510204081,0.11202363281435103
100.93112244897958,0.09814687775638921
102.16198979591837,0.10271290967290607
103.39285714285714,0.10666336580679368
104.62372448979592,0.1095749199122681
105.8545918367347,0.11279465294912602
107.08545918367346,0.11566936051638275
108.31632653061224,0.1181738441808184
109.54719387755102,0.12026309774998149
110.77806122448979,0.1215743728235984
112.00892857142857,0.12205314978249468
113.23979591836735,0.12234203267011894
114.47066326530611,0.12234203267011894
115.7015306122449,0.12234203267011894
116.93239795918367,0.12234203267011894
118.16326530612244,0.12234203267011894
119.39413265306122,0.12234203267011894
120.625,0.12234203267011894
60.3125,0.06771039342829846
61.54336734693877,0.06948901432769358
62.77423469387755,0.06975248891511604
64.00510204081633,0.06776250008163184
65.2359693877551,0.06818986835685063
66.46683673469387,0.06548773489265769
67.69770408163265,0.06720917196895938
68.92857142857143,0.06755748709265552
70.15943877551021,0.06737168933352791
71.39030612244898,0.06763598573371161
72.62117346938776,0.0651538167362882
73.85204081632654,0.06559877783197716
75.0829081632653,0.06479024541674211
76.31377551020408,0.06407537127488401
77.54464285714286,0.06322553744113124
78.77551020408163,0.0629907706607657
80.0063775510204,0.06421523132788316
81.23724489795919,0.06281391373421791
82.46811224489795,0.06417930684781216
83.69897959183673,0.06298482629505595
84.92984693877551,0.06133233199275031
86.16071428571428,0.06223084630995786
87.39158163265306,0.06159154378072229
88.62244897959184,0.06050874187987257
89.8533163265306,0.06132613636568647
91.08418367346938,0.06250699084634924
92.31505102040816,0.062217874114222825
93.54591836734693,0.06157143789430982
94.77678571428571,0.062194641691703155
96.00765306122449,0.05891882566548161
97.23852040816325,0.05855702372806746
98.46938775510205,0.05970259658320763
99.70025510204081,0.0577272120085175
100.93112244897958,0.058299403554390075
102.16198979591837,0.060914249168497595
103.39285714285714,0.06306562843803411
104.62372448979592,0.065068095964365
105.8545918367347,0.06619461756044978
107.08545918367346,0.059517645109957426
108.31632653061224,0.06302493308996446
109.54719387755102,0.06602472220777325
110.77806122448979,0.06811257183141102
112.00892857142857,0.07049210771421512
113.23979591836735,0.07261287695259726
114.47066326530611,0.07449157746031677
115.7015306122449,0.07611688215192264
116.93239795918367,0.07728367866222399
118.16326530612244,0.07775571511231393
119.39413265306122,0.07813850444595019
120.625,0.07813850444595019
60.3125,0.10799522315009079
61.54336734693877,0.10295933962302115
62.77423469387755,0.1021455856622615
64.00510204081633,0.1030393585523498
65.2359693877551,0.10664819384112688
66.46683673469387,0.0932257596759259
67.69770408163265,0.09676470596444833
68.92857142857143,0.09298789378529314
70.15943877551021,0.09301039401850895
71.39030612244898,0.09302637060727172
72.62117346938776,0.09252215572982544
73.85204081632654,0.09355357203255885
75.0829081632653,0.09302006366438795
76.31377551020408,0.0919424906261559
77.54464285714286,0.08960513081138657
78.77551020408163,0.08896992546143548
80.0063775510204,0.08579225119290973
81.23724489795919,0.08353427829759229
82.46811224489795,0.08289100987043477
83.69897959183673,0.08485821655740647
84.92984693877551,0.08109789293942608
86.16071428571428,0.08067493312310145
87.39158163265306,0.08136061118184677
88.62244897959184,0.08200827209297606
89.8533163265306,0.08368395958961115
91.08418367346938,0.08094243863449076
92.31505102040816,0.08062357137448917
93.54591836734693,0.07905123482710863
94.77678571428571,0.07547374734410457
96.00765306122449,0.0738610681957294
97.23852040816325,0.07376326251366262
98.46938775510205,0.07357578380962675
99.70025510204081,0.07344865241073387
100.93112244897958,0.0739859523940617
102.16198979591837,0.07500199280987976
103.39285714285714,0.0760280302225563
104.62372448979592,0.07437800236933675
105.8545918367347,0.07371446953312946
107.08545918367346,0.07447687852938183
108.31632653061224,0.07567594207269901
109.54719387755102,0.07686801725050149
110.77806122448979,0.07823578422415473
112.00892857142857,0.0795945987385787
113.23979591836735,0.08086222977743872
114.47066326530611,0.08209162840536584
115.7015306122449,0.08305856421613278
116.93239795918367,0.08365090435373432
118.16326530612244,0.08378820841411976
119.39413265306122,0.08344803052561674
120.625,0.08344803052561674
60.3125,0.1454037980128072
61.54336734693877,0.14535674908407123
62.77423469387755,0.14529669266215473
64.00510204081633,0.1447717238398444
65.2359693877551,0.14341259566498915
66.46683673469387,0.14103799223431182
67.69770408163265,0.13977771375656275
68.92857142857143,0.13586445116565712
70.15943877551021,0.1343298873894233
71.39030612244898,0.13223592350747607
72.62117346938776,0.1294995410771585
73.85204081632654,0.12338601640312992
75.0829081632653,0.12468512674000878
76.31377551020408,0.12081113865668991
77.54464285714286,0.12122593948909062
78.77551020408163,0.12114457351166404
80.0063775510204,0.119676249007045
81.23724489795919,0.1196868512422276
82.46811224489795,0.11965293203740873
83.69897959183673,0.12028545330657298
84.92984693877551,0.11779514820466158
86.16071428571428,0.11651775530689491
87.39158163265306,0.11565104288578379
88.62244897959184,0.11425514691213107
89.8533163265306,0.11518674666821839
91.08418367346938,0.11817231206943664
92.31505102040816,0.12130671609514074
93.54591836734693,0.11471026533607062
94.77678571428571,0.11928618703549114
96.00765306122449,0.12302337017891422
97.23852040816325,0.12596374617117098
98.46938775510205,0.10976269591331583
99.70025510204081,0.11690396867983908
100.93112244897958,0.1166562487662688
102.16198979591837,0.1224434486483751
103.39285714285714,0.1267523340672062
104.62372448979592,0.13064502718132576
105.8545918367347,0.1340366748677773
107.08545918367346,0.13699141695829967
108.31632653061224,0.13902827022258551
109.54719387755102,0.13949278074461438
110.77806122448979,0.1396055384536123
112.00892857142857,0.13833098078903514
113.23979591836735,0.13833098078903514
114.47066326530611,0.13833098078903514
115.7015306122449,0.13833098078903514
116.93239795918367,0.13833098078903514
118.16326530612244,0.13833098078903514
119.39413265306122,0.13833098078903514
120.625,0.13833098078903514
60.3125,0.09966148840783554
61.54336734693877,0.09571269547843024
62.77423469387755,0.09395478243135898
64.00510204081633,0.09303426356505544
65.2359693877551,0.09131388515423945
66.46683673469387,0.09032211189308148
67.69770408163265,0.08826814291455964
68.92857142857143,0.089809527630856
70.15943877551021,0.08620281797678264
71.39030612244898,0.08299170365723586
72.62117346938776,0.08079104503528575
73.85204081632654,0.07875046811214087
75.0829081632653,0.07782908620995269
76.31377551020408,0.07824024780542317
77.54464285714286,0.07814672802037738
78.77551020408163,0.07647303379100007
80.0063775510204,0.07691537560042154
81.23724489795919,0.07831257621545384
82.46811224489795,0.07711978113255401
83.69897959183673,0.07732273236724754
84.92984693877551,0.08093655988674225
86.16071428571428,0.0795178480562893
87.39158163265306,0.0800103293804672
88.62244897959184,0.08001901184126067
89.8533163265306,0.08138609214914572
91.08418367346938,0.08087572615822346
92.31505102040816,0.08000640813176453
93.54591836734693,0.07858234461810877
94.77678571428571,0.07819882346427591
96.00765306122449,0.0809821279346602
97.23852040816325,0.0797436044791569
98.46938775510205,0.08127112004747251
99.70025510204081,0.08316542584332355
100.93112244897958,0.08489299409858624
102.16198979591837,0.08313446776627571
103.39285714285714,0.0811384629806718
104.62372448979592,0.0776692829970888
105.8545918367347,0.08131763978748843
107.08545918367346,0.08469235787368777
108.31632653061224,0.0871744207761832
109.54719387755102,0.09021132874357933
110.77806122448979,0.09272561021899174
112.00892857142857,0.09533441193147778
113.23979591836735,0.09703566531245816
114.47066326530611,0.0980768057771583
115.7015306122449,0.09841491990331681
116.93239795918367,0.09841491990331681
118.16326530612244,0.09841491990331681
119.39413265306122,0.09841491990331681
120.625,0.09841491990331681
60.3125,0.07638266415791212
61.54336734693877,0.0758966837685893
62.77423469387755,0.07669737074394947
64.00510204081633,0.07632034369277403
65.2359693877551,0.07271331813198666
66.46683673469387,0.07277052237333456
67.69770408163265,0.07156736975284252
68.92857142857143,0.0715132148756876
70.15943877551021,0.07116781840819525
71.39030612244898,0.07054797460996654
72.62117346938776,0.06972539828487456
73.85204081632654,0.06894787575755504
75.0829081632653,0.0682553072567327
76.31377551020408,0.06945225616938386
77.54464285714286,0.06861082797045877
78.77551020408163,0.06537019175874659
80.0063775510204,0.06569228115479005
81.23724489795919,0.06445388811186441
82.46811224489795,0.06343476073620792
83.69897959183673,0.0628093261225573
84.92984693877551,0.062181084463231374
86.16071428571428,0.061912398954596104
87.39158163265306,0.061293522170042296
88.62244897959184,0.061386181440266974
89.8533163265306,0.06284089768615456
91.08418367346938,0.06247974233831351
92.31505102040816,0.06258426075930225
93.54591836734693,0.06334116928164031
94.77678571428571,0.060393862830646974
96.00765306122449,0.06009911653652468
97.23852040816325,0.05959886605189449
98.46938775510205,0.05966597213927736
99.70025510204081,0.05917566980548734
100.93112244897958,0.06095245637602967
102.16198979591837,0.06280533946040504
103.39285714285714,0.06513245258851617
104.62372448979592,0.06651854259334299
105.8545918367347,0.06852956496032742
107.08545918367346,0.07144302660768145
108.31632653061224,0.07406112416763783
109.54719387755102,0.0760342826712198
110.77806122448979,0.07832273653544759
112.00892857142857,0.08037798159773073
113.23979591836735,0.08221602357996069
114.47066326530611,0.08359023532561329
115.7015306122449,0.08431714790234571
116.93239795918367,0.08526810083953791
118.16326530612244,0.08508259948378658
119.39413265306122,0.08508259948378658
120.625,0.08508259948378658
60.3125,0.09275888498280574
61.54336734693877,0.09462156632773144
62.77423469387755,0.09436024155338622
64.00510204081633,0.09412442240357305
65.2359693877551,0.09378203675423147
66.46683673469387,0.09335720061605324
67.69770408163265,0.09279782815982834
68.92857142857143,0.08931053146714502
70.15943877551021,0.08822050252365886
71.39030612244898,0.08808388843576612
72.62117346938776,0.08790288854546471
73.85204081632654,0.08820857019282838
75.0829081632653,0.08794163363802149
76.31377551020408,0.08724734688076867
77.54464285714286,0.08678616586118557
78.77551020408163,0.08712488458083313
80.0063775510204,0.08614246404441427
81.23724489795919,0.08635285584469923
82.46811224489795,0.08525497102119473
83.69897959183673,0.08449689874903077
84.92984693877551,0.08531782927059982
86.16071428571428,0.08392518442698038
87.39158163265306,0.08404509351596923
88.62244897959184,0.08658028438757798
89.8533163265306,0.08890410202640522
91.08418367346938,0.09098968868032248
92.31505102040816,0.09276768941090928
93.54591836734693,0.0922496924724939
94.77678571428571,0.093097675439305
96.00765306122449,0.09410474097805677
97.23852040816325,0.09530999207707004
98.46938775510205,0.09653295633435412
99.70025510204081,0.0916255528352729
100.93112244897958,0.08790663069297246
102.16198979591837,0.09217010771299666
103.39285714285714,0.0951054699512163
104.62372448979592,0.0978770558252973
105.8545918367347,0.10020787700636903
107.08545918367346,0.10270987175296178
108.31632653061224,0.10497257725359105
109.54719387755102,0.10696387969632427
110.77806122448979,0.10841667027938962
112.00892857142857,0.10929563022723221
113.23979591836735,0.1099420805029934
114.47066326530611,0.1099420805029934
115.7015306122449,0.1099420805029934
116.93239795918367,0.1099420805029934
118.16326530612244,0.1099420805029934
119.39413265306122,0.1099420805029934
120.625,0.1099420805029934
60.3125,0.06362226104435963
61.54336734693877,0.0639785078348075
62.77423469387755,0.06379044671049647
64.00510204081633,0.06528797620860528
65.2359693877551,0.06512833724667247
66.46683673469387,0.06520414125401028
67.69770408163265,0.06567321635695418
68.92857142857143,0.06440852872734504
70.15943877551021,0.06524969908438012
71.39030612244898,0.06514458672979226
72.62117346938776,0.06518811906327254
73.85204081632654,0.06302012568936728
75.0829081632653,0.06406352212745299
76.31377551020408,0.062077985033935294
77.54464285714286,0.06060919490265317
78.77551020408163,0.059478277984229666
80.0063775510204,0.0582267668811663
81.23724489795919,0.057715859207148376
82.46811224489795,0.05901701120427054
83.69897959183673,0.05608949805607369
84.92984693877551,0.056956181441600376
86.16071428571428,0.05626583965930195
87.39158163265306,0.05550835410045023
88.62244897959184,0.055004208081736096
89.8533163265306,0.054518535194562553
91.08418367346938,0.0538964965985591
92.31505102040816,0.054303792102488854
93.54591836734693,0.05339917093216173
94.77678571428571,0.052827719343968356
96.00765306122449,0.05269889244165551
97.23852040816325,0.052215206300832484
98.46938775510205,0.05202032623948878
99.70025510204081,0.05252865384262362
100.93112244897958,0.053510314488034984
102.16198979591837,0.05555325198610859
103.39285714285714,0.058331486857109226
104.62372448979592,0.06070250378627183
105.8545918367347,0.06035952787749445
107.08545918367346,0.060323072028952554
108.31632653061224,0.06059352466532632
109.54719387755102,0.06263349337196941
110.77806122448979,0.0655961237477893
112.00892857142857,0.06839621434418153
113.23979591836735,0.070808189860527
114.47066326530611,0.07307616089764465
115.7015306122449,0.07476189402559427
116.93239795918367,0.0761114188372314
118.16326530612244,0.07675848422835795
119.39413265306122,0.07692021202452382
120.625,0.07932395895898064
60.3125,0.10607535673470761
61.54336734693877,0.10600787902810407
62.77423469387755,0.10453678494157397
64.00510204081633,0.09954748018952596
65.2359693877551,0.09480100816316597
66.46683673469387,0.09505626008896088
67.69770408163265,0.09535530226998346
68.92857142857143,0.09552521634413551
70.15943877551021,0.09543095712673338
71.39030612244898,0.09484158969927087
72.62117346938776,0.09765150469412652
73.85204081632654,0.09716446142051836
75.0829081632653,0.0903144501156052
76.31377551020408,0.08925019240786146
77.54464285714286,0.08830437937768713
78.77551020408163,0.08637817413313724
80.0063775510204,0.08543148424617605
81.23724489795919,0.08282780189572272
82.46811224489795,0.08516855254479415
83.69897959183673,0.07911210130253532
84.92984693877551,0.07788166763401597
86.16071428571428,0.07778183397272447
87.39158163265306,0.07975162233136102
88.62244897959184,0.07552230892246423
89.8533163265306,0.07626916101030504
91.08418367346938,0.07466330023874164
92.31505102040816,0.07462160549591725
93.54591836734693,0.07586823509551001
94.77678571428571,0.07664647458538458
96.00765306122449,0.07960433389238208
97.23852040816325,0.07832945479688305
98.46938775510205,0.08044973362515015
99.70025510204081,0.0823062165620399
100.93112244897958,0.08434616485894217
102.16198979591837,0.08151361910161097
103.39285714285714,0.07806335356646613
104.62372448979592,0.07963142863529189
105.8545918367347,0.08389868334359613
107.08545918367346,0.0873951011681474
108.31632653061224,0.09026063142511347
109.54719387755102,0.09347408638579165
110.77806122448979,0.09640671195936618
112.00892857142857,0.09916003978445934
113.23979591836735,0.10192417062858947
114.47066326530611,0.10431090061832927
115.7015306122449,0.10587032149824052
116.93239795918367,0.10587032149824052
118.16326530612244,0.10587032149824052
119.39413265306122,0.10587032149824052
120.625,0.10587032149824052
60.3125,0.09109536556344362
61.54336734693877,0.08992037001018181
62.77423469387755,0.09123450451006537
64.00510204081633,0.0905874307965149
65.2359693877551,0.0880014542967287
66.46683673469387,0.08526016769773276
67.69770408163265,0.08240660215501544
68.92857142857143,0.08011524900318075
70.15943877551021,0.08029819403326634
71.39030612244898,0.07879955089447394
72.62117346938776,0.07879514052724489
73.85204081632654,0.07829695373377565
75.0829081632653,0.07938639526593197
76.31377551020408,0.07917216544666163
77.54464285714286,0.07970682612391189
78.77551020408163,0.0791180450783343
80.0063775510204,0.07798103497283002
81.23724489795919,0.07829750936864228
82.46811224489795,0.07753268396775938
83.69897959183673,0.07756649860159782
84.92984693877551,0.0772547521986718
86.16071428571428,0.07474716919134994
87.39158163265306,0.07480668524283296
88.62244897959184,0.07587896698657291
89.8533163265306,0.07724112565033527
91.08418367346938,0.07722774313329718
92.31505102040816,0.07648732938785698
93.54591836734693,0.0749926706824503
94.77678571428571,0.07369873858236886
96.00765306122449,0.07670930259636266
97.23852040816325,0.07464436573546358
98.46938775510205,0.07705257526627156
99.70025510204081,0.07889562737612353
100.93112244897958,0.0808239076669315
102.16198979591837,0.08268585040867436
103.39285714285714,0.0772460927889461
104.62372448979592,0.07729677197291987
105.8545918367347,0.08056603454338199
107.08545918367346,0.08360485550324873
108.31632653061224,0.08590276373787031
109.54719387755102,0.0884694349656534
110.77806122448979,0.09076430606592134
112.00892857142857,0.09279762009814149
113.23979591836735,0.09448252363218938
114.47066326530611,0.09571045157865489
115.7015306122449,0.0991318063965152
116.93239795918367,0.09740199807149755
118.16326530612244,0.09740199807149755
119.39413265306122,0.09740199807149755
120.625,0.09740199807149755
60.3125,0.08765302652449991
61.54336734693877,0.08765077699971933
62.77423469387755,0.08711109305748009
64.00510204081633,0.08583264841012311
65.2359693877551,0.08570137104172469
66.46683673469387,0.08586241765836916
67.69770408163265,0.08634627261515138
68.92857142857143,0.08615264547224957
70.15943877551021,0.08569840775887652
71.39030612244898,0.08484262933997147
72.62117346938776,0.08334140693931845
73.85204081632654,0.08130128987734711
75.0829081632653,0.08012399326906794
76.31377551020408,0.0797840682694238
77.54464285714286,0.07912636129303154
78.77551020408163,0.077700989867559
80.0063775510204,0.07524974390332724
81.23724489795919,0.0755922890597975
82.46811224489795,0.0742598043469461
83.69897959183673,0.0727358898704419
84.92984693877551,0.07188432451418103
86.16071428571428,0.075815081829011
87.39158163265306,0.06994467727159367
88.62244897959184,0.07205601960696228
89.8533163265306,0.07158984952877778
91.08418367346938,0.07052030055407474
92.31505102040816,0.07020053810955415
93.54591836734693,0.0728271755217448
94.77678571428571,0.07390029806903828
96.00765306122449,0.07708985286205268
97.23852040816325,0.08157654175932039
98.46938775510205,0.0852041430710506
99.70025510204081,0.08046094093198532
100.93112244897958,0.08471469719626483
102.16198979591837,0.08841578341983453
103.39285714285714,0.09123329803744308
104.62372448979592,0.08140949620935183
105.8545918367347,0.08364533846611248
107.08545918367346,0.08756563128361486
108.31632653061224,0.09121041083887266
109.54719387755102,0.09410388197612028
110.77806122448979,0.09722252050599937
112.00892857142857,0.09959990951102371
113.23979591836735,0.10186129380344154
114.47066326530611,0.10357539579272196
115.7015306122449,0.10439424131306667
116.93239795918367,0.10449338377574315
118.16326530612244,0.10476489676963172
119.39413265306122,0.10476489676963172
120.625,0.10476489676963172
60.3125,0.09250756996884628
61.54336734693877,0.09078106944133353
62.77423469387755,0.08989472733648697
64.00510204081633,0.08596540895138438
65.2359693877551,0.08666117290572813
66.46683673469387,0.08651380301139003
67.69770408163265,0.0866664400617849
68.92857142857143,0.08673203429285174
70.15943877551021,0.08678384203688809
71.39030612244898,0.08579009778975197
72.62117346938776,0.08382178427985948
73.85204081632654,0.08251010816416947
75.0829081632653,0.08245538773106878
76.31377551020408,0.08248166237031686
77.54464285714286,0.081836776637317
78.77551020408163,0.08188831555640096
80.0063775510204,0.08191100215812591
81.23724489795919,0.08140039426089746
82.46811224489795,0.08147604808385521
83.69897959183673,0.08064910515423984
84.92984693877551,0.08039907039888994
86.16071428571428,0.08196027237225127
87.39158163265306,0.08123420920107122
88.62244897959184,0.08169330854019315
89.8533163265306,0.08115015980506628
91.08418367346938,0.08156317400280329
92.31505102040816,0.08171065142617016
93.54591836734693,0.08116533412805194
94.77678571428571,0.08114238669629355
96.00765306122449,0.08316186498081098
97.23852040816325,0.08315277855006852
98.46938775510205,0.08433718696060624
99.70025510204081,0.08599627229266397
100.93112244897958,0.08791771662911778
102.16198979591837,0.08675524166937552
103.39285714285714,0.08776374880085969
104.62372448979592,0.08987838303874625
105.8545918367347,0.09159227500416807
107.08545918367346,0.09367688083737766
108.31632653061224,0.09566509108048525
109.54719387755102,0.09752730342575824
110.77806122448979,0.09929066711305845
112.00892857142857,0.10074598821772493
113.23979591836735,0.10146183630892928
114.47066326530611,0.10121875149517515
115.7015306122449,0.1003561502096334
116.93239795918367,0.1003561502096334
118.16326530612244,0.1003561502096334
119.39413265306122,0.1003561502096334
120.625,0.1003561502096334
60.3125,0.0996720207455267
61.54336734693877,0.09997130396656151
62.77423469387755,0.09990723401399365
64.00510204081633,0.09797335903423914
65.2359693877551,0.09807391448999257
66.46683673469387,0.09769120513251923
67.69770408163265,0.09736315751129164
68.92857142857143,0.09703825668545983
70.15943877551021,0.09664358202454329
71.39030612244898,0.09613033715515894
72.62117346938776,0.09547799966695063
73.85204081632654,0.09184798393213935
75.0829081632653,0.09148764631343237
76.31377551020408,0.0897553594722125
77.54464285714286,0.08949522666826375
78.77551020408163,0.08933860082642205
80.0063775510204,0.09123797463752611
81.23724489795919,0.09032531218303966
82.46811224489795,0.09024095719588757
83.69897959183673,0.08945896982648663
84.92984693877551,0.09052955413466854
86.16071428571428,0.08949503003011747
87.39158163265306,0.09098141515050576
88.62244897959184,0.09020494064067247
89.8533163265306,0.09025690013458125
91.08418367346938,0.08855225531644507
92.31505102040816,0.08890435815433383
93.54591836734693,0.08936109281962687
94.77678571428571,0.0861282665320097
96.00765306122449,0.08818371064374067
97.23852040816325,0.08799199352502095
98.46938775510205,0.08894079654800324
99.70025510204081,0.09018746560294062
100.93112244897958,0.09171795360096573
102.16198979591837,0.0872480306910951
103.39285714285714,0.08946549405186605
104.62372448979592,0.09081974988861388
105.8545918367347,0.09246952326613399
107.08545918367346,0.0939712718568256
108.31632653061224,0.0954557352714345
109.54719387755102,0.09660933778398692
110.77806122448979,0.09760046902435818
112.00892857142857,0.09807710706572956
113.23979591836735,0.09793666323235166
114.47066326530611,0.09728130109546214
115.7015306122449,0.09605530568921487
116.93239795918367,0.0971993158681565
118.16326530612244,0.093950533597889
119.39413265306122,0.093950533597889
120.625,0.093950533597889
60.3125,0.08711198899616376
61.54336734693877,0.08577677576529535
62.77423469387755,0.08360824474588836
64.00510204081633,0.08434304580283122
65.2359693877551,0.08441154212060828
66.46683673469387,0.08469019246106566
67.69770408163265,0.0832515271096748
68.92857142857143,0.08343336961179121
70.15943877551021,0.07026299471777454
71.39030612244898,0.06528580872776517
72.62117346938776,0.06201632074625948
73.85204081632654,0.05981032124312551
75.0829081632653,0.05841034678945829
76.31377551020408,0.0574886387276495
77.54464285714286,0.06127857711402451
78.77551020408163,0.06138471875513983
80.0063775510204,0.057940868410273794
81.23724489795919,0.056973265957522064
82.46811224489795,0.05611170152484181
83.69897959183673,0.05549176920637791
84.92984693877551,0.05677692000691586
86.16071428571428,0.05605877716474433
87.39158163265306,0.05600774751919833
88.62244897959184,0.055062676032388215
89.8533163265306,0.05521557877294053
91.08418367346938,0.05740976653586262
92.31505102040816,0.05434077649746286
93.54591836734693,0.052379834916990324
94.77678571428571,0.05089850395996398
96.00765306122449,0.05003411433769517
97.23852040816325,0.04959130975493876
98.46938775510205,0.0503202775160922
99.70025510204081,0.049396525312590304
100.93112244897958,0.04946576088638164
102.16198979591837,0.050357890009848805
103.39285714285714,0.051372488384797035
104.62372448979592,0.05224576290914053
105.8545918367347,0.050362204067798406
107.08545918367346,0.05011218420444631
108.31632653061224,0.05109044257160181
109.54719387755102,0.04750707774747828
110.77806122448979,0.0493724377191852
112.00892857142857,0.051643469576916484
113.23979591836735,0.05364691732505235
114.47066326530611,0.05604319408679066
115.7015306122449,0.057960278129285774
116.93239795918367,0.06035036730603783
118.16326530612244,0.06260504303084383
119.39413265306122,0.06458461528331676
120.625,0.06458461528331676
60.3125,0.12355440161013671
61.54336734693877,0.12331269619968545
62.77423469387755,0.12271849756692453
64.00510204081633,0.11667101065514891
65.2359693877551,0.11383349807740771
66.46683673469387,0.11344687442146198
67.69770408163265,0.11297050359647262
68.92857142857143,0.11680895978617004
70.15943877551021,0.11175115293746042
71.39030612244898,0.11154254968129468
72.62117346938776,0.11879170002147406
73.85204081632654,0.11985798746287546
75.0829081632653,0.11785743620366601
76.31377551020408,0.11120996051058553
77.54464285714286,0.10972818509659092
78.77551020408163,0.10779559560507024
80.0063775510204,0.11017845658955175
81.23724489795919,0.10122035531373222
82.46811224489795,0.10094907767892469
83.69897959183673,0.09780795000651261
84.92984693877551,0.0986558342337168
86.16071428571428,0.09526592421031933
87.39158163265306,0.09242501653824715
88.62244897959184,0.09104683909023804
89.8533163265306,0.08956538651946759
91.08418367346938,0.08748801766813963
92.31505102040816,0.08653320019101104
93.54591836734693,0.08579998308211666
94.77678571428571,0.0873001365617777
96.00765306122449,0.08808217447261986
97.23852040816325,0.09144766586069908
98.46938775510205,0.09421491986051166
99.70025510204081,0.09729273048168037
100.93112244897958,0.08935607096003297
102.16198979591837,0.09078526166966858
103.39285714285714,0.09882857668918232
104.62372448979592,0.1031110989777253
105.8545918367347,0.10703369915495915
107.08545918367346,0.11025050838311357
108.31632653061224,0.11324952844571565
109.54719387755102,0.11553394064862224
110.77806122448979,0.1160914853172453
112.00892857142857,0.11565644110107573
113.23979591836735,0.1161685280624302
114.47066326530611,0.11247472463737908
115.7015306122449,0.11247472463737908
116.93239795918367,0.11247472463737908
118.16326530612244,0.11247472463737908
119.39413265306122,0.11247472463737908
120.625,0.11247472463737908
60.3125,0.09331310935894721
61.54336734693877,0.09305897086402319
62.77423469387755,0.09397642810552341
64.00510204081633,0.09482276367154464
65.2359693877551,0.09566343226249814
66.46683673469387,0.09520011355868961
67.69770408163265,0.08379911884161972
68.92857142857143,0.08297175383751008
70.15943877551021,0.08262098343556938
71.39030612244898,0.08239157576113304
72.62117346938776,0.07588365439918958
73.85204081632654,0.07903420723287835
75.0829081632653,0.07867001798951996
76.31377551020408,0.06941074136886909
77.54464285714286,0.06759814904220998
78.77551020408163,0.06744558466395327
80.0063775510204,0.06767930200256204
81.23724489795919,0.06875158393151928
82.46811224489795,0.06867586766062828
83.69897959183673,0.06843697760814745
84.92984693877551,0.06864068672988301
86.16071428571428,0.06875715147752662
87.39158163265306,0.06921804109646723
88.62244897959184,0.06996308659075916
89.8533163265306,0.06947561388196577
91.08418367346938,0.0699634201803491
92.31505102040816,0.06931242525779538
93.54591836734693,0.06947694295799825
94.77678571428571,0.06915005590558343
96.00765306122449,0.06902117489626491
97.23852040816325,0.06780148949632316
98.46938775510205,0.06839123649332693
99.70025510204081,0.06918685289998322
100.93112244897958,0.06962224231417258
102.16198979591837,0.07097869509981358
103.39285714285714,0.07243934056380572
104.62372448979592,0.07390308182220276
105.8545918367347,0.07112646502001976
107.08545918367346,0.07191283551673207
108.31632653061224,0.07278177700275239
109.54719387755102,0.074264042635804
110.77806122448979,0.07603401440773759
112.00892857142857,0.07758956669931873
113.23979591836735,0.07923043811549825
114.47066326530611,0.08075155904666208
115.7015306122449,0.08209026689130508
116.93239795918367,0.08313398307976452
118.16326530612244,0.08355388202758644
119.39413265306122,0.08312687515258024
120.625,0.0823060889703592
60.3125,0.09352771070105853
61.54336734693877,0.09346981319707932
62.77423469387755,0.09246665861631505
64.00510204081633,0.09260858752539856
65.2359693877551,0.09095532340215998
66.46683673469387,0.09082553033441777
67.69770408163265,0.09108222067652359
68.92857142857143,0.09107008444432112
70.15943877551021,0.09082086269303162
71.39030612244898,0.08978433549309486
72.62117346938776,0.08797451832013338
73.85204081632654,0.0871831667351534
75.0829081632653,0.08483045894757041
76.31377551020408,0.0861268266022567
77.54464285714286,0.08350390571455057
78.77551020408163,0.08408176003894174
80.0063775510204,0.08459353687931619
81.23724489795919,0.07947649875034919
82.46811224489795,0.07472302455516502
83.69897959183673,0.07140868667439103
84.92984693877551,0.07217363348087569
86.16071428571428,0.08569992719750888
87.39158163265306,0.07973330854175495
88.62244897959184,0.07955656350393715
89.8533163265306,0.08172240845902769
91.08418367346938,0.0761486659970538
92.31505102040816,0.07356274316346281
93.54591836734693,0.05953631868738276
94.77678571428571,0.05715531396339777
96.00765306122449,0.05704125111854555
97.23852040816325,0.056326974450742084
98.46938775510205,0.05359123949082414
99.70025510204081,0.054559857517683136
100.93112244897958,0.05734165051819284
102.16198979591837,0.057324355442830946
103.39285714285714,0.059550031016290604
104.62372448979592,0.06139584997668414
105.8545918367347,0.0629556488183726
107.08545918367346,0.05676076630415994
108.31632653061224,0.05919588365435205
109.54719387755102,0.06085814987761361
110.77806122448979,0.06262227145283383
112.00892857142857,0.06436355858598233
113.23979591836735,0.06596075514476657
114.47066326530611,0.06769475700603046
115.7015306122449,0.06903024806138766
116.93239795918367,0.07025760321935476
118.16326530612244,0.07113806647230982
119.39413265306122,0.07154405820538244
120.625,0.07157832284631135
60.3125,0.11362356361325851
61.54336734693877,0.11244476656107485
62.77423469387755,0.11118406594112079
64.00510204081633,0.11016131116090794
65.2359693877551,0.10942785722592412
66.46683673469387,0.10880106183227765
67.69770408163265,0.10779045448179576
68.92857142857143,0.10621451406568184
70.15943877551021,0.10849239213889504
71.39030612244898,0.10634071081684068
72.62117346938776,0.10493511145322917
73.85204081632654,0.10541774602393666
75.0829081632653,0.09979489345560365
76.31377551020408,0.0992897253089086
77.54464285714286,0.10277569820678228
78.77551020408163,0.09859846943417314
80.0063775510204,0.09887274733201243
81.23724489795919,0.10075784237419814
82.46811224489795,0.09923681189274011
83.69897959183673,0.101042099137903
84.92984693877551,0.0962836497451639
86.16071428571428,0.09948698654983999
87.39158163265306,0.09939730231740079
88.62244897959184,0.0992190114856139
89.8533163265306,0.105918941208709
91.08418367346938,0.106910274352524
92.31505102040816,0.10947878445560198
93.54591836734693,0.11182810573405876
94.77678571428571,0.11462598743913664
96.00765306122449,0.11690378339724666
97.23852040816325,0.11951380770142343
98.46938775510205,0.12193587500846406
99.70025510204081,0.12417374700619901
100.93112244897958,0.12628596088743652
102.16198979591837,0.12852890533166333
103.39285714285714,0.13054986802113305
104.62372448979592,0.13263535039049265
105.8545918367347,0.1348355530749006
107.08545918367346,0.1364454347633644
108.31632653061224,0.1370097411480285
109.54719387755102,0.1370097411480285
110.77806122448979,0.1370097411480285
112.00892857142857,0.1370097411480285
113.23979591836735,0.1370097411480285
114.47066326530611,0.1370097411480285
115.7015306122449,0.1370097411480285
116.93239795918367,0.1370097411480285
118.16326530612244,0.1370097411480285
119.39413265306122,0.1370097411480285
120.625,0.1370097411480285
60.3125,0.11631768784056114
61.54336734693877,0.11266283519111983
62.77423469387755,0.11257802143444594
64.00510204081633,0.10946215577845837
65.2359693877551,0.10868442755891064
66.46683673469387,0.10693230349023528
67.69770408163265,0.10469687047703961
68.92857142857143,0.10348092377688037
70.15943877551021,0.10795236706769828
71.39030612244898,0.10540901978420592
72.62117346938776,0.10344467702455318
73.85204081632654,0.0953600324620076
75.0829081632653,0.09372848533731555
76.31377551020408,0.0935820544295222
77.54464285714286,0.09213007925080052
78.77551020408163,0.09117010034347194
80.0063775510204,0.08990297772166808
81.23724489795919,0.08775051887964244
82.46811224489795,0.08734202370313184
83.69897959183673,0.08654505631169879
84.92984693877551,0.08669864489772049
86.16071428571428,0.08562789215147468
87.39158163265306,0.08748029285567964
88.62244897959184,0.086075834208766
89.8533163265306,0.08539087930066784
91.08418367346938,0.08445173894152148
92.31505102040816,0.0836104210628311
93.54591836734693,0.08390161762109576
94.77678571428571,0.08257631278304217
96.00765306122449,0.08272088761113115
97.23852040816325,0.08528199905838767
98.46938775510205,0.08713400750762128
99.70025510204081,0.08906348155095699
100.93112244897958,0.09096063968398586
102.16198979591837,0.09250341839154033
103.39285714285714,0.07975397466985873
104.62372448979592,0.08113754137177331
105.8545918367347,0.08139094345976208
107.08545918367346,0.08646204135818387
108.31632653061224,0.0898284053494268
109.54719387755102,0.09351922160221682
110.77806122448979,0.09646527259698554
112.00892857142857,0.09960678057715329
113.23979591836735,0.10185840640538438
114.47066326530611,0.10315625458849925
115.7015306122449,0.1049090730685347
116.93239795918367,0.1039367586866682
118.16326530612244,0.1039367586866682
119.39413265306122,0.1039367586866682
120.625,0.1039367586866682
60.3125,0.08326027104954717
61.54336734693877,0.08325379032849643
62.77423469387755,0.0895252857078517
64.00510204081633,0.08914177260385771
65.2359693877551,0.08876143273618982
66.46683673469387,0.08804781752473545
67.69770408163265,0.0883924149731368
68.92857142857143,0.08836174917476516
70.15943877551021,0.08655432047827112
71.39030612244898,0.08400968060074641
72.62117346938776,0.081478138450178
73.85204081632654,0.07949618040593545
75.0829081632653,0.07814990841455074
76.31377551020408,0.07728788764319292
77.54464285714286,0.07906135575832587
78.77551020408163,0.07616432151856851
80.0063775510204,0.07604696266165092
81.23724489795919,0.07482388035434463
82.46811224489795,0.07487227999567855
83.69897959183673,0.0768118451187866
84.92984693877551,0.07857655380785449
86.16071428571428,0.07869209280443515
87.39158163265306,0.07923309032639152
88.62244897959184,0.07937412753094007
89.8533163265306,0.07863844109344564
91.08418367346938,0.0792074906764911
92.31505102040816,0.07981726299290152
93.54591836734693,0.08105960633295838
94.77678571428571,0.08033898098059683
96.00765306122449,0.08368054511556233
97.23852040816325,0.08161293019619975
98.46938775510205,0.08567899339037872
99.70025510204081,0.08876991730676292
100.93112244897958,0.09187815176642021
102.16198979591837,0.08551076885149006
103.39285714285714,0.08460977494474205
104.62372448979592,0.08938893189510884
105.8545918367347,0.09326815140716913
107.08545918367346,0.09596671367991297
108.31632653061224,0.09919309994804029
109.54719387755102,0.10202026689782241
110.77806122448979,0.10445256604998325
112.00892857142857,0.10644591110160001
113.23979591836735,0.10773670650776844
114.47066326530611,0.10837226962456908
115.7015306122449,0.10909495660007264
116.93239795918367,0.10909495660007264
118.16326530612244,0.10909495660007264
119.39413265306122,0.10909495660007264
120.625,0.10909495660007264
60.3125,0.13569435993968332
61.54336734693877,0.13401067018524193
62.77423469387755,0.13293083505420844
64.00510204081633,0.13261953124391745
65.2359693877551,0.13278571531180197
66.46683673469387,0.1328019886535726
67.69770408163265,0.13195599909117223
68.92857142857143,0.12974396913152686
70.15943877551021,0.1297786961352612
71.39030612244898,0.12938156643759904
72.62117346938776,0.12543028346395116
73.85204081632654,0.12324414591261466
75.0829081632653,0.1211293829260596
76.31377551020408,0.11984944212491519
77.54464285714286,0.11647986253600626
78.77551020408163,0.11670530105340603
80.0063775510204,0.11371523367708737
81.23724489795919,0.11757863671156889
82.46811224489795,0.11576423770869466
83.69897959183673,0.11621165147498855
84.92984693877551,0.11601995345538765
86.16071428571428,0.11530039951921314
87.39158163265306,0.11515118248580296
88.62244897959184,0.11564984747260097
89.8533163265306,0.11652981307369933
91.08418367346938,0.11708277317617309
92.31505102040816,0.11803085561236283
93.54591836734693,0.11914758451701704
94.77678571428571,0.12031979949328639
96.00765306122449,0.11745006711752942
97.23852040816325,0.11871761514056456
98.46938775510205,0.12021620433685987
99.70025510204081,0.12184132916461841
100.93112244897958,0.12334261290503967
102.16198979591837,0.12489918557814103
103.39285714285714,0.12658110870220443
104.62372448979592,0.1280189804856586
105.8545918367347,0.12942479372082807
107.08545918367346,0.13073500388028658
108.31632653061224,0.13196051434195483
109.54719387755102,0.1332198546290386
110.77806122448979,0.1332198546290386
112.00892857142857,0.1332198546290386
113.23979591836735,0.1332198546290386
114.47066326530611,0.1332198546290386
115.7015306122449,0.1332198546290386
116.93239795918367,0.1332198546290386
118.16326530612244,0.1332198546290386
119.39413265306122,0.1332198546290386
120.625,0.1332198546290386
60.3125,0.10302753275125993
61.54336734693877,0.10355385164331819
62.77423469387755,0.10499603659614148
64.00510204081633,0.10167941645939828
65.2359693877551,0.09919344286179158
66.46683673469387,0.09917769197532444
67.69770408163265,0.09891246510470962
68.92857142857143,0.09942754983487365
70.15943877551021,0.09965457496140401
71.39030612244898,0.09931978780653554
72.62117346938776,0.09832643744045576
73.85204081632654,0.09659816436602806
75.0829081632653,0.09998127372542276
76.31377551020408,0.09856481071907877
77.54464285714286,0.09703641935965346
78.77551020408163,0.0941634828181629
80.0063775510204,0.08980435961931844
81.23724489795919,0.08522548642170602
82.46811224489795,0.08372118078564436
83.69897959183673,0.09500307570027385
84.92984693877551,0.0969100723832085
86.16071428571428,0.0938494632204168
87.39158163265306,0.09056724802881733
88.62244897959184,0.0904587294541946
89.8533163265306,0.08877461293216059
91.08418367346938,0.08960708982191251
92.31505102040816,0.07981459562287127
93.54591836734693,0.07632413174721209
94.77678571428571,0.07398503805301246
96.00765306122449,0.07737159127964434
97.23852040816325,0.07385985902163025
98.46938775510205,0.08177690339378635
99.70025510204081,0.08627017073068086
100.93112244897958,0.08870970105712103
102.16198979591837,0.08325548077559072
103.39285714285714,0.08477590515953858
104.62372448979592,0.08964413927486478
105.8545918367347,0.09334955833344781
107.08545918367346,0.09651794497970928
108.31632653061224,0.09957209213472978
109.54719387755102,0.10218388462382853
110.77806122448979,0.10478222187294885
112.00892857142857,0.1068664499988543
113.23979591836735,0.10827152642308828
114.47066326530611,0.10866029082925965
115.7015306122449,0.11201274320799054
116.93239795918367,0.10753138686196492
118.16326530612244,0.10753138686196492
119.39413265306122,0.10753138686196492
120.625,0.10753138686196492
60.3125,0.10709005985450958
61.54336734693877,0.0914034366817849
62.77423469387755,0.07911017178783428
64.00510204081633,0.0775990672180099
65.2359693877551,0.07995879950667123
66.46683673469387,0.07959038075088082
67.69770408163265,0.07894888891291463
68.92857142857143,0.0786858444909683
70.15943877551021,0.07853515924308783
71.39030612244898,0.0755046018657482
72.62117346938776,0.07559872260613144
73.85204081632654,0.07446492127206256
75.0829081632653,0.0742129054657095
76.31377551020408,0.07849046652222734
77.54464285714286,0.08060554061852301
78.77551020408163,0.080509909584523
80.0063775510204,0.078555435565282
81.23724489795919,0.07552357236410752
82.46811224489795,0.07563861808063022
83.69897959183673,0.07399649076846933
84.92984693877551,0.07452466822647508
86.16071428571428,0.07505240820122107
87.39158163265306,0.07295426066083502
88.62244897959184,0.07031585708478187
89.8533163265306,0.06792395572642802
91.08418367346938,0.06752150715450426
92.31505102040816,0.06772410530269511
93.54591836734693,0.06862481680162043
94.77678571428571,0.06963093146182835
96.00765306122449,0.07018213343371074
97.23852040816325,0.07221965175817376
98.46938775510205,0.07605298609064197
99.70025510204081,0.07905295541146191
100.93112244897958,0.08205195085444383
102.16198979591837,0.08474047019252323
103.39285714285714,0.0754486303303155
104.62372448979592,0.07997498644163634
105.8545918367347,0.08447329754618457
107.08545918367346,0.08769752242176965
108.31632653061224,0.09094195126208172
109.54719387755102,0.09355033156866409
110.77806122448979,0.09587674190903853
112.00892857142857,0.09733190293767001
113.23979591836735,0.09746636367287224
114.47066326530611,0.1025691156019374
115.7015306122449,0.09620992563078669
116.93239795918367,0.09620992563078669
118.16326530612244,0.09620992563078669
119.39413265306122,0.09620992563078669
120.625,0.09620992563078669
60.3125,0.06328930771392147
61.54336734693877,0.0629874541240747
62.77423469387755,0.06314876762428384
64.00510204081633,0.06287677715101989
65.2359693877551,0.0623870938187332
66.46683673469387,0.06304508362051248
67.69770408163265,0.0628318855677127
68.92857142857143,0.06378250507961812
70.15943877551021,0.062318071017047505
71.39030612244898,0.06099583236027034
72.62117346938776,0.059800211954958944
73.85204081632654,0.058686115180531795
75.0829081632653,0.05779149066092241
76.31377551020408,0.058535911932701856
77.54464285714286,0.06031761205291521
78.77551020408163,0.05840169721289187
80.0063775510204,0.05827926375379782
81.23724489795919,0.05800874163834394
82.46811224489795,0.05844508159405449
83.69897959183673,0.059181061736632457
84.92984693877551,0.06013964451738851
86.16071428571428,0.057011273356972474
87.39158163265306,0.05833326301717665
88.62244897959184,0.05797749105800527
89.8533163265306,0.057046837433810386
91.08418367346938,0.05702802968679243
92.31505102040816,0.054737316102021844
93.54591836734693,0.055137286076220045
94.77678571428571,0.0557084429957308
96.00765306122449,0.052283849081101216
97.23852040816325,0.05156522259964802
98.46938775510205,0.05204719766217525
99.70025510204081,0.053401914033937514
100.93112244897958,0.053492531126195494
102.16198979591837,0.05467157838961629
103.39285714285714,0.05598589908404859
104.62372448979592,0.05740514888739398
105.8545918367347,0.0561378630344273
107.08545918367346,0.055509330698163425
108.31632653061224,0.057780405087171284
109.54719387755102,0.05986502468133594
110.77806122448979,0.06182530272271172
112.00892857142857,0.0636703817702902
113.23979591836735,0.06551937952393268
114.47066326530611,0.0670895289477216
115.7015306122449,0.06848914574512449
116.93239795918367,0.0692765979507297
118.16326530612244,0.06933903221541886
119.39413265306122,0.06955996878494895
120.625,0.06955996878494895
60.3125,0.05791061624678416
61.54336734693877,0.05699548915271974
62.77423469387755,0.056767442221382865
64.00510204081633,0.05607671463987606
65.2359693877551,0.06352026377248106
66.46683673469387,0.06177477660260826
67.69770408163265,0.05661283010331795
68.92857142857143,0.06278057930770495
70.15943877551021,0.06280430638849738
71.39030612244898,0.0568042823520572
72.62117346938776,0.05542547289275104
73.85204081632654,0.0552159040052664
75.0829081632653,0.05492314131601114
76.31377551020408,0.05528748696933193
77.54464285714286,0.055306076271996914
78.77551020408163,0.0553003588637266
80.0063775510204,0.055195476346321486
81.23724489795919,0.05354136869194497
82.46811224489795,0.052890466285136814
83.69897959183673,0.0531584577499407
84.92984693877551,0.05305588804458599
86.16071428571428,0.05114775485338796
87.39158163265306,0.05235122680264481
88.62244897959184,0.05193693467712966
89.8533163265306,0.051707878069054386
91.08418367346938,0.05171518717351186
92.31505102040816,0.05177434269892207
93.54591836734693,0.0517891851324723
94.77678571428571,0.052266883039236746
96.00765306122449,0.05260068010033228
97.23852040816325,0.053315997815041705
98.46938775510205,0.054344822819786635
99.70025510204081,0.055363170844566545
100.93112244897958,0.05614346784841934
102.16198979591837,0.05737940021364373
103.39285714285714,0.0586546779110711
104.62372448979592,0.06042339845769918
105.8545918367347,0.06160845142871168
107.08545918367346,0.060112823445067735
108.31632653061224,0.06012359633784856
109.54719387755102,0.060043192045283675
110.77806122448979,0.06210578784790804
112.00892857142857,0.06408417771711211
113.23979591836735,0.06594565972263308
114.47066326530611,0.06784346645707084
115.7015306122449,0.06944384266322302
116.93239795918367,0.07095133565440773
118.16326530612244,0.07192763252614752
119.39413265306122,0.07222171202909451
120.625,0.0727995724441822
60.3125,0.07332216962079333
61.54336734693877,0.07379465666040498
62.77423469387755,0.07485702237823331
64.00510204081633,0.07162583762528836
65.2359693877551,0.0725484605205023
66.46683673469387,0.07192353401946916
67.69770408163265,0.07237451764673115
68.92857142857143,0.07212026588348501
70.15943877551021,0.07173694542973605
71.39030612244898,0.07125563705467608
72.62117346938776,0.07074072456144374
73.85204081632654,0.07178087953921289
75.0829081632653,0.06998196431407426
76.31377551020408,0.06961937662807961
77.54464285714286,0.07112662052975138
78.77551020408163,0.06901989328032614
80.0063775510204,0.06782490144919436
81.23724489795919,0.06721796857723145
82.46811224489795,0.06685113632735017
83.69897959183673,0.06764060773695618
84.92984693877551,0.06886905938242927
86.16071428571428,0.06746989265091825
87.39158163265306,0.06883094829682453
88.62244897959184,0.06833857011510724
89.8533163265306,0.06834064244528835
91.08418367346938,0.06983379815528179
92.31505102040816,0.06736337836431375
93.54591836734693,0.06472046255703161
94.77678571428571,0.06319425444503282
96.00765306122449,0.06311373980035263
97.23852040816325,0.06765133013074251
98.46938775510205,0.06709647553858955
99.70025510204081,0.07003859180782826
100.93112244897958,0.07754102949414703
102.16198979591837,0.07804633582468908
103.39285714285714,0.07775975599434573
104.62372448979592,0.08038800759569406
105.8545918367347,0.08275113987688545
107.08545918367346,0.08477706513569522
108.31632653061224,0.08686029532851716
109.54719387755102,0.08862329921416363
110.77806122448979,0.09043788488994746
112.00892857142857,0.09188482383582348
113.23979591836735,0.09242685557024863
114.47066326530611,0.09168069442788267
115.7015306122449,0.09155058278144153
116.93239795918367,0.09049171713238637
118.16326530612244,0.09049171713238637
119.39413265306122,0.09049171713238637
120.625,0.09049171713238637
60.3125,0.12594488724592245
61.54336734693877,0.1259062823628121
62.77423469387755,0.12687059776162685
64.00510204081633,0.11927358018329676
65.2359693877551,0.11831796743025902
66.46683673469387,0.11761629709385077
67.69770408163265,0.1184036988240505
68.92857142857143,0.1176433670247745
70.15943877551021,0.11798771292912029
71.39030612244898,0.11838569458526177
72.62117346938776,0.12179044768349762
73.85204081632654,0.11941184767913296
75.0829081632653,0.1191695449469307
76.31377551020408,0.11885570864981178
77.54464285714286,0.11833599366690228
78.77551020408163,0.11803433302516804
80.0063775510204,0.12077344872945839
81.23724489795919,0.1205981630156452
82.46811224489795,0.11476321865275503
83.69897959183673,0.11396635969686994
84.92984693877551,0.11650122586881675
86.16071428571428,0.1126620301528513
87.39158163265306,0.09879374665984496
88.62244897959184,0.09750393651310794
89.8533163265306,0.09626716023928392
91.08418367346938,0.09733541196257826
92.31505102040816,0.10130594345652749
93.54591836734693,0.1013093206490937
94.77678571428571,0.10715123802859836
96.00765306122449,0.11143566935653361
97.23852040816325,0.1157117381881331
98.46938775510205,0.09847892080283867
99.70025510204081,0.10832099434421828
100.93112244897958,0.11679710127725712
102.16198979591837,0.12222526153121582
103.39285714285714,0.12731266138701713
104.62372448979592,0.13108397921900738
105.8545918367347,0.13434109782364567
107.08545918367346,0.13628292775776962
108.31632653061224,0.1370830396063504
109.54719387755102,0.1375427179946497
110.77806122448979,0.1375427179946497
112.00892857142857,0.1375427179946497
113.23979591836735,0.1375427179946497
114.47066326530611,0.1375427179946497
115.7015306122449,0.1375427179946497
116.93239795918367,0.1375427179946497
118.16326530612244,0.1375427179946497
119.39413265306122,0.1375427179946497
120.625,0.1375427179946497
60.3125,0.09642588509443872
61.54336734693877,0.09613297154181157
62.77423469387755,0.0961323504790216
64.00510204081633,0.09524909001925137
65.2359693877551,0.09465325151761542
66.46683673469387,0.09406841337739463
67.69770408163265,0.09351255480962348
68.92857142857143,0.09286998488876255
70.15943877551021,0.09545621607836494
71.39030612244898,0.09451367752752841
72.62117346938776,0.09408624918963143
73.85204081632654,0.09370664199634011
75.0829081632653,0.08914444833212935
76.31377551020408,0.08828754927556798
77.54464285714286,0.08730178040818788
78.77551020408163,0.0874996096429665
80.0063775510204,0.0885510006104443
81.23724489795919,0.08780510416698344
82.46811224489795,0.0879550486829542
83.69897959183673,0.0882919555813116
84.92984693877551,0.08769505278577565
86.16071428571428,0.08869314086092239
87.39158163265306,0.08980789081437313
88.62244897959184,0.0910183278632994
89.8533163265306,0.09008550993617064
91.08418367346938,0.08952517336594247
92.31505102040816,0.09203685556778464
93.54591836734693,0.0934875582500026
94.77678571428571,0.0960680047271674
96.00765306122449,0.09879504514909777
97.23852040816325,0.10119894484574561
98.46938775510205,0.09233348220595321
99.70025510204081,0.09569242701684325
100.93112244897958,0.10091860840220494
102.16198979591837,0.1060741076857225
103.39285714285714,0.11002101459170102
104.62372448979592,0.11370060750787578
105.8545918367347,0.1167231886875719
107.08545918367346,0.11912360350001885
108.31632653061224,0.12038361969075555
109.54719387755102,0.1204408031643702
110.77806122448979,0.1201582952304675
112.00892857142857,0.12007517311160126
113.23979591836735,0.12007517311160126
114.47066326530611,0.12007517311160126
115.7015306122449,0.12007517311160126
116.93239795918367,0.12007517311160126
118.16326530612244,0.12007517311160126
119.39413265306122,0.12007517311160126
120.625,0.12007517311160126
60.3125,0.07789321204253288
61.54336734693877,0.07541095261837588
62.77423469387755,0.07570927264142348
64.00510204081633,0.0769615665007413
65.2359693877551,0.07774121869359994
66.46683673469387,0.077659553642772
67.69770408163265,0.07744902328549194
68.92857142857143,0.07700652427717407
70.15943877551021,0.0740484985629224
71.39030612244898,0.07424919415070798
72.62117346938776,0.07392639398861413
73.85204081632654,0.07382760125408952
75.0829081632653,0.0734238398676781
76.31377551020408,0.07390178286876113
77.54464285714286,0.07415326876543077
78.77551020408163,0.07402598762039088
80.0063775510204,0.07159521641801951
81.23724489795919,0.0738543605097016
82.46811224489795,0.07165525140969127
83.69897959183673,0.07239747603245973
84.92984693877551,0.07503967738515845
86.16071428571428,0.07619340768296679
87.39158163265306,0.07526885783511288
88.62244897959184,0.0761679908383921
89.8533163265306,0.0765018933706075
91.08418367346938,0.076387071578201
92.31505102040816,0.07657014748762782
93.54591836734693,0.07581453568966562
94.77678571428571,0.07525783042299597
96.00765306122449,0.07410648319450769
97.23852040816325,0.07886382519332868
98.46938775510205,0.07646122947912844
99.70025510204081,0.07631749090190255
100.93112244897958,0.0766720075691753
102.16198979591837,0.07722704645135742
103.39285714285714,0.07790824154157786
104.62372448979592,0.0740734757109129
105.8545918367347,0.0728610867888514
107.08545918367346,0.07408917053153709
108.31632653061224,0.07578194375711876
109.54719387755102,0.07721890072370784
110.77806122448979,0.0787765590012834
112.00892857142857,0.08036009653245411
113.23979591836735,0.081725026828791
114.47066326530611,0.08301778115727049
115.7015306122449,0.08401570283984967
116.93239795918367,0.08458880033418494
118.16326530612244,0.08560174702069782
119.39413265306122,0.08560174702069782
120.625,0.08560174702069782
60.3125,0.06351525797514777
61.54336734693877,0.0615219490192202
62.77423469387755,0.060208607165335847
64.00510204081633,0.05663753250472916
65.2359693877551,0.05832755202227561
66.46683673469387,0.05851264097857179
67.69770408163265,0.05773697015054484
68.92857142857143,0.05836751918655797
70.15943877551021,0.05541676007121245
71.39030612244898,0.05465095196370886
72.62117346938776,0.054797059195759085
73.85204081632654,0.05309140110063268
75.0829081632653,0.05283978445773935
76.31377551020408,0.05276722241990354
77.54464285714286,0.05285549975165717
78.77551020408163,0.05295835090852824
80.0063775510204,0.053164049392170926
81.23724489795919,0.052404814564431274
82.46811224489795,0.05273821970897831
83.69897959183673,0.05394438260899647
84.92984693877551,0.05383003490179887
86.16071428571428,0.05389681326744557
87.39158163265306,0.054007898854276724
88.62244897959184,0.054683645112110206
89.8533163265306,0.055440745303838815
91.08418367346938,0.055532581208325334
92.31505102040816,0.05523727395725483
93.54591836734693,0.056989631578576116
94.77678571428571,0.05476766018292259
96.00765306122449,0.054784659839376665
97.23852040816325,0.053831025064127985
98.46938775510205,0.054192045900090566
99.70025510204081,0.05474039610150717
100.93112244897958,0.05674180154097477
102.16198979591837,0.05914599941197456
103.39285714285714,0.06156791895849262
104.62372448979592,0.06232427951463851
105.8545918367347,0.06124594241585627
107.08545918367346,0.06395917009156399
108.31632653061224,0.06467157688532973
109.54719387755102,0.0673550903116347
110.77806122448979,0.06942592361178992
112.00892857142857,0.07177637970247756
113.23979591836735,0.07354844074755336
114.47066326530611,0.07569426369517929
115.7015306122449,0.07749449286906525
116.93239795918367,0.07892167887328054
118.16326530612244,0.07975872007868842
119.39413265306122,0.07992510546026231
120.625,0.0792908081685429
60.3125,0.0939287236036609
61.54336734693877,0.09505260500682905
62.77423469387755,0.0967298760992547
64.00510204081633,0.09510348854325401
65.2359693877551,0.09527585785528629
66.46683673469387,0.09363791432666821
67.69770408163265,0.09454663009337363
68.92857142857143,0.09404358835252286
70.15943877551021,0.09303303942468716
71.39030612244898,0.09168420129425497
72.62117346938776,0.09046675584777596
73.85204081632654,0.08796758722824917
75.0829081632653,0.08881071788151043
76.31377551020408,0.08598751905953639
77.54464285714286,0.08779690937187513
78.77551020408163,0.08875312421176358
80.0063775510204,0.08984018457242464
81.23724489795919,0.09302920507307422
82.46811224489795,0.09344148647429923
83.69897959183673,0.09353672040726457
84.92984693877551,0.09390945112189988
86.16071428571428,0.09529925652259581
87.39158163265306,0.0976065445937652
88.62244897959184,0.094518600211804
89.8533163265306,0.09396699263111563
91.08418367346938,0.0925868584519047
92.31505102040816,0.09034066423546673
93.54591836734693,0.091880175295875
94.77678571428571,0.08973232672253054
96.00765306122449,0.09357927952547988
97.23852040816325,0.09739256331224086
98.46938775510205,0.10102828518934341
99.70025510204081,0.08958756575484982
100.93112244897958,0.09414440756029835
102.16198979591837,0.09589005692469475
103.39285714285714,0.101187043119083
104.62372448979592,0.1049005719757258
105.8545918367347,0.10890680501346078
107.08545918367346,0.11191733454693785
108.31632653061224,0.11477950465060477
109.54719387755102,0.11680587421864408
110.77806122448979,0.12100753982148153
112.00892857142857,0.11877478203459495
113.23979591836735,0.11877478203459495
114.47066326530611,0.11877478203459495
115.7015306122449,0.11877478203459495
116.93239795918367,0.11877478203459495
118.16326530612244,0.11877478203459495
119.39413265306122,0.11877478203459495
120.625,0.11877478203459495
60.3125,0.09405972687175747
61.54336734693877,0.08977974805158992
62.77423469387755,0.08731255447439834
64.00510204081633,0.08695792124315176
65.2359693877551,0.08607750204291925
66.46683673469387,0.08228781934212889
67.69770408163265,0.07900581386354606
68.92857142857143,0.07865672267445963
70.15943877551021,0.07864454999424847
71.39030612244898,0.08148072311769654
72.62117346938776,0.07722911401072988
73.85204081632654,0.07751561402933772
75.0829081632653,0.07443617061493099
76.31377551020408,0.07806942355746672
77.54464285714286,0.07345317662504525
78.77551020408163,0.07544119547651496
80.0063775510204,0.0744062097191893
81.23724489795919,0.07117126693143358
82.46811224489795,0.07103223936861142
83.69897959183673,0.07091830344514466
84.92984693877551,0.07122530593166441
86.16071428571428,0.07214830243436392
87.39158163265306,0.07248045558539365
88.62244897959184,0.07146316812211143
89.8533163265306,0.07610559738239546
91.08418367346938,0.07269601498426717
92.31505102040816,0.07409782252497955
93.54591836734693,0.07261649996004928
94.77678571428571,0.07074463901615091
96.00765306122449,0.06985956973423162
97.23852040816325,0.07007139801772154
98.46938775510205,0.07341568170462795
99.70025510204081,0.06719213276286198
100.93112244897958,0.07174832790602742
102.16198979591837,0.0754448920546897
103.39285714285714,0.07928819251480541
104.62372448979592,0.06869314858166206
105.8545918367347,0.07123823451055596
107.08545918367346,0.0769293683471836
108.31632653061224,0.08256956121340057
109.54719387755102,0.08681451624406272
110.77806122448979,0.09100094113265339
112.00892857142857,0.09426345325768663
113.23979591836735,0.09751646820255863
114.47066326530611,0.09962595026019652
115.7015306122449,0.10059248833979954
116.93239795918367,0.10590670260556079
118.16326530612244,0.10082801661732024
119.39413265306122,0.10082801661732024
120.625,0.10082801661732024
60.3125,0.0961331404532565
61.54336734693877,0.09423287296387471
62.77423469387755,0.09408661224915296
64.00510204081633,0.09314480103301687
65.2359693877551,0.09314811528490477
66.46683673469387,0.09310574689326459
67.69770408163265,0.092869719832325
68.92857142857143,0.09238626005894493
70.15943877551021,0.09165687396909175
71.39030612244898,0.09046102515731168
72.62117346938776,0.09019164297799599
73.85204081632654,0.09002011910843094
75.0829081632653,0.08879596416781288
76.31377551020408,0.08735768779208346
77.54464285714286,0.08222746547453753
78.77551020408163,0.08366384269740387
80.0063775510204,0.08155458624590502
81.23724489795919,0.0789811042546878
82.46811224489795,0.07512737379452084
83.69897959183673,0.07447372736447774
84.92984693877551,0.07419964812499204
86.16071428571428,0.07358686564663326
87.39158163265306,0.07590138233036334
88.62244897959184,0.07601798175792578
89.8533163265306,0.07479902673349142
91.08418367346938,0.07452858763976504
92.31505102040816,0.0785442244803615
93.54591836734693,0.07893170336213094
94.77678571428571,0.07965542441447632
96.00765306122449,0.08121798477985391
97.23852040816325,0.08247434509696078
98.46938775510205,0.08514022467808811
99.70025510204081,0.08754005286118895
100.93112244897958,0.0846092873878351
102.16198979591837,0.08750498722412335
103.39285714285714,0.08864546881356013
104.62372448979592,0.09074024658975906
105.8545918367347,0.09293274340341616
107.08545918367346,0.09476890649112904
108.31632653061224,0.09680707504222501
109.54719387755102,0.09866832763877018
110.77806122448979,0.10016694227527217
112.00892857142857,0.1015699119673896
113.23979591836735,0.10252836454476126
114.47066326530611,0.1031637683738219
115.7015306122449,0.10749358318837704
116.93239795918367,0.1041927251811884
118.16326530612244,0.1041927251811884
119.39413265306122,0.1041927251811884
120.625,0.1041927251811884
60.3125,0.0759374215825851
61.54336734693877,0.0749063318362293
62.77423469387755,0.07459898128631638
64.00510204081633,0.07454751761866957
65.2359693877551,0.07347450926880568
66.46683673469387,0.07076185960763293
67.69770408163265,0.0693798895760792
68.92857142857143,0.06986788214119684
70.15943877551021,0.0700632260439504
71.39030612244898,0.06808142901420697
72.62117346938776,0.06736875740979655
73.85204081632654,0.0674946483278445
75.0829081632653,0.06758582873578334
76.31377551020408,0.0676337559957396
77.54464285714286,0.06765747569296712
78.77551020408163,0.06757753970376598
80.0063775510204,0.06759480450238403
81.23724489795919,0.07183638970729998
82.46811224489795,0.07105084989760216
83.69897959183673,0.07238658213663922
84.92984693877551,0.07297820051641503
86.16071428571428,0.0732454774079716
87.39158163265306,0.072362566829691
88.62244897959184,0.07171168415182433
89.8533163265306,0.07113514675202588
91.08418367346938,0.06998530293456819
92.31505102040816,0.0719924692418809
93.54591836734693,0.07167492924218741
94.77678571428571,0.07115174144205208
96.00765306122449,0.07289108470830238
97.23852040816325,0.07134730066921817
98.46938775510205,0.07024489849901165
99.70025510204081,0.07016300676918819
100.93112244897958,0.07087578476532494
102.16198979591837,0.07190365832377947
103.39285714285714,0.07659418390213306
104.62372448979592,0.07575269455220546
105.8545918367347,0.07780998969494314
107.08545918367346,0.07935543449526779
108.31632653061224,0.08070088911967503
109.54719387755102,0.08240462580745922
110.77806122448979,0.08381210068853348
112.00892857142857,0.08522301130149172
113.23979591836735,0.08643868635105191
114.47066326530611,0.08715166538957966
115.7015306122449,0.08640210102557014
116.93239795918367,0.08569401190475812
118.16326530612244,0.08429586965135959
119.39413265306122,0.08429586965135959
120.625,0.08429586965135959
60.3125,0.07036538989097012
61.54336734693877,0.07036630315076785
62.77423469387755,0.06302458458617806
64.00510204081633,0.06355601660347987
65.2359693877551,0.06472095568035129
66.46683673469387,0.06280281663686943
67.69770408163265,0.06177206682076137
68.92857142857143,0.06199185690078447
70.15943877551021,0.062165946656540474
71.39030612244898,0.06119054695717808
72.62117346938776,0.05996999569771027
73.85204081632654,0.05896812324134833
75.0829081632653,0.0586737339281792
76.31377551020408,0.05817314931353989
77.54464285714286,0.05745468568793552
78.77551020408163,0.05750273171633434
80.0063775510204,0.05823474022921279
81.23724489795919,0.05764408514442549
82.46811224489795,0.05705556482768302
83.69897959183673,0.0623029618040921
84.92984693877551,0.06109880956699871
86.16071428571428,0.06176374594903966
87.39158163265306,0.059858571305731564
88.62244897959184,0.060865215481347296
89.8533163265306,0.0602851000164372
91.08418367346938,0.060644339719905724
92.31505102040816,0.06026888028525145
93.54591836734693,0.06007286609506785
94.77678571428571,0.061301792363757435
96.00765306122449,0.06081709626690213
97.23852040816325,0.061804739804887016
98.46938775510205,0.06310948203605635
99.70025510204081,0.06486469595098716
100.93112244897958,0.06700702391655354
102.16198979591837,0.06894832902163492
103.39285714285714,0.06821890697159774
104.62372448979592,0.07081775377293531
105.8545918367347,0.06853553909822634
107.08545918367346,0.07115669234296301
108.31632653061224,0.0733926591598028
109.54719387755102,0.075231821282655
110.77806122448979,0.07724197263002286
112.00892857142857,0.07899463778922579
113.23979591836735,0.08040583947931051
114.47066326530611,0.081637294261111
115.7015306122449,0.08236230842532509
116.93239795918367,0.0825792275480535
118.16326530612244,0.08242071725761463
119.39413265306122,0.08424337521414672
120.625,0.08216446389571526
60.3125,0.07659494234496685
61.54336734693877,0.07241547181821346
62.77423469387755,0.07190886379338975
64.00510204081633,0.07096958895131614
65.2359693877551,0.07030644087007909
66.46683673469387,0.07019519168889998
67.69770408163265,0.06982112343331509
68.92857142857143,0.07127854398414027
70.15943877551021,0.07145046834813219
71.39030612244898,0.07301408709817757
72.62117346938776,0.0737496343752516
73.85204081632654,0.07296718855434328
75.0829081632653,0.07370021190710398
76.31377551020408,0.07306504140757694
77.54464285714286,0.07190463455558067
78.77551020408163,0.07166935128539632
80.0063775510204,0.070979028754562
81.23724489795919,0.07040088934114909
82.46811224489795,0.06993966307757399
83.69897959183673,0.0695094105031785
84.92984693877551,0.06939016154937436
86.16071428571428,0.07077813639379987
87.39158163265306,0.06928673984075982
88.62244897959184,0.0689450796428939
89.8533163265306,0.06895890347316998
91.08418367346938,0.06892149616118455
92.31505102040816,0.06737372521813523
93.54591836734693,0.06796898552749184
94.77678571428571,0.0658767195114126
96.00765306122449,0.06995633017870284
97.23852040816325,0.0676749529262244
98.46938775510205,0.06654163529182924
99.70025510204081,0.06719932657246826
100.93112244897958,0.06821898144479124
102.16198979591837,0.07023335685056126
103.39285714285714,0.06416954936919474
104.62372448979592,0.06425841591621523
105.8545918367347,0.06611529447334938
107.08545918367346,0.06878472817475438
108.31632653061224,0.07143380189674692
109.54719387755102,0.07379104994627339
110.77806122448979,0.07611954747127804
112.00892857142857,0.07808304259163691
113.23979591836735,0.08007126590924543
114.47066326530611,0.08161243848296725
115.7015306122449,0.08256160607679564
116.93239795918367,0.08252183926854688
118.16326530612244,0.08269297069619658
119.39413265306122,0.0817225365245809
120.625,0.0817225365245809
60.3125,0.099479038459528
61.54336734693877,0.09771459427909218
62.77423469387755,0.09679648532257429
64.00510204081633,0.09794334035874586
65.2359693877551,0.1003515729520266
66.46683673469387,0.10108589213477188
67.69770408163265,0.100928412479209
68.92857142857143,0.0997733798656457
70.15943877551021,0.09984959278069729
71.39030612244898,0.09971454761909754
72.62117346938776,0.09953546287249733
73.85204081632654,0.09983835588674456
75.0829081632653,0.09987279777795695
76.31377551020408,0.09933861353157915
77.54464285714286,0.10427973082754559
78.77551020408163,0.10475301672858653
80.0063775510204,0.10281375206189883
81.23724489795919,0.10197372856231901
82.46811224489795,0.09905177101654514
83.69897959183673,0.09779984071534258
84.92984693877551,0.09625734192543553
86.16071428571428,0.09501488748514546
87.39158163265306,0.09492113997278093
88.62244897959184,0.0970608347231506
89.8533163265306,0.09504034504645371
91.08418367346938,0.09503785036530658
92.31505102040816,0.09265155170431737
93.54591836734693,0.0917179796780753
94.77678571428571,0.0919948328175647
96.00765306122449,0.0953236511834841
97.23852040816325,0.09157633488049483
98.46938775510205,0.09528905576342836
99.70025510204081,0.09803360222383886
100.93112244897958,0.10090152251812096
102.16198979591837,0.1032784256993799
103.39285714285714,0.09205986317700826
104.62372448979592,0.08972155957013901
105.8545918367347,0.09290338299638898
107.08545918367346,0.09913893114432902
108.31632653061224,0.10336762481058236
109.54719387755102,0.10764681205504724
110.77806122448979,0.11122255730898681
112.00892857142857,0.11453714445100169
113.23979591836735,0.11681949137525163
114.47066326530611,0.11679087332685531
115.7015306122449,0.11792056554650739
116.93239795918367,0.11573620457895833
118.16326530612244,0.11573620457895833
119.39413265306122,0.11573620457895833
120.625,0.11573620457895833
60.3125,0.06815684136178249
61.54336734693877,0.06663561056431326
62.77423469387755,0.06675435135963023
64.00510204081633,0.06763582328445401
65.2359693877551,0.06937656135581621
66.46683673469387,0.06919760099321486
67.69770408163265,0.06838021274827774
68.92857142857143,0.06833670506657928
70.15943877551021,0.06995630880761314
71.39030612244898,0.06942541455529777
72.62117346938776,0.0689962225681608
73.85204081632654,0.06757654812932919
75.0829081632653,0.06526638315767239
76.31377551020408,0.06350068738129652
77.54464285714286,0.061239232645436056
78.77551020408163,0.060986580790220526
80.0063775510204,0.06067313611049863
81.23724489795919,0.060700329953271216
82.46811224489795,0.060440335163945515
83.69897959183673,0.06054731701338871
84.92984693877551,0.0613041094962135
86.16071428571428,0.05928571889537243
87.39158163265306,0.06120297164291714
88.62244897959184,0.06148240385082704
89.8533163265306,0.062442572221809683
91.08418367346938,0.06346130210550902
92.31505102040816,0.06342701750157657
93.54591836734693,0.06330840985718561
94.77678571428571,0.06240731472285306
96.00765306122449,0.0624771831730382
97.23852040816325,0.06463694361696837
98.46938775510205,0.06806513728585742
99.70025510204081,0.06582518557758567
100.93112244897958,0.06932680683154108
102.16198979591837,0.07154225771347282
103.39285714285714,0.0717136519021124
104.62372448979592,0.07239427046474155
105.8545918367347,0.07270916281812402
107.08545918367346,0.07503560988237896
108.31632653061224,0.07750660880403415
109.54719387755102,0.07946283518864554
110.77806122448979,0.08147983151154699
112.00892857142857,0.08351292965719767
113.23979591836735,0.0851275568178347
114.47066326530611,0.0867494279555912
115.7015306122449,0.08785135713264396
116.93239795918367,0.08852231141325351
118.16326530612244,0.09229031657605205
119.39413265306122,0.08969573336637816
120.625,0.08969573336637816
60.3125,0.0906574189838634
61.54336734693877,0.09064182754551701
62.77423469387755,0.09233617248893045
64.00510204081633,0.0925243763719866
65.2359693877551,0.07343594803553835
66.46683673469387,0.07340228569704187
67.69770408163265,0.07337708961293764
68.92857142857143,0.07257485965658675
70.15943877551021,0.07251921571124992
71.39030612244898,0.07253969431331742
72.62117346938776,0.07255861156179404
73.85204081632654,0.07329584190744921
75.0829081632653,0.07321312633372631
76.31377551020408,0.07338673966086187
77.54464285714286,0.07595927764080887
78.77551020408163,0.07462646329111025
80.0063775510204,0.07490525980971553
81.23724489795919,0.07433185697632565
82.46811224489795,0.07319850992714588
83.69897959183673,0.07309490424005671
84.92984693877551,0.07127300861840953
86.16071428571428,0.07097894810630342
87.39158163265306,0.07213468469585455
88.62244897959184,0.07218961771042877
89.8533163265306,0.0722592017431465
91.08418367346938,0.07240685355705934
92.31505102040816,0.0712202473906785
93.54591836734693,0.07117014754706912
94.77678571428571,0.07100662296223334
96.00765306122449,0.07361180301158418
97.23852040816325,0.07587392742509806
98.46938775510205,0.07539616077728739
99.70025510204081,0.0787694827330443
100.93112244897958,0.08111288097520705
102.16198979591837,0.08339991833094018
103.39285714285714,0.0857646247599683
104.62372448979592,0.08064695324758166
105.8545918367347,0.08351738744113235
107.08545918367346,0.08686640637496343
108.31632653061224,0.08986825538306578
109.54719387755102,0.09262457495040674
110.77806122448979,0.09535075686796332
112.00892857142857,0.09769159596199149
113.23979591836735,0.10001337167039323
114.47066326530611,0.10191160286811735
115.7015306122449,0.10290801607193618
116.93239795918367,0.10403434098107041
118.16326530612244,0.10369124264965203
119.39413265306122,0.10369124264965203
120.625,0.10369124264965203
60.3125,0.09870246092706679
61.54336734693877,0.09444055912553309
62.77423469387755,0.09780726241847117
64.00510204081633,0.09425970360588257
65.2359693877551,0.09473680553130309
66.46683673469387,0.09469412281728144
67.69770408163265,0.094351681444736
68.92857142857143,0.0934853274172051
70.15943877551021,0.09187129812841408
71.39030612244898,0.08963473636718461
72.62117346938776,0.08735472353766863
73.85204081632654,0.08636431307927593
75.0829081632653,0.08343849342828119
76.31377551020408,0.08398845090581501
77.54464285714286,0.08409843596943181
78.77551020408163,0.07916778027828979
80.0063775510204,0.07910359353777238
81.23724489795919,0.0801196027351105
82.46811224489795,0.08348541025074227
83.69897959183673,0.08197224205201054
84.92984693877551,0.07970104125721529
86.16071428571428,0.07955829944822326
87.39158163265306,0.08019051155634202
88.62244897959184,0.07950957175666656
89.8533163265306,0.07968554825654592
91.08418367346938,0.07916764213525113
92.31505102040816,0.07774556990897122
93.54591836734693,0.07731162025131288
94.77678571428571,0.07751442997824018
96.00765306122449,0.07732115810929621
97.23852040816325,0.07813624205743054
98.46938775510205,0.07927176768463884
99.70025510204081,0.08027778913967581
100.93112244897958,0.07618618607731355
102.16198979591837,0.07522290308918501
103.39285714285714,0.07754230661839476
104.62372448979592,0.08025290327454598
105.8545918367347,0.08312460448154249
107.08545918367346,0.08554376587746766
108.31632653061224,0.08828794427183988
109.54719387755102,0.09049741524886315
110.77806122448979,0.09272156849599615
112.00892857142857,0.09475000051374614
113.23979591836735,0.09634687623561856
114.47066326530611,0.09721489528605567
115.7015306122449,0.09740896749210953
116.93239795918367,0.09740896749210953
118.16326530612244,0.09740896749210953
119.39413265306122,0.09740896749210953
120.625,0.09740896749210953
60.3125,0.09660534859509733
61.54336734693877,0.0964738351555741
62.77423469387755,0.09745761002708231
64.00510204081633,0.09342651235122129
65.2359693877551,0.0943627952112021
66.46683673469387,0.09321886382373978
67.69770408163265,0.09214466267292391
68.92857142857143,0.09128305363580679
70.15943877551021,0.09051927023652055
71.39030612244898,0.08974755168314397
72.62117346938776,0.08894025850188197
73.85204081632654,0.08844410315056954
75.0829081632653,0.08865380306774061
76.31377551020408,0.08702502477521058
77.54464285714286,0.09560115276997237
78.77551020408163,0.0935772130167023
80.0063775510204,0.09249087073458181
81.23724489795919,0.09020727588568463
82.46811224489795,0.08827073796598905
83.69897959183673,0.08676038432765726
84.92984693877551,0.08588239775458151
86.16071428571428,0.08573055987030384
87.39158163265306,0.0853469033721224
88.62244897959184,0.08587709761231911
89.8533163265306,0.08515060922004593
91.08418367346938,0.08328377609558905
92.31505102040816,0.08441881970511113
93.54591836734693,0.0847678534235689
94.77678571428571,0.08492541961512637
96.00765306122449,0.08548703746434587
97.23852040816325,0.08373863541077219
98.46938775510205,0.08703181140620436
99.70025510204081,0.08949056528492003
100.93112244897958,0.091665818129176
102.16198979591837,0.09377393871958054
103.39285714285714,0.09582112663469446
104.62372448979592,0.08494546088964905
105.8545918367347,0.08557174283250675
107.08545918367346,0.0889314220093643
108.31632653061224,0.09257529570037296
109.54719387755102,0.09570877971842505
110.77806122448979,0.09851563021185267
112.00892857142857,0.10121686475805212
113.23979591836735,0.10346616664000423
114.47066326530611,0.10557277518674799
115.7015306122449,0.10704334271455158
116.93239795918367,0.10781901117003394
118.16326530612244,0.11157335963972516
119.39413265306122,0.1079673729207033
120.625,0.1079673729207033
60.3125,0.07588922004201873
61.54336734693877,0.07624946288261875
62.77423469387755,0.07620119243675716
64.00510204081633,0.07629578376426113
65.2359693877551,0.07476975365569259
66.46683673469387,0.07501390803125435
67.69770408163265,0.07458267052355426
68.92857142857143,0.07177290885820856
70.15943877551021,0.07160508149615752
71.39030612244898,0.0724467501195457
72.62117346938776,0.07156484988953912
73.85204081632654,0.07172086757799201
75.0829081632653,0.07189408239201789
76.31377551020408,0.07285334378131594
77.54464285714286,0.07274682302651361
78.77551020408163,0.07245347562280165
80.0063775510204,0.07209447191456425
81.23724489795919,0.071736614588348
82.46811224489795,0.07226931686990581
83.69897959183673,0.07178025860524455
84.92984693877551,0.07226074446794162
86.16071428571428,0.07043795281747534
87.39158163265306,0.06996305572212828
88.62244897959184,0.06922064513045319
89.8533163265306,0.06897310906515888
91.08418367346938,0.0657651700861174
92.31505102040816,0.06578225833642054
93.54591836734693,0.06622667302792257
94.77678571428571,0.0671433196656546
96.00765306122449,0.06631250594602156
97.23852040816325,0.06686992452884055
98.46938775510205,0.06828832920291517
99.70025510204081,0.06773478220988734
100.93112244897958,0.06898410542256715
102.16198979591837,0.07308422052563415
103.39285714285714,0.07639828990636487
104.62372448979592,0.07964329736432445
105.8545918367347,0.0827571813985014
107.08545918367346,0.07043719013042603
108.31632653061224,0.07428359040707093
109.54719387755102,0.07975694898581985
110.77806122448979,0.08438105540386112
112.00892857142857,0.08818146141154094
113.23979591836735,0.09173821562023332
114.47066326530611,0.09478070873801689
115.7015306122449,0.09724452328232999
116.93239795918367,0.09855612358494263
118.16326530612244,0.09849739600259905
119.39413265306122,0.09861481857721129
120.625,0.09799241922626727
60.3125,0.11226860287066152
61.54336734693877,0.11180494600413808
62.77423469387755,0.10650765990022491
64.00510204081633,0.10521916609703084
65.2359693877551,0.10489576860085774
66.46683673469387,0.10440522444501314
67.69770408163265,0.10354934794326538
68.92857142857143,0.10235377087327559
70.15943877551021,0.10105740481910629
71.39030612244898,0.09962572594994101
72.62117346938776,0.09828446801049119
73.85204081632654,0.1026622837939067
75.0829081632653,0.09911189881710533
76.31377551020408,0.09666911271299351
77.54464285714286,0.0947276788201567
78.77551020408163,0.09299790165945596
80.0063775510204,0.09196427002153063
81.23724489795919,0.09240824712906436
82.46811224489795,0.09002664694626308
83.69897959183673,0.09123269921510802
84.92984693877551,0.08936684166003243
86.16071428571428,0.08939388863919172
87.39158163265306,0.08706059951707516
88.62244897959184,0.08824086532821694
89.8533163265306,0.08687631923292763
91.08418367346938,0.08705283312486202
92.31505102040816,0.08753835283960981
93.54591836734693,0.08833820596274562
94.77678571428571,0.09508276787823199
96.00765306122449,0.09143097680366327
97.23852040816325,0.09724461058152817
98.46938775510205,0.10208528267272333
99.70025510204081,0.09019014235481893
100.93112244897958,0.0964365933573111
102.16198979591837,0.10197414209550501
103.39285714285714,0.10663414045747319
104.62372448979592,0.110659925555318
105.8545918367347,0.11417296012812192
107.08545918367346,0.11749639661766502
108.31632653061224,0.12006850667230665
109.54719387755102,0.12236723394282371
110.77806122448979,0.12400929863569554
112.00892857142857,0.11521607936682687
113.23979591836735,0.125825399184139
114.47066326530611,0.125825399184139
115.7015306122449,0.125825399184139
116.93239795918367,0.125825399184139
118.16326530612244,0.125825399184139
119.39413265306122,0.125825399184139
120.625,0.125825399184139
60.3125,0.06307664156189012
61.54336734693877,0.06053223306204105
62.77423469387755,0.060730786098406056
64.00510204081633,0.06070196443791737
65.2359693877551,0.061254600682753985
66.46683673469387,0.0610409323446509
67.69770408163265,0.061357339857898326
68.92857142857143,0.06126075545074708
70.15943877551021,0.06010197422682796
71.39030612244898,0.060230835525601684
72.62117346938776,0.05994041245844439
73.85204081632654,0.060620159414350616
75.0829081632653,0.06061935157462681
76.31377551020408,0.06061872828980031
77.54464285714286,0.060489292166915246
78.77551020408163,0.06151823510010411
80.0063775510204,0.061251995844512415
81.23724489795919,0.06118280348457114
82.46811224489795,0.05752332666749296
83.69897959183673,0.05718214112823808
84.92984693877551,0.05758230408539778
86.16071428571428,0.056600298888793275
87.39158163265306,0.05402818604761485
88.62244897959184,0.05297876592960115
89.8533163265306,0.05324824902005991
91.08418367346938,0.05335299361893964
92.31505102040816,0.05402071431844589
93.54591836734693,0.053938216988351134
94.77678571428571,0.05268670583995766
96.00765306122449,0.05004471685011107
97.23852040816325,0.0495567425835153
98.46938775510205,0.04904176121477128
99.70025510204081,0.0487971363034986
100.93112244897958,0.052950653273918596
102.16198979591837,0.052526233077297056
103.39285714285714,0.05597130205627792
104.62372448979592,0.058673597253069115
105.8545918367347,0.06159069573468463
107.08545918367346,0.05368004235969687
108.31632653061224,0.054897970422861146
109.54719387755102,0.05965001669639844
110.77806122448979,0.063939261086647
112.00892857142857,0.06757987629723654
113.23979591836735,0.07079178932549543
114.47066326530611,0.07388004300042511
115.7015306122449,0.07647060360209555
116.93239795918367,0.07889631801803032
118.16326530612244,0.08068336568496326
119.39413265306122,0.08148283655392208
120.625,0.08185031317613324
60.3125,0.14995750524443957
61.54336734693877,0.14995735693628717
62.77423469387755,0.14331846887956767
64.00510204081633,0.13720449998183987
65.2359693877551,0.13286043252215246
66.46683673469387,0.13117664509842722
67.69770408163265,0.12841279719362073
68.92857142857143,0.12528256930600715
70.15943877551021,0.12107291365416586
71.39030612244898,0.12314826014399535
72.62117346938776,0.12506572748450415
73.85204081632654,0.12034444526541785
75.0829081632653,0.11870298640021318
76.31377551020408,0.11728473565510707
77.54464285714286,0.11833618926913848
78.77551020408163,0.11535242594901458
80.0063775510204,0.11417157503250305
81.23724489795919,0.11345217154004485
82.46811224489795,0.11580152979604365
83.69897959183673,0.11582712333829603
84.92984693877551,0.11365703759190364
86.16071428571428,0.11485392489151251
87.39158163265306,0.11285462475147699
88.62244897959184,0.11364291809429145
89.8533163265306,0.11813184110260433
91.08418367346938,0.11499485223115652
92.31505102040816,0.11955526680833657
93.54591836734693,0.12345345676167498
94.77678571428571,0.12708972528173515
96.00765306122449,0.1142665518120983
97.23852040816325,0.12185786980036337
98.46938775510205,0.12415053969891184
99.70025510204081,0.12914340796345655
100.93112244897958,0.13263204436356119
102.16198979591837,0.13625095578258328
103.39285714285714,0.13888261416377828
104.62372448979592,0.14158621333786245
105.8545918367347,0.14341876789853467
107.08545918367346,0.14426100418380858
108.31632653061224,0.1437126567904947
109.54719387755102,0.14695365061953275
110.77806122448979,0.14292047828733864
112.00892857142857,0.14292047828733864
113.23979591836735,0.14292047828733864
114.47066326530611,0.14292047828733864
115.7015306122449,0.14292047828733864
116.93239795918367,0.14292047828733864
118.16326530612244,0.14292047828733864
119.39413265306122,0.14292047828733864
120.625,0.14292047828733864
60.3125,0.09812713462010429
61.54336734693877,0.09806687958714905
62.77423469387755,0.09831495892391949
64.00510204081633,0.09832570751781393
65.2359693877551,0.09906468987637775
66.46683673469387,0.09970927815090855
67.69770408163265,0.10128455522323832
68.92857142857143,0.1004509896615077
70.15943877551021,0.10085586215953884
71.39030612244898,0.10041940012944864
72.62117346938776,0.10246919095387853
73.85204081632654,0.10237160859542516
75.0829081632653,0.10434386218551842
76.31377551020408,0.10285507702415425
77.54464285714286,0.1032186442181159
78.77551020408163,0.10192138163582642
80.0063775510204,0.09909798978543101
81.23724489795919,0.09800890580922328
82.46811224489795,0.09828326711311076
83.69897959183673,0.0997942858233424
84.92984693877551,0.1013138623450163
86.16071428571428,0.10268062017777577
87.39158163265306,0.10014886229567793
88.62244897959184,0.09909256870860404
89.8533163265306,0.0972456538592469
91.08418367346938,0.0965499876275194
92.31505102040816,0.10158403655995031
93.54591836734693,0.10097495045243551
94.77678571428571,0.10498800210882227
96.00765306122449,0.10819674560702941
97.23852040816325,0.11122858965653383
98.46938775510205,0.1139997528576917
99.70025510204081,0.0974871537860549
100.93112244897958,0.09840440185255762
102.16198979591837,0.10617861933870111
103.39285714285714,0.11114979814630718
104.62372448979592,0.11505133738971968
105.8545918367347,0.11871351515669916
107.08545918367346,0.12174437858519091
108.31632653061224,0.12437611053749721
109.54719387755102,0.12609424523597626
110.77806122448979,0.12644834665360585
112.00892857142857,0.1258139580632619
113.23979591836735,0.12510005366611443
114.47066326530611,0.12510005366611443
115.7015306122449,0.12510005366611443
116.93239795918367,0.12510005366611443
118.16326530612244,0.12510005366611443
119.39413265306122,0.12510005366611443
120.625,0.12510005366611443
60.3125,0.09770795589450298
61.54336734693877,0.09848139588284809
62.77423469387755,0.09786503246930006
64.00510204081633,0.09535722631859248
65.2359693877551,0.09611413733240172
66.46683673469387,0.09718930860782576
67.69770408163265,0.09433860674487633
68.92857142857143,0.09214145896890892
70.15943877551021,0.091844343096881
71.39030612244898,0.08985467865218538
72.62117346938776,0.08953127235081292
73.85204081632654,0.09008581445818561
75.0829081632653,0.09265970435426747
76.31377551020408,0.08753933829236427
77.54464285714286,0.09048517135183788
78.77551020408163,0.0897521451532017
80.0063775510204,0.09014710324282273
81.23724489795919,0.08599959680740846
82.46811224489795,0.08322702845611926
83.69897959183673,0.08273016632772147
84.92984693877551,0.07961976338270102
86.16071428571428,0.07821888459272
87.39158163265306,0.07705979320924862
88.62244897959184,0.08232182226517193
89.8533163265306,0.07934740608803222
91.08418367346938,0.07632795184385283
92.31505102040816,0.07721339374237139
93.54591836734693,0.0749525520553688
94.77678571428571,0.07502899319973926
96.00765306122449,0.07658872262218655
97.23852040816325,0.08050755276895566
98.46938775510205,0.07843332021718269
99.70025510204081,0.08139514669989395
100.93112244897958,0.0850185719559187
102.16198979591837,0.08811274077032547
103.39285714285714,0.08218075103425189
104.62372448979592,0.08517744018571242
105.8545918367347,0.09028549777028665
107.08545918367346,0.09398309280946994
108.31632653061224,0.09707998594485254
109.54719387755102,0.09979321378398288
110.77806122448979,0.10236902394356427
112.00892857142857,0.10444231631797432
113.23979591836735,0.10629362070959239
114.47066326530611,0.10744294314087542
115.7015306122449,0.10797341509534349
116.93239795918367,0.10947912754495276
118.16326530612244,0.10879129428366648
119.39413265306122,0.10879129428366648
120.625,0.10879129428366648
60.3125,0.07196151322786845
61.54336734693877,0.07261202045433209
62.77423469387755,0.06909815262744447
64.00510204081633,0.06850250540899404
65.2359693877551,0.07047853544678569
66.46683673469387,0.06898835481515332
67.69770408163265,0.06356739928385807
68.92857142857143,0.06336928351098295
70.15943877551021,0.06266974283580351
71.39030612244898,0.06566995343608238
72.62117346938776,0.06413248505426046
73.85204081632654,0.06390901656943017
75.0829081632653,0.06396566671064838
76.31377551020408,0.06326177948393101
77.54464285714286,0.06232654715971651
78.77551020408163,0.061223083228302645
80.0063775510204,0.059970620130227484
81.23724489795919,0.05854085756694593
82.46811224489795,0.059802604994985006
83.69897959183673,0.059526457541350185
84.92984693877551,0.058473260526826394
86.16071428571428,0.05610601108033808
87.39158163265306,0.05706524304970085
88.62244897959184,0.05215164046481119
89.8533163265306,0.05132392409238154
91.08418367346938,0.05300640937100399
92.31505102040816,0.05137624147995375
93.54591836734693,0.05180017211515526
94.77678571428571,0.05060611621920986
96.00765306122449,0.0504982398275686
97.23852040816325,0.049944784039563844
98.46938775510205,0.05027234435120154
99.70025510204081,0.05398286283657911
100.93112244897958,0.05296827776565041
102.16198979591837,0.05663670362202741
103.39285714285714,0.05856007525614103
104.62372448979592,0.060297383081930285
105.8545918367347,0.06170495319541376
107.08545918367346,0.05121463166704819
108.31632653061224,0.05356765596257007
109.54719387755102,0.04990816389488054
110.77806122448979,0.05514754974270531
112.00892857142857,0.05862385318255198
113.23979591836735,0.0610579119864477
114.47066326530611,0.06385624430611572
115.7015306122449,0.06634263003861468
116.93239795918367,0.06855448386107037
118.16326530612244,0.07041945764863239
119.39413265306122,0.07162541748665274
120.625,0.07495749442729331
60.3125,0.15586052227400585
61.54336734693877,0.15294648449561699
62.77423469387755,0.14671813448773646
64.00510204081633,0.1418338791685884
65.2359693877551,0.1384609336333784
66.46683673469387,0.1371400210807816
67.69770408163265,0.13583226701239506
68.92857142857143,0.1393766179258051
70.15943877551021,0.141363569413275
71.39030612244898,0.14530587785730506
72.62117346938776,0.13689713803638076
73.85204081632654,0.1350839310989352
75.0829081632653,0.1334750293943357
76.31377551020408,0.1316806795501103
77.54464285714286,0.13262866225971925
78.77551020408163,0.1306630470089084
80.0063775510204,0.13066595264144248
81.23724489795919,0.13109072288827814
82.46811224489795,0.12883294978539217
83.69897959183673,0.13301416160157034
84.92984693877551,0.13240642356458515
86.16071428571428,0.13749550672255756
87.39158163265306,0.14049441640366608
88.62244897959184,0.14323749923887324
89.8533163265306,0.14581275706919852
91.08418367346938,0.13810193714152014
92.31505102040816,0.14264311387089174
93.54591836734693,0.14610350003494949
94.77678571428571,0.14939411071496767
96.00765306122449,0.15199293440890252
97.23852040816325,0.15472911046859308
98.46938775510205,0.1571465609068111
99.70025510204081,0.15914020482790472
100.93112244897958,0.16091255948961436
102.16198979591837,0.16232888298801393
103.39285714285714,0.1635851662107178
104.62372448979592,0.16444096182364124
105.8545918367347,0.16444096182364124
107.08545918367346,0.16444096182364124
108.31632653061224,0.16444096182364124
109.54719387755102,0.16444096182364124
110.77806122448979,0.16444096182364124
112.00892857142857,0.16444096182364124
113.23979591836735,0.16444096182364124
114.47066326530611,0.16444096182364124
115.7015306122449,0.16444096182364124
116.93239795918367,0.16444096182364124
118.16326530612244,0.16444096182364124
119.39413265306122,0.16444096182364124
120.625,0.16444096182364124
60.3125,0.07710215764082183
61.54336734693877,0.08157404283451015
62.77423469387755,0.08163027621226944
64.00510204081633,0.08140179124252893
65.2359693877551,0.08111592663807732
66.46683673469387,0.08082169349798082
67.69770408163265,0.08047010985007597
68.92857142857143,0.08015479976795009
70.15943877551021,0.08018914005444149
71.39030612244898,0.07948937472114702
72.62117346938776,0.07914510489421459
73.85204081632654,0.07851800432793854
75.0829081632653,0.08460801059747437
76.31377551020408,0.08803074085705846
77.54464285714286,0.09140589036417432
78.77551020408163,0.08915131807857737
80.0063775510204,0.08855626054038915
81.23724489795919,0.08536938910842558
82.46811224489795,0.08541185726987303
83.69897959183673,0.08525799807633327
84.92984693877551,0.08681080818560259
86.16071428571428,0.0866861938841347
87.39158163265306,0.08622316129751059
88.62244897959184,0.08560266711941247
89.8533163265306,0.08250137682624208
91.08418367346938,0.08130158779491446
92.31505102040816,0.08101497421098809
93.54591836734693,0.08138623261884141
94.77678571428571,0.0844484795521458
96.00765306122449,0.08786256658119505
97.23852040816325,0.09130668002816043
98.46938775510205,0.0949323071668534
99.70025510204081,0.0942403148628369
100.93112244897958,0.09152844915306983
102.16198979591837,0.09792119865656135
103.39285714285714,0.10223904577508844
104.62372448979592,0.10574819423821873
105.8545918367347,0.10908888224660272
107.08545918367346,0.11228873662238423
108.31632653061224,0.11567607746195001
109.54719387755102,0.11820888180578022
110.77806122448979,0.11793128699290374
112.00892857142857,0.11793128699290374
113.23979591836735,0.11793128699290374
114.47066326530611,0.11793128699290374
115.7015306122449,0.11793128699290374
116.93239795918367,0.11793128699290374
118.16326530612244,0.11793128699290374
119.39413265306122,0.11793128699290374
120.625,0.11793128699290374
60.3125,0.08203874659449165
61.54336734693877,0.0825805293676306
62.77423469387755,0.0789145289688068
64.00510204081633,0.0808437567386129
65.2359693877551,0.08172449453143141
66.46683673469387,0.08142943230124161
67.69770408163265,0.08175137676608561
68.92857142857143,0.0810913933794499
70.15943877551021,0.07979276273952733
71.39030612244898,0.08264825905883795
72.62117346938776,0.0826755257310672
73.85204081632654,0.0839655991541376
75.0829081632653,0.08348429614834574
76.31377551020408,0.08498093856825761
77.54464285714286,0.08157132111178583
78.77551020408163,0.07978197009429283
80.0063775510204,0.08092831069879021
81.23724489795919,0.0802112911195156
82.46811224489795,0.08084440533442384
83.69897959183673,0.0789819473096749
84.92984693877551,0.07952236497905552
86.16071428571428,0.07814444899386988
87.39158163265306,0.0761953117064432
88.62244897959184,0.07226847992666804
89.8533163265306,0.07249512553458771
91.08418367346938,0.0722593676165633
92.31505102040816,0.0707162709039501
93.54591836734693,0.06862133588905626
94.77678571428571,0.06687197197555085
96.00765306122449,0.06880226698965461
97.23852040816325,0.06887248192208126
98.46938775510205,0.07051713112434395
99.70025510204081,0.07235291172176164
100.93112244897958,0.07488944913161194
102.16198979591837,0.07669615509691503
103.39285714285714,0.06936179808667767
104.62372448979592,0.06874384339262872
105.8545918367347,0.07375521082647314
107.08545918367346,0.077490021476141
108.31632653061224,0.08054924951252747
109.54719387755102,0.08367116540089903
110.77806122448979,0.08606367716217048
112.00892857142857,0.08817593608022334
113.23979591836735,0.08940387903269217
114.47066326530611,0.09002264861487279
115.7015306122449,0.09092888831402324
116.93239795918367,0.09092888831402324
118.16326530612244,0.09092888831402324
119.39413265306122,0.09092888831402324
120.625,0.09092888831402324
60.3125,0.05642306116952319
61.54336734693877,0.05591999685135007
62.77423469387755,0.05636585720668388
64.00510204081633,0.05568949310523024
65.2359693877551,0.056193989554825935
66.46683673469387,0.05389733395831421
67.69770408163265,0.05390404081834458
68.92857142857143,0.05359128149714953
70.15943877551021,0.05343487640710005
71.39030612244898,0.053729126944156394
72.62117346938776,0.05280825504376469
73.85204081632654,0.05193916500894472
75.0829081632653,0.052246387060459795
76.31377551020408,0.05470018037673352
77.54464285714286,0.0517198666461031
78.77551020408163,0.05122048980547652
80.0063775510204,0.05287394254202728
81.23724489795919,0.05736542135766805
82.46811224489795,0.05518486696433132
83.69897959183673,0.05441404462199121
84.92984693877551,0.05555414538093429
86.16071428571428,0.055214889435170174
87.39158163265306,0.056116540611042716
88.62244897959184,0.056813231999814424
89.8533163265306,0.05793039818168068
91.08418367346938,0.05609528572823155
92.31505102040816,0.05470397014062401
93.54591836734693,0.05721390079650795
94.77678571428571,0.05879437737174448
96.00765306122449,0.060205329722023214
97.23852040816325,0.0614649356022329
98.46938775510205,0.06360860200673524
99.70025510204081,0.061201826555716765
100.93112244897958,0.06340087351192972
102.16198979591837,0.06523267356222166
103.39285714285714,0.06721856691315134
104.62372448979592,0.06893361133814019
105.8545918367347,0.05998385311727871
107.08545918367346,0.06366953906254541
108.31632653061224,0.06548326235702438
109.54719387755102,0.06898997641763277
110.77806122448979,0.07202754709169999
112.00892857142857,0.07478384932099436
113.23979591836735,0.07747522010819079
114.47066326530611,0.07991095208922662
115.7015306122449,0.08220348643123367
116.93239795918367,0.08396011732139287
118.16326530612244,0.08502634594676807
119.39413265306122,0.08502634594676807
120.625,0.08502634594676807
60.3125,0.11343435694327629
61.54336734693877,0.10989139707984232
62.77423469387755,0.10881852008471517
64.00510204081633,0.10717149996522059
65.2359693877551,0.10719170680119101
66.46683673469387,0.1072067827745954
67.69770408163265,0.10674235339110119
68.92857142857143,0.10612675576339314
70.15943877551021,0.10593184060983987
71.39030612244898,0.10542018888249742
72.62117346938776,0.1058839430092212
73.85204081632654,0.10443577998558767
75.0829081632653,0.0963588804919707
76.31377551020408,0.09725848687963759
77.54464285714286,0.09660570824640195
78.77551020408163,0.094661046187492
80.0063775510204,0.09438478767343064
81.23724489795919,0.09586754695189525
82.46811224489795,0.09386440334494593
83.69897959183673,0.09489560883863064
84.92984693877551,0.09430877078629071
86.16071428571428,0.09496889602872471
87.39158163265306,0.09529765090768626
88.62244897959184,0.09242207038020969
89.8533163265306,0.09315501605763586
91.08418367346938,0.09112411488805058
92.31505102040816,0.09146135889507379
93.54591836734693,0.08970739654738828
94.77678571428571,0.0925543541830998
96.00765306122449,0.09270217703840875
97.23852040816325,0.09552095760651563
98.46938775510205,0.09782812565794557
99.70025510204081,0.10017477740638824
100.93112244897958,0.10239970485244125
102.16198979591837,0.09509172611040231
103.39285714285714,0.09526957401528938
104.62372448979592,0.09892215255093281
105.8545918367347,0.1021364790588836
107.08545918367346,0.10488684581528505
108.31632653061224,0.10750610886110293
109.54719387755102,0.10963722378271398
110.77806122448979,0.11144713330008078
112.00892857142857,0.11250875570595276
113.23979591836735,0.11285799047099299
114.47066326530611,0.11745701111465097
115.7015306122449,0.1129031149869452
116.93239795918367,0.1129031149869452
118.16326530612244,0.1129031149869452
119.39413265306122,0.1129031149869452
120.625,0.1129031149869452
60.3125,0.1360180815033961
61.54336734693877,0.1356846997574367
62.77423469387755,0.12783719030891091
64.00510204081633,0.12723248280334662
65.2359693877551,0.1268231738465687
66.46683673469387,0.1264414549277286
67.69770408163265,0.12593946979705273
68.92857142857143,0.1250994002920026
70.15943877551021,0.11889581867732826
71.39030612244898,0.11855413194845871
72.62117346938776,0.11789343194542418
73.85204081632654,0.11798967904966484
75.0829081632653,0.11516031891533654
76.31377551020408,0.11084222355343364
77.54464285714286,0.11794426324518538
78.77551020408163,0.1162709836218657
80.0063775510204,0.1216799618814898
81.23724489795919,0.12184813264849509
82.46811224489795,0.1174303325126852
83.69897959183673,0.1168817427574268
84.92984693877551,0.1129888313767746
86.16071428571428,0.11360031284662894
87.39158163265306,0.10441058379026132
88.62244897959184,0.09743796983377624
89.8533163265306,0.10000799464070328
91.08418367346938,0.09939268250341528
92.31505102040816,0.10178885053712806
93.54591836734693,0.10063396453953283
94.77678571428571,0.10329206861887494
96.00765306122449,0.10543275589354258
97.23852040816325,0.10763043325511057
98.46938775510205,0.10972078547827085
99.70025510204081,0.1115597409715271
100.93112244897958,0.10616679094476768
102.16198979591837,0.10869388334850782
103.39285714285714,0.11130557742517978
104.62372448979592,0.11336554955300862
105.8545918367347,0.1154641524747284
107.08545918367346,0.11754246854375323
108.31632653061224,0.11918905447883948
109.54719387755102,0.1207461334848614
110.77806122448979,0.12167409448635082
112.00892857142857,0.12196685715638625
113.23979591836735,0.12194418020545146
114.47066326530611,0.12238154216794943
115.7015306122449,0.12238154216794943
116.93239795918367,0.12238154216794943
118.16326530612244,0.12238154216794943
119.39413265306122,0.12238154216794943
120.625,0.12238154216794943
60.3125,0.07567213380735771
61.54336734693877,0.07372068614948676
62.77423469387755,0.07214206913789291
64.00510204081633,0.06311317047212998
65.2359693877551,0.06386048866555252
66.46683673469387,0.06487793751972308
67.69770408163265,0.06460565313669653
68.92857142857143,0.06518760691235657
70.15943877551021,0.06568254794912737
71.39030612244898,0.06620410280377131
72.62117346938776,0.066647348181756
73.85204081632654,0.06694126281370306
75.0829081632653,0.06712146895062691
76.31377551020408,0.06716067099611962
77.54464285714286,0.06776696792317445
78.77551020408163,0.06754157236432277
80.0063775510204,0.06616444056208494
81.23724489795919,0.0686753827459948
82.46811224489795,0.06826671196412777
83.69897959183673,0.0668568333327896
84.92984693877551,0.06410104686592281
86.16071428571428,0.06429691226616152
87.39158163265306,0.06187442302585742
88.62244897959184,0.061396806743338604
89.8533163265306,0.06082267204772939
91.08418367346938,0.06095423048344144
92.31505102040816,0.05835376857261911
93.54591836734693,0.05810515897550225
94.77678571428571,0.057786023909048446
96.00765306122449,0.055118962033034936
97.23852040816325,0.05580297115044465
98.46938775510205,0.058820473901488646
99.70025510204081,0.05747655024359
100.93112244897958,0.05943237963414522
102.16198979591837,0.06192082440686104
103.39285714285714,0.06459229565195693
104.62372448979592,0.06945465442398037
105.8545918367347,0.07020834535028884
107.08545918367346,0.07236452693591061
108.31632653061224,0.07429303440187474
109.54719387755102,0.07654607470062717
110.77806122448979,0.07832706378406261
112.00892857142857,0.08014766674473281
113.23979591836735,0.08187785522484362
114.47066326530611,0.08328291304861496
115.7015306122449,0.08410637471809129
116.93239795918367,0.08328262476503186
118.16326530612244,0.08187235203732829
119.39413265306122,0.08187235203732829
120.625,0.08187235203732829
60.3125,0.09663122673997607
61.54336734693877,0.09593668854959282
62.77423469387755,0.095139694150795
64.00510204081633,0.10059807480114118
65.2359693877551,0.09694417805959815
66.46683673469387,0.09406798710593382
67.69770408163265,0.09458776678924362
68.92857142857143,0.09304926609164171
70.15943877551021,0.09226309649408317
71.39030612244898,0.09033915096892137
72.62117346938776,0.08985200794433681
73.85204081632654,0.08825158226746886
75.0829081632653,0.08605788780480461
76.31377551020408,0.08515456993508103
77.54464285714286,0.08503955124894706
78.77551020408163,0.0824629453894067
80.0063775510204,0.08254158466938365
81.23724489795919,0.08298140569253902
82.46811224489795,0.08344305501117322
83.69897959183673,0.083154009428986
84.92984693877551,0.08913705950813827
86.16071428571428,0.089641795071225
87.39158163265306,0.08519502790043615
88.62244897959184,0.08313357374035801
89.8533163265306,0.08124104928317184
91.08418367346938,0.08052352151834889
92.31505102040816,0.07892924142118964
93.54591836734693,0.08035711115673703
94.77678571428571,0.08281553368406114
96.00765306122449,0.07954609352786353
97.23852040816325,0.08230790825299579
98.46938775510205,0.0856025556909113
99.70025510204081,0.08868593423338765
100.93112244897958,0.09143941217978406
102.16198979591837,0.07778117607885786
103.39285714285714,0.0830609752990698
104.62372448979592,0.08848002560295758
105.8545918367347,0.09261251302616998
107.08545918367346,0.09652343654152366
108.31632653061224,0.0999304456616612
109.54719387755102,0.10295075325752044
110.77806122448979,0.105085382375263
112.00892857142857,0.105965775651981
113.23979591836735,0.10585584370546486
114.47066326530611,0.10585584370546486
115.7015306122449,0.10585584370546486
116.93239795918367,0.10585584370546486
118.16326530612244,0.10585584370546486
119.39413265306122,0.10585584370546486
120.625,0.10585584370546486
60.3125,0.053332699299829006
61.54336734693877,0.0530793008093688
62.77423469387755,0.0532385321409496
64.00510204081633,0.05335321840226083
65.2359693877551,0.05349658980580485
66.46683673469387,0.053758989606921964
67.69770408163265,0.052903141243034225
68.92857142857143,0.05296947978544632
70.15943877551021,0.053263882144902956
71.39030612244898,0.05331078585638852
72.62117346938776,0.053147112128614324
73.85204081632654,0.05112527908504631
75.0829081632653,0.05134197073223406
76.31377551020408,0.051435177499406314
77.54464285714286,0.05144308257167322
78.77551020408163,0.051386390801512555
80.0063775510204,0.050190113690198344
81.23724489795919,0.0505001104181878
82.46811224489795,0.050464015973436284
83.69897959183673,0.05038404064877823
84.92984693877551,0.05036836153907034
86.16071428571428,0.05002496641449414
87.39158163265306,0.05126739565236692
88.62244897959184,0.04945968497293482
89.8533163265306,0.04984124364101395
91.08418367346938,0.04938099572288849
92.31505102040816,0.050742866323294805
93.54591836734693,0.05159339686324128
94.77678571428571,0.05089028667927426
96.00765306122449,0.05044328628853371
97.23852040816325,0.04976629330112564
98.46938775510205,0.04987272701467519
99.70025510204081,0.04998725865965861
100.93112244897958,0.049890492429440166
102.16198979591837,0.051746709381163464
103.39285714285714,0.05445163318273142
104.62372448979592,0.05727859879510703
105.8545918367347,0.059742622473176056
107.08545918367346,0.05745735027482993
108.31632653061224,0.05182325564920508
109.54719387755102,0.0555198020165544
110.77806122448979,0.059627645120177084
112.00892857142857,0.06408015288570072
113.23979591836735,0.06756034341181816
114.47066326530611,0.07110268145768442
115.7015306122449,0.07404734727938432
116.93239795918367,0.0765189765131779
118.16326530612244,0.07850112169321335
119.39413265306122,0.07982189083374074
120.625,0.08031157186475496
60.3125,0.10328168586481193
61.54336734693877,0.10221966690650722
62.77423469387755,0.10284388360797106
64.00510204081633,0.1011956989291222
65.2359693877551,0.10173414705457898
66.46683673469387,0.10146652894806987
67.69770408163265,0.10064841166578439
68.92857142857143,0.10180065074569634
70.15943877551021,0.1017891460983621
71.39030612244898,0.10186355577647391
72.62117346938776,0.09990514146982306
73.85204081632654,0.10068014106466058
75.0829081632653,0.10391973440967953
76.31377551020408,0.09687433806590315
77.54464285714286,0.09700648413330065
78.77551020408163,0.09849238848599999
80.0063775510204,0.08768708831902444
81.23724489795919,0.08653434249980993
82.46811224489795,0.08525528109132458
83.69897959183673,0.0821196184238615
84.92984693877551,0.07792344465708627
86.16071428571428,0.07720354584936473
87.39158163265306,0.09758983411145766
88.62244897959184,0.1014142058471443
89.8533163265306,0.09276773242703874
91.08418367346938,0.08770128890243624
92.31505102040816,0.08480422029380046
93.54591836734693,0.07885551780255372
94.77678571428571,0.07656140783168339
96.00765306122449,0.07592618054109221
97.23852040816325,0.08012180151169958
98.46938775510205,0.07831785508886605
99.70025510204081,0.08223751194069134
100.93112244897958,0.08567198190715584
102.16198979591837,0.08891497744320069
103.39285714285714,0.09191529825008196
104.62372448979592,0.07505303939856951
105.8545918367347,0.08045335219830171
107.08545918367346,0.08431522746453066
108.31632653061224,0.09081677289193793
109.54719387755102,0.09526512840309158
110.77806122448979,0.09977626336684699
112.00892857142857,0.10319864678933548
113.23979591836735,0.10634618658093237
114.47066326530611,0.10854938077359329
115.7015306122449,0.10950622316607296
116.93239795918367,0.11241748422085791
118.16326530612244,0.1103498619632201
119.39413265306122,0.1103498619632201
120.625,0.1103498619632201
60.3125,0.12217630270221295
61.54336734693877,0.1218385277387155
62.77423469387755,0.12311838414045762
64.00510204081633,0.1213503389269424
65.2359693877551,0.12133330518744356
66.46683673469387,0.11882409038780907
67.69770408163265,0.11887879630724142
68.92857142857143,0.11890118080749132
70.15943877551021,0.11879827387273548
71.39030612244898,0.11933782340249596
72.62117346938776,0.11826242991410463
73.85204081632654,0.11769450488349761
75.0829081632653,0.11418484922819916
76.31377551020408,0.11304772780144769
77.54464285714286,0.11233464533226431
78.77551020408163,0.11508980099620164
80.0063775510204,0.11190090569545075
81.23724489795919,0.10737379272013522
82.46811224489795,0.10669914932400161
83.69897959183673,0.10800305267004398
84.92984693877551,0.10639747657199282
86.16071428571428,0.10514505585825965
87.39158163265306,0.10547112794319302
88.62244897959184,0.10935784853882168
89.8533163265306,0.10854551457481831
91.08418367346938,0.10882705148786344
92.31505102040816,0.1098141842322197
93.54591836734693,0.11453742513648305
94.77678571428571,0.11508029956886169
96.00765306122449,0.11601717434877534
97.23852040816325,0.11732469621189985
98.46938775510205,0.11888976508344587
99.70025510204081,0.12064223713741751
100.93112244897958,0.12236993950347687
102.16198979591837,0.12421977790845529
103.39285714285714,0.12626905136396763
104.62372448979592,0.1283770930156195
105.8545918367347,0.13054411973417923
107.08545918367346,0.13054411973417923
108.31632653061224,0.13054411973417923
109.54719387755102,0.13054411973417923
110.77806122448979,0.13054411973417923
112.00892857142857,0.13054411973417923
113.23979591836735,0.13054411973417923
114.47066326530611,0.13054411973417923
115.7015306122449,0.13054411973417923
116.93239795918367,0.13054411973417923
118.16326530612244,0.13054411973417923
119.39413265306122,0.13054411973417923
120.625,0.13054411973417923
60.3125,0.1211974047468014
61.54336734693877,0.11914868893593626
62.77423469387755,0.11803713478060476
64.00510204081633,0.11722247112052794
65.2359693877551,0.11647749584303867
66.46683673469387,0.11279513718769217
67.69770408163265,0.11219712469881962
68.92857142857143,0.11087904846807187
70.15943877551021,0.11041659279752439
71.39030612244898,0.10768795700883838
72.62117346938776,0.10606112684077021
73.85204081632654,0.10474911185222863
75.0829081632653,0.10086069583697929
76.31377551020408,0.09849081155932084
77.54464285714286,0.09258691663920701
78.77551020408163,0.0927253720281017
80.0063775510204,0.09092266848450387
81.23724489795919,0.08918757306723214
82.46811224489795,0.09077253575987257
83.69897959183673,0.08580730356884557
84.92984693877551,0.08364024213959775
86.16071428571428,0.09436860730000392
87.39158163265306,0.09639701195791182
88.62244897959184,0.08941656065119132
89.8533163265306,0.08562085330493337
91.08418367346938,0.08323374662980812
92.31505102040816,0.08048209836564806
93.54591836734693,0.07932962658979076
94.77678571428571,0.08060305567218566
96.00765306122449,0.0816291939586841
97.23852040816325,0.08004481496399449
98.46938775510205,0.08357368087797197
99.70025510204081,0.08680058199093457
100.93112244897958,0.08979179033990566
102.16198979591837,0.0925287391125176
103.39285714285714,0.08261260810050852
104.62372448979592,0.08740528740629304
105.8545918367347,0.09100365286798662
107.08545918367346,0.09421782368901026
108.31632653061224,0.09705833601114058
109.54719387755102,0.09986290171794604
110.77806122448979,0.10209124570539495
112.00892857142857,0.10428981754144206
113.23979591836735,0.10576610574632293
114.47066326530611,0.10639214276623954
115.7015306122449,0.10606856148579547
116.93239795918367,0.10514216863366542
118.16326530612244,0.10520381533920463
119.39413265306122,0.10405089301454261
120.625,0.10405089301454261
60.3125,0.11614029897734865
61.54336734693877,0.11614023173464313
62.77423469387755,0.11420334486866486
64.00510204081633,0.11327754851895351
65.2359693877551,0.11266130583741805
66.46683673469387,0.11219151834177968
67.69770408163265,0.11179101151008307
68.92857142857143,0.11616173096261931
70.15943877551021,0.115318691659104
71.39030612244898,0.11475983934287787
72.62117346938776,0.11458983127865253
73.85204081632654,0.1153386847423063
75.0829081632653,0.113607727929752
76.31377551020408,0.11147647560519824
77.54464285714286,0.10766004173191028
78.77551020408163,0.10863736180840741
80.0063775510204,0.10535630962442048
81.23724489795919,0.10473066729478268
82.46811224489795,0.10335654992948455
83.69897959183673,0.10281274641549022
84.92984693877551,0.10295228645625633
86.16071428571428,0.10370022315796316
87.39158163265306,0.1029783170137605
88.62244897959184,0.10237070269563214
89.8533163265306,0.1023539530334189
91.08418367346938,0.10394759452421469
92.31505102040816,0.10148081587714415
93.54591836734693,0.10345535922128492
94.77678571428571,0.10574701561030903
96.00765306122449,0.10991366965477885
97.23852040816325,0.1023563803942547
98.46938775510205,0.10331610414344573
99.70025510204081,0.10387331550584222
100.93112244897958,0.11007526289613234
102.16198979591837,0.11419098400484536
103.39285714285714,0.11728702102677277
104.62372448979592,0.12083558836814776
105.8545918367347,0.12350216391368453
107.08545918367346,0.12618153655599207
108.31632653061224,0.1278823377316496
109.54719387755102,0.1289503792813474
110.77806122448979,0.1289503792813474
112.00892857142857,0.1289503792813474
113.23979591836735,0.1289503792813474
114.47066326530611,0.1289503792813474
115.7015306122449,0.1289503792813474
116.93239795918367,0.1289503792813474
118.16326530612244,0.1289503792813474
119.39413265306122,0.1289503792813474
120.625,0.1289503792813474
60.3125,0.0756049987212177
61.54336734693877,0.07487079691906173
62.77423469387755,0.07426493016253224
64.00510204081633,0.07528312542731504
65.2359693877551,0.07505470726562002
66.46683673469387,0.07374281747066455
67.69770408163265,0.07502267952936585
68.92857142857143,0.07497914217028745
70.15943877551021,0.07495426210488977
71.39030612244898,0.07427934946643942
72.62117346938776,0.073794610584622
73.85204081632654,0.07340275919242693
75.0829081632653,0.07386860303864184
76.31377551020408,0.07403543444634555
77.54464285714286,0.07311838269404515
78.77551020408163,0.07288474222379066
80.0063775510204,0.07239493334569297
81.23724489795919,0.07392177747945122
82.46811224489795,0.07273493530963773
83.69897959183673,0.07258831751511137
84.92984693877551,0.07209862473443089
86.16071428571428,0.07124141767068809
87.39158163265306,0.07126691438892792
88.62244897959184,0.07145099021531706
89.8533163265306,0.0720213778135775
91.08418367346938,0.07181333336760558
92.31505102040816,0.07240023550070161
93.54591836734693,0.07347390168085582
94.77678571428571,0.07212364367400126
96.00765306122449,0.07253621627948573
97.23852040816325,0.07551812238868164
98.46938775510205,0.07540750088835041
99.70025510204081,0.07779245412543302
100.93112244897958,0.07972426859669077
102.16198979591837,0.08133963739204066
103.39285714285714,0.082731663716482
104.62372448979592,0.0746663714523215
105.8545918367347,0.07359923604491488
107.08545918367346,0.07610380261609995
108.31632653061224,0.07880751090985502
109.54719387755102,0.08073530664121085
110.77806122448979,0.08313302233267122
112.00892857142857,0.0853394210050631
113.23979591836735,0.08727717055298105
114.47066326530611,0.08922050116168262
115.7015306122449,0.09085234694032696
116.93239795918367,0.09177503273901334
118.16326530612244,0.0928159536235967
119.39413265306122,0.09259142614372155
120.625,0.09259142614372155
60.3125,0.10984941645517361
61.54336734693877,0.11002634088050729
62.77423469387755,0.11013876705718192
64.00510204081633,0.10978657772195871
65.2359693877551,0.10757229257328649
66.46683673469387,0.10761245425574435
67.69770408163265,0.10739522566643524
68.92857142857143,0.10687288584896647
70.15943877551021,0.10725382805050197
71.39030612244898,0.1088147301976098
72.62117346938776,0.10996870144913493
73.85204081632654,0.10975707314884799
75.0829081632653,0.10885151097620831
76.31377551020408,0.10663988347782173
77.54464285714286,0.1060832981766447
78.77551020408163,0.10057810607873645
80.0063775510204,0.10095435529272052
81.23724489795919,0.11226021285671355
82.46811224489795,0.11056490970660762
83.69897959183673,0.10446995254612997
84.92984693877551,0.10349706721965733
86.16071428571428,0.10214327181150369
87.39158163265306,0.09449412794589462
88.62244897959184,0.08655208976020981
89.8533163265306,0.08209100554494353
91.08418367346938,0.08129350207654472
92.31505102040816,0.07977690549577092
93.54591836734693,0.08050808321081104
94.77678571428571,0.08172725687089694
96.00765306122449,0.08452894259688166
97.23852040816325,0.08181415970712777
98.46938775510205,0.08555758172900922
99.70025510204081,0.08890268459220964
100.93112244897958,0.0855668023317713
102.16198979591837,0.08859908067924996
103.39285714285714,0.09146992835925341
104.62372448979592,0.09446470800957978
105.8545918367347,0.09736458051429246
107.08545918367346,0.10008893789025781
108.31632653061224,0.10281070808564331
109.54719387755102,0.10524349101356877
110.77806122448979,0.10760767584317865
112.00892857142857,0.1093605197528173
113.23979591836735,0.10975529857701016
114.47066326530611,0.11337773838179724
115.7015306122449,0.10765624985659857
116.93239795918367,0.10765624985659857
118.16326530612244,0.10765624985659857
119.39413265306122,0.10765624985659857
120.625,0.10765624985659857
60.3125,0.09300789625027416
61.54336734693877,0.09230913649804404
62.77423469387755,0.09102401992494795
64.00510204081633,0.09059483066678442
65.2359693877551,0.09096863605801273
66.46683673469387,0.09055302290117095
67.69770408163265,0.09044931364864506
68.92857142857143,0.09029325291109919
70.15943877551021,0.09013661463158058
71.39030612244898,0.08957020752599068
72.62117346938776,0.08795299525223693
73.85204081632654,0.08645424341423735
75.0829081632653,0.09042580920030012
76.31377551020408,0.08989774813367561
77.54464285714286,0.0889768573711254
78.77551020408163,0.0891196421838861
80.0063775510204,0.08520566747467667
81.23724489795919,0.08440127527730176
82.46811224489795,0.08493708463112738
83.69897959183673,0.07782607292792403
84.92984693877551,0.08758638387877214
86.16071428571428,0.08545239601647733
87.39158163265306,0.0897771253600925
88.62244897959184,0.08997331566017489
89.8533163265306,0.08561992198523438
91.08418367346938,0.08801202354284833
92.31505102040816,0.08380819470721862
93.54591836734693,0.06854978279765904
94.77678571428571,0.06480950109240707
96.00765306122449,0.06322149079131063
97.23852040816325,0.06274395613019933
98.46938775510205,0.06693784787047206
99.70025510204081,0.06357583321893155
100.93112244897958,0.06439042958550041
102.16198979591837,0.06601932605150779
103.39285714285714,0.06788423820983493
104.62372448979592,0.06642444705766928
105.8545918367347,0.06986135036844066
107.08545918367346,0.06951746530629789
108.31632653061224,0.07101957964350836
109.54719387755102,0.07276360138157507
110.77806122448979,0.07458455719136668
112.00892857142857,0.07657498921176883
113.23979591836735,0.07825659826886855
114.47066326530611,0.08016349216898981
115.7015306122449,0.08166404565358445
116.93239795918367,0.08261047912503212
118.16326530612244,0.08245397138068172
119.39413265306122,0.08294530176778073
120.625,0.08231610984960144
60.3125,0.09965559392086308
61.54336734693877,0.099696441951737
62.77423469387755,0.09975053455816081
64.00510204081633,0.10011168761941289
65.2359693877551,0.10006375169961329
66.46683673469387,0.09261427020987888
67.69770408163265,0.09273233165677275
68.92857142857143,0.0927648111102481
70.15943877551021,0.09255570476317701
71.39030612244898,0.09187492752041701
72.62117346938776,0.09758558613158153
73.85204081632654,0.0919872870960528
75.0829081632653,0.09100227096192971
76.31377551020408,0.09540925578165949
77.54464285714286,0.09366241360056633
78.77551020408163,0.09476120847555332
80.0063775510204,0.09401693329219386
81.23724489795919,0.09555671787526657
82.46811224489795,0.0919086067938283
83.69897959183673,0.08994341983000868
84.92984693877551,0.08837504267488305
86.16071428571428,0.08433089693983763
87.39158163265306,0.08651852051885707
88.62244897959184,0.08540311881656686
89.8533163265306,0.08372597641094653
91.08418367346938,0.08396342800689259
92.31505102040816,0.08214353019917757
93.54591836734693,0.08257644396582216
94.77678571428571,0.08414918595804967
96.00765306122449,0.08615578690694296
97.23852040816325,0.08795451295612595
98.46938775510205,0.09147240772358342
99.70025510204081,0.08492238082359971
100.93112244897958,0.08832253977982686
102.16198979591837,0.09152220628950458
103.39285714285714,0.0945746305995187
104.62372448979592,0.09717232265221441
105.8545918367347,0.10002616664061158
107.08545918367346,0.10234268168343326
108.31632653061224,0.10497709919100864
109.54719387755102,0.10728927537060709
110.77806122448979,0.10873088330240327
112.00892857142857,0.10873088330240327
113.23979591836735,0.10873088330240327
114.47066326530611,0.10873088330240327
115.7015306122449,0.10873088330240327
116.93239795918367,0.10873088330240327
118.16326530612244,0.10873088330240327
119.39413265306122,0.10873088330240327
120.625,0.10873088330240327
60.3125,0.09565375753723855
61.54336734693877,0.09292388738519501
62.77423469387755,0.09240789133664101
64.00510204081633,0.09240789275430654
65.2359693877551,0.09212546627565674
66.46683673469387,0.0915849913662981
67.69770408163265,0.09130761169429498
68.92857142857143,0.09145876363739128
70.15943877551021,0.09115222618212086
71.39030612244898,0.08978446719360954
72.62117346938776,0.09046322871284831
73.85204081632654,0.09023162892891781
75.0829081632653,0.09003844678832261
76.31377551020408,0.08728492775568866
77.54464285714286,0.08729782256053938
78.77551020408163,0.08823602667088891
80.0063775510204,0.08783357474992042
81.23724489795919,0.08751339266408359
82.46811224489795,0.08941538413648446
83.69897959183673,0.08892704494260247
84.92984693877551,0.08931389861996325
86.16071428571428,0.08716615967514098
87.39158163265306,0.09174923118990215
88.62244897959184,0.08765672023945034
89.8533163265306,0.08680587936511673
91.08418367346938,0.08306146082741887
92.31505102040816,0.08031372333671015
93.54591836734693,0.07802065170719817
94.77678571428571,0.08008429563027847
96.00765306122449,0.07864480536219015
97.23852040816325,0.07928279447194642
98.46938775510205,0.08028812493575106
99.70025510204081,0.07983061267727873
100.93112244897958,0.08161979552864794
102.16198979591837,0.08123495259279749
103.39285714285714,0.08223967025701381
104.62372448979592,0.08359779253740236
105.8545918367347,0.08499770722815116
107.08545918367346,0.08640037376885351
108.31632653061224,0.08785998637576956
109.54719387755102,0.08911808797787503
110.77806122448979,0.09042427362599234
112.00892857142857,0.09147167763295048
113.23979591836735,0.09231596876712529
114.47066326530611,0.09460228938144218
115.7015306122449,0.09343258120054784
116.93239795918367,0.09343258120054784
118.16326530612244,0.09343258120054784
119.39413265306122,0.09343258120054784
120.625,0.09343258120054784
60.3125,0.07340448992850225
61.54336734693877,0.07178988217043059
62.77423469387755,0.07249067072013846
64.00510204081633,0.07217381104699976
65.2359693877551,0.07313732501728909
66.46683673469387,0.07300293068524792
67.69770408163265,0.0752823358601233
68.92857142857143,0.07528190290876656
70.15943877551021,0.07286743504066413
71.39030612244898,0.07129930572222459
72.62117346938776,0.07019880742336904
73.85204081632654,0.06896369792733843
75.0829081632653,0.06767820395583359
76.31377551020408,0.06759840208381726
77.54464285714286,0.0661794116336025
78.77551020408163,0.06501977886363482
80.0063775510204,0.06387101600764014
81.23724489795919,0.06265063125169204
82.46811224489795,0.062171167709350175
83.69897959183673,0.06127794227309466
84.92984693877551,0.05362921361378366
86.16071428571428,0.052030000331709
87.39158163265306,0.05133841593317916
88.62244897959184,0.05014182833573654
89.8533163265306,0.05099802920518117
91.08418367346938,0.050834777712205285
92.31505102040816,0.05105696416421848
93.54591836734693,0.05072769945717593
94.77678571428571,0.05063424614383612
96.00765306122449,0.049811085656721425
97.23852040816325,0.050745824358649244
98.46938775510205,0.05136160686091457
99.70025510204081,0.05283320513604137
100.93112244897958,0.05219127956326887
102.16198979591837,0.05449004361040598
103.39285714285714,0.056796498443131935
104.62372448979592,0.0593846015617427
105.8545918367347,0.062010398015645854
107.08545918367346,0.05391586957849219
108.31632653061224,0.055286149200492796
109.54719387755102,0.05997502634936929
110.77806122448979,0.06368362812572936
112.00892857142857,0.06692723484889039
113.23979591836735,0.06986828766730727
114.47066326530611,0.07264657129437217
115.7015306122449,0.07508997717980809
116.93239795918367,0.0769126375152525
118.16326530612244,0.0776649504736558
119.39413265306122,0.07741301991124226
120.625,0.07726895680664049
60.3125,0.10431371071922914
61.54336734693877,0.10371559463636441
62.77423469387755,0.10347035773083633
64.00510204081633,0.10258568497769921
65.2359693877551,0.10134345136871878
66.46683673469387,0.1020133808951655
67.69770408163265,0.10077133751027448
68.92857142857143,0.10046424705636084
70.15943877551021,0.10229685202023309
71.39030612244898,0.09972400184316457
72.62117346938776,0.09516486153627643
73.85204081632654,0.10029117169572714
75.0829081632653,0.0965248969226737
76.31377551020408,0.09681777091454424
77.54464285714286,0.09394075281959939
78.77551020408163,0.09087490500651328
80.0063775510204,0.10036229490698749
81.23724489795919,0.08661934137187825
82.46811224489795,0.09820513717818889
83.69897959183673,0.09651309071410148
84.92984693877551,0.09394863539313789
86.16071428571428,0.09627763329485664
87.39158163265306,0.09235751925627608
88.62244897959184,0.08766022864048138
89.8533163265306,0.07946913104184118
91.08418367346938,0.07864737867572508
92.31505102040816,0.07668301835779183
93.54591836734693,0.0764540070543858
94.77678571428571,0.07632689457524673
96.00765306122449,0.07695137266694912
97.23852040816325,0.07021462606056991
98.46938775510205,0.0720900219451463
99.70025510204081,0.0740584110513564
100.93112244897958,0.07610552304901491
102.16198979591837,0.07414949649479279
103.39285714285714,0.07757292612602698
104.62372448979592,0.07949479345839162
105.8545918367347,0.08165041866099558
107.08545918367346,0.08377923489897907
108.31632653061224,0.08588448806037503
109.54719387755102,0.08808955954825586
110.77806122448979,0.0900630104213031
112.00892857142857,0.09218269383681435
113.23979591836735,0.09405873751056874
114.47066326530611,0.09543617419535656
115.7015306122449,0.09616660765206488
116.93239795918367,0.09616660765206488
118.16326530612244,0.09616660765206488
119.39413265306122,0.09616660765206488
120.625,0.09616660765206488
60.3125,0.11467917033991745
61.54336734693877,0.10891956134144705
62.77423469387755,0.10825966745056825
64.00510204081633,0.10768910572253841
65.2359693877551,0.10662507526710129
66.46683673469387,0.10530928383571672
67.69770408163265,0.10382843325477872
68.92857142857143,0.10238797260347818
70.15943877551021,0.10565538803651468
71.39030612244898,0.10610514382693594
72.62117346938776,0.10611449622406194
73.85204081632654,0.10369651827057688
75.0829081632653,0.1004165647604005
76.31377551020408,0.10258669076682896
77.54464285714286,0.09644721756760623
78.77551020408163,0.09539040565328431
80.0063775510204,0.09380145339204826
81.23724489795919,0.0920813018032858
82.46811224489795,0.09064309714684589
83.69897959183673,0.08964307276167002
84.92984693877551,0.08737983858901098
86.16071428571428,0.09011588322617783
87.39158163265306,0.08945250627428715
88.62244897959184,0.0903600043064311
89.8533163265306,0.092997895011049
91.08418367346938,0.09543506745992485
92.31505102040816,0.0989100390835469
93.54591836734693,0.09301527980746807
94.77678571428571,0.09695350506680374
96.00765306122449,0.10006221565373948
97.23852040816325,0.10324213722811229
98.46938775510205,0.105013371337094
99.70025510204081,0.09447818436987246
100.93112244897958,0.10083619308524683
102.16198979591837,0.10542576887644718
103.39285714285714,0.10936109743032651
104.62372448979592,0.11281975901435468
105.8545918367347,0.11624698514995703
107.08545918367346,0.11899467428459709
108.31632653061224,0.12182125825903073
109.54719387755102,0.12390120265602973
110.77806122448979,0.12510921040558748
112.00892857142857,0.12535763444274872
113.23979591836735,0.12521491392428824
114.47066326530611,0.12521491392428824
115.7015306122449,0.12521491392428824
116.93239795918367,0.12521491392428824
118.16326530612244,0.12521491392428824
119.39413265306122,0.12521491392428824
120.625,0.12521491392428824
60.3125,0.11683623139784226
61.54336734693877,0.11892010959469906
62.77423469387755,0.11894288729393947
64.00510204081633,0.11894279048244531
65.2359693877551,0.11785730663498926
66.46683673469387,0.11705610907118584
67.69770408163265,0.11653323262812103
68.92857142857143,0.11928052373729989
70.15943877551021,0.11743598580704952
71.39030612244898,0.11758088404101044
72.62117346938776,0.11480189432398569
73.85204081632654,0.11472730023644821
75.0829081632653,0.11501413786628985
76.31377551020408,0.1159154223870111
77.54464285714286,0.11400017064398985
78.77551020408163,0.11071930417743849
80.0063775510204,0.10995269876185056
81.23724489795919,0.1078256800971877
82.46811224489795,0.10701553831305924
83.69897959183673,0.10434437179544657
84.92984693877551,0.10506955520291175
86.16071428571428,0.10261808848549031
87.39158163265306,0.10082256473004779
88.62244897959184,0.0961362240720752
89.8533163265306,0.094811175566442
91.08418367346938,0.08970875251446628
92.31505102040816,0.09046415169688408
93.54591836734693,0.0909295508261224
94.77678571428571,0.09221699299754987
96.00765306122449,0.0942425822650222
97.23852040816325,0.09797369831389181
98.46938775510205,0.09517047598635621
99.70025510204081,0.09415411448987435
100.93112244897958,0.09774651150974487
102.16198979591837,0.10078812628329017
103.39285714285714,0.10384276246020249
104.62372448979592,0.10659471875923882
105.8545918367347,0.10940637039770013
107.08545918367346,0.11188302283786525
108.31632653061224,0.11418737367996772
109.54719387755102,0.11603286773168944
110.77806122448979,0.11718057843506222
112.00892857142857,0.11718057843506222
113.23979591836735,0.11718057843506222
114.47066326530611,0.11718057843506222
115.7015306122449,0.11718057843506222
116.93239795918367,0.11718057843506222
118.16326530612244,0.11718057843506222
119.39413265306122,0.11718057843506222
120.625,0.11718057843506222
60.3125,0.15929702157859857
61.54336734693877,0.16146668640564296
62.77423469387755,0.15952966734039165
64.00510204081633,0.15973562808532846
65.2359693877551,0.1578908399811225
66.46683673469387,0.15635148770851692
67.69770408163265,0.15504898285132282
68.92857142857143,0.1514021538834236
70.15943877551021,0.1521978500064153
71.39030612244898,0.15387889322570147
72.62117346938776,0.1533917065283514
73.85204081632654,0.14625849633332952
75.0829081632653,0.1432624588054019
76.31377551020408,0.1413855996367946
77.54464285714286,0.13712994546891666
78.77551020408163,0.13506265376659116
80.0063775510204,0.1358457484761273
81.23724489795919,0.12853511728475087
82.46811224489795,0.12799070434166665
83.69897959183673,0.12548554300076326
84.92984693877551,0.12355117029331653
86.16071428571428,0.12492743032535845
87.39158163265306,0.12717847451926279
88.62244897959184,0.12342761695053633
89.8533163265306,0.12536255545697517
91.08418367346938,0.12726754112677127
92.31505102040816,0.13092314034493097
93.54591836734693,0.1321542713664425
94.77678571428571,0.12029201922059882
96.00765306122449,0.12389035697668604
97.23852040816325,0.12298999806436674
98.46938775510205,0.12722317413177656
99.70025510204081,0.1308523431719505
100.93112244897958,0.134102944983194
102.16198979591837,0.13724391138321695
103.39285714285714,0.14014745934333117
104.62372448979592,0.14286886368729493
105.8545918367347,0.14569117987034752
107.08545918367346,0.14524214458137524
108.31632653061224,0.14524214458137524
109.54719387755102,0.14524214458137524
110.77806122448979,0.14524214458137524
112.00892857142857,0.14524214458137524
113.23979591836735,0.14524214458137524
114.47066326530611,0.14524214458137524
115.7015306122449,0.14524214458137524
116.93239795918367,0.14524214458137524
118.16326530612244,0.14524214458137524
119.39413265306122,0.14524214458137524
120.625,0.14524214458137524
60.3125,0.10509884824026675
61.54336734693877,0.10142672997393816
62.77423469387755,0.10374785586966206
64.00510204081633,0.10554582657743768
65.2359693877551,0.10554583940017209
66.46683673469387,0.10478459986292517
67.69770408163265,0.10350529082227966
68.92857142857143,0.10208972443543311
70.15943877551021,0.10040927275832516
71.39030612244898,0.10575828701936628
72.62117346938776,0.09844391035136592
73.85204081632654,0.09643595751540981
75.0829081632653,0.09561345424257749
76.31377551020408,0.0980829867892655
77.54464285714286,0.10003751453254324
78.77551020408163,0.09989478849745888
80.0063775510204,0.09255120806211169
81.23724489795919,0.09239990152235493
82.46811224489795,0.08995159618385448
83.69897959183673,0.08827482153262368
84.92984693877551,0.08641937336319422
86.16071428571428,0.08216244094967684
87.39158163265306,0.08258033181703153
88.62244897959184,0.08298196235990306
89.8533163265306,0.08032213898877955
91.08418367346938,0.0795751670313826
92.31505102040816,0.07774811076409728
93.54591836734693,0.07927586831474948
94.77678571428571,0.07937227236798898
96.00765306122449,0.08464862308943595
97.23852040816325,0.0850789836039304
98.46938775510205,0.08826610710335936
99.70025510204081,0.09088983124253014
100.93112244897958,0.09335010072785878
102.16198979591837,0.08067035015103312
103.39285714285714,0.08523880326256739
104.62372448979592,0.08226837286640401
105.8545918367347,0.08855984972920129
107.08545918367346,0.09296245818352286
108.31632653061224,0.0960929007370037
109.54719387755102,0.09965918652901955
110.77806122448979,0.10223914576547322
112.00892857142857,0.10539202268074009
113.23979591836735,0.10814977018707811
114.47066326530611,0.11022932128777954
115.7015306122449,0.11052404794716693
116.93239795918367,0.11052404794716693
118.16326530612244,0.11052404794716693
119.39413265306122,0.11052404794716693
120.625,0.11052404794716693
60.3125,0.10205023848677816
61.54336734693877,0.10269138269748528
62.77423469387755,0.09935198538997574
64.00510204081633,0.09842295967416018
65.2359693877551,0.09753869023563083
66.46683673469387,0.09650326780567657
67.69770408163265,0.09514257180163105
68.92857142857143,0.09372643765496667
70.15943877551021,0.09304958350620941
71.39030612244898,0.09062243250908819
72.62117346938776,0.0906878977596281
73.85204081632654,0.08801385434078289
75.0829081632653,0.08617085060854761
76.31377551020408,0.08475043073582371
77.54464285714286,0.08693077661409111
78.77551020408163,0.08461064699831997
80.0063775510204,0.0860525323911579
81.23724489795919,0.08337119819885938
82.46811224489795,0.08405054783931298
83.69897959183673,0.08366469539897836
84.92984693877551,0.08434849913434857
86.16071428571428,0.08711428509187534
87.39158163265306,0.08460183193074801
88.62244897959184,0.08260088071137281
89.8533163265306,0.08086827711634224
91.08418367346938,0.08226298858231208
92.31505102040816,0.07944969019616822
93.54591836734693,0.07693435222531844
94.77678571428571,0.07740970258064159
96.00765306122449,0.07613979385019079
97.23852040816325,0.07734211853125461
98.46938775510205,0.0754704442087013
99.70025510204081,0.07709095794116591
100.93112244897958,0.07900435276426064
102.16198979591837,0.08112613963640687
103.39285714285714,0.08286987376060824
104.62372448979592,0.08369773950369871
105.8545918367347,0.08579542304862166
107.08545918367346,0.08790420043203379
108.31632653061224,0.08985971749169082
109.54719387755102,0.09187805284042046
110.77806122448979,0.09342738990742487
112.00892857142857,0.09496046901758133
113.23979591836735,0.09586523314555538
114.47066326530611,0.09606017918352215
115.7015306122449,0.0956760087104385
116.93239795918367,0.1009760458666999
118.16326530612244,0.09500379504100626
119.39413265306122,0.09500379504100626
120.625,0.09500379504100626
60.3125,0.10818861460280052
61.54336734693877,0.10963073767028658
62.77423469387755,0.10846928690591752
64.00510204081633,0.10864710949911707
65.2359693877551,0.10949444766516371
66.46683673469387,0.10834141349357271
67.69770408163265,0.10836189741784776
68.92857142857143,0.11879276986598096
70.15943877551021,0.1250959614026987
71.39030612244898,0.12291446455777144
72.62117346938776,0.1295363027864669
73.85204081632654,0.14437080350167472
75.0829081632653,0.13326104826327392
76.31377551020408,0.11748726358983475
77.54464285714286,0.149687969039344
78.77551020408163,0.19082938271799357
80.0063775510204,0.20709973226608944
81.23724489795919,0.25204946624882973
82.46811224489795,0.2508301524746175
83.69897959183673,0.18573166011864783
84.92984693877551,0.15399222452395397
86.16071428571428,0.18992827458271208
87.39158163265306,0.1044338188546235
88.62244897959184,0.09608506981247887
89.8533163265306,0.08761679024922367
91.08418367346938,0.08865494184976763
92.31505102040816,0.07753024737108453
93.54591836734693,0.07859551526479698
94.77678571428571,0.08140308578626043
96.00765306122449,0.08504888989558879
97.23852040816325,0.0885522162732191
98.46938775510205,0.08927064012069082
99.70025510204081,0.09361141487025172
100.93112244897958,0.09754338751033399
102.16198979591837,0.10143655340714917
103.39285714285714,0.10461549250198694
104.62372448979592,0.10822467443540494
105.8545918367347,0.11099394382380688
107.08545918367346,0.11407748541506892
108.31632653061224,0.11655365220528352
109.54719387755102,0.11886823021982634
110.77806122448979,0.11889420226118279
112.00892857142857,0.11889420226118279
113.23979591836735,0.11889420226118279
114.47066326530611,0.11889420226118279
115.7015306122449,0.11889420226118279
116.93239795918367,0.11889420226118279
118.16326530612244,0.11889420226118279
119.39413265306122,0.11889420226118279
120.625,0.11889420226118279
60.3125,0.11437068050029199
61.54336734693877,0.11436909975960675
62.77423469387755,0.10822179047082868
64.00510204081633,0.10532025441226368
65.2359693877551,0.10341881888823583
66.46683673469387,0.1023160184898139
67.69770408163265,0.10723028296968405
68.92857142857143,0.10426576351492187
70.15943877551021,0.10298089372847995
71.39030612244898,0.10216857241481428
72.62117346938776,0.1022277779625394
73.85204081632654,0.10269937835139648
75.0829081632653,0.1019935881346986
76.31377551020408,0.10314956132012007
77.54464285714286,0.10139000976981742
78.77551020408163,0.10029271396647821
80.0063775510204,0.09874305692677847
81.23724489795919,0.09824048222144882
82.46811224489795,0.0977889755102201
83.69897959183673,0.09745675982374945
84.92984693877551,0.09773626012907144
86.16071428571428,0.09776329149236297
87.39158163265306,0.09783998865376832
88.62244897959184,0.09722347220843013
89.8533163265306,0.09687047017844967
91.08418367346938,0.09528895952767964
92.31505102040816,0.09558101136381608
93.54591836734693,0.0960903031673116
94.77678571428571,0.09693814147802211
96.00765306122449,0.10075852952548164
97.23852040816325,0.10395761745720089
98.46938775510205,0.1071607618742945
99.70025510204081,0.0976502192001742
100.93112244897958,0.10106425733728659
102.16198979591837,0.10198581476457436
103.39285714285714,0.10636760061773295
104.62372448979592,0.10964453020265934
105.8545918367347,0.11227687893444853
107.08545918367346,0.1148504810122334
108.31632653061224,0.1168611712411184
109.54719387755102,0.11858200581472214
110.77806122448979,0.11991194052357058
112.00892857142857,0.12081746800325746
113.23979591836735,0.12130436392185524
114.47066326530611,0.12236280780386292
115.7015306122449,0.12189039439203361
116.93239795918367,0.12189039439203361
118.16326530612244,0.12189039439203361
119.39413265306122,0.12189039439203361
120.625,0.12189039439203361
60.3125,0.10161848157334907
61.54336734693877,0.1015835285777662
62.77423469387755,0.0991745251009765
64.00510204081633,0.08773509069838101
65.2359693877551,0.08790845460402018
66.46683673469387,0.09014786612858453
67.69770408163265,0.09014784785720675
68.92857142857143,0.08445407998811706
70.15943877551021,0.07974287262349788
71.39030612244898,0.0771042409160332
72.62117346938776,0.07506982541887858
73.85204081632654,0.07401285380077109
75.0829081632653,0.07301956208305409
76.31377551020408,0.07187754861810093
77.54464285714286,0.07109149773472177
78.77551020408163,0.07097272309426755
80.0063775510204,0.07184170712812922
81.23724489795919,0.07127661311364007
82.46811224489795,0.0707590341653411
83.69897959183673,0.07076153258003313
84.92984693877551,0.06892084045337633
86.16071428571428,0.0709708528142309
87.39158163265306,0.07090745597231432
88.62244897959184,0.07087457916502059
89.8533163265306,0.07142834686993817
91.08418367346938,0.07200517773118431
92.31505102040816,0.07308343787917385
93.54591836734693,0.07140539432479928
94.77678571428571,0.07203616142769247
96.00765306122449,0.07248611085589661
97.23852040816325,0.0756078819108543
98.46938775510205,0.07780279352900597
99.70025510204081,0.07405129540229677
100.93112244897958,0.07662152532794633
102.16198979591837,0.07873003827563584
103.39285714285714,0.08061331294221032
104.62372448979592,0.07237243817233106
105.8545918367347,0.07281104972356774
107.08545918367346,0.06939660336002057
108.31632653061224,0.074801799298433
109.54719387755102,0.0783660225052431
110.77806122448979,0.08149104544996047
112.00892857142857,0.08437828074035936
113.23979591836735,0.08720295054249733
114.47066326530611,0.08976392769267458
115.7015306122449,0.09216666563876086
116.93239795918367,0.09401719185546717
118.16326530612244,0.09532956213210722
119.39413265306122,0.09532956213210722
120.625,0.09532956213210722
60.3125,0.09367272499967429
61.54336734693877,0.09224641732607775
62.77423469387755,0.09214210383544962
64.00510204081633,0.09061181075731664
65.2359693877551,0.09179978937984186
66.46683673469387,0.09176705817747062
67.69770408163265,0.09174194007748149
68.92857142857143,0.09182475934690591
70.15943877551021,0.09177739550663794
71.39030612244898,0.09152335676105681
72.62117346938776,0.09089070237747973
73.85204081632654,0.09132907590794201
75.0829081632653,0.09090820275789016
76.31377551020408,0.08913304420215232
77.54464285714286,0.08629091009291884
78.77551020408163,0.08665995126888361
80.0063775510204,0.08707272179815365
81.23724489795919,0.08794425737537787
82.46811224489795,0.08894596753359467
83.69897959183673,0.08718713421067581
84.92984693877551,0.08817754229585154
86.16071428571428,0.08934881153556762
87.39158163265306,0.0902760941497528
88.62244897959184,0.0922161538586117
89.8533163265306,0.09263611148345452
91.08418367346938,0.09224780772026861
92.31505102040816,0.09268617513914193
93.54591836734693,0.09396087600822282
94.77678571428571,0.09117594057969564
96.00765306122449,0.09105285554464539
97.23852040816325,0.09258061237271184
98.46938775510205,0.0942769178979749
99.70025510204081,0.09584118268981304
100.93112244897958,0.08689767592626893
102.16198979591837,0.08926669534785081
103.39285714285714,0.0910797326305499
104.62372448979592,0.09353114993947
105.8545918367347,0.09594237555270481
107.08545918367346,0.09820912732073994
108.31632653061224,0.10057726351662907
109.54719387755102,0.10248150635225171
110.77806122448979,0.10448905279190815
112.00892857142857,0.10588656734251034
113.23979591836735,0.10650787324605432
114.47066326530611,0.10642926471945023
115.7015306122449,0.10630646517588133
116.93239795918367,0.10630646517588133
118.16326530612244,0.10630646517588133
119.39413265306122,0.10630646517588133
120.625,0.10630646517588133
60.3125,0.10171435573848311
61.54336734693877,0.09550454301495627
62.77423469387755,0.10155074015594988
64.00510204081633,0.09379323318039388
65.2359693877551,0.09380747924342729
66.46683673469387,0.0938189418162824
67.69770408163265,0.09379892045641691
68.92857142857143,0.09348081731810891
70.15943877551021,0.09299214562797471
71.39030612244898,0.09243663872321538
72.62117346938776,0.09408500436044552
73.85204081632654,0.09408348939097778
75.0829081632653,0.0981635366579296
76.31377551020408,0.09098710050779595
77.54464285714286,0.090194152433665
78.77551020408163,0.08915662311593396
80.0063775510204,0.08700522139810352
81.23724489795919,0.08194948601062978
82.46811224489795,0.08647884710541252
83.69897959183673,0.08384931481219372
84.92984693877551,0.08365413954123657
86.16071428571428,0.08090185468359797
87.39158163265306,0.08059578792070564
88.62244897959184,0.08025512212622325
89.8533163265306,0.08165909468962709
91.08418367346938,0.08090208726726614
92.31505102040816,0.0789955608097976
93.54591836734693,0.07828810850004467
94.77678571428571,0.07810602624398015
96.00765306122449,0.08003576210957238
97.23852040816325,0.07871820731534795
98.46938775510205,0.07900272716496627
99.70025510204081,0.07977596162314159
100.93112244897958,0.08442567352874776
102.16198979591837,0.08215551883032211
103.39285714285714,0.08362759646352069
104.62372448979592,0.08479621369922041
105.8545918367347,0.08617809362943346
107.08545918367346,0.08763113114046689
108.31632653061224,0.08919517780957154
109.54719387755102,0.09053199154242497
110.77806122448979,0.0920542656444816
112.00892857142857,0.09330235679155116
113.23979591836735,0.0942015413350261
114.47066326530611,0.09439901377352579
115.7015306122449,0.09358800669811324
116.93239795918367,0.09307680922916196
118.16326530612244,0.09170345291524683
119.39413265306122,0.09170345291524683
120.625,0.09170345291524683
60.3125,0.09419114827862597
61.54336734693877,0.0978177360771046
62.77423469387755,0.09690833246579558
64.00510204081633,0.09629254158876865
65.2359693877551,0.09527766620087456
66.46683673469387,0.09599492443185269
67.69770408163265,0.0963347583001852
68.92857142857143,0.09569324962728207
70.15943877551021,0.09587152564049692
71.39030612244898,0.09405835771776756
72.62117346938776,0.0935418372861217
73.85204081632654,0.0918050179683535
75.0829081632653,0.08960069001686273
76.31377551020408,0.0871154220904671
77.54464285714286,0.07614478674644132
78.77551020408163,0.07576499717494765
80.0063775510204,0.07688426015051435
81.23724489795919,0.07584456258885244
82.46811224489795,0.07738579245223201
83.69897959183673,0.07841080171583518
84.92984693877551,0.07559824442019547
86.16071428571428,0.07698824510081241
87.39158163265306,0.07421967829884583
88.62244897959184,0.07552653228909718
89.8533163265306,0.0706700426459782
91.08418367346938,0.0660052322376646
92.31505102040816,0.0638546958501045
93.54591836734693,0.06174017458650786
94.77678571428571,0.06049677821549822
96.00765306122449,0.059819831608485544
97.23852040816325,0.061479490193951374
98.46938775510205,0.06063344647373009
99.70025510204081,0.06165077706200162
100.93112244897958,0.06304704754572624
102.16198979591837,0.06376027146608503
103.39285714285714,0.06601681272787244
104.62372448979592,0.062012503601762685
105.8545918367347,0.06167892909951772
107.08545918367346,0.06544393374211738
108.31632653061224,0.06916143786359281
109.54719387755102,0.07195991212072649
110.77806122448979,0.07504482631900984
112.00892857142857,0.07740199978501364
113.23979591836735,0.07971115295441628
114.47066326530611,0.08120795200318769
115.7015306122449,0.08174758145638358
116.93239795918367,0.08245931262219183
118.16326530612244,0.08245931262219183
119.39413265306122,0.08245931262219183
120.625,0.08245931262219183
60.3125,0.1202469621923846
61.54336734693877,0.11933999758638988
62.77423469387755,0.11685750372592149
64.00510204081633,0.11501219375637392
65.2359693877551,0.11312366633897995
66.46683673469387,0.1146448164451333
67.69770408163265,0.11481611427381351
68.92857142857143,0.11208006715489675
70.15943877551021,0.10928337406476697
71.39030612244898,0.10708765699659173
72.62117346938776,0.10591393699506173
73.85204081632654,0.10410101603683769
75.0829081632653,0.10416071410201315
76.31377551020408,0.10716562960138243
77.54464285714286,0.11382700901655582
78.77551020408163,0.10258371730969344
80.0063775510204,0.10181775706998739
81.23724489795919,0.10291381648964652
82.46811224489795,0.10336965639680029
83.69897959183673,0.10395298098923125
84.92984693877551,0.1054630068419649
86.16071428571428,0.10580143721453546
87.39158163265306,0.10547406933000213
88.62244897959184,0.11003197351708041
89.8533163265306,0.11230078577440926
91.08418367346938,0.11374764410407896
92.31505102040816,0.11707343004283997
93.54591836734693,0.11962882034451155
94.77678571428571,0.12214556416251413
96.00765306122449,0.12461493746050138
97.23852040816325,0.1267745965046506
98.46938775510205,0.1181471889058869
99.70025510204081,0.12238650241915583
100.93112244897958,0.12620972944238504
102.16198979591837,0.12886735966939278
103.39285714285714,0.13190932837072888
104.62372448979592,0.13451938949856915
105.8545918367347,0.1366188359435328
107.08545918367346,0.13827289206654814
108.31632653061224,0.13901441128351574
109.54719387755102,0.13889024311946216
110.77806122448979,0.14274610834784296
112.00892857142857,0.1386121519901798
113.23979591836735,0.1386121519901798
114.47066326530611,0.1386121519901798
115.7015306122449,0.1386121519901798
116.93239795918367,0.1386121519901798
118.16326530612244,0.1386121519901798
119.39413265306122,0.1386121519901798
120.625,0.1386121519901798
60.3125,0.07856362104476054
61.54336734693877,0.07752255276479111
62.77423469387755,0.07677191702912656
64.00510204081633,0.07571255049435142
65.2359693877551,0.07430530160152353
66.46683673469387,0.07416345415576715
67.69770408163265,0.07382370329010554
68.92857142857143,0.07352312056888362
70.15943877551021,0.07352279125223253
71.39030612244898,0.07253582858511678
72.62117346938776,0.07180742257327487
73.85204081632654,0.07133277680721799
75.0829081632653,0.07076360636257556
76.31377551020408,0.07032923969609943
77.54464285714286,0.06815837528649439
78.77551020408163,0.06617322194042047
80.0063775510204,0.06683497749202189
81.23724489795919,0.06691238890302309
82.46811224489795,0.06692931282909852
83.69897959183673,0.07038587572153703
84.92984693877551,0.07010727921087906
86.16071428571428,0.07150123852707675
87.39158163265306,0.07170608396545658
88.62244897959184,0.07148433976981773
89.8533163265306,0.07182807113477367
91.08418367346938,0.0670003797318574
92.31505102040816,0.06762697569668916
93.54591836734693,0.06940922928833734
94.77678571428571,0.07189120986977786
96.00765306122449,0.07454130676407904
97.23852040816325,0.08033689077909859
98.46938775510205,0.08462750382230243
99.70025510204081,0.08636229952830968
100.93112244897958,0.0876613991614507
102.16198979591837,0.09307737085948826
103.39285714285714,0.09910127000587306
104.62372448979592,0.10362894807442899
105.8545918367347,0.10831765087918478
107.08545918367346,0.11237599320868977
108.31632653061224,0.1161179119029325
109.54719387755102,0.11949191539699693
110.77806122448979,0.12119180526047622
112.00892857142857,0.12131326063265321
113.23979591836735,0.12131326063265321
114.47066326530611,0.12131326063265321
115.7015306122449,0.12131326063265321
116.93239795918367,0.12131326063265321
118.16326530612244,0.12131326063265321
119.39413265306122,0.12131326063265321
120.625,0.12131326063265321
60.3125,0.10233704216416305
61.54336734693877,0.10227781936912254
62.77423469387755,0.10200077540822561
64.00510204081633,0.10334875990818927
65.2359693877551,0.10303544027948115
66.46683673469387,0.09770761706182461
67.69770408163265,0.09502279408306227
68.92857142857143,0.09192027817718092
70.15943877551021,0.09033367673315852
71.39030612244898,0.087077303106752
72.62117346938776,0.08247220211765588
73.85204081632654,0.08194188217700495
75.0829081632653,0.08272422751333994
76.31377551020408,0.08132214133488926
77.54464285714286,0.07986627979198882
78.77551020408163,0.08107902758604894
80.0063775510204,0.08017251556291478
81.23724489795919,0.07862232189905755
82.46811224489795,0.07912948805987993
83.69897959183673,0.0804269849477013
84.92984693877551,0.08360087460398848
86.16071428571428,0.08462753771234441
87.39158163265306,0.08456367528913933
88.62244897959184,0.08644783360514219
89.8533163265306,0.08405927028002316
91.08418367346938,0.08226170827710581
92.31505102040816,0.07926382200704851
93.54591836734693,0.08004317492950537
94.77678571428571,0.07845423683323136
96.00765306122449,0.08213901103757969
97.23852040816325,0.08800578516293749
98.46938775510205,0.09265282117813403
99.70025510204081,0.09715016531622825
100.93112244897958,0.09880373084833471
102.16198979591837,0.09324558493668607
103.39285714285714,0.0996747596694818
104.62372448979592,0.09755951567414127
105.8545918367347,0.10326754785322179
107.08545918367346,0.10758385280954069
108.31632653061224,0.11154443258868994
109.54719387755102,0.11491978756334563
110.77806122448979,0.11798341610366649
112.00892857142857,0.12032917028694665
113.23979591836735,0.12169987157883826
114.47066326530611,0.12248287132451628
115.7015306122449,0.1215347408319404
116.93239795918367,0.1215347408319404
118.16326530612244,0.1215347408319404
119.39413265306122,0.1215347408319404
120.625,0.1215347408319404
60.3125,0.0778554150742298
61.54336734693877,0.0772577619793684
62.77423469387755,0.0774252086179502
64.00510204081633,0.07396883169022475
65.2359693877551,0.07381201123859069
66.46683673469387,0.0744702052907739
67.69770408163265,0.07446031309981264
68.92857142857143,0.07454199427600253
70.15943877551021,0.07430655945031055
71.39030612244898,0.07397413981230502
72.62117346938776,0.07406855837295431
73.85204081632654,0.07373366832899018
75.0829081632653,0.07311109270180552
76.31377551020408,0.07213924845915945
77.54464285714286,0.07053777116853313
78.77551020408163,0.07528559465575801
80.0063775510204,0.07150415007261228
81.23724489795919,0.07286299832764112
82.46811224489795,0.07190193898817664
83.69897959183673,0.07156152788917272
84.92984693877551,0.0725555189689639
86.16071428571428,0.07341543802275681
87.39158163265306,0.07294148112642479
88.62244897959184,0.07364981372281108
89.8533163265306,0.07107809554074555
91.08418367346938,0.07144476879596814
92.31505102040816,0.07023629463145092
93.54591836734693,0.06988139951263947
94.77678571428571,0.069094567049106
96.00765306122449,0.07116413190846711
97.23852040816325,0.06514448359931717
98.46938775510205,0.06908732387362149
99.70025510204081,0.06490229079174906
100.93112244897958,0.06404342003418065
102.16198979591837,0.0639804765307326
103.39285714285714,0.06430849959465927
104.62372448979592,0.06738045185870266
105.8545918367347,0.06926729891015086
107.08545918367346,0.06738052748277712
108.31632653061224,0.0666108653376929
109.54719387755102,0.06758384008348527
110.77806122448979,0.06853358473820324
112.00892857142857,0.06983043647504861
113.23979591836735,0.07111103178700043
114.47066326530611,0.0723096684782384
115.7015306122449,0.07338906094262572
116.93239795918367,0.07406995219212738
118.16326530612244,0.07422602957140531
119.39413265306122,0.07458651104165048
120.625,0.07448924076272877
60.3125,0.12883289571159917
61.54336734693877,0.12834666638239672
62.77423469387755,0.1279023729336577
64.00510204081633,0.12682068641894298
65.2359693877551,0.12664673787432795
66.46683673469387,0.12617452923120615
67.69770408163265,0.12646408108403748
68.92857142857143,0.1269317724880262
70.15943877551021,0.12495629820833032
71.39030612244898,0.12636615755332803
72.62117346938776,0.12422019110886484
73.85204081632654,0.1237269056386262
75.0829081632653,0.12453947847766676
76.31377551020408,0.12253885838034953
77.54464285714286,0.12634779720277695
78.77551020408163,0.12031936017607439
80.0063775510204,0.11975732303430066
81.23724489795919,0.11971586263343975
82.46811224489795,0.1200495591278024
83.69897959183673,0.11965952488499816
84.92984693877551,0.12053489161216029
86.16071428571428,0.119691669384009
87.39158163265306,0.12079444424753472
88.62244897959184,0.12226533360680547
89.8533163265306,0.1176492205268331
91.08418367346938,0.12048570981746755
92.31505102040816,0.12289493448843668
93.54591836734693,0.12507268565294724
94.77678571428571,0.11664296073194552
96.00765306122449,0.12131335885375119
97.23852040816325,0.12137158867789791
98.46938775510205,0.12466876111812458
99.70025510204081,0.12756673290365833
100.93112244897958,0.13025177356855355
102.16198979591837,0.13288633563643382
103.39285714285714,0.13532297399146995
104.62372448979592,0.13773615175044282
105.8545918367347,0.13961956688264185
107.08545918367346,0.14038011367818456
108.31632653061224,0.14021811088985586
109.54719387755102,0.14021811088985586
110.77806122448979,0.14021811088985586
112.00892857142857,0.14021811088985586
113.23979591836735,0.14021811088985586
114.47066326530611,0.14021811088985586
115.7015306122449,0.14021811088985586
116.93239795918367,0.14021811088985586
118.16326530612244,0.14021811088985586
119.39413265306122,0.14021811088985586
120.625,0.14021811088985586
60.3125,0.10802075565742471
61.54336734693877,0.10312735160769086
62.77423469387755,0.1031456402243811
64.00510204081633,0.10102577445793537
65.2359693877551,0.09965461770113851
66.46683673469387,0.0972301738591432
67.69770408163265,0.0951577509730938
68.92857142857143,0.09333644152199051
70.15943877551021,0.0929729054022059
71.39030612244898,0.09162572726397578
72.62117346938776,0.09014385098129896
73.85204081632654,0.08906926278387418
75.0829081632653,0.08721805968826522
76.31377551020408,0.08634898485057768
77.54464285714286,0.08467374304329514
78.77551020408163,0.08513285724900553
80.0063775510204,0.08440514790534309
81.23724489795919,0.0830028133532804
82.46811224489795,0.08306059034288167
83.69897959183673,0.08326369916637338
84.92984693877551,0.08595540637906877
86.16071428571428,0.08717992613670264
87.39158163265306,0.08288045919888337
88.62244897959184,0.07957452011537886
89.8533163265306,0.07793973385768871
91.08418367346938,0.07649401064554062
92.31505102040816,0.07493906882359236
93.54591836734693,0.07511590811478112
94.77678571428571,0.07594589418096163
96.00765306122449,0.07592694027818962
97.23852040816325,0.07679404679733848
98.46938775510205,0.0768237492539325
99.70025510204081,0.07783923380365071
100.93112244897958,0.0783959188895113
102.16198979591837,0.07871581946999087
103.39285714285714,0.08036080383281129
104.62372448979592,0.0823147761387221
105.8545918367347,0.08438033218118053
107.08545918367346,0.08615469265207726
108.31632653061224,0.08821477365803175
109.54719387755102,0.08982891310660487
110.77806122448979,0.09172939465280697
112.00892857142857,0.0932675266673713
113.23979591836735,0.09521066617344053
114.47066326530611,0.0947117961762499
115.7015306122449,0.0947117961762499
116.93239795918367,0.0947117961762499
118.16326530612244,0.0947117961762499
119.39413265306122,0.0947117961762499
120.625,0.0947117961762499
60.3125,0.05545170909932106
61.54336734693877,0.05540363029786106
62.77423469387755,0.055050807671247856
64.00510204081633,0.05534843290094179
65.2359693877551,0.05525489429728724
66.46683673469387,0.05545070142112041
67.69770408163265,0.05286707661156694
68.92857142857143,0.053208463001895016
70.15943877551021,0.055653375288819563
71.39030612244898,0.05470204444902463
72.62117346938776,0.05303899364312947
73.85204081632654,0.05422300858812672
75.0829081632653,0.05422890403857429
76.31377551020408,0.05420539678437944
77.54464285714286,0.054048344362018094
78.77551020408163,0.05328695825096885
80.0063775510204,0.05237383321118685
81.23724489795919,0.05121237981300221
82.46811224489795,0.05060368944909055
83.69897959183673,0.05004674629563762
84.92984693877551,0.04956924907981221
86.16071428571428,0.0464202371828862
87.39158163265306,0.04572024249768353
88.62244897959184,0.045577384118963456
89.8533163265306,0.0457445806538166
91.08418367346938,0.04588329784709304
92.31505102040816,0.04593860722739525
93.54591836734693,0.04586646526873999
94.77678571428571,0.04736546845763852
96.00765306122449,0.047396387735484165
97.23852040816325,0.04661066336721827
98.46938775510205,0.046946658338501424
99.70025510204081,0.04867139398390465
100.93112244897958,0.05206129270235295
102.16198979591837,0.05054452189189704
103.39285714285714,0.053197411628354785
104.62372448979592,0.05550260724825297
105.8545918367347,0.05789858724966988
107.08545918367346,0.05131677873652476
108.31632653061224,0.05032114058072089
109.54719387755102,0.05344107786655627
110.77806122448979,0.05758826275529325
112.00892857142857,0.061343721159039084
113.23979591836735,0.06459068495553795
114.47066326530611,0.0677451834886167
115.7015306122449,0.0704963192780983
116.93239795918367,0.07315785447963533
118.16326530612244,0.0751881434052078
119.39413265306122,0.07561883402696219
120.625,0.07630170205808252
60.3125,0.0804530044323243
61.54336734693877,0.07948071218404691
62.77423469387755,0.07998020508312886
64.00510204081633,0.07801775985929087
65.2359693877551,0.07672389908978088
66.46683673469387,0.07871001338196208
67.69770408163265,0.07847308192455776
68.92857142857143,0.0787526277260328
70.15943877551021,0.07833381132958799
71.39030612244898,0.07810753211728279
72.62117346938776,0.0744762727484662
73.85204081632654,0.07318022984550737
75.0829081632653,0.07253280072936213
76.31377551020408,0.07773296774587288
77.54464285714286,0.07744597616912044
78.77551020408163,0.07771574652263755
80.0063775510204,0.07689861027479966
81.23724489795919,0.07120844192792666
82.46811224489795,0.0808814953428456
83.69897959183673,0.06973988976370597
84.92984693877551,0.07662747113923447
86.16071428571428,0.07762654449727613
87.39158163265306,0.07700705415154505
88.62244897959184,0.07245877956944585
89.8533163265306,0.07128171536125341
91.08418367346938,0.07269784183774541
92.31505102040816,0.07017268062748516
93.54591836734693,0.0670195338035529
94.77678571428571,0.053952712515198994
96.00765306122449,0.05169782374871429
97.23852040816325,0.05153936751932706
98.46938775510205,0.05442386231927519
99.70025510204081,0.058639363751933536
100.93112244897958,0.057334237313176196
102.16198979591837,0.06247748215965806
103.39285714285714,0.06531279382714301
104.62372448979592,0.0675855914945367
105.8545918367347,0.05792091580063994
107.08545918367346,0.06279873592398183
108.31632653061224,0.059940088769812536
109.54719387755102,0.06340817848806811
110.77806122448979,0.06667888575417634
112.00892857142857,0.06939725242534639
113.23979591836735,0.07249135546970839
114.47066326530611,0.07481831677577229
115.7015306122449,0.07747899581158894
116.93239795918367,0.07948282575011305
118.16326530612244,0.08059903002237281
119.39413265306122,0.08132662812499661
120.625,0.08132662812499661
60.3125,0.10381261185142858
61.54336734693877,0.10543459780719568
62.77423469387755,0.10436867125855412
64.00510204081633,0.10316585939537305
65.2359693877551,0.09845923855590338
66.46683673469387,0.09830124576839377
67.69770408163265,0.09768278725450856
68.92857142857143,0.0970842624645222
70.15943877551021,0.09636717880293315
71.39030612244898,0.09101587763310538
72.62117346938776,0.09020667330038953
73.85204081632654,0.09372570413148942
75.0829081632653,0.08824600443665026
76.31377551020408,0.08779539639986743
77.54464285714286,0.08700629296826833
78.77551020408163,0.08638769034669422
80.0063775510204,0.08631626202421434
81.23724489795919,0.08847799305210356
82.46811224489795,0.08915868805799543
83.69897959183673,0.0872148111165342
84.92984693877551,0.08502691033989765
86.16071428571428,0.08485634189953316
87.39158163265306,0.0850632953435208
88.62244897959184,0.08704768953022735
89.8533163265306,0.08686486732370258
91.08418367346938,0.08649326069518244
92.31505102040816,0.08679767817697423
93.54591836734693,0.08902325397574229
94.77678571428571,0.09080922952417157
96.00765306122449,0.09245789782296226
97.23852040816325,0.09403963181791242
98.46938775510205,0.09476702314303469
99.70025510204081,0.09849291258124392
100.93112244897958,0.1000517726617621
102.16198979591837,0.10206295392505702
103.39285714285714,0.10367461202122742
104.62372448979592,0.10566837519935063
105.8545918367347,0.10759611618140685
107.08545918367346,0.10932174643277161
108.31632653061224,0.11119369249011311
109.54719387755102,0.1128120239244094
110.77806122448979,0.11406356880874283
112.00892857142857,0.11462798593754397
113.23979591836735,0.1145811551002533
114.47066326530611,0.1145811551002533
115.7015306122449,0.1145811551002533
116.93239795918367,0.1145811551002533
118.16326530612244,0.1145811551002533
119.39413265306122,0.1145811551002533
120.625,0.1145811551002533
60.3125,0.1287446362628148
61.54336734693877,0.12886889033319684
62.77423469387755,0.12904096073558183
64.00510204081633,0.13466954187107705
65.2359693877551,0.13458569239717372
66.46683673469387,0.13460265839917054
67.69770408163265,0.1343989457866606
68.92857142857143,0.13386179152172953
70.15943877551021,0.13275881380925594
71.39030612244898,0.129505609415299
72.62117346938776,0.12421306724833348
73.85204081632654,0.12378147745788874
75.0829081632653,0.1215780456137744
76.31377551020408,0.12108470298697918
77.54464285714286,0.11970945379369333
78.77551020408163,0.1184456214592479
80.0063775510204,0.11897708632435798
81.23724489795919,0.11910609743456317
82.46811224489795,0.11856955315407583
83.69897959183673,0.12206986701949848
84.92984693877551,0.11955691842431143
86.16071428571428,0.1171623724495444
87.39158163265306,0.11588279496221453
88.62244897959184,0.11446234633621757
89.8533163265306,0.11525080095579755
91.08418367346938,0.11685915666687066
92.31505102040816,0.11537670259866029
93.54591836734693,0.11447478110337883
94.77678571428571,0.11463763378942447
96.00765306122449,0.11536828798018363
97.23852040816325,0.12105340769664186
98.46938775510205,0.12114425790524991
99.70025510204081,0.12191607382250105
100.93112244897958,0.12296432000825162
102.16198979591837,0.12399675373749311
103.39285714285714,0.1251013520669471
104.62372448979592,0.12632411711627356
105.8545918367347,0.12732185493347228
107.08545918367346,0.1282572443499993
108.31632653061224,0.12889819468127853
109.54719387755102,0.12907960089752435
110.77806122448979,0.12905112032414756
112.00892857142857,0.12947720671133467
113.23979591836735,0.12947720671133467
114.47066326530611,0.12947720671133467
115.7015306122449,0.12947720671133467
116.93239795918367,0.12947720671133467
118.16326530612244,0.12947720671133467
119.39413265306122,0.12947720671133467
120.625,0.12947720671133467
