pl_name,pl_bmasse,pl_rade,pl_radeerr1,pl_radeerr2,error_score
K2-4 b,,2.1,0.2,-0.19,0.09285714285714286
K2-5 b,,1.5,0.17,-0.17,0.11333333333333334
K2-5 c,,1.92,0.2,-0.2,0.10416666666666667
K2-6 b,,2.31215242,0.16732223,-0.11947777,0.06202013273848097
K2-7 b,,4.03523305,0.30264248,-0.25780656,0.06944444509840639
K2-8 b,,3.32,0.5,-0.5,0.15060240963855423
K2-8 c,,2.41,0.33,-0.33,0.13692946058091285
K2-9 b,,1.6,0.42,-0.42,0.26249999999999996
K2-11 b,,2.42,0.29,-0.29,0.11983471074380164
K2-13 b,,2.7,0.27,-0.27,0.1
K2-14 b,,7.49,0.48,-0.47,0.06341789052069424
K2-15 b,,2.48,0.3,-0.3,0.12096774193548386
K2-16 b,,1.96,0.17,-0.17,0.08673469387755103
K2-16 c,,2.19,0.23,-0.23,0.10502283105022832
K2-17 b,,2.03,0.18,-0.16,0.08374384236453203
K2-21 b,,1.84,0.1,-0.1,0.05434782608695652
K2-21 c,,2.49,0.17,-0.19,0.07228915662650602
K2-26 b,,2.58,0.2,-0.2,0.07751937984496124
K2-28 b,,2.32,0.24,-0.24,0.10344827586206896
K2-35 b,,1.32,0.08,-0.08,0.06060606060606061
K2-35 c,,1.93,0.13,-0.11,0.06217616580310881
K2-37 b,,1.52572113,0.17840384,-0.10326211,0.09230584294260905
K2-37 c,,2.65,0.23,-0.23,0.08679245283018869
K2-37 d,,2.59,0.25,-0.25,0.09652509652509653
K2-42 b,,2.15,0.24,-0.24,0.11162790697674418
K2-43 b,,4.51,0.44,-0.19,0.06984478935698449
K2-43 c,,2.42,0.26,-0.11,0.07644628099173553
K2-44 b,,2.433,0.089,-0.072,0.03308672420879573
K2-45 b,,6.71,0.0,0.0,0.0
K2-46 b,,2.05,0.24,-0.24,0.11707317073170732
K2-47 b,,1.89,0.26,-0.26,0.1375661375661376
K2-48 b,,2.24,0.24,-0.24,0.10714285714285712
K2-49 b,,1.93,0.53,-0.53,0.2746113989637306
K2-50 b,,1.59,0.24,-0.24,0.1509433962264151
K2-52 b,,18.0,2.2,-2.2,0.12222222222222223
K2-53 b,,2.6,0.1,-0.1,0.038461538461538464
K2-54 b,,2.6116925,0.21297063,-0.19055267,0.07725321798029439
K2-55 b,,4.38,0.29,-0.25,0.06164383561643835
K2-57 b,,2.30905002,0.16813471,-0.13450777,0.06553398093991918
K2-58 b,,2.59425303,0.28436776,-0.12901855,0.07967347541268942
K2-58 c,,1.62512091,0.25774155,-0.08675206,0.10599014752693078
K2-58 d,,1.75221592,0.19557774,-0.09281477,0.08229365648041823
K2-59 b,,2.41,0.31,-0.31,0.12863070539419086
K2-59 c,,2.3,0.29,-0.29,0.12608695652173912
K2-61 b,,1.93284331,0.3216506,-0.14677804,0.12117605125477038
K2-62 b,,1.92561267,0.13471739,-0.09638574,0.06000768835822003
K2-62 c,,1.89069587,0.199688,-0.11076445,0.08210004975575474
K2-63 b,,3.22,0.99,-0.99,0.3074534161490683
K2-63 c,,3.9,1.2,-1.2,0.3076923076923077
K2-64 b,,2.07,0.26,-0.26,0.12560386473429952
K2-65 b,,1.38162499,0.24705673,-0.09273994,0.1229699348446209
K2-68 b,,1.82830556,0.13863365,-0.09734284,0.06453420455604805
K2-69 b,,2.32,0.36,-0.36,0.15517241379310345
K2-70 b,,2.75039475,0.1455633,-0.09828414,0.04432953487858425
K2-71 b,,2.15,0.33,-0.33,0.15348837209302327
K2-72 b,,1.08,0.11,-0.11,0.10185185185185185
K2-72 c,,1.16,0.13,-0.13,0.1120689655172414
K2-72 d,,1.01,0.12,-0.12,0.1188118811881188
K2-72 e,,1.29,0.14,-0.13,0.10465116279069768
K2-73 b,,2.45,0.21,-0.21,0.0857142857142857
K2-74 b,,2.31,0.19,-0.19,0.08225108225108226
K2-75 b,,2.54862479,0.37183174,-0.23482454,0.11901639707428258
K2-75 c,,2.62624197,0.37174761,-0.24585742,0.11758342092141646
K2-80 b,,2.11327433,0.30057332,-0.13438982,0.10291213351368347
K2-80 c,,1.48914397,0.19174122,-0.09720773,0.09701847364026192
K2-80 d,,2.55211506,0.2762906,-0.13953552,0.0814669617599451
K2-81 b,,1.97,0.13,-0.11,0.06091370558375635
K2-83 b,,1.71,0.1,-0.1,0.058479532163742694
K2-83 c,,2.11,0.12,-0.12,0.05687203791469195
K2-84 b,,2.41,0.35,-0.35,0.14522821576763484
K2-84 c,,2.03,0.32,-0.32,0.1576354679802956
K2-85 b,,1.2,0.08,-0.07,0.0625
K2-86 b,,1.97521161,0.26448945,-0.15067635,0.10509400559872165
K2-87 b,,7.6,0.4,-0.4,0.052631578947368425
K2-88 b,,2.3,0.23,-0.21,0.09565217391304348
K2-89 b,,1.08,0.09,-0.08,0.07870370370370369
K2-90 b,,2.6,0.1,-0.1,0.038461538461538464
K2-90 c,,1.3,0.13,-0.11,0.09230769230769231
K2-91 b,,1.22,0.12,-0.12,0.09836065573770492
K2-95 b,,3.31,0.2,-0.14,0.0513595166163142
GJ 238 b,,0.566,0.014,-0.014,0.02473498233215548
K2-101 b,,2.0,0.1,-0.1,0.05
K2-102 b,,1.3,0.1,-0.1,0.07692307692307693
K2-104 b,,1.79,0.1,-0.06,0.0446927374301676
K2-116 b,,0.69,0.04,-0.04,0.05797101449275363
K2-117 b,,2.03,0.1,-0.1,0.049261083743842374
K2-117 c,,2.06,0.12,-0.12,0.058252427184466014
K2-118 b,,2.54,0.23,-0.2,0.08464566929133858
K2-119 b,,2.29,0.15,-0.13,0.061135371179039305
K2-121 b,,7.5,0.14,-0.14,0.018666666666666668
K2-122 b,,1.28,0.08,-0.08,0.0625
K2-123 b,,2.65,0.15,-0.15,0.05660377358490566
K2-124 b,,2.9,0.1,-0.1,0.034482758620689655
K2-125 b,,2.18,0.19,-0.18,0.08486238532110091
K2-126 b,,1.84,0.11,-0.1,0.057065217391304345
K2-127 b,,8.37,0.33,-0.33,0.039426523297491044
K2-128 b,,1.20312295,0.10199284,-0.07399352,0.07313731318981156
K2-129 b,,1.04,0.1,-0.09,0.09134615384615385
K2-130 b,,1.06180894,0.11801286,-0.09126083,0.09854583160695558
K2-133 b,,1.34,0.077,-0.076,0.05708955223880596
K2-133 c,,1.603,0.09,-0.088,0.05552089831565814
K2-133 d,,2.003,0.107,-0.107,0.05341987019470793
K2-133 e,,1.73,0.14,-0.13,0.07803468208092487
K2-147 b,,1.47286006,0.11096891,-0.09863903,0.07115677371277215
K2-148 b,,1.33,0.19,-0.18,0.13909774436090225
K2-148 c,,1.73,0.24,-0.21,0.13005780346820808
K2-148 d,,1.64,0.24,-0.21,0.13719512195121952
K2-149 b,,1.64,0.2,-0.18,0.11585365853658537
K2-150 b,,2.0,0.27,-0.21,0.12
K2-151 b,,1.49,0.08,-0.08,0.053691275167785234
K2-152 b,,2.29,0.25,-0.24,0.10698689956331878
K2-153 b,,2.0,0.21,-0.18,0.0975
K2-154 b,,1.99,0.21,-0.11,0.08040201005025126
K2-154 c,,2.07,0.18,-0.13,0.0748792270531401
K2-155 b,,1.8,0.2,-0.1,0.08333333333333334
K2-155 c,,1.95,0.27,-0.22,0.12564102564102564
K2-155 d,,1.64,0.18,-0.17,0.10670731707317074
K2-156 b,,1.1,0.09,-0.06,0.06818181818181818
K2-158 b,,2.64,0.16,-0.1,0.04924242424242424
K2-158 c,,1.28,0.13,-0.1,0.08984375
K2-159 b,,2.26,0.17,-0.11,0.06194690265486726
K2-160 b,,3.17824034,0.21418014,-0.1454733,0.05658059201400735
K2-161 b,,6.11721229,1.63323815,-0.78261667,0.1974637061353318
K2-162 b,,1.44,0.11,-0.07,0.0625
K2-163 b,,2.46610713,0.25681072,-0.12408569,0.07722624969662205
K2-164 b,,3.24925008,0.51526655,-0.41335659,0.14289807142206795
K2-165 b,,1.27443657,0.14459836,-0.09720175,0.09486549416892517
K2-165 c,,1.55409035,0.20925649,-0.11010438,0.10274848885072865
K2-165 d,,2.64809498,0.25333143,-0.14795979,0.07576979357439816
K2-166 b,,2.19,0.2,-0.19,0.08904109589041097
K2-168 b,,2.14446231,0.20704085,-0.13716446,0.08025445548632654
K2-169 b,,1.27328671,0.10733117,-0.07695112,0.07236480540977294
K2-170 b,,1.41817537,0.20164964,-0.13107037,0.11730566509556573
K2-170 c,,1.8017647,0.24523316,-0.15822636,0.11196232227215908
K2-171 b,,2.68657205,0.40023833,-0.33153947,0.1361917317646478
K2-172 b,,1.66608079,0.15959489,-0.09523043,0.07647447876762326
K2-172 c,,3.20569097,0.18890159,-0.13911768,0.05116202295694148
K2-173 b,,1.60826194,0.15968465,-0.10547102,0.08243547378855462
K2-174 b,,2.6,0.1,-0.1,0.038461538461538464
K2-175 b,,2.03803688,0.35536293,-0.27066826,0.15358681585781706
K2-176 b,,1.49090097,0.12341971,-0.09253438,0.07242402223401867
K2-177 b,,2.1162048,0.28262597,-0.15917785,0.10438588457979114
K2-178 b,,3.55790985,0.20414388,-0.13806599,0.04809141946078257
K2-179 b,,2.51267885,0.16431084,-0.12074766,0.05672402185420553
K2-181 b,,2.83587212,0.21297063,-0.15692573,0.06521739069108659
K2-183 b,,1.1,0.1,-0.08,0.08181818181818182
K2-183 c,,2.3,0.2,-0.1,0.06521739130434784
K2-183 d,,2.54112738,0.28036992,-0.14829042,0.08434452034435205
K2-184 b,,1.47,0.11,-0.05,0.054421768707483
K2-185 b,,1.15,0.07,-0.07,0.060869565217391314
K2-185 c,,2.39,0.09,-0.09,0.03765690376569037
K2-186 b,,3.17207779,0.26358217,-0.1628819,0.06722156552156938
K2-187 b,,1.3833597,0.16066817,-0.08907927,0.09026843849795538
K2-187 c,,1.8,0.14,-0.14,0.07777777777777778
K2-187 d,,3.17,0.18,-0.18,0.056782334384858045
K2-187 e,,2.38,0.18,-0.18,0.07563025210084033
K2-188 b,,1.35,0.11,-0.11,0.08148148148148147
K2-188 c,,2.83,0.15,-0.15,0.05300353356890459
K2-189 b,,1.52,0.09,-0.09,0.05921052631578947
K2-189 c,,2.5,0.12,-0.12,0.048
K2-190 b,,1.35673729,0.17627893,-0.1018145,0.1024861010490837
K2-190 c,,1.09308317,0.15187251,-0.09223049,0.11165801775175074
K2-191 b,,1.57889322,0.26523273,-0.13201754,0.12580023302652474
K2-192 b,,1.57477412,0.15077166,-0.11121955,0.08318374256747374
K2-193 b,,3.95,0.12,-0.12,0.030379746835443037
K2-194 b,,3.64229858,0.61766974,-0.50000005,0.1534291828980149
K2-195 b,,3.13,0.12,-0.12,0.038338658146964855
K2-195 c,,2.57581891,0.27157754,-0.14909276,0.08165758438352329
K2-196 b,,3.59970536,0.60292183,-0.50268801,0.15356949103189932
K2-197 b,,2.5015294,0.18713335,-0.11761698,0.06091280198425811
K2-198 b,,4.189,0.228,-0.098,0.038911434709954645
K2-198 c,,1.423,0.081,-0.036,0.04111033028812368
K2-198 d,,2.438,0.13,-0.056,0.03814602132895816
K2-200 b,,1.3643987,0.143471,-0.10540256,0.09120265212800335
K2-201 b,,1.40006712,0.13501309,-0.0774973,0.07589292933327367
K2-201 c,,3.28568401,0.39804812,-0.18385433,0.08855118876754067
K2-202 b,,2.30165603,0.18443149,-0.12920215,0.06813217003585023
K2-203 b,,1.26549392,0.10200172,-0.07958376,0.07174490415568335
K2-204 b,,3.17214154,0.17934369,-0.15692573,0.05300353337953514
K2-205 b,,1.99552771,0.26954694,-0.23149515,0.12554125094058455
K2-206 b,,2.79522879,0.22325706,-0.15450847,0.06757327545985958
K2-207 b,,2.60585269,0.36979751,-0.20931396,0.11111746113323083
K2-208 b,,1.67462172,0.12329879,-0.09191364,0.06425702814842268
K2-209 b,,0.86850263,0.10481089,-0.06222638,0.09616394022894323
K2-210 b,,0.81864346,0.10085212,-0.06918584,0.10385348952766324
K2-211 b,,1.33162691,0.08743005,-0.07173748,0.059764311161299676
K2-212 b,,2.52,0.12,-0.12,0.047619047619047616
K2-213 b,,1.51398464,0.29814572,-0.20976135,0.1677385148372443
K2-214 b,,2.43,0.13,-0.13,0.053497942386831275
K2-215 b,,2.12381238,0.25911151,-0.15791736,0.098179310453026
K2-217 b,,3.57854073,0.69817052,-0.48514712,0.16533522031479014
K2-218 b,,2.56948149,0.27525709,-0.15204146,0.08314878929133675
K2-219 b,,1.34762583,0.20196772,-0.1810607,0.14211230278956585
K2-219 c,,1.43839723,0.21399624,-0.19150365,0.14095546123931285
K2-219 d,,2.57634456,0.35702762,-0.3230924,0.13199321832946134
K2-220 b,,2.39,0.12,-0.12,0.050209205020920494
K2-221 b,,1.67890272,0.1668616,-0.09566216,0.07818313618552003
K2-223 b,,0.90973766,0.09887182,-0.07404194,0.09503495766021162
K2-223 c,,1.57,0.11,-0.07,0.05732484076433121
K2-224 b,,1.56,0.16,-0.14,0.09615384615384615
K2-224 c,,2.41,0.16,-0.12,0.058091286307053944
K2-225 b,,3.49,0.26,-0.2,0.06590257879656161
K2-226 b,,1.53899305,0.10312262,-0.08630915,0.061544062853305284
K2-227 b,,1.66551298,1.22117412,-0.17927703,0.42042636917786136
K2-228 b,,1.21,0.1,-0.06,0.06611570247933884
K2-230 b,,1.96,0.18,-0.16,0.08673469387755103
K2-231 b,,2.5,0.2,-0.2,0.08
K2-239 b,,1.1,0.1,-0.1,0.09090909090909091
K2-239 c,,1.0,0.1,-0.1,0.1
K2-239 d,,1.1,0.1,-0.1,0.09090909090909091
K2-240 b,,2.0,0.2,-0.1,0.07500000000000001
K2-240 c,,1.8,0.3,-0.1,0.1111111111111111
K2-241 b,,2.55,0.18,-0.1,0.054901960784313725
K2-242 b,,2.54,0.21,-0.19,0.07874015748031496
K2-243 b,,2.17,0.14,-0.12,0.05990783410138249
K2-243 c,,2.01,0.15,-0.13,0.06965174129353235
K2-244 b,,1.75,0.13,-0.1,0.06571428571428573
K2-245 b,,4.34,0.19,-0.14,0.038018433179723504
K2-246 b,,3.49,0.25,-0.21,0.0659025787965616
K2-247 b,,2.12,0.19,-0.16,0.08254716981132075
K2-247 c,,2.19,0.25,-0.23,0.10958904109589042
K2-248 b,,2.57,0.2,-0.14,0.066147859922179
K2-249 b,,2.79,0.27,-0.22,0.08781362007168458
K2-250 b,,2.71257333,0.17934369,-0.13450777,0.05785123973035597
K2-251 b,,2.35,0.26,-0.21,0.09999999999999999
K2-252 b,,1.74,0.17,-0.12,0.08333333333333334
K2-253 b,,12.67,0.69,-0.61,0.05130228887134965
K2-254 b,,1.63,0.28,-0.24,0.15950920245398775
K2-254 c,,2.19,0.24,-0.18,0.0958904109589041
K2-255 b,,2.9,0.28,-0.11,0.06724137931034484
K2-257 b,,0.83,0.06,-0.05,0.06626506024096386
K2-258 b,,3.0,0.21,-0.2,0.06833333333333333
K2-259 b,,2.32,0.2,-0.17,0.07974137931034483
K2-264 b,,2.231,0.151,-0.145,0.06633796503809951
K2-264 c,,2.77,0.2,-0.18,0.06859205776173286
K2-268 b,,1.5,0.12,-0.07,0.06333333333333334
K2-268 c,,2.69,0.24,-0.24,0.08921933085501858
K2-268 d,,1.49,0.14,-0.07,0.07046979865771813
K2-268 e,,1.33,0.11,-0.08,0.07142857142857142
K2-268 f,,2.23,0.15,-0.09,0.053811659192825115
K2-269 b,,1.57,0.12,-0.12,0.07643312101910828
K2-270 b,,1.38,0.11,-0.11,0.07971014492753624
K2-270 c,,2.95,0.16,-0.16,0.05423728813559322
K2-271 b,,7.28,0.23,-0.23,0.03159340659340659
K2-272 b,,2.91,0.15,-0.15,0.05154639175257732
K2-273 b,,3.05,0.23,-0.12,0.05737704918032788
K2-274 b,,2.08,0.12,-0.07,0.04567307692307693
K2-275 b,,2.24,0.12,-0.12,0.05357142857142856
K2-275 c,,2.21,0.08,-0.06,0.03167420814479638
K2-276 b,,3.77,0.21,-0.21,0.055702917771883284
K2-277 b,,2.07,0.12,-0.12,0.057971014492753624
K2-278 b,,2.98,0.23,-0.23,0.07718120805369127
K2-279 b,,1.21,0.14,-0.14,0.11570247933884299
K2-281 b,,8.18,0.21,-0.21,0.02567237163814181
K2-282 b,,2.82,0.14,-0.14,0.049645390070921995
K2-283 b,,3.52,0.16,-0.16,0.045454545454545456
K2-284 b,,2.78,0.14,-0.12,0.046762589928057555
K2-286 b,,2.1,0.2,-0.2,0.09523809523809523
K2-289 b,,9.1,0.3,-0.3,0.03296703296703297
K2-293 b,,2.45,0.35,-0.25,0.12244897959183673
K2-294 b,,1.66,0.21,-0.19,0.12048192771084337
K2-308 b,,9.916,0.985,-0.985,0.09933440903590157
K2-315 b,,0.95,0.058,-0.058,0.06105263157894737
K2-316 b,,1.33,0.1,-0.09,0.07142857142857142
K2-316 c,,1.83,0.13,-0.12,0.06830601092896174
K2-317 b,,2.93,0.19,-0.17,0.06143344709897611
K2-318 b,,1.66,0.13,-0.13,0.0783132530120482
K2-319 b,,2.79,0.11,-0.1,0.03763440860215053
K2-320 b,,2.62,0.23,-0.15,0.07251908396946564
K2-321 b,,1.95,0.1,-0.12,0.05641025641025641
K2-322 b,,1.92,0.29,-0.18,0.12239583333333333
K2-323 b,,2.1,0.09,-0.11,0.047619047619047616
K2-324 b,,2.43,0.15,-0.13,0.05761316872427984
K2-325 b,,2.2,0.14,-0.15,0.06590909090909092
K2-326 b,,2.28,0.18,-0.18,0.07894736842105264
K2-330 b,,2.77,0.14,-0.09,0.04151624548736462
K2-331 b,,1.79,0.14,-0.1,0.0670391061452514
K2-331 c,,2.72,0.14,-0.1,0.04411764705882353
K2-332 b,,2.2,0.19,-0.15,0.07727272727272727
K2-333 b,,6.18,0.28,-0.25,0.04288025889967638
K2-334 b,,5.65,0.36,-0.28,0.05663716814159292
K2-335 b,,2.21,0.18,-0.14,0.07239819004524888
K2-336 b,,1.22,0.09,-0.05,0.05737704918032787
K2-337 b,,2.62,0.19,-0.14,0.06297709923664122
K2-338 b,,1.03,0.11,-0.05,0.07766990291262135
K2-339 b,,1.92,0.19,-0.12,0.08072916666666667
K2-340 b,,3.36,0.44,-0.32,0.11309523809523811
K2-341 b,,3.21,0.25,-0.19,0.06853582554517133
K2-342 b,,2.03,0.13,-0.09,0.054187192118226604
K2-343 b,,1.65,0.16,-0.08,0.07272727272727274
K2-343 c,,2.02,0.1,-0.07,0.04207920792079208
K2-344 b,,1.59,0.1,-0.05,0.04716981132075472
K2-345 b,,2.11,0.2,-0.09,0.06872037914691943
K2-346 b,,2.26,0.19,-0.1,0.06415929203539823
K2-347 b,,2.41,0.11,-0.1,0.043568464730290454
K2-348 b,,3.26,0.22,-0.11,0.05061349693251534
K2-348 c,,2.67,0.23,-0.11,0.06367041198501873
K2-349 b,,1.38,0.1,-0.07,0.061594202898550734
K2-350 b,,1.54,0.15,-0.11,0.08441558441558442
K2-350 c,,2.74,0.25,-0.18,0.07846715328467152
K2-351 b,,2.54,0.25,-0.19,0.08661417322834646
K2-352 b,,1.37,0.1,-0.07,0.06204379562043795
K2-352 c,,1.92,0.13,-0.07,0.05208333333333334
K2-352 d,,2.23,0.13,-0.09,0.04932735426008969
K2-353 b,,5.55,0.22,-0.2,0.03783783783783784
K2-354 b,,1.56,0.08,-0.08,0.05128205128205128
K2-355 b,,2.25,0.22,-0.16,0.08444444444444445
K2-356 b,,2.29,0.15,-0.12,0.05895196506550218
K2-357 b,,3.72,0.23,-0.21,0.059139784946236555
K2-358 b,,2.68,0.17,-0.14,0.05783582089552239
K2-365 b,,2.906,0.195,-0.176,0.06383344803854094
K2-366 b,,2.359,0.187,-0.167,0.07503179313268335
K2-367 b,,2.413,0.225,-0.196,0.08723580605055947
K2-368 b,,1.332,0.107,-0.1,0.0777027027027027
K2-368 c,,1.361,0.114,-0.106,0.08082292432035268
K2-368 d,,1.948,0.152,-0.143,0.07571868583162217
K2-369 b,,1.313,0.101,-0.095,0.07463823305407463
K2-370 b,,3.207,0.224,-0.548,0.12036170876208296
K2-371 b,,13.024,0.921,-0.868,0.06868089680589681
K2-372 b,,2.945,0.077,-0.075,0.02580645161290323
K2-373 b,,2.061,0.147,-0.14,0.06962639495390588
K2-374 b,,1.593,0.061,-0.058,0.037350910232266166
K2-374 c,,2.213,0.091,-0.086,0.03999096249435155
K2-375 b,,2.243,0.186,-0.174,0.08024966562639323
K2-376 b,,1.736,0.125,-0.119,0.07027649769585254
K2-377 b,,1.693,0.146,-0.132,0.08210277613703484
K2-378 b,,2.88,0.27,-0.23,0.08680555555555557
K2-379 b,,2.181,0.363,-0.198,0.12861072902338377
K2-380 b,,2.729,0.186,-0.176,0.06632466104800291
K2-381 b,,1.075,0.142,-0.104,0.1144186046511628
K2-381 c,,2.0,0.184,-0.148,0.08299999999999999
K2-381 d,,1.689,0.18,-0.139,0.09443457667258734
K2-382 b,,2.072,0.152,-0.133,0.06877413127413126
K2-383 b,,1.564,0.118,-0.106,0.07161125319693094
K2-384 b,,1.076,0.232,-0.06,0.13568773234200743
K2-384 c,,1.191,0.053,-0.075,0.05373635600335852
K2-384 d,,1.392,0.118,-0.075,0.06932471264367816
K2-384 e,,1.345,0.139,-0.082,0.08215613382899628
K2-384 f,,2.222,0.091,-0.082,0.03892889288928893
K2-385 b,,1.539,0.145,-0.126,0.0880441845354126
K2-386 b,,2.32,0.071,-0.067,0.029741379310344828
K2-387 b,,7.322,0.268,-0.264,0.03632887189292543
K2-388 b,,3.66,0.33,-0.229,0.07636612021857923
K2-389 b,,2.184,0.118,-0.114,0.053113553113553105
K2-389 c,,2.04,0.151,-0.138,0.07083333333333333
K2-390 b,,4.662,0.313,-0.343,0.07035607035607036
K2-391 b,,1.371,0.284,-0.188,0.17213712618526622
K2-392 b,,1.85,0.161,-0.154,0.08513513513513513
K2-393 b,,2.352,0.175,-0.167,0.07270408163265307
K2-394 b,,1.692,0.136,-0.126,0.07742316784869976
K2-395 b,,2.597,0.192,-0.178,0.07123604158644589
K2-395 c,,3.395,0.28,-0.257,0.07908689248895434
K2-396 b,,1.579,0.114,-0.103,0.06871437618746043
K2-396 c,,3.124,0.178,-0.112,0.04641485275288092
K2-397 b,,2.417,0.187,-0.183,0.07654116673562267
K2-398 b,,2.274,0.113,-0.111,0.04925241864555849
K2-398 c,,5.098,0.154,-0.146,0.029423303256178895
K2-400 b,,1.163,0.051,-0.049,0.042992261392949274
K2-401 b,,2.262,0.209,-0.192,0.08863837312113174
K2-402 b,,2.678,0.213,-0.195,0.07617625093353249
K2-403 b,,5.333,0.357,-0.387,0.06975435964747798
K2-404 b,,2.53,0.084,-0.083,0.033003952569169964
K2-405 b,,4.569,0.085,-0.123,0.022762092361567083
K2-406 b,,4.602,0.311,-0.292,0.06551499348109517
K2-407 b,,1.283,0.097,-0.089,0.0724863600935308
K2-407 c,,1.36,0.096,-0.088,0.06764705882352941
K2-408 b,,1.677,0.118,-0.109,0.06768038163387
K2-409 b,,2.482,0.174,-0.158,0.0668815471394037
K2-411 b,,0.9898,0.0498,-0.0486,0.04970701151747828
K2-412 b,,2.116,0.105,-0.1052,0.04966918714555765
K2-413 b,,0.7599,0.0758,-0.0496,0.08251085669166996
K2-413 c,,1.2327,0.0565,-0.0593,0.04697006570941835
K2-414 b,,1.219,0.1004,-0.0731,0.07116488925348646
K2-414 c,,1.9287,0.063,-0.0728,0.03520506040338052
KOI-217 b,,12.442,0.224,-0.224,0.01800353640893747
KOI-351 b,,1.3,0.065,-0.065,0.05
KOI-351 c,,1.445,0.066,-0.066,0.045674740484429065
KOI-351 d,,2.866,0.094,-0.094,0.03279832519190509
KOI-351 e,,2.612,0.094,-0.094,0.03598774885145482
KOI-351 f,,2.77,0.12,-0.12,0.04332129963898917
KOI-984 b,,4.3,0.05,-0.05,0.011627906976744188
LHS 475 b,,0.991,0.05,-0.05,0.050454086781029264
TOI-122 b,,2.72,0.18,-0.18,0.06617647058823528
TOI-139 b,,2.4566,0.2122,-0.1245,0.06852967516079134
TOI-198 b,,1.44,0.08,-0.08,0.05555555555555556
TOI-206 b,,1.3,0.05,-0.05,0.038461538461538464
TOI-237 b,,1.44,0.12,-0.12,0.08333333333333333
TOI-262 b,,2.07,0.15,-0.15,0.07246376811594203
TOI-277 b,,2.65,0.18,-0.18,0.06792452830188679
TOI-444 b,,2.77,0.2,-0.2,0.07220216606498195
TOI-451 b,,1.91,0.12,-0.12,0.06282722513089005
TOI-451 c,,3.1,0.13,-0.13,0.041935483870967745
TOI-451 d,,4.07,0.15,-0.15,0.036855036855036855
TOI-470 b,,4.34,0.29,-0.29,0.06682027649769585
TOI-540 b,,0.903,0.052,-0.052,0.057585825027685486
TOI-620 b,,3.76,0.15,-0.15,0.0398936170212766
TOI-672 b,,5.2604,0.0827,-0.0985,0.017223024865029274
TOI-700 b,,0.914,0.053,-0.049,0.05579868708971554
TOI-700 c,,2.6,0.14,-0.13,0.051923076923076926
TOI-700 d,,1.073,0.059,-0.054,0.05265610438024231
TOI-700 e,,0.953,0.089,-0.075,0.08604407135362015
TOI-712 b,,2.049,0.012,-0.08,0.02244997559785261
TOI-712 c,,2.701,0.092,-0.082,0.03221029248426509
TOI-712 d,,2.474,0.09,-0.082,0.034761519805982216
TOI-715 b,,1.55,0.064,-0.064,0.04129032258064516
TOI-813 b,,6.72538842,0.33626942,-0.33626942,0.0499999998513097
TOI-833 b,,1.27,0.07,-0.07,0.05511811023622048
TOI-871 b,,1.664,0.114,-0.113,0.06820913461538462
TOI-904 b,,2.426,0.163,-0.152,0.06492168178070898
TOI-904 c,,2.167,0.13,-0.118,0.05722196585140748
TOI-913 b,,2.4528,0.1269,-0.1009,0.04643672537508155
HD 15906 b,,2.24,0.08,-0.08,0.03571428571428571
HD 15906 c,,2.93,0.07,-0.06,0.02218430034129693
HD 56414 b,,3.71,0.2,-0.2,0.05390835579514825
HD 63433 d,,1.073,0.046,-0.044,0.04193849021435228
K2-288 B b,,1.9,0.3,-0.3,0.15789473684210525
KOI-4978 b,,0.7,0.1,-0.1,0.14285714285714288
KOI-7368 b,,2.22,0.12,-0.12,0.05405405405405405
KOI-7913 b,,2.34,0.18,-0.18,0.07692307692307693
LHS 1678 d,,0.981,0.07,-0.072,0.07237512742099898
LHS 3844 b,,1.303,0.022,-0.022,0.01688411358403684
TOI-1224 b,,2.104,0.094,-0.091,0.04396387832699619
TOI-1224 c,,2.884,0.098,-0.098,0.03398058252427185
TOI-1227 b,,9.57246952,0.75100171,-0.582867,0.06967213148149048
TOI-128.01,,2.21898,0.10878,-0.10878,0.049022523862315114
TOI-1442 b,,1.17,0.06,-0.06,0.05128205128205128
TOI-1680 b,,1.466,0.063,-0.049,0.03819918144611187
TOI-1693 b,,1.41,0.1,-0.1,0.07092198581560284
TOI-1739 b,,1.695,0.098,-0.085,0.05398230088495575
TOI-1859 b,,9.75181321,0.78462865,-0.78462865,0.08045977020923682
TOI-1860 b,,1.31,0.04,-0.04,0.030534351145038167
TOI-1883 b,,5.65,0.24,-0.24,0.04247787610619468
TOI-2048 b,,2.61,0.17,-0.16,0.06321839080459771
TOI-2068 b,,1.821,0.162,-0.149,0.08539264140582098
TOI-2076 e,,1.355,0.101,-0.098,0.07343173431734318
TOI-2081 b,,2.04,0.5,-0.54,0.2549019607843137
TOI-2084 b,,2.47,0.13,-0.13,0.05263157894736842
TOI-2096 b,,1.243,0.077,-0.072,0.05993563958165728
TOI-2096 c,,1.914,0.095,-0.095,0.04963427377220481
TOI-2194 b,,1.9892,0.1313,-0.0668,0.049793886989744615
TOI-2257 b,,2.194,0.113,-0.111,0.05104831358249772
TOI-2260 b,,1.62,0.13,-0.13,0.08024691358024691
TOI-2266 b,,1.54,0.09,-0.09,0.05844155844155844
TOI-2274 b,,2.45,0.23,-0.13,0.07346938775510203
TOI-2411 b,,1.68,0.11,-0.11,0.06547619047619048
TOI-2427 b,,1.8,0.12,-0.12,0.06666666666666667
TOI-2445 b,,1.25,0.08,-0.08,0.064
TOI-2459 b,,2.9531,0.0916,-0.0658,0.026649961057871388
TOI-261.01,,3.0449863,0.2114907,-0.2114907,0.06945538638384022
TOI-2768 b,,2.63,0.45,-0.44,0.16920152091254753
TOI-3082 b,,3.6621,0.1464,-0.1448,0.0397586084487043
TOI-4184 b,,2.43,0.21,-0.21,0.08641975308641975
TOI-4308 b,,2.4189,0.1195,-0.1333,0.05225515730290628
TOI-4342 b,,2.266,0.038,-0.038,0.01676963812886143
TOI-4342 c,,2.415,0.043,-0.04,0.017184265010351966
TOI-4364 b,,2.01,0.1,-0.08,0.04477611940298508
TOI-4479 b,,2.82,0.65,-0.63,0.2269503546099291
TOI-4504 b,,2.691,0.191,-0.191,0.07097733184689707
TOI-4559 b,,1.415,0.126,-0.112,0.08409893992932863
TOI-5126 b,,4.74,0.16,-0.14,0.03164556962025317
TOI-5126 c,,3.86,0.17,-0.16,0.042746113989637305
TOI-5143 c,,16.25302201,2.01761653,-1.34507768,0.1034482758938933
TOI-5319 b,,2.83,0.57,-0.59,0.20494699646643108
TOI-5704 b,,3.2274,0.1873,-0.1398,0.0506754663196381
TOI-5713 b,,1.77,0.17,-0.14,0.08757062146892655
TOI-5799 b,,1.625,0.192,-0.128,0.09846153846153846
TOI-5803 b,,3.2732,0.1251,-0.1194,0.03734877184406697
TOI-6002 b,,1.65,0.22,-0.19,0.12424242424242424
TOI-6086 b,,1.18,0.07,-0.07,0.05932203389830509
TOI-6478 b,,4.6,0.24,-0.24,0.052173913043478265
TOI-654.01,,2.37126,0.125097,-0.125097,0.052755497077503107
TOI-880.02,,2.7779229,0.229404,-0.229404,0.0825811256316725
TOI-907.01,,9.6158851,0.6116279,-0.6116279,0.06360599088273215
HD 101581 b,,0.956,0.061,-0.063,0.06485355648535565
HD 101581 c,,0.99,0.07,-0.07,0.07070707070707072
HD 108236 b,,1.615,0.051,-0.051,0.031578947368421054
HD 108236 c,,2.071,0.052,-0.052,0.025108643167551903
HD 108236 d,,2.539,0.062,-0.065,0.025009846396218983
HD 108236 e,,3.083,0.052,-0.052,0.01686668829062601
HD 108236 f,,2.017,0.052,-0.057,0.027020327218641546
HD 109833 b,,2.888,0.152,-0.127,0.04830332409972299
HD 109833 c,,2.59,0.196,-0.175,0.07162162162162163
HD 110082 b,,3.2,0.1,-0.1,0.03125
HIP 41378 b,,2.9,0.44,-0.44,0.15172413793103448
HIP 41378 c,,2.56,0.4,-0.4,0.15625
HIP 41378 d,,3.96,0.59,-0.59,0.14898989898989898
HIP 41378 e,,5.51,0.77,-0.77,0.1397459165154265
HIP 41378 f,,10.2,1.4,-1.4,0.13725490196078433
HIP 67522 b,,9.9872018,0.23538859,-0.22417961,0.023007855914156057
HIP 67522 c,,7.93595834,0.3474784,-0.35868738,0.044491525140743116
Kepler-26 d,,1.36,0.053,-0.041,0.03455882352941176
Kepler-26 e,,2.572,0.078,-0.078,0.030326594090202177
Kepler-33 b,,1.807,0.101,-0.089,0.05257332595462092
Kepler-46 d,,1.712,0.089,-0.114,0.0592873831775701
Kepler-55 d,,1.69,0.08,-0.06,0.04142011834319527
Kepler-55 e,,1.699,0.224,-0.143,0.10800470865214831
Kepler-55 f,,1.59,0.1,-0.1,0.06289308176100629
Kepler-61 b,,2.696,0.083,-0.083,0.030786350148367954
Kepler-66 b,,2.93,0.16,-0.14,0.051194539249146756
Kepler-67 b,,2.83,0.11,-0.12,0.04063604240282685
Kepler-69 b,,2.903,0.139,-0.124,0.045297967619703755
Kepler-69 c,,2.247,0.131,-0.112,0.054072096128170904
Kepler-81 d,,1.28,0.08,-0.05,0.05078125
Kepler-84 d,,1.45,0.19,-0.14,0.11379310344827587
Kepler-84 e,,2.54,0.31,-0.22,0.10433070866141732
Kepler-84 f,,2.3,0.27,-0.24,0.11086956521739132
Kepler-90 i,,1.32,0.21,-0.21,0.1590909090909091
LP 791-18 b,,1.212,0.059,-0.058,0.04826732673267327
TOI-1301.01,,2.477,0.196,-0.177,0.07529269277351636
TOI-1630.01,,2.417,0.228,-0.162,0.08067852709971039
TOI-1659.01,,2.255,0.254,-0.157,0.09113082039911308
TOI-1683.01,,2.6382,0.276387,-0.276387,0.10476347509665682
TOI-1716.01,,3.143,0.409,-0.298,0.11247216035634744
TOI-1744.01,,2.68,0.263,-0.172,0.08115671641791045
TOI-1768.01,,3.453,0.423,-0.287,0.10280915146249638
TOI-1772.01,,2.905,0.328,-0.214,0.09328743545611017
TOI-1777.01,,2.246,0.279,-0.177,0.10151380231522708
TOI-1782.01,,2.368,0.307,-0.244,0.11634290540540541
TOI-1782.02,,1.839,0.234,-0.185,0.11392060902664491
TOI-1806.01,,3.4095367,0.3512672,-0.3512672,0.10302490658041605
TOI-2211.01,,1.561,0.198,-0.144,0.10954516335682254
TOI-3353.01,,2.6667555,0.230776,-0.230776,0.08653811719897082
TOI-4443.01,,1.7193265,0.1346603,-0.1346603,0.0783215404403992
TOI-4495.01,,3.63045,0.2078,-0.2078,0.057238083433183214
TOI-4527.01,,0.9086617,0.953413,-0.953413,1.0492496822524817
TOI-4602.01,,2.550449,0.7836124,-0.7836124,0.3072448811954287
TOI-4638.01,,2.933,0.376,-0.245,0.10586430276167746
TOI-5082.01,,2.54811,0.129562,-0.129562,0.05084631354219402
TOI-5388.01,,1.89426,0.558897,-0.558897,0.29504767033036644
TOI-5726.01,,2.554,0.28,-0.177,0.0894675019577134
TOI-6054.01,,2.642,0.323,-0.207,0.10030280090840273
TOI-6054.02,,2.864,0.373,-0.226,0.10457402234636871
HIP 113103 b,,1.829,0.096,-0.067,0.04455986878075452
HIP 113103 c,,2.4,0.1,-0.08,0.037500000000000006
Kepler-108 b,,9.56,0.53,-0.53,0.05543933054393305
Kepler-108 c,,8.23,0.47,-0.47,0.05710814094775212
Kepler-110 b,,1.979,0.097,-0.088,0.04674077817079333
Kepler-110 c,,2.379,0.117,-0.104,0.04644808743169399
Kepler-111 b,,1.519,0.256,-0.069,0.10697827518104017
Kepler-112 b,,2.562,0.116,-0.106,0.043325526932084316
Kepler-112 c,,2.603,0.124,-0.109,0.0447560507107184
Kepler-115 b,,1.0,0.13,-0.11,0.12
Kepler-115 c,,2.72,0.119,-0.243,0.06654411764705881
Kepler-116 b,,3.191,0.157,-0.141,0.04669382638671263
Kepler-116 c,,2.422,0.311,-0.21,0.10755573905862922
Kepler-118 b,,1.343,0.088,-0.079,0.06217423678332092
Kepler-118 c,,5.899,0.261,-0.279,0.04577046957111375
Kepler-119 b,,4.283,0.328,-0.296,0.07284613588606118
Kepler-119 c,,1.067,0.09,-0.086,0.08247422680412371
Kepler-120 c,,2.038,0.081,-0.069,0.036800785083415125
Kepler-121 b,,2.78,0.24,-0.2,0.07913669064748202
Kepler-121 c,,3.06,0.26,-0.45,0.11601307189542484
Kepler-122 b,,2.423,0.12,-0.111,0.04766817994222039
Kepler-122 c,,6.017,0.286,-0.272,0.04636862223699518
Kepler-122 d,,2.328,0.13,-0.11,0.051546391752577324
Kepler-123 c,,1.572,0.117,-0.097,0.06806615776081425
Kepler-124 b,,0.8,0.04,-0.04,0.049999999999999996
Kepler-124 c,,1.75,0.09,-0.09,0.05142857142857143
Kepler-124 d,,1.11,0.07,-0.07,0.06306306306306306
Kepler-125 b,,2.726,0.078,-0.139,0.039801907556859875
Kepler-125 c,,0.861,0.047,-0.062,0.06329849012775843
Kepler-127 b,,1.5,0.04,-0.06,0.03333333333333333
Kepler-127 c,,2.39,0.07,-0.06,0.02719665271966527
Kepler-127 d,,2.54,0.06,-0.06,0.023622047244094488
Kepler-130 b,,1.04,0.036,-0.036,0.03461538461538461
Kepler-130 c,,2.877,0.072,-0.072,0.02502606882168926
Kepler-130 d,,1.379,0.079,-0.079,0.05728788977519942
Kepler-132 b,,1.07,0.14,-0.12,0.12149532710280374
Kepler-132 c,,1.31,0.17,-0.15,0.12213740458015267
Kepler-132 d,,1.43,0.2,-0.14,0.1188811188811189
Kepler-132 e,,1.18,0.16,-0.12,0.11864406779661017
Kepler-133 b,,2.381,0.123,-0.412,0.1123477530449391
Kepler-133 c,,3.181,0.386,-0.194,0.09116629990569003
Kepler-134 b,,1.634,0.045,-0.045,0.027539779681762546
Kepler-134 c,,1.031,0.043,-0.043,0.041707080504364696
Kepler-135 b,,1.91,0.21,-0.16,0.0968586387434555
Kepler-135 c,,1.18,0.14,-0.1,0.1016949152542373
Kepler-136 c,,2.168,0.111,-0.095,0.04750922509225092
Kepler-137 b,,1.69,0.06,-0.15,0.0621301775147929
Kepler-137 c,,2.13,0.07,-0.21,0.06572769953051644
Kepler-140 b,,1.506,0.07,-0.07,0.04648074369189908
Kepler-140 c,,1.708,0.1,-0.081,0.05298594847775176
Kepler-141 b,,0.69,0.03,-0.05,0.05797101449275363
Kepler-141 c,,1.41,0.09,-0.09,0.06382978723404255
Kepler-142 b,,1.768,0.242,-0.086,0.0927601809954751
Kepler-142 c,,2.507,0.243,-0.107,0.06980454726765058
Kepler-142 d,,1.526,0.091,-0.068,0.05209698558322411
Kepler-143 b,,3.063,0.158,-0.889,0.17091087169441724
Kepler-143 c,,3.329,0.152,-0.519,0.10078101531991589
Kepler-144 b,,1.311,0.247,-0.077,0.12356979405034325
Kepler-144 c,,1.309,0.055,-0.101,0.05958747135217724
Kepler-146 b,,3.194,0.159,-0.138,0.04649342517219787
Kepler-146 c,,2.763,0.127,-0.16,0.05193630112196888
Kepler-147 b,,1.453,0.156,-0.074,0.07914659325533378
Kepler-147 c,,3.262,0.168,-0.655,0.12614960147148988
Kepler-148 b,,1.77,0.1,-0.091,0.053954802259887004
Kepler-148 c,,3.339,0.176,-0.16,0.050314465408805034
Kepler-148 d,,8.481,0.41,-0.401,0.04781275792948945
Kepler-149 b,,4.371,0.21,-0.189,0.045641729581331496
Kepler-149 c,,1.753,0.104,-0.105,0.05961209355390759
Kepler-149 d,,3.84,0.24,-0.34,0.07552083333333334
Kepler-150 b,,1.29,0.09,-0.07,0.06201550387596899
Kepler-150 c,,3.291,0.17,-0.152,0.04892130051656032
Kepler-150 d,,2.637,0.151,-0.128,0.05290102389078498
Kepler-150 e,,2.88,0.17,-0.35,0.09027777777777778
Kepler-150 f,,3.64,0.52,-0.39,0.125
Kepler-151 b,,3.01,0.24,-0.27,0.08471760797342194
Kepler-151 c,,2.09,0.19,-0.14,0.07894736842105264
Kepler-152 b,,3.05,0.09,-0.13,0.036065573770491806
Kepler-152 c,,2.55,0.1,-0.09,0.03725490196078432
Kepler-153 b,,2.402,0.123,-0.103,0.04704412989175687
Kepler-153 c,,2.26,0.15,-0.18,0.07300884955752213
Kepler-154 b,,2.605,0.129,-0.159,0.055278310940499044
Kepler-154 c,,3.358,0.356,-0.282,0.09499702203692673
Kepler-154 d,,3.84,0.32,-0.24,0.07291666666666667
Kepler-154 e,,1.652,0.086,-0.095,0.05478208232445521
Kepler-154 f,,1.453,0.094,-0.08,0.059876118375774265
Kepler-155 b,,2.43,0.07,-0.22,0.05967078189300411
Kepler-155 c,,2.21,0.08,-0.06,0.03167420814479638
Kepler-156 b,,2.3,0.17,-0.17,0.07391304347826089
Kepler-156 c,,2.38,0.127,-0.101,0.04789915966386555
Kepler-157 b,,1.462,0.081,-0.069,0.05129958960328318
Kepler-157 c,,2.32,0.122,-0.109,0.04978448275862069
Kepler-157 d,,1.46,0.16,-0.1,0.08904109589041097
Kepler-158 b,,2.182,0.103,-0.363,0.1067827681026581
Kepler-158 c,,1.895,0.327,-0.141,0.12348284960422162
Kepler-158 d,,0.43,0.05,-0.05,0.11627906976744187
Kepler-159 b,,2.22,0.114,-0.096,0.04729729729729729
Kepler-159 c,,2.695,0.143,-0.117,0.04823747680890538
Kepler-160 b,,1.715,0.061,-0.047,0.0314868804664723
Kepler-160 c,,3.76,0.23,-0.09,0.04255319148936171
Kepler-162 b,,1.682,0.185,-0.205,0.1159334126040428
Kepler-162 c,,3.912,0.28,-0.429,0.09061860940695297
Kepler-163 b,,1.15,0.19,-0.11,0.13043478260869568
Kepler-163 c,,2.725,0.192,-0.413,0.1110091743119266
Kepler-164 b,,1.48,0.17,-0.12,0.09797297297297297
Kepler-164 c,,2.69,0.124,-0.285,0.07602230483271374
Kepler-164 d,,2.47,0.3,-0.19,0.09919028340080971
Kepler-165 b,,2.5,0.14,-0.38,0.10400000000000001
Kepler-165 c,,2.25,0.14,-0.18,0.07111111111111111
Kepler-166 b,,2.416,0.117,-0.105,0.04594370860927152
Kepler-166 c,,2.523,0.132,-0.113,0.04855330955212049
Kepler-166 d,,1.667,0.082,-0.073,0.04649070185962807
Kepler-167 b,,1.615,0.047,-0.043,0.02786377708978328
Kepler-167 c,,1.548,0.05,-0.048,0.031653746770025845
Kepler-167 d,,1.194,0.049,-0.048,0.04061976549413736
Kepler-168 b,,1.854,0.131,-0.111,0.06526429341963322
Kepler-168 c,,3.343,0.212,-0.183,0.05907867185163028
Kepler-169 b,,1.11,0.07,-0.04,0.04954954954954954
Kepler-169 c,,1.19,0.06,-0.05,0.046218487394957986
Kepler-169 d,,1.25,0.09,-0.09,0.072
Kepler-169 e,,2.3,0.06,-0.3,0.07826086956521738
Kepler-169 f,,2.55,0.11,-0.07,0.03529411764705883
Kepler-170 c,,2.73,0.15,-0.11,0.047619047619047616
Kepler-171 b,,2.723,0.148,-0.132,0.05141388174807199
Kepler-171 c,,2.98,0.171,-0.15,0.053859060402684567
Kepler-171 d,,2.204,0.139,-0.129,0.060798548094373864
Kepler-172 b,,2.614,0.13,-0.333,0.08856159143075747
Kepler-172 c,,2.917,0.151,-0.427,0.0990743914981145
Kepler-172 d,,2.25,0.26,-0.22,0.10666666666666667
Kepler-172 e,,2.47,0.32,-0.2,0.10526315789473684
Kepler-173 b,,1.512,0.081,-0.095,0.058201058201058205
Kepler-173 c,,2.778,0.146,-0.131,0.04985601151907847
Kepler-174 b,,2.14,0.12,-0.09,0.049065420560747655
Kepler-174 c,,1.752,0.092,-0.076,0.04794520547945205
Kepler-174 d,,2.36,0.13,-0.11,0.05084745762711865
Kepler-175 b,,3.093,0.177,-0.191,0.05948916909149693
Kepler-175 c,,3.335,0.19,-0.225,0.06221889055472264
Kepler-178 b,,2.4,0.12,-0.104,0.04666666666666667
Kepler-178 c,,2.49,0.427,-0.151,0.11606425702811243
Kepler-178 d,,2.746,0.134,-0.143,0.05043699927166788
Kepler-179 b,,1.694,0.091,-0.08,0.050472255017709564
Kepler-179 c,,2.731,0.121,-0.447,0.10399121201025266
Kepler-180 b,,1.32,0.21,-0.1,0.11742424242424243
Kepler-180 c,,2.43,0.42,-0.17,0.12139917695473251
Kepler-181 b,,1.395,0.065,-0.1,0.05913978494623656
Kepler-181 c,,2.31,0.22,-0.14,0.07792207792207792
Kepler-182 b,,3.358,0.192,-0.482,0.10035735556879094
Kepler-182 c,,4.148,0.591,-0.236,0.09968659594985535
Kepler-183 b,,2.447,0.447,-0.193,0.13077237433592154
Kepler-184 b,,2.593,0.131,-0.263,0.0759737755495565
Kepler-184 d,,2.497,0.111,-0.369,0.0961153384060873
Kepler-185 b,,1.021,0.059,-0.053,0.05484818805093046
Kepler-185 c,,1.89,0.12,-0.11,0.06084656084656084
Kepler-186 b,,1.179,0.044,-0.038,0.03477523324851568
Kepler-186 c,,1.392,0.049,-0.044,0.03340517241379311
Kepler-186 d,,1.738,0.106,-0.106,0.06098964326812428
Kepler-186 e,,1.396,0.055,-0.046,0.03617478510028654
Kepler-187 b,,1.45,0.22,-0.16,0.1310344827586207
Kepler-187 c,,3.761,0.292,-0.333,0.08308960382876894
Kepler-188 b,,1.574,0.078,-0.117,0.06194409148665819
Kepler-188 c,,2.853,0.362,-0.154,0.09043112513144058
Kepler-189 b,,1.39,0.1,-0.08,0.06474820143884893
Kepler-190 b,,1.48,0.06,-0.04,0.033783783783783786
Kepler-190 c,,1.48,0.07,-0.05,0.04054054054054054
Kepler-191 b,,1.4,0.12,-0.09,0.07500000000000001
Kepler-191 c,,2.19,0.25,-0.25,0.11415525114155252
Kepler-191 d,,2.28,0.16,-0.13,0.06359649122807018
Kepler-192 b,,2.56,0.21,-0.16,0.072265625
Kepler-192 c,,2.669,0.262,-0.297,0.10472086923941551
Kepler-192 d,,1.02,0.1,-0.07,0.08333333333333334
Kepler-193 b,,2.162,0.125,-0.113,0.05504162812210916
Kepler-193 c,,2.542,0.151,-0.129,0.05507474429583006
Kepler-194 b,,1.443,0.091,-0.084,0.060637560637560636
Kepler-194 c,,2.496,0.153,-0.131,0.05689102564102564
Kepler-194 d,,2.334,0.158,-0.128,0.061268209083119106
Kepler-195 b,,2.202,0.113,-0.097,0.047683923705722074
Kepler-195 c,,1.751,0.094,-0.108,0.05768132495716734
Kepler-196 b,,1.89,0.09,-0.06,0.03968253968253968
Kepler-196 c,,2.24,0.09,-0.08,0.03794642857142857
Kepler-197 b,,1.112,0.035,-0.035,0.03147482014388489
Kepler-197 d,,1.191,0.04,-0.04,0.033585222502099076
Kepler-197 e,,0.91,0.04,-0.04,0.04395604395604395
Kepler-198 b,,2.625,0.124,-0.113,0.045142857142857144
Kepler-198 c,,2.65,0.27,-0.19,0.08679245283018869
Kepler-198 d,,1.393,0.075,-0.063,0.04953338119167265
Kepler-199 b,,2.96,0.07,-0.06,0.02195945945945946
Kepler-199 c,,3.15,0.08,-0.07,0.02380952380952381
Kepler-200 b,,1.894,0.323,-0.117,0.11615628299894404
Kepler-200 c,,1.46,0.15,-0.09,0.0821917808219178
Kepler-201 b,,2.63,0.19,-0.26,0.0855513307984791
Kepler-201 c,,2.23,0.16,-0.12,0.06278026905829596
Kepler-202 b,,1.552,0.085,-0.067,0.04896907216494845
Kepler-202 c,,2.06,0.05,-0.08,0.03155339805825243
Kepler-203 b,,2.508,0.113,-0.208,0.06399521531100479
Kepler-204 b,,2.241,0.158,-0.307,0.1037483266398929
Kepler-204 c,,1.45,0.22,-0.17,0.13448275862068965
Kepler-205 b,,1.649,0.072,-0.072,0.043662825955124315
Kepler-205 c,,2.043,0.073,-0.073,0.035731767009300044
Kepler-206 b,,1.22,0.18,-0.13,0.12704918032786885
Kepler-206 c,,1.766,0.079,-0.182,0.07389580973952435
Kepler-206 d,,1.236,0.054,-0.263,0.12823624595469255
Kepler-207 b,,1.889,0.084,-0.19,0.07252514557967178
Kepler-207 c,,1.815,0.079,-0.248,0.09008264462809917
Kepler-207 d,,3.96,0.176,-0.372,0.0691919191919192
Kepler-208 b,,1.532,0.082,-0.069,0.04928198433420366
Kepler-208 c,,1.384,0.077,-0.068,0.05238439306358382
Kepler-208 d,,1.237,0.068,-0.077,0.05860953920776071
Kepler-208 e,,1.444,0.079,-0.083,0.05609418282548477
Kepler-209 b,,2.29,0.14,-0.11,0.05458515283842795
Kepler-209 c,,2.915,0.139,-0.128,0.04579759862778731
Kepler-210 b,,2.91,0.05,-0.06,0.018900343642611686
Kepler-210 c,,4.29,0.09,-0.09,0.020979020979020976
Kepler-211 b,,1.32,0.05,-0.03,0.030303030303030304
Kepler-212 b,,1.001,0.079,-0.069,0.07392607392607393
Kepler-212 c,,3.242,0.203,-0.452,0.10101789019123998
Kepler-213 b,,1.31,0.06,-0.05,0.04198473282442748
Kepler-213 c,,1.85,0.09,-0.07,0.043243243243243246
Kepler-214 b,,2.1,0.08,-0.07,0.03571428571428571
Kepler-214 c,,1.98,0.11,-0.29,0.10101010101010101
Kepler-215 b,,1.49,0.04,-0.15,0.06375838926174496
Kepler-215 c,,1.323,0.27,-0.077,0.13114134542705974
Kepler-215 e,,1.49,0.06,-0.08,0.04697986577181208
Kepler-216 b,,2.765,0.139,-0.142,0.05081374321880651
Kepler-216 c,,3.851,0.189,-0.171,0.046741106206180216
Kepler-217 b,,2.258,0.115,-0.107,0.04915854738706821
Kepler-217 c,,1.954,0.288,-0.159,0.11438075742067554
Kepler-217 d,,1.375,0.083,-0.077,0.05818181818181818
Kepler-218 b,,1.483,0.084,-0.067,0.050910316925151716
Kepler-218 c,,3.14,0.26,-0.26,0.08280254777070063
Kepler-218 d,,2.704,0.143,-0.119,0.048446745562130175
Kepler-219 b,,2.601,0.121,-0.3,0.08093041138023838
Kepler-219 c,,3.17,0.152,-0.334,0.07665615141955837
Kepler-220 b,,0.77,0.04,-0.02,0.03896103896103896
Kepler-220 c,,1.53,0.07,-0.07,0.04575163398692811
Kepler-220 d,,0.98,0.06,-0.06,0.061224489795918366
Kepler-220 e,,1.321,0.051,-0.051,0.03860711582134746
Kepler-222 b,,3.246,0.242,-0.36,0.09272951324707332
Kepler-222 c,,4.75,0.46,-0.71,0.1231578947368421
Kepler-222 d,,3.513,0.169,-0.205,0.05323085681753487
Kepler-224 b,,1.55,0.08,-0.07,0.04838709677419355
Kepler-224 c,,3.42,0.12,-0.45,0.08333333333333333
Kepler-224 d,,2.56,0.12,-0.1,0.04296875
Kepler-224 e,,2.02,0.15,-0.09,0.0594059405940594
Kepler-225 b,,1.527,0.065,-0.065,0.042567125081859856
Kepler-225 c,,2.531,0.064,-0.064,0.025286448044251283
Kepler-226 d,,1.261,0.109,-0.082,0.07573354480570976
Kepler-227 b,,2.316,0.156,-0.134,0.06260794473229707
Kepler-227 c,,2.77,0.51,-0.21,0.12996389891696752
Kepler-228 b,,1.5,0.21,-0.13,0.11333333333333333
Kepler-228 c,,3.268,0.341,-0.337,0.10373317013463894
Kepler-228 d,,3.8,0.55,-0.29,0.1105263157894737
Kepler-229 b,,2.49,0.13,-0.14,0.05421686746987951
Kepler-229 c,,5.4,0.24,-0.29,0.04907407407407407
Kepler-229 d,,3.74,0.2,-0.2,0.053475935828877004
Kepler-230 b,,3.303,0.18,-0.154,0.05056009688162277
Kepler-230 c,,2.19,0.19,-0.2,0.08904109589041097
Kepler-232 b,,3.505,0.215,-0.226,0.06291012838801713
Kepler-232 c,,4.258,0.259,-0.767,0.12047909816815408
Kepler-233 b,,2.71,0.21,-0.19,0.07380073800738007
Kepler-233 c,,2.497,0.225,-0.197,0.08450140168201843
Kepler-234 b,,3.524,0.28,-0.246,0.0746311010215664
Kepler-234 c,,3.753,0.299,-0.263,0.0748734345856648
Kepler-235 b,,2.23,0.1,-0.1,0.044843049327354265
Kepler-235 c,,1.201,0.067,-0.067,0.05578684429641965
Kepler-235 d,,2.18,0.09,-0.11,0.04587155963302752
Kepler-235 e,,2.251,0.111,-0.082,0.04286983562860951
Kepler-236 b,,1.64,0.09,-0.1,0.057926829268292686
Kepler-236 c,,2.0,0.08,-0.1,0.045
Kepler-237 b,,1.57,0.1,-0.08,0.05732484076433121
Kepler-237 c,,2.32,0.11,-0.12,0.04956896551724138
Kepler-239 b,,2.45,0.11,-0.06,0.03469387755102041
Kepler-239 c,,2.28,0.12,-0.09,0.04605263157894737
Kepler-240 b,,1.46,0.08,-0.09,0.05821917808219178
Kepler-241 b,,2.36,0.14,-0.17,0.06567796610169492
Kepler-241 c,,2.74,0.16,-0.18,0.06204379562043795
Kepler-242 b,,2.81,0.12,-0.35,0.08362989323843416
Kepler-242 c,,2.57,0.13,-0.63,0.14785992217898833
Kepler-243 b,,2.468,0.121,-0.136,0.05206645056726095
Kepler-243 c,,1.73,0.17,-0.16,0.09537572254335261
Kepler-244 b,,2.947,0.183,-0.166,0.05921275873769936
Kepler-244 c,,1.97,0.16,-0.19,0.08883248730964467
Kepler-246 b,,2.164,0.332,-0.137,0.1083641404805915
Kepler-246 c,,1.43,0.079,-0.091,0.05944055944055945
Kepler-247 b,,1.784,0.105,-0.094,0.055773542600896855
Kepler-247 c,,4.282,0.216,-0.195,0.047991592713685194
Kepler-247 d,,3.007,0.346,-0.17,0.0857998004655803
Kepler-248 b,,3.14,0.21,-0.09,0.04777070063694267
Kepler-248 c,,4.12,0.11,-0.08,0.023058252427184463
Kepler-249 b,,1.134,0.05,-0.04,0.03968253968253969
Kepler-249 c,,1.447,0.052,-0.06,0.0387007601935038
Kepler-249 d,,1.382,0.064,-0.051,0.04160636758321273
Kepler-250 b,,1.12,0.06,-0.11,0.07589285714285714
Kepler-250 c,,2.41,0.13,-0.12,0.051867219917012444
Kepler-250 d,,2.24,0.17,-0.1,0.06026785714285714
Kepler-251 b,,1.49,0.11,-0.08,0.06375838926174497
Kepler-251 c,,3.08,0.19,-0.15,0.05519480519480519
Kepler-251 d,,3.58,0.2,-0.48,0.09497206703910614
Kepler-251 e,,2.52,0.174,-0.147,0.06369047619047619
Kepler-252 b,,1.37,0.07,-0.09,0.058394160583941604
Kepler-252 c,,2.67,0.13,-0.12,0.04681647940074907
Kepler-253 b,,1.77,0.15,-0.1,0.07062146892655367
Kepler-253 c,,2.656,0.16,-0.14,0.05647590361445783
Kepler-253 d,,3.098,0.178,-0.163,0.05503550677856682
Kepler-254 b,,3.594,0.28,-0.25,0.07373400111296607
Kepler-254 d,,2.676,0.203,-0.244,0.0835201793721973
Kepler-255 b,,1.622,0.097,-0.139,0.07274969173859433
Kepler-255 c,,2.853,0.185,-0.153,0.05923589204346301
Kepler-255 d,,1.323,0.095,-0.078,0.06538170823885109
Kepler-256 b,,1.236,0.083,-0.076,0.06432038834951456
Kepler-256 c,,1.662,0.09,-0.105,0.058664259927797835
Kepler-256 d,,1.625,0.096,-0.101,0.06061538461538461
Kepler-256 e,,1.812,0.338,-0.14,0.13189845474613687
Kepler-257 b,,2.22,0.17,-0.13,0.06756756756756757
Kepler-257 c,,3.99,0.28,-0.22,0.06265664160401002
Kepler-257 d,,4.69,0.31,-0.69,0.10660980810234541
Kepler-258 b,,3.59,0.19,-0.16,0.04874651810584958
Kepler-258 c,,3.17,0.16,-0.52,0.10725552050473186
Kepler-259 b,,2.76,0.41,-0.19,0.10869565217391304
Kepler-259 c,,3.12,0.158,-0.382,0.08653846153846154
Kepler-260 b,,2.108,0.102,-0.116,0.051707779886148005
Kepler-260 c,,1.917,0.138,-0.108,0.06416275430359937
Kepler-261 b,,2.26,0.08,-0.07,0.03318584070796461
Kepler-261 c,,2.17,0.08,-0.09,0.03917050691244239
Kepler-262 b,,1.361,0.516,-0.117,0.2325495958853784
Kepler-262 c,,1.648,0.363,-0.122,0.1471480582524272
Kepler-263 b,,2.583,0.16,-0.143,0.0586527293844367
Kepler-263 c,,2.217,0.139,-0.185,0.07307171853856562
Kepler-264 b,,3.523,0.187,-0.16,0.04924780017030939
Kepler-264 c,,3.248,0.186,-0.152,0.052032019704433496
Kepler-265 b,,1.524,0.117,-0.105,0.07283464566929135
Kepler-265 c,,2.321,0.161,-0.143,0.06548901335631192
Kepler-265 d,,2.23,0.28,-0.23,0.11434977578475336
Kepler-265 e,,2.184,0.177,-0.141,0.0728021978021978
Kepler-266 b,,2.584,0.186,-0.163,0.06753095975232198
Kepler-266 c,,4.117,0.299,-0.253,0.0670391061452514
Kepler-267 c,,2.13,0.11,-0.11,0.051643192488262914
Kepler-267 d,,2.18,0.096,-0.074,0.03899082568807339
Kepler-268 b,,2.564,0.139,-0.116,0.04972698907956319
Kepler-268 c,,2.824,0.155,-0.13,0.05046033994334278
Kepler-269 b,,2.32,0.28,-0.16,0.09482758620689657
Kepler-269 c,,2.588,0.285,-0.28,0.10915765069551778
Kepler-270 b,,1.835,0.39,-0.169,0.15231607629427793
Kepler-270 c,,1.516,0.302,-0.153,0.150065963060686
Kepler-271 b,,1.229,0.064,-0.056,0.04882017900732302
Kepler-271 c,,0.942,0.054,-0.048,0.054140127388535034
Kepler-271 d,,0.669,0.047,-0.042,0.06651718983557547
Kepler-272 d,,2.962,0.412,-0.476,0.14989871708305197
Kepler-273 b,,1.7,0.23,-0.12,0.10294117647058824
Kepler-273 c,,1.9,0.36,-0.16,0.1368421052631579
Kepler-274 b,,2.137,0.157,-0.134,0.06808610201216658
Kepler-274 c,,2.631,0.461,-0.389,0.16153553781832003
Kepler-275 b,,2.423,0.24,-0.197,0.09017746595130004
Kepler-275 c,,3.36,0.62,-0.39,0.15029761904761907
Kepler-275 d,,3.328,0.674,-0.293,0.14528245192307693
Kepler-278 b,,4.07,0.16,-0.16,0.03931203931203931
Kepler-278 c,,3.31,0.12,-0.12,0.036253776435045314
Kepler-280 b,,1.613,0.077,-0.088,0.05114693118412895
Kepler-280 c,,2.04,0.3,-0.17,0.11519607843137256
Kepler-282 b,,1.363,0.099,-0.117,0.07923697725605283
Kepler-282 c,,1.471,0.114,-0.107,0.075118966689327
Kepler-283 b,,3.063,0.084,-0.084,0.02742409402546523
Kepler-283 c,,2.311,0.082,-0.082,0.03548247511899611
Kepler-284 b,,2.57,0.29,-0.2,0.0953307392996109
Kepler-284 c,,2.349,0.165,-0.172,0.0717326521924223
Kepler-285 b,,1.354,0.089,-0.083,0.06351550960118169
Kepler-285 c,,1.187,0.098,-0.071,0.07118786857624262
Kepler-286 b,,1.39,0.1,-0.07,0.061151079136690656
Kepler-286 c,,1.49,0.09,-0.08,0.05704697986577181
Kepler-286 d,,1.49,0.1,-0.1,0.06711409395973154
Kepler-286 e,,1.79,0.13,-0.12,0.06983240223463688
Kepler-288 b,,1.558,0.115,-0.105,0.07060333761232349
Kepler-288 c,,2.813,0.18,-0.149,0.05847849271240668
Kepler-288 d,,2.59,0.168,-0.177,0.06660231660231661
Kepler-290 b,,2.12,0.14,-0.13,0.06367924528301887
Kepler-290 c,,3.35,0.18,-0.55,0.10895522388059702
Kepler-291 b,,1.9,0.22,-0.17,0.10263157894736843
Kepler-291 c,,1.71,0.21,-0.17,0.1111111111111111
Kepler-292 b,,1.41,0.07,-0.1,0.060283687943262415
Kepler-292 c,,1.59,0.09,-0.08,0.05345911949685534
Kepler-292 d,,2.3,0.12,-0.1,0.04782608695652174
Kepler-292 e,,2.164,0.172,-0.143,0.07278188539741219
Kepler-292 f,,2.324,0.177,-0.158,0.07207401032702238
Kepler-293 b,,2.75,0.362,-0.163,0.09545454545454546
Kepler-293 c,,3.504,0.213,-0.643,0.12214611872146118
Kepler-294 b,,1.675,0.132,-0.121,0.07552238805970149
Kepler-294 c,,2.635,0.188,-0.169,0.06774193548387097
Kepler-295 b,,1.4,0.13,-0.2,0.11785714285714287
Kepler-295 c,,1.12,0.12,-0.07,0.08482142857142856
Kepler-295 d,,4.629,0.301,-1.21,0.1632101965867358
Kepler-296 b,,0.94,0.07,-0.07,0.07446808510638299
Kepler-296 c,,2.15,0.1,-0.1,0.04651162790697675
Kepler-296 d,,2.69,0.21,-0.21,0.07806691449814127
Kepler-296 e,,1.86,0.17,-0.17,0.0913978494623656
Kepler-296 f,,1.79,0.11,-0.11,0.061452513966480445
Kepler-298 b,,2.2,0.09,-0.11,0.04545454545454545
Kepler-298 c,,1.93,0.22,-0.22,0.11398963730569948
Kepler-298 d,,2.91,0.11,-0.3,0.070446735395189
Kepler-299 b,,1.288,0.091,-0.084,0.06793478260869565
Kepler-299 c,,2.685,0.148,-0.586,0.1366852886405959
Kepler-299 d,,1.598,0.114,-0.098,0.06633291614518147
Kepler-299 e,,1.774,0.154,-0.099,0.07130777903043968
Kepler-300 b,,3.474,0.325,-0.817,0.16436384571099596
Kepler-300 c,,3.502,0.41,-0.287,0.09951456310679611
Kepler-301 b,,1.383,0.086,-0.067,0.055314533622559656
Kepler-301 c,,1.48,0.34,-0.13,0.1587837837837838
Kepler-301 d,,1.797,0.095,-0.1,0.05425709515859767
Kepler-302 b,,3.336,0.24,-0.207,0.06699640287769784
Kepler-302 c,,10.99,0.713,-0.671,0.0629663330300273
Kepler-303 b,,1.062,0.043,-0.035,0.036723163841807904
Kepler-303 c,,1.16,0.05,-0.06,0.04741379310344827
Kepler-304 b,,2.679,0.147,-0.137,0.053004852556924234
Kepler-304 c,,2.32,0.11,-0.07,0.03879310344827587
Kepler-304 d,,2.64,0.11,-0.08,0.03598484848484848
Kepler-304 e,,1.2,0.06,-0.03,0.037500000000000006
Kepler-306 b,,1.62,0.08,-0.06,0.043209876543209874
Kepler-306 c,,2.27,0.1,-0.08,0.039647577092511016
Kepler-306 d,,2.27,0.06,-0.13,0.04185022026431718
Kepler-306 e,,2.35,0.11,-0.1,0.04468085106382978
Kepler-308 b,,2.033,0.219,-0.2,0.103049680275455
Kepler-308 c,,2.083,0.231,-0.2,0.10345655304848775
Kepler-309 b,,1.51,0.06,-0.06,0.039735099337748346
Kepler-309 c,,2.51,0.18,-0.18,0.07171314741035857
Kepler-310 b,,1.25,0.14,-0.12,0.10400000000000001
Kepler-310 c,,3.258,0.158,-0.433,0.09069981583793738
Kepler-311 b,,1.659,0.089,-0.079,0.050632911392405056
Kepler-311 c,,1.616,0.274,-0.143,0.12902227722772278
Kepler-312 b,,1.513,0.093,-0.08,0.05717118307997357
Kepler-312 c,,2.6,0.14,-0.11,0.04807692307692307
Kepler-313 b,,2.53,0.31,-0.31,0.12252964426877472
Kepler-313 c,,2.57,0.42,-0.42,0.16342412451361868
Kepler-314 b,,0.78,0.037,-0.037,0.047435897435897434
Kepler-314 c,,2.767,0.147,-0.147,0.05312612938200217
Kepler-315 b,,4.184,0.257,-0.962,0.1456739961759082
Kepler-315 c,,4.24,0.51,-1.01,0.17924528301886794
Kepler-316 b,,1.451,0.063,-0.095,0.05444521019986216
Kepler-316 c,,1.598,0.081,-0.081,0.0506883604505632
Kepler-317 c,,1.609,0.098,-0.162,0.08079552517091362
Kepler-318 b,,3.8,0.11,-0.09,0.02631578947368421
Kepler-318 c,,2.98,0.11,-0.08,0.031879194630872486
Kepler-319 b,,1.69,0.09,-0.08,0.05029585798816569
Kepler-319 c,,2.69,0.15,-0.12,0.05018587360594795
Kepler-319 d,,2.0,0.123,-0.098,0.05525
Kepler-320 b,,1.705,0.11,-0.474,0.17126099706744866
Kepler-320 c,,2.003,0.169,-0.513,0.17024463305042437
Kepler-321 b,,1.59,0.06,-0.15,0.0660377358490566
Kepler-321 c,,2.01,0.16,-0.11,0.06716417910447763
Kepler-322 b,,1.05,0.06,-0.05,0.052380952380952375
Kepler-322 c,,1.72,0.09,-0.07,0.046511627906976744
Kepler-325 b,,2.6,0.28,-0.18,0.08846153846153845
Kepler-325 c,,2.792,0.148,-0.73,0.15723495702005733
Kepler-325 d,,2.69,0.51,-0.2,0.13197026022304834
Kepler-327 b,,1.329,0.055,-0.045,0.03762227238525207
Kepler-327 d,,2.66,0.099,-0.099,0.037218045112781956
Kepler-329 b,,1.78,0.086,-0.086,0.04831460674157303
Kepler-329 c,,2.729,0.065,-0.065,0.023818248442652987
Kepler-330 b,,1.325,0.097,-0.075,0.0649056603773585
Kepler-330 c,,2.141,0.113,-0.126,0.055815039701074265
Kepler-331 b,,2.67,0.13,-0.13,0.04868913857677903
Kepler-331 c,,2.76,0.13,-0.14,0.04891304347826088
Kepler-331 d,,2.6,0.1,-0.2,0.057692307692307696
Kepler-332 b,,1.21,0.06,-0.04,0.04132231404958678
Kepler-332 c,,1.13,0.05,-0.07,0.053097345132743376
Kepler-332 d,,1.21,0.04,-0.09,0.05371900826446281
Kepler-333 c,,1.338,0.071,-0.088,0.059417040358744386
Kepler-334 b,,1.026,0.036,-0.036,0.03508771929824561
Kepler-334 c,,1.374,0.043,-0.043,0.03129548762736535
Kepler-334 d,,1.394,0.053,-0.053,0.03802008608321378
Kepler-335 b,,3.089,0.386,-0.21,0.0964713499514406
Kepler-335 c,,2.664,0.156,-0.176,0.06231231231231231
Kepler-336 b,,1.06,0.16,-0.14,0.14150943396226415
Kepler-336 c,,1.99,0.3,-0.24,0.13567839195979897
Kepler-336 d,,2.38,0.47,-0.3,0.16176470588235292
Kepler-337 b,,1.726,0.282,-0.122,0.11703360370799536
Kepler-337 c,,2.34,0.305,-0.209,0.10982905982905983
Kepler-338 c,,2.394,0.084,-0.084,0.03508771929824561
Kepler-338 d,,2.731,0.145,-0.12,0.048517026730135485
Kepler-339 b,,1.328,0.062,-0.096,0.05948795180722891
Kepler-340 b,,2.259,0.198,-0.165,0.0803452855245684
Kepler-340 c,,3.055,0.197,-0.191,0.0635024549918167
Kepler-341 b,,1.287,0.102,-0.071,0.0672105672105672
Kepler-341 c,,2.049,0.122,-0.099,0.05392874572962421
Kepler-341 d,,2.228,0.667,-0.125,0.177737881508079
Kepler-341 e,,2.217,0.128,-0.131,0.05841226883175463
Kepler-342 b,,2.05,0.18,-0.13,0.07560975609756099
Kepler-342 c,,1.76,0.17,-0.12,0.08238636363636365
Kepler-342 d,,2.833,0.13,-0.189,0.056300741263678074
Kepler-342 e,,0.88,0.08,-0.06,0.07954545454545454
Kepler-343 b,,1.944,0.337,-0.112,0.1154835390946502
Kepler-343 c,,2.168,0.131,-0.419,0.1268450184501845
Kepler-344 b,,2.364,0.137,-0.172,0.06535532994923858
Kepler-344 c,,2.657,0.188,-0.16,0.06548739179525781
Kepler-346 b,,2.52,0.31,-0.19,0.0992063492063492
Kepler-346 c,,2.993,0.169,-0.44,0.10173738723688608
Kepler-347 b,,2.929,0.316,-0.273,0.100546261522704
Kepler-347 c,,1.72,0.37,-0.21,0.1686046511627907
Kepler-348 b,,1.52,0.2,-0.13,0.10855263157894737
Kepler-348 c,,1.091,0.08,-0.062,0.06507791017415215
Kepler-349 c,,1.958,0.23,-0.195,0.10852911133810011
Kepler-351 d,,2.72,0.19,-0.3,0.09007352941176469
Kepler-352 b,,0.96,0.05,-0.04,0.046875
Kepler-352 c,,1.31,0.07,-0.05,0.04580152671755726
Kepler-353 b,,0.89,0.06,-0.06,0.06741573033707865
Kepler-353 c,,1.38,0.07,-0.07,0.05072463768115943
Kepler-354 b,,1.916,0.146,-0.279,0.11090814196242173
Kepler-354 c,,1.29,0.07,-0.13,0.07751937984496124
Kepler-354 d,,1.45,0.08,-0.13,0.07241379310344828
Kepler-355 b,,1.648,0.102,-0.164,0.08070388349514564
Kepler-355 c,,3.016,0.183,-0.187,0.0613395225464191
Kepler-356 b,,1.803,0.213,-0.161,0.10371602884082086
Kepler-356 c,,2.24,0.311,-0.233,0.12142857142857141
Kepler-357 b,,1.77,0.12,-0.1,0.06214689265536723
Kepler-357 c,,2.36,0.41,-0.21,0.13135593220338984
Kepler-357 d,,2.165,0.141,-0.117,0.05958429561200924
Kepler-358 b,,2.77,0.37,-0.23,0.10830324909747294
Kepler-358 c,,2.911,0.261,-0.256,0.08880109927859842
Kepler-359 b,,4.37,1.15,-0.55,0.19450800915331806
Kepler-360 b,,1.382,0.088,-0.07,0.057163531114327065
Kepler-360 c,,1.9,0.29,-0.13,0.1105263157894737
Kepler-361 b,,1.584,0.097,-0.083,0.056818181818181816
Kepler-361 c,,2.928,0.155,-0.139,0.050204918032786885
Kepler-362 b,,1.0,0.13,-0.11,0.12
Kepler-362 c,,2.798,0.218,-0.192,0.07326661901358113
Kepler-363 b,,1.323,0.063,-0.118,0.06840513983371127
Kepler-363 d,,2.121,0.121,-0.097,0.05139085337105139
Kepler-364 b,,1.648,0.277,-0.12,0.12044902912621361
Kepler-364 c,,2.675,0.128,-0.45,0.10803738317757011
Kepler-365 b,,1.79,0.54,-0.18,0.2011173184357542
Kepler-365 c,,1.55,0.28,-0.14,0.13548387096774195
Kepler-366 b,,2.496,0.208,-0.18,0.07772435897435898
Kepler-366 c,,2.912,0.243,-0.213,0.0782967032967033
Kepler-367 b,,1.21,0.05,-0.05,0.04132231404958678
Kepler-367 c,,1.2,0.16,-0.16,0.13333333333333333
Kepler-368 b,,3.427,0.157,-0.21,0.05354537496352495
Kepler-368 c,,4.51,0.662,-0.518,0.13082039911308205
Kepler-369 b,,1.13,0.06,-0.06,0.05309734513274337
Kepler-369 c,,1.41,0.06,-0.06,0.0425531914893617
Kepler-370 b,,1.498,0.109,-0.097,0.06875834445927903
Kepler-370 c,,2.259,0.469,-0.214,0.15117308543603364
Kepler-371 b,,1.76,0.19,-0.17,0.10227272727272728
Kepler-371 c,,2.307,0.12,-0.129,0.053966189856957086
Kepler-372 b,,1.951,0.119,-0.48,0.15351101998974884
Kepler-372 c,,2.811,0.18,-0.565,0.13251511917467093
Kepler-372 d,,2.405,0.156,-0.448,0.12557172557172558
Kepler-373 b,,2.166,0.131,-0.115,0.05678670360110804
Kepler-373 c,,1.935,0.137,-0.163,0.07751937984496124
Kepler-374 b,,1.574,0.102,-0.092,0.061626429479034295
Kepler-374 c,,1.627,0.108,-0.09,0.060848186846957586
Kepler-374 d,,1.849,0.108,-0.113,0.059762033531638725
Kepler-375 b,,1.6,0.18,-0.16,0.10624999999999998
Kepler-375 c,,3.06,0.215,-0.78,0.1625816993464052
Kepler-376 b,,1.306,0.081,-0.079,0.06125574272588055
Kepler-376 c,,2.642,0.127,-0.378,0.09557153671461016
Kepler-377 b,,1.558,0.07,-0.152,0.07124518613607188
Kepler-377 c,,2.016,0.118,-0.103,0.054811507936507936
Kepler-378 b,,1.049,0.045,-0.263,0.14680648236415636
Kepler-378 c,,0.71,0.04,-0.04,0.056338028169014086
Kepler-379 b,,1.618,0.104,-0.078,0.05624227441285538
Kepler-379 c,,2.338,0.134,-0.119,0.054106073567151414
Kepler-380 b,,1.285,0.077,-0.072,0.05797665369649806
Kepler-380 c,,1.26,0.19,-0.13,0.12698412698412698
Kepler-381 b,,0.925,0.047,-0.043,0.048648648648648644
Kepler-381 c,,1.056,0.046,-0.068,0.05397727272727272
Kepler-382 b,,1.74,0.278,-0.163,0.1267241379310345
Kepler-382 c,,1.48,0.19,-0.12,0.10472972972972973
Kepler-383 b,,1.39,0.1,-0.08,0.06474820143884893
Kepler-383 c,,1.39,0.44,-0.12,0.20143884892086333
Kepler-384 b,,1.946,0.122,-0.094,0.05549845837615622
Kepler-384 c,,1.34,0.23,-0.14,0.13805970149253732
Kepler-386 b,,1.36,0.11,-0.1,0.07720588235294118
Kepler-386 c,,1.87,0.12,-0.12,0.0641711229946524
Kepler-387 b,,1.155,0.079,-0.063,0.06147186147186147
Kepler-387 c,,1.138,0.062,-0.095,0.06898066783831283
Kepler-388 b,,0.98,0.07,-0.05,0.06122448979591837
Kepler-388 c,,1.05,0.07,-0.07,0.06666666666666667
Kepler-389 b,,1.57,0.12,-0.11,0.0732484076433121
Kepler-389 c,,1.48,0.14,-0.12,0.08783783783783784
Kepler-390 b,,0.79,0.05,-0.04,0.056962025316455694
Kepler-390 c,,0.87,0.04,-0.08,0.06896551724137931
Kepler-391 b,,2.9,0.72,-0.36,0.18620689655172412
Kepler-391 c,,4.15,0.36,-0.24,0.07228915662650601
Kepler-392 b,,0.968,0.064,-0.049,0.05836776859504132
Kepler-392 c,,1.13,0.18,-0.14,0.1415929203539823
Kepler-393 b,,1.442,0.082,-0.086,0.05825242718446602
Kepler-393 c,,1.308,0.079,-0.084,0.06230886850152906
Kepler-394 b,,1.401,0.096,-0.091,0.0667380442541042
Kepler-394 c,,1.487,0.106,-0.091,0.06624075319435103
Kepler-395 b,,1.186,0.061,-0.087,0.06239460370994941
Kepler-395 c,,1.336,0.072,-0.072,0.05389221556886227
Kepler-397 b,,1.98,0.17,-0.14,0.07828282828282829
Kepler-397 c,,6.35,0.28,-0.37,0.05118110236220473
Kepler-398 b,,1.03,0.05,-0.16,0.10194174757281553
Kepler-398 c,,1.03,0.03,-0.18,0.10194174757281552
Kepler-398 d,,0.88,0.03,-0.04,0.03977272727272727
Kepler-399 b,,1.42,0.26,-0.17,0.15140845070422537
Kepler-399 c,,2.15,0.46,-0.29,0.1744186046511628
Kepler-399 d,,2.66,0.5,-0.28,0.14661654135338345
Kepler-400 b,,1.59,0.17,-0.13,0.09433962264150944
Kepler-400 c,,1.46,0.16,-0.12,0.0958904109589041
Kepler-401 b,,2.464,0.313,-0.185,0.1010551948051948
Kepler-401 c,,2.816,0.148,-0.146,0.052201704545454544
Kepler-401 d,,3.45,0.259,-0.525,0.1136231884057971
Kepler-402 b,,1.111,0.072,-0.056,0.057605760576057596
Kepler-402 c,,1.63,0.27,-0.19,0.14110429447852763
Kepler-402 d,,1.164,0.085,-0.06,0.062285223367697595
Kepler-402 e,,1.326,0.064,-0.094,0.059577677224736045
Kepler-403 b,,1.696,0.095,-0.084,0.05277122641509434
Kepler-403 c,,2.324,0.318,-0.318,0.1368330464716007
Kepler-403 d,,1.764,0.072,-0.072,0.04081632653061224
Kepler-404 b,,1.081,0.1,-0.09,0.08788159111933395
Kepler-404 c,,1.492,0.471,-0.359,0.2781501340482574
Kepler-405 b,,1.841,0.153,-0.128,0.07631721890277024
Kepler-405 c,,2.691,0.538,-0.27,0.15013006317354144
Kepler-415 c,,2.81,0.17,-0.13,0.053380782918149475
Kepler-416 c,,2.45,0.26,-0.16,0.08571428571428572
Kepler-417 c,,2.69,0.19,-0.14,0.06133828996282528
Kepler-421 b,,4.16,0.19,-0.16,0.042067307692307696
Kepler-430 b,,2.647,0.297,-0.43,0.13732527389497545
Kepler-430 c,,1.67,0.113,-0.116,0.06856287425149701
Kepler-431 b,,1.088,0.112,-0.18,0.13419117647058823
Kepler-431 c,,1.072,0.174,-0.167,0.15904850746268656
Kepler-431 d,,1.307,0.055,-0.265,0.12241775057383321
Kepler-436 b,,2.73,0.23,-0.24,0.08608058608058608
Kepler-436 c,,2.33,0.19,-0.14,0.07081545064377683
Kepler-437 b,,1.5,0.07,-0.07,0.04666666666666667
Kepler-438 b,,1.12,0.16,-0.17,0.14732142857142855
Kepler-439 b,,2.369,0.163,-0.123,0.060363022372308985
Kepler-440 b,,1.899,0.121,-0.095,0.05687203791469195
Kepler-441 b,,1.462,0.086,-0.112,0.0677154582763338
Kepler-442 b,,1.59,0.11,-0.1,0.0660377358490566
Kepler-443 b,,2.22,0.15,-0.18,0.07432432432432431
Kepler-444 b,,0.403,0.016,-0.014,0.03722084367245658
Kepler-444 c,,0.497,0.021,-0.017,0.03822937625754527
Kepler-444 f,,0.741,0.041,-0.04,0.05465587044534413
Kepler-445 b,,1.564,0.059,-0.112,0.054667519181585675
Kepler-445 c,,4.6,0.25,-0.28,0.05760869565217392
Kepler-445 d,,3.947,0.327,-0.398,0.09184190524448949
Kepler-446 b,,1.147,0.061,-0.035,0.041848299912816043
Kepler-446 c,,0.927,0.048,-0.038,0.04638619201725998
Kepler-446 d,,8.488,0.544,-0.544,0.0640904806786051
Kepler-449 b,,1.64,0.04,-0.05,0.027439024390243906
Kepler-449 c,,2.764,0.086,-0.086,0.031114327062228653
Kepler-458 c,,7.251,0.519,-0.366,0.06102606537029375
Kepler-460 c,,5.52,2.07,-0.73,0.2536231884057971
Kepler-461 b,,2.58,0.07,-0.06,0.025193798449612406
Kepler-463 b,,3.51,0.158,-0.146,0.043304843304843306
Kepler-464 b,,3.3,0.16,-0.13,0.043939393939393945
Kepler-465 b,,2.844,0.126,-0.118,0.04289732770745429
Kepler-466 b,,2.85,0.22,-0.17,0.06842105263157895
Kepler-466 c,,1.25,0.1,-0.07,0.068
Kepler-467 b,,2.25,0.3,-0.08,0.08444444444444445
Kepler-468 b,,13.34,0.32,-0.29,0.022863568215892055
Kepler-471 b,,13.649,1.052,-0.952,0.07341197157300902
Kepler-472 b,,3.22,0.13,-0.28,0.06366459627329192
Kepler-473 b,,5.802,0.268,-0.245,0.044208893485005174
Kepler-474 b,,4.512,0.315,-0.214,0.058621453900709226
Kepler-475 b,,2.49,0.05,-0.18,0.04618473895582329
Kepler-476 b,,3.08,0.51,-0.3,0.1314935064935065
Kepler-477 b,,2.07,0.18,-0.12,0.07246376811594203
Kepler-478 b,,2.71,0.09,-0.33,0.07749077490774908
Kepler-479 b,,2.12,0.09,-0.07,0.03773584905660377
Kepler-480 b,,2.984,0.137,-0.131,0.044906166219839144
Kepler-481 b,,2.847,0.325,-0.196,0.09149982437653671
Kepler-482 b,,2.944,0.125,-0.403,0.08967391304347827
Kepler-483 b,,3.121,0.14,-0.273,0.06616469080422942
Kepler-484 b,,2.28,0.07,-0.05,0.026315789473684216
Kepler-485 b,,13.642,0.701,-0.659,0.049846063627034164
Kepler-487 b,,11.426,0.588,-0.555,0.05001750393838614
Kepler-487 c,,2.172,0.148,-0.115,0.06054327808471455
Kepler-489 b,,7.72,0.17,-0.2,0.02396373056994819
Kepler-490 b,,13.984,0.883,-0.816,0.060747997711670484
Kepler-491 b,,8.523,0.37,-0.348,0.04212131878446557
Kepler-493 b,,12.885,1.156,-1.069,0.0863407062475747
Kepler-495 b,,5.286,0.238,-0.224,0.04370034052213394
Kepler-496 b,,2.249,0.11,-0.118,0.050689195197865716
Kepler-497 b,,8.653,0.738,-0.664,0.08101236565353057
Kepler-498 b,,3.487,0.509,-0.276,0.11256094063665043
Kepler-499 b,,2.17,0.25,-0.16,0.09447004608294932
Kepler-500 b,,2.855,0.145,-0.127,0.04763572679509632
Kepler-501 b,,4.241,0.234,-0.213,0.05269983494458855
Kepler-502 b,,5.318,0.443,-0.547,0.09308010530274541
Kepler-504 b,,1.767,0.057,-0.053,0.031126202603282402
Kepler-505 b,,3.114,0.089,-0.107,0.03147077713551702
Kepler-506 b,,2.73,0.06,-0.06,0.021978021978021976
Kepler-508 b,,1.659,0.198,-0.167,0.11000602772754672
Kepler-509 b,,2.49,0.06,-0.06,0.024096385542168672
Kepler-510 b,,2.651,0.119,-0.154,0.05149000377216145
Kepler-511 b,,9.21,0.502,-0.406,0.049294245385450595
Kepler-512 b,,2.32,0.118,-0.101,0.04719827586206897
Kepler-513 b,,2.541,0.112,-0.248,0.07083825265643448
Kepler-514 b,,1.859,0.082,-0.305,0.10408821947283486
Kepler-515 b,,1.46,0.06,-0.05,0.03767123287671233
Kepler-516 b,,5.471,0.478,-0.489,0.08837506854322794
Kepler-517 b,,2.759,0.133,-0.113,0.04458137006161653
Kepler-518 b,,2.11,0.05,-0.05,0.023696682464454978
Kepler-519 b,,2.1,0.06,-0.04,0.023809523809523808
Kepler-520 b,,1.66,0.28,-0.1,0.11445783132530121
Kepler-520 c,,1.07,0.07,-0.05,0.05607476635514019
Kepler-521 b,,3.591,0.174,-0.159,0.046365914786967416
Kepler-522 b,,7.521,0.365,-0.608,0.06468554713468953
Kepler-523 b,,1.96,0.08,-0.06,0.03571428571428571
Kepler-524 b,,2.756,0.137,-0.122,0.04698838896952105
Kepler-524 c,,1.235,0.086,-0.066,0.06153846153846153
Kepler-525 b,,4.6,0.211,-0.608,0.08902173913043479
Kepler-526 b,,1.99,0.16,-0.17,0.0829145728643216
Kepler-527 b,,2.627,0.375,-0.238,0.11667301103920823
Kepler-528 b,,2.28,0.121,-0.1,0.04846491228070176
Kepler-529 b,,1.86,0.25,-0.17,0.11290322580645161
Kepler-529 c,,2.0,0.41,-0.21,0.155
Kepler-530 b,,2.951,0.136,-0.12,0.04337512707556761
Kepler-531 b,,2.78,0.08,-0.19,0.048561151079136694
Kepler-532 b,,2.57,0.21,-0.14,0.06809338521400779
Kepler-533 b,,3.38,0.08,-0.32,0.059171597633136105
Kepler-534 b,,2.24,0.08,-0.07,0.033482142857142856
Kepler-535 b,,2.361,0.112,-0.1,0.04489623041084286
Kepler-536 b,,3.079,0.171,-0.157,0.05326404676843131
Kepler-537 b,,1.41,0.06,-0.04,0.03546099290780142
Kepler-540 b,,3.13,0.147,-0.129,0.044089456869009586
Kepler-541 b,,3.347,0.484,-0.202,0.10247983268598745
Kepler-542 b,,1.57,0.1,-0.11,0.06687898089171974
Kepler-543 b,,2.5,0.12,-0.26,0.07600000000000001
Kepler-544 b,,2.651,0.142,-0.121,0.04960392304790645
Kepler-545 b,,2.836,0.242,-0.174,0.07334273624823695
Kepler-546 b,,7.879,0.609,-0.558,0.07405762152557432
Kepler-547 b,,4.0,0.13,-0.31,0.055
Kepler-548 b,,11.428,0.881,-0.801,0.07359117955897795
Kepler-549 c,,2.252,0.143,-0.115,0.05728241563055063
Kepler-550 b,,4.42,0.34,-0.27,0.06900452488687783
Kepler-551 b,,2.73,0.25,-0.15,0.07326007326007325
Kepler-552 b,,3.822,0.291,-0.45,0.09693877551020408
Kepler-554 b,,4.617,0.21,-0.196,0.04396794455273988
Kepler-555 b,,3.71,0.287,-0.27,0.07506738544474394
Kepler-556 b,,2.013,0.11,-0.089,0.049428713363139594
Kepler-557 b,,5.153,0.561,-0.481,0.1011061517562585
Kepler-558 b,,2.37,0.17,-0.14,0.06540084388185655
Kepler-559 b,,3.43,0.18,-0.158,0.04927113702623906
Kepler-560 b,,1.72,0.09,-0.09,0.05232558139534883
Kepler-561 b,,6.567,0.384,-0.298,0.051926298157453935
Kepler-561 c,,2.431,0.12,-0.106,0.04648292883587001
Kepler-562 b,,6.089,0.57,-0.459,0.08449663327311543
Kepler-563 b,,3.09,0.17,-0.2,0.05987055016181231
Kepler-564 b,,4.627,0.359,-0.322,0.07358979900583532
Kepler-565 b,,3.64,0.51,-0.27,0.10714285714285715
Kepler-566 b,,2.15,0.13,-0.13,0.060465116279069774
Kepler-567 b,,2.25,0.15,-0.12,0.06
Kepler-568 b,,2.26,0.08,-0.08,0.03539823008849558
Kepler-569 b,,3.014,0.146,-0.129,0.04562043795620438
Kepler-570 b,,2.45,0.34,-0.15,0.09999999999999999
Kepler-571 b,,2.64,0.32,-0.17,0.0928030303030303
Kepler-572 b,,2.58,0.18,-0.17,0.0678294573643411
Kepler-573 b,,2.878,0.146,-0.131,0.04812369701181375
Kepler-574 b,,2.124,0.173,-0.149,0.07580037664783426
Kepler-575 b,,2.436,0.428,-0.219,0.13279967159277506
Kepler-576 b,,2.646,0.152,-0.124,0.05215419501133787
Kepler-577 b,,2.657,0.269,-0.158,0.08035378246142266
Kepler-578 b,,2.0,0.18,-0.22,0.1
Kepler-579 b,,2.0,0.35,-0.18,0.1325
Kepler-580 b,,2.336,0.124,-0.113,0.0507277397260274
Kepler-581 b,,2.253,0.456,-0.123,0.1284953395472703
Kepler-582 b,,2.986,0.246,-0.21,0.07635632953784327
Kepler-583 b,,2.333,0.193,-0.165,0.07672524646378054
Kepler-584 b,,5.371,0.468,-0.577,0.09728169800781976
Kepler-585 b,,2.555,0.255,-0.116,0.07260273972602739
Kepler-586 b,,2.666,0.208,-0.186,0.0738934733683421
Kepler-587 b,,1.95,0.428,-0.16,0.15076923076923077
Kepler-588 b,,3.606,0.286,-0.458,0.10316139767054908
Kepler-589 b,,2.27,0.18,-0.12,0.06607929515418501
Kepler-590 b,,5.627,0.444,-0.411,0.07597298738226409
Kepler-591 b,,3.814,0.221,-0.583,0.10540115364446774
Kepler-592 b,,2.688,0.359,-0.173,0.09895833333333333
Kepler-593 b,,3.02,0.238,-0.438,0.1119205298013245
Kepler-594 b,,2.248,0.189,-0.162,0.07806939501779359
Kepler-596 b,,3.375,0.181,-0.16,0.05051851851851852
Kepler-597 b,,2.309,0.128,-0.104,0.05023819835426591
Kepler-598 b,,1.5,0.12,-0.09,0.07
Kepler-599 b,,2.119,0.168,-0.156,0.07645115620575743
Kepler-600 b,,2.9,0.21,-0.39,0.10344827586206898
Kepler-601 b,,1.856,0.079,-0.198,0.0746228448275862
Kepler-602 b,,2.736,0.3,-0.285,0.10690789473684209
Kepler-603 b,,3.531,0.299,-0.26,0.07915604644576607
Kepler-603 c,,10.319,0.968,-0.764,0.08392286074231999
Kepler-603 d,,2.332,0.197,-0.185,0.0819039451114923
Kepler-604 b,,2.622,0.216,-0.199,0.07913806254767353
Kepler-605 b,,1.44,0.17,-0.09,0.09027777777777779
Kepler-605 c,,0.845,0.046,-0.061,0.06331360946745562
Kepler-606 b,,3.3,0.615,-0.292,0.13742424242424242
Kepler-607 b,,0.863,0.064,-0.052,0.06720741599073002
Kepler-608 b,,3.629,0.327,-0.272,0.08252962248553321
Kepler-609 b,,3.036,0.468,-0.235,0.11577733860342555
Kepler-610 b,,3.111,0.254,-0.226,0.07714561234329798
Kepler-610 c,,2.34,0.213,-0.178,0.08354700854700856
Kepler-611 b,,2.48,0.15,-0.128,0.05604838709677419
Kepler-612 b,,4.367,0.593,-0.391,0.11266315548431417
Kepler-613 b,,2.19,0.182,-0.157,0.0773972602739726
Kepler-614 b,,2.39,0.2,-0.17,0.07740585774058578
Kepler-615 b,,1.74,0.09,-0.1,0.05459770114942529
Kepler-616 b,,2.43,0.33,-0.2,0.10905349794238683
Kepler-616 c,,3.41,0.57,-0.3,0.12756598240469208
Kepler-617 b,,1.419,0.058,-0.044,0.035940803382663845
Kepler-618 b,,2.423,0.127,-0.169,0.061081304168386294
Kepler-619 b,,2.664,0.149,-0.133,0.05292792792792793
Kepler-619 c,,1.69,0.39,-0.17,0.16568047337278108
Kepler-620 b,,3.324,0.28,-0.42,0.10529482551143202
Kepler-621 b,,2.3,0.07,-0.19,0.05652173913043479
Kepler-622 b,,2.091,0.113,-0.093,0.04925872788139646
Kepler-623 b,,2.454,0.203,-0.176,0.07722086389568053
Kepler-624 b,,2.497,0.312,-0.167,0.0959150981177413
Kepler-625 b,,1.99,0.06,-0.05,0.02763819095477387
Kepler-625 c,,1.05,0.05,-0.03,0.03809523809523809
Kepler-626 b,,2.29,0.28,-0.2,0.10480349344978167
Kepler-627 b,,3.176,0.258,-0.382,0.10075566750629722
Kepler-629 b,,1.38,0.06,-0.04,0.036231884057971016
Kepler-630 b,,4.244,0.441,-0.377,0.09637134778510839
Kepler-631 b,,2.637,0.143,-0.119,0.049677664012135
Kepler-632 b,,2.21,0.33,-0.08,0.09276018099547512
Kepler-633 b,,1.63,0.31,-0.21,0.15950920245398775
Kepler-634 b,,2.145,0.102,-0.097,0.04638694638694639
Kepler-635 b,,3.691,0.191,-0.174,0.04944459496071525
Kepler-636 b,,4.45,0.14,-0.13,0.030337078651685397
Kepler-637 b,,2.286,0.127,-0.102,0.050087489063867015
Kepler-638 b,,3.797,0.449,-0.186,0.0836186462997103
Kepler-639 b,,2.806,0.142,-0.121,0.04686386315039201
Kepler-640 b,,2.56,0.08,-0.22,0.05859375
Kepler-641 b,,2.961,0.135,-0.328,0.07818304626815266
Kepler-642 b,,2.229,0.129,-0.123,0.05652759084791386
Kepler-644 b,,3.444,0.179,-0.35,0.07680023228803716
Kepler-645 b,,2.828,0.201,-0.233,0.07673267326732675
Kepler-646 b,,1.726,0.078,-0.087,0.047798377752027804
Kepler-647 b,,1.641,0.095,-0.095,0.0578915295551493
Kepler-648 b,,3.22,0.12,-0.24,0.05590062111801242
Kepler-649 b,,2.243,0.106,-0.095,0.04480606330806955
Kepler-650 b,,2.96,0.51,-0.45,0.16216216216216217
Kepler-651 b,,2.37,0.22,-0.14,0.07594936708860758
Kepler-652 b,,2.49,0.06,-0.05,0.022088353413654616
Kepler-653 b,,1.924,0.107,-0.086,0.05015592515592515
Kepler-653 c,,0.768,0.046,-0.057,0.06705729166666666
Kepler-654 b,,3.002,0.326,-0.265,0.09843437708194538
Kepler-655 b,,2.626,0.133,-0.114,0.04702970297029704
Kepler-656 b,,3.191,0.16,-0.348,0.07959887182701347
Kepler-657 b,,3.52,0.69,-0.32,0.1434659090909091
Kepler-658 b,,1.63,0.06,-0.06,0.03680981595092025
Kepler-659 b,,2.5,0.33,-0.23,0.112
Kepler-660 b,,2.57,0.11,-0.17,0.05447470817120623
Kepler-661 b,,3.07,0.12,-0.21,0.05374592833876222
Kepler-662 b,,2.18,0.11,-0.12,0.05275229357798165
Kepler-663 b,,2.6,0.2,-0.16,0.06923076923076923
Kepler-664 b,,2.308,0.41,-0.23,0.1386481802426343
Kepler-665 b,,2.6,0.15,-0.15,0.05769230769230769
Kepler-666 b,,2.545,0.226,-0.222,0.08801571709233792
Kepler-667 b,,4.73,0.39,-0.28,0.0708245243128964
Kepler-668 b,,2.7,0.23,-0.18,0.07592592592592592
Kepler-669 b,,5.345,0.708,-0.555,0.11814780168381667
Kepler-670 b,,12.274,0.635,-0.569,0.049046765520612684
Kepler-671 b,,2.662,0.232,-0.231,0.08696468820435763
Kepler-672 b,,2.644,0.137,-0.186,0.061081694402420575
Kepler-673 b,,6.54,0.53,-0.48,0.077217125382263
Kepler-674 b,,1.69,0.1,-0.07,0.05029585798816569
Kepler-675 b,,2.323,0.129,-0.121,0.05380972879896685
Kepler-676 b,,3.04,0.14,-0.34,0.07894736842105263
Kepler-677 b,,8.746,0.899,-0.743,0.09387148410702034
Kepler-678 b,,10.79,0.958,-0.967,0.0892029657089898
Kepler-679 b,,3.01,0.32,-0.39,0.1179401993355482
Kepler-680 b,,2.475,0.232,-0.2,0.08727272727272728
Kepler-681 b,,3.08,0.16,-0.16,0.051948051948051945
Kepler-682 b,,7.37,0.77,-0.5,0.08616010854816825
Kepler-683 b,,1.992,0.122,-0.115,0.05948795180722892
Kepler-684 b,,3.36,0.3,-0.3,0.08928571428571429
Kepler-685 b,,8.544,0.484,-0.452,0.0547752808988764
Kepler-686 b,,14.29,1.303,-1.175,0.086703988803359
Kepler-687 b,,3.52,0.16,-0.2,0.05113636363636364
Kepler-688 b,,10.083,0.936,-0.893,0.09069721313101259
Kepler-689 b,,3.12,0.288,-0.282,0.09134615384615383
Kepler-690 b,,5.803,0.708,-0.574,0.11046010684128899
Kepler-691 b,,2.09,0.09,-0.09,0.0430622009569378
Kepler-692 b,,2.866,0.261,-0.234,0.0863572923935799
Kepler-693 b,,10.18,0.5,-0.77,0.06237721021611002
Kepler-694 b,,2.706,0.457,-0.213,0.1237989652623799
Kepler-695 b,,9.21,0.71,-0.56,0.06894679695982628
Kepler-696 b,,6.531,0.609,-0.527,0.08696983616597764
Kepler-697 b,,4.629,0.29,-0.261,0.05951609418880968
Kepler-698 b,,6.064,0.674,-0.737,0.11634234828496043
Kepler-700 b,,8.368,0.64,-0.527,0.06972992351816443
Kepler-701 b,,2.307,0.195,-0.165,0.07802340702210664
Kepler-702 b,,9.17,0.84,-0.58,0.07742639040348964
Kepler-703 b,,6.273,0.56,-0.497,0.08424996014666031
Kepler-704 b,,3.119,0.269,-0.618,0.1421930105803142
Kepler-705 b,,2.11,0.1,-0.08,0.04265402843601896
Kepler-707 b,,1.251,0.074,-0.063,0.05475619504396483
Kepler-708 b,,2.983,0.275,-0.243,0.0868253436138116
Kepler-709 b,,2.92,0.18,-0.19,0.06335616438356165
Kepler-710 b,,2.961,0.19,-0.164,0.059777102330293826
Kepler-711 b,,3.41,0.34,-0.63,0.14222873900293256
Kepler-712 b,,3.41,0.14,-0.11,0.036656891495601175
Kepler-712 c,,4.85,0.26,-0.41,0.06907216494845361
Kepler-713 b,,2.947,0.242,-0.301,0.09212758737699354
Kepler-714 b,,13.16,1.187,-1.07,0.08575227963525836
Kepler-715 b,,3.995,0.348,-0.546,0.11188986232790989
Kepler-716 b,,2.9,0.35,-0.17,0.0896551724137931
Kepler-717 b,,2.42,0.25,-0.35,0.12396694214876033
Kepler-718 b,,13.87,0.814,-0.76,0.05674116798846431
Kepler-719 b,,14.821,2.016,-1.678,0.12462047095337697
Kepler-720 b,,10.004,0.831,-0.752,0.07911835265893644
Kepler-721 b,,2.64,0.14,-0.14,0.05303030303030303
Kepler-722 b,,2.692,0.231,-0.494,0.13465824665676077
Kepler-722 c,,2.82,0.56,-0.33,0.15780141843971635
Kepler-723 b,,12.19,1.58,-0.79,0.09721082854799018
Kepler-724 b,,3.29,0.4,-0.23,0.09574468085106383
Kepler-725 b,,9.94,0.482,-0.454,0.047082494969818915
Kepler-726 b,,3.26,0.32,-0.35,0.10276073619631902
Kepler-727 b,,2.53,0.35,-0.31,0.13043478260869568
Kepler-728 b,,4.624,0.44,-0.389,0.08964100346020762
Kepler-729 b,,5.045,0.498,-0.439,0.09286422200198216
Kepler-730 b,,12.3299,0.526823,-0.56045,0.0440909090909091
Kepler-730 c,,1.56926,0.134508,-0.134508,0.0857142857142857
Kepler-731 b,,12.891,1.126,-1.019,0.08319757970677216
Kepler-732 b,,2.451,0.078,-0.071,0.030395756833945325
Kepler-732 c,,1.42,0.052,-0.042,0.03309859154929577
Kepler-733 b,,2.484,0.207,-0.189,0.07971014492753623
Kepler-734 b,,3.56,0.14,-0.13,0.037921348314606744
Kepler-735 b,,2.95,0.16,-0.12,0.04745762711864407
Kepler-736 b,,2.316,0.16,-0.132,0.06303972366148533
Kepler-737 b,,2.029,0.074,-0.063,0.033760473139477575
Kepler-738 b,,2.5,0.2,-0.17,0.07400000000000001
Kepler-739 b,,3.769,0.468,-0.344,0.10772088087025736
Kepler-740 b,,4.57,0.53,-0.27,0.087527352297593
Kepler-741 b,,3.077,0.283,-0.253,0.08709782255443614
Kepler-742 b,,3.24,0.11,-0.17,0.043209876543209874
Kepler-743 b,,1.21,0.03,-0.05,0.03305785123966942
Kepler-744 b,,1.516,0.07,-0.089,0.05244063324538259
Kepler-745 b,,3.052,0.235,-0.198,0.07093709043250328
Kepler-746 b,,1.11,0.13,-0.09,0.09909909909909909
Kepler-748 b,,3.112,0.312,-0.267,0.09302699228791773
Kepler-749 b,,3.1,0.23,-0.26,0.07903225806451614
Kepler-750 b,,3.313,0.191,-0.166,0.05387865982493209
Kepler-750 c,,1.777,0.104,-0.125,0.06443444006752955
Kepler-751 b,,2.46,0.23,-0.18,0.08333333333333334
Kepler-752 b,,2.81,0.26,-0.21,0.08362989323843417
Kepler-753 b,,1.91,0.25,-0.09,0.08900523560209424
Kepler-754 b,,2.727,0.282,-0.253,0.0980931426475981
Kepler-755 b,,1.532,0.067,-0.089,0.05091383812010444
Kepler-755 c,,1.26,0.05,-0.05,0.03968253968253969
Kepler-756 b,,1.12,0.09,-0.1,0.08482142857142858
Kepler-757 b,,1.423,0.111,-0.086,0.06921995783555868
Kepler-758 b,,3.209,0.173,-0.511,0.10657525708943597
Kepler-758 c,,1.836,0.365,-0.121,0.13235294117647056
Kepler-758 d,,3.188,0.171,-0.708,0.13786072772898367
Kepler-758 e,,1.879,0.262,-0.22,0.12825971261309208
Kepler-759 b,,3.922,0.482,-0.404,0.11295257521672616
Kepler-760 b,,3.06,0.26,-0.24,0.08169934640522876
Kepler-760 c,,1.48,0.12,-0.09,0.07094594594594594
Kepler-761 b,,2.03,0.25,-0.17,0.10344827586206898
Kepler-762 b,,15.098,1.506,-1.331,0.09395284143595178
Kepler-763 b,,1.22,0.09,-0.08,0.06967213114754098
Kepler-764 b,,1.633,0.151,-0.125,0.08450704225352113
Kepler-765 b,,2.437,0.206,-0.175,0.07816988100123103
Kepler-766 b,,3.39,0.93,-0.4,0.19616519174041297
Kepler-767 b,,12.134,1.067,-0.932,0.0823718477006758
Kepler-768 b,,1.79,0.2,-0.13,0.09217877094972068
Kepler-769 b,,2.315,0.143,-0.124,0.057667386609071274
Kepler-769 c,,1.516,0.083,-0.188,0.08937994722955145
Kepler-770 b,,2.3,0.32,-0.17,0.10652173913043479
Kepler-770 c,,1.47,0.104,-0.076,0.061224489795918366
Kepler-770 d,,1.4,0.19,-0.11,0.10714285714285715
Kepler-771 b,,2.4,0.209,-0.195,0.08416666666666667
Kepler-772 b,,2.98,0.171,-0.148,0.0535234899328859
Kepler-773 b,,1.43,0.09,-0.07,0.05594405594405595
Kepler-774 b,,2.277,0.127,-0.11,0.05204216073781291
Kepler-775 b,,1.19,0.04,-0.04,0.033613445378151266
Kepler-776 b,,1.28,0.11,-0.07,0.0703125
Kepler-777 b,,1.619,0.078,-0.078,0.04817788758492897
Kepler-778 b,,1.68,0.1,-0.13,0.06845238095238096
Kepler-779 b,,1.037,0.055,-0.049,0.050144648023143695
Kepler-780 b,,0.89,0.09,-0.06,0.08426966292134831
Kepler-781 b,,3.025,0.264,-0.423,0.11355371900826447
Kepler-782 b,,3.344,0.163,-0.14,0.04530502392344498
Kepler-783 b,,0.677,0.047,-0.054,0.07459379615952733
Kepler-784 b,,3.453,0.187,-0.183,0.05357660005792065
Kepler-785 b,,13.02,0.44,-0.53,0.037250384024577574
Kepler-786 b,,2.43,0.12,-0.07,0.03909465020576132
Kepler-787 b,,1.28,0.06,-0.07,0.05078125
Kepler-788 b,,2.528,0.555,-0.237,0.15664556962025317
Kepler-789 b,,3.407,0.213,-0.183,0.05811564426181391
Kepler-790 b,,2.18,0.17,-0.14,0.07110091743119266
Kepler-791 b,,3.015,0.166,-0.649,0.1351575456053068
Kepler-792 b,,2.193,0.167,-0.153,0.0729594163246694
Kepler-793 b,,1.676,0.166,-0.149,0.09397374701670644
Kepler-794 b,,2.39,0.137,-0.113,0.05230125523012552
Kepler-795 b,,1.68,0.18,-0.13,0.09226190476190477
Kepler-796 b,,3.252,0.146,-0.511,0.10101476014760148
Kepler-797 b,,3.669,0.215,-0.187,0.05478331970564186
Kepler-798 b,,2.041,0.165,-0.146,0.07618814306712396
Kepler-799 b,,9.801,0.591,-0.56,0.058718498112437505
Kepler-800 b,,2.85,0.34,-0.26,0.10526315789473685
Kepler-801 b,,2.072,0.075,-0.07,0.03499034749034749
Kepler-802 b,,3.403,0.259,-0.429,0.10108727593300029
Kepler-803 b,,3.963,0.188,-0.169,0.045041635124905374
Kepler-804 b,,1.935,0.101,-0.085,0.04806201550387597
Kepler-804 c,,1.074,0.072,-0.055,0.05912476722532588
Kepler-805 b,,2.89,0.13,-0.25,0.0657439446366782
Kepler-806 b,,1.623,0.068,-0.314,0.11768330252618607
Kepler-808 b,,1.46,0.06,-0.08,0.04794520547945205
Kepler-809 b,,3.226,0.396,-0.41,0.12492250464972102
Kepler-810 b,,1.681,0.186,-0.169,0.10559190957763236
Kepler-811 b,,3.263,0.389,-0.28,0.1025130248237818
Kepler-812 b,,3.021,0.161,-0.158,0.05279708705726581
Kepler-813 b,,2.14,0.42,-0.19,0.1425233644859813
Kepler-814 b,,2.997,0.252,-0.21,0.07707707707707709
Kepler-815 b,,4.432,0.266,-0.215,0.05426444043321299
Kepler-816 b,,10.24,0.68,-0.54,0.0595703125
Kepler-817 b,,8.976,0.925,-0.805,0.0963680926916221
Kepler-818 b,,4.631,0.393,-0.351,0.08032822284603758
Kepler-819 b,,2.484,0.162,-0.124,0.05756843800322061
Kepler-820 b,,8.232,0.804,-0.406,0.07349368318756075
Kepler-821 b,,1.257,0.08,-0.065,0.057677008750994435
Kepler-822 b,,1.514,0.084,-0.08,0.05416116248348746
Kepler-823 b,,2.574,0.38,-0.227,0.11790986790986792
Kepler-824 b,,1.678,0.107,-0.097,0.06078665077473183
Kepler-825 b,,1.413,0.118,-0.104,0.07855626326963906
Kepler-825 c,,1.936,0.327,-0.165,0.12706611570247933
Kepler-826 b,,1.532,0.067,-0.108,0.05711488250652741
Kepler-827 b,,5.63,0.7,-0.46,0.10301953818827708
Kepler-828 b,,1.32,0.063,-0.078,0.053409090909090906
Kepler-829 b,,2.35,0.201,-0.184,0.08191489361702128
Kepler-830 b,,1.7,0.61,-0.25,0.2529411764705882
Kepler-831 b,,1.27,0.1,-0.07,0.06692913385826772
Kepler-832 b,,2.495,0.269,-0.229,0.09979959919839679
Kepler-833 b,,2.139,0.108,-0.079,0.04371201496026181
Kepler-834 b,,1.968,0.097,-0.077,0.04420731707317073
Kepler-835 b,,2.79,0.54,-0.29,0.14874551971326166
Kepler-836 b,,2.597,0.34,-0.251,0.11378513669618792
Kepler-837 b,,2.56,0.22,-0.43,0.126953125
Kepler-838 b,,2.326,0.371,-0.201,0.12295786758383491
Kepler-839 b,,3.487,0.274,-0.439,0.1022368798394035
Kepler-841 b,,5.049,0.35,-0.293,0.06367597544068132
Kepler-842 b,,1.6,0.08,-0.09,0.05312499999999999
Kepler-843 b,,2.29,0.158,-0.148,0.06681222707423581
Kepler-844 b,,1.68,0.07,-0.24,0.09226190476190477
Kepler-845 b,,2.04,0.09,-0.29,0.09313725490196079
Kepler-846 b,,2.052,0.202,-0.17,0.09064327485380118
Kepler-847 b,,1.18,0.09,-0.05,0.05932203389830509
Kepler-848 b,,2.919,0.157,-0.147,0.05207262761219596
Kepler-850 b,,1.881,0.202,-0.173,0.09968102073365231
Kepler-851 b,,1.68,0.27,-0.21,0.14285714285714285
Kepler-852 b,,2.54,0.45,-0.17,0.1220472440944882
Kepler-853 b,,1.604,0.264,-0.086,0.10910224438902742
Kepler-855 b,,11.851,1.006,-0.906,0.08066829803392118
Kepler-856 b,,9.949,0.873,-0.814,0.08478239018996885
Kepler-857 b,,6.479,0.339,-0.314,0.05039357925605803
Kepler-858 b,,5.042,0.221,-0.204,0.04214597381991273
Kepler-859 b,,3.09,0.18,-0.15,0.05339805825242719
Kepler-860 b,,2.556,0.215,-0.19,0.07922535211267606
Kepler-861 b,,2.28,0.12,-0.13,0.054824561403508776
Kepler-862 b,,2.72,0.465,-0.281,0.13713235294117648
Kepler-863 b,,3.749,0.365,-0.331,0.092824753267538
Kepler-864 b,,3.185,0.62,-0.397,0.15965463108320252
Kepler-865 b,,2.166,0.171,-0.15,0.07409972299168976
Kepler-866 b,,1.63,0.08,-0.12,0.06134969325153375
Kepler-867 b,,4.64,0.41,-0.3,0.07650862068965517
Kepler-868 b,,2.05,0.2,-0.17,0.09024390243902441
Kepler-869 b,,3.224,0.274,-0.47,0.11538461538461538
Kepler-870 b,,2.545,0.232,-0.205,0.08585461689587426
Kepler-871 b,,4.267,0.638,-0.653,0.15127724396531522
Kepler-872 b,,1.648,0.288,-0.144,0.13106796116504854
Kepler-873 b,,3.031,0.245,-0.355,0.09897723523589574
Kepler-874 b,,3.598,0.293,-0.261,0.07698721511951084
Kepler-875 b,,3.316,0.35,-0.626,0.1471652593486128
Kepler-876 b,,1.43,0.1,-0.09,0.06643356643356643
Kepler-877 b,,2.12,0.14,-0.27,0.09669811320754718
Kepler-878 b,,1.93,0.12,-0.1,0.05699481865284974
Kepler-879 b,,2.583,0.45,-0.198,0.1254355400696864
Kepler-879 c,,0.4,0.1,-0.1,0.25
Kepler-880 b,,2.772,0.21,-0.411,0.11201298701298701
Kepler-881 b,,1.732,0.148,-0.372,0.15011547344110854
Kepler-882 b,,1.158,0.072,-0.059,0.05656303972366149
Kepler-883 b,,2.032,0.11,-0.091,0.04945866141732283
Kepler-884 b,,1.23,0.05,-0.05,0.04065040650406505
Kepler-885 b,,2.601,0.165,-0.395,0.10765090349865437
Kepler-886 b,,1.258,0.072,-0.059,0.05206677265500795
Kepler-887 b,,1.915,0.104,-0.087,0.049869451697127934
Kepler-887 c,,1.198,0.064,-0.084,0.06176961602671119
Kepler-888 b,,1.76,0.08,-0.06,0.03977272727272727
Kepler-889 b,,1.247,0.074,-0.068,0.05693664795509222
Kepler-890 b,,10.703,0.952,-0.835,0.08348126693450435
Kepler-891 b,,10.533,1.179,-1.022,0.10448115446691351
Kepler-892 b,,2.81,0.37,-0.27,0.11387900355871886
Kepler-893 b,,3.259,0.275,-0.505,0.11966861000306844
Kepler-894 b,,2.78,0.3,-0.34,0.11510791366906475
Kepler-895 b,,1.54,0.09,-0.07,0.05194805194805195
Kepler-896 b,,2.53,0.18,-0.19,0.07312252964426878
Kepler-897 b,,3.891,0.329,-0.794,0.14430737599588794
Kepler-898 b,,1.49,0.3,-0.09,0.1308724832214765
Kepler-899 b,,2.984,0.269,-0.237,0.08478552278820375
Kepler-900 b,,2.08,0.12,-0.34,0.11057692307692307
Kepler-901 b,,1.37,0.07,-0.06,0.04744525547445255
Kepler-902 b,,3.252,0.227,-0.192,0.0644218942189422
Kepler-903 b,,2.974,0.154,-0.352,0.08507061197041021
Kepler-903 c,,4.144,0.232,-0.8,0.12451737451737452
Kepler-904 b,,1.414,0.113,-0.111,0.07920792079207922
Kepler-905 b,,1.41,0.05,-0.05,0.03546099290780142
Kepler-906 b,,2.11,0.1,-0.1,0.047393364928909956
Kepler-907 b,,1.2,0.06,-0.05,0.04583333333333334
Kepler-908 b,,1.336,0.075,-0.059,0.05014970059880239
Kepler-909 b,,1.47,0.16,-0.11,0.09183673469387756
Kepler-910 b,,0.82,0.04,-0.03,0.04268292682926829
Kepler-911 b,,2.6,0.1,-0.1,0.038461538461538464
Kepler-912 b,,4.598,0.481,-0.711,0.12962157459765114
Kepler-913 b,,2.06,0.08,-0.06,0.03398058252427184
Kepler-914 b,,1.38,0.17,-0.12,0.10507246376811595
Kepler-915 b,,1.985,0.123,-0.435,0.1405541561712846
Kepler-916 b,,1.861,0.134,-0.108,0.06501880709296078
Kepler-917 b,,1.91,0.24,-0.17,0.10732984293193717
Kepler-918 b,,1.626,0.095,-0.378,0.1454489544895449
Kepler-919 b,,1.923,0.181,-0.153,0.08684347373894954
Kepler-920 b,,2.42,0.22,-0.16,0.07851239669421488
Kepler-920 c,,3.8,0.58,-0.28,0.11315789473684211
Kepler-921 b,,2.149,0.201,-0.167,0.08562121917170779
Kepler-922 b,,1.337,0.073,-0.059,0.04936424831712789
Kepler-923 b,,1.72,0.082,-0.308,0.11337209302325581
Kepler-924 b,,2.765,0.158,-0.132,0.05244122965641953
Kepler-925 b,,2.328,0.457,-0.336,0.17031786941580757
Kepler-926 b,,2.924,0.185,-0.183,0.06292749658002736
Kepler-927 b,,1.605,0.353,-0.15,0.15669781931464175
Kepler-928 b,,1.416,0.11,-0.124,0.0826271186440678
Kepler-929 b,,1.614,0.102,-0.086,0.058240396530359353
Kepler-930 b,,2.047,0.142,-0.114,0.0625305324865657
Kepler-931 b,,1.33,0.14,-0.09,0.08646616541353383
Kepler-932 b,,1.37,0.13,-0.1,0.08394160583941605
Kepler-933 b,,2.46,0.23,-0.16,0.07926829268292684
Kepler-934 b,,2.085,0.127,-0.119,0.058992805755395686
Kepler-935 b,,1.35,0.08,-0.07,0.05555555555555555
Kepler-936 b,,1.45,0.2,-0.1,0.10344827586206896
Kepler-937 b,,4.077,0.363,-0.339,0.08609271523178808
Kepler-937 c,,2.576,0.309,-0.211,0.10093167701863354
Kepler-938 b,,2.22,0.25,-0.16,0.09234234234234234
Kepler-939 b,,1.75,0.31,-0.2,0.1457142857142857
Kepler-940 b,,3.223,0.379,-0.512,0.13822525597269625
Kepler-941 b,,2.813,0.242,-0.532,0.13757554212584427
Kepler-942 b,,2.062,0.118,-0.098,0.05237633365664404
Kepler-943 b,,10.806,1.167,-1.163,0.10781047566166946
Kepler-944 b,,3.352,0.329,-0.278,0.09054295942720765
Kepler-945 b,,2.584,0.284,-0.244,0.10216718266253869
Kepler-946 b,,2.371,0.164,-0.136,0.06326444538169548
Kepler-947 b,,3.123,0.339,-0.285,0.09990393852065321
Kepler-948 b,,1.389,0.082,-0.087,0.06083513318934485
Kepler-949 b,,2.445,0.125,-0.108,0.047648261758691204
Kepler-950 b,,13.468,1.67,-1.47,0.11657261657261657
Kepler-951 b,,5.59,0.24,-0.26,0.044722719141323794
Kepler-952 b,,8.266,0.808,-0.719,0.09236631986450519
Kepler-953 b,,4.21,0.37,-0.33,0.0831353919239905
Kepler-953 c,,1.19,0.11,-0.09,0.08403361344537816
Kepler-954 b,,2.32,0.05,-0.11,0.034482758620689655
Kepler-955 b,,3.13,0.27,-0.17,0.07028753993610225
Kepler-956 b,,2.791,0.12,-0.341,0.08258688642063777
Kepler-957 b,,5.5,0.29,-0.32,0.05545454545454545
Kepler-958 b,,2.06,0.1,-0.08,0.04368932038834951
Kepler-959 b,,3.917,0.187,-0.198,0.04914475363798826
Kepler-960 b,,2.29,0.07,-0.25,0.06986899563318777
Kepler-961 b,,2.55,0.11,-0.08,0.03725490196078432
Kepler-962 b,,1.97,0.08,-0.08,0.04060913705583757
Kepler-963 b,,2.625,0.228,-0.191,0.0798095238095238
Kepler-963 c,,0.6,0.2,-0.2,0.33333333333333337
Kepler-964 b,,2.12,0.09,-0.07,0.03773584905660377
Kepler-965 b,,3.154,0.158,-0.133,0.04613189600507293
Kepler-966 b,,5.558,0.437,-0.724,0.10444404462036704
Kepler-967 b,,2.35,0.08,-0.1,0.03829787234042553
Kepler-967 c,,3.65,0.15,-0.13,0.03835616438356164
Kepler-968 b,,2.0,0.08,-0.08,0.04
Kepler-968 c,,1.69,0.08,-0.07,0.044378698224852076
Kepler-969 b,,2.07,0.05,-0.05,0.02415458937198068
Kepler-969 c,,0.99,0.02,-0.05,0.03535353535353536
Kepler-970 b,,2.609,0.265,-0.203,0.08968953622077425
Kepler-971 b,,1.937,0.096,-0.108,0.05265875064532782
Kepler-972 b,,4.405,0.271,-0.407,0.07695800227014755
Kepler-973 b,,1.96,0.08,-0.07,0.03826530612244898
Kepler-974 b,,1.635,0.057,-0.243,0.09174311926605505
Kepler-975 b,,1.48,0.06,-0.09,0.05067567567567567
Kepler-976 b,,3.96,0.29,-0.2,0.06186868686868687
Kepler-977 b,,2.62,0.17,-0.17,0.0648854961832061
Kepler-978 b,,2.99,0.67,-0.57,0.20735785953177255
Kepler-979 b,,2.681,0.261,-0.276,0.10014919806042522
Kepler-980 b,,2.641,0.509,-0.134,0.12173419159409316
Kepler-981 b,,2.217,0.17,-0.178,0.07848443843031123
Kepler-982 b,,2.599,0.151,-0.128,0.05367449018853405
Kepler-983 b,,2.36,0.07,-0.18,0.05296610169491526
Kepler-984 b,,2.12,0.13,-0.11,0.05660377358490566
Kepler-985 b,,2.98,0.14,-0.15,0.04865771812080537
Kepler-986 b,,2.285,0.123,-0.101,0.04901531728665208
Kepler-987 b,,3.26,0.16,-0.12,0.04294478527607362
Kepler-988 b,,2.373,0.345,-0.135,0.1011378002528445
Kepler-989 b,,2.21,0.14,-0.13,0.06108597285067874
Kepler-990 b,,2.6,0.65,-0.42,0.20576923076923076
Kepler-990 c,,1.53,0.35,-0.19,0.1764705882352941
Kepler-991 b,,2.54,0.13,-0.12,0.049212598425196846
Kepler-992 b,,1.62,0.04,-0.27,0.09567901234567901
Kepler-993 b,,2.97,0.18,-0.12,0.0505050505050505
Kepler-994 b,,1.413,0.047,-0.041,0.031139419674451524
Kepler-995 b,,2.469,0.149,-0.115,0.053462940461725394
Kepler-996 b,,2.302,0.135,-0.131,0.05777584708948741
Kepler-997 b,,1.31,0.073,-0.063,0.05190839694656488
Kepler-998 b,,2.303,0.178,-0.182,0.07815892314372558
Kepler-999 b,,2.612,0.121,-0.399,0.0995405819295559
TOI-4336 A b,,2.12,0.08,-0.09,0.04009433962264151
KIC 3558849 b,,6.9,1.0,-0.9,0.13768115942028986
KIC 5437945 b,,6.4,1.6,-1.6,0.25
KIC 8540376 b,,4.1,2.2,-1.9,0.5000000000000001
KIC 8540376 c,,2.4,1.9,-1.4,0.6875
KIC 9663113 b,,9.935,0.96,-0.669,0.08198288877705083
Kepler-1000 b,,4.76,0.34,-0.31,0.06827731092436976
Kepler-1001 b,,2.935,0.165,-0.535,0.1192504258943782
Kepler-1002 b,,1.71,0.06,-0.05,0.03216374269005848
Kepler-1003 b,,2.035,0.101,-0.104,0.05036855036855037
Kepler-1004 b,,6.668,0.899,-0.38,0.09590581883623275
Kepler-1005 b,,1.998,0.084,-0.351,0.10885885885885885
Kepler-1006 b,,3.616,0.344,-0.617,0.13288163716814158
Kepler-1007 b,,1.44,0.07,-0.07,0.04861111111111112
Kepler-1008 b,,1.28,0.07,-0.05,0.046875
Kepler-1009 b,,2.381,0.116,-0.088,0.04283914321713567
Kepler-1010 b,,2.228,0.312,-0.183,0.11108617594254935
Kepler-1011 b,,2.87,0.29,-0.44,0.12717770034843204
Kepler-1012 b,,1.29,0.08,-0.06,0.05426356589147287
Kepler-1013 b,,2.15,0.36,-0.2,0.13023255813953488
Kepler-1014 b,,2.39,0.21,-0.25,0.09623430962343096
Kepler-1015 b,,2.871,0.155,-0.133,0.050156739811912224
Kepler-1016 b,,2.447,0.381,-0.207,0.12014711892112791
Kepler-1016 c,,4.327,0.287,-0.291,0.06678992373468916
Kepler-1017 b,,1.838,0.112,-0.086,0.05386289445048966
Kepler-1018 b,,2.58,0.3,-0.19,0.09496124031007752
Kepler-1019 b,,1.46,0.05,-0.16,0.07191780821917809
Kepler-1020 b,,2.28,0.08,-0.09,0.03728070175438597
Kepler-1021 b,,2.239,0.202,-0.174,0.08396605627512282
Kepler-1022 b,,2.36,0.08,-0.28,0.07627118644067797
Kepler-1023 b,,2.63,0.3,-0.18,0.09125475285171103
Kepler-1024 b,,3.91,0.27,-0.26,0.06777493606138107
Kepler-1025 b,,2.352,0.457,-0.179,0.13520408163265307
Kepler-1026 b,,2.21,0.33,-0.15,0.1085972850678733
Kepler-1027 b,,0.89,0.04,-0.02,0.033707865168539325
Kepler-1028 b,,1.263,0.105,-0.09,0.07719714964370547
Kepler-1029 b,,1.26,0.08,-0.07,0.05952380952380952
Kepler-1030 b,,2.48,0.12,-0.18,0.06048387096774193
Kepler-1031 b,,0.87,0.21,-0.11,0.1839080459770115
Kepler-1032 b,,1.87,0.1,-0.08,0.0481283422459893
Kepler-1033 b,,2.366,0.258,-0.225,0.10207100591715976
Kepler-1034 b,,2.057,0.126,-0.099,0.05469129800680603
Kepler-1035 b,,1.876,0.106,-0.27,0.1002132196162047
Kepler-1036 b,,2.715,0.125,-0.41,0.09852670349907919
Kepler-1037 b,,1.28,0.09,-0.07,0.0625
Kepler-1038 b,,3.53,0.52,-0.39,0.12889518413597734
Kepler-1039 b,,1.46,0.09,-0.22,0.10616438356164383
Kepler-1040 b,,2.344,0.129,-0.101,0.049061433447098984
Kepler-1041 b,,4.119,0.343,-0.676,0.1236950716193251
Kepler-1042 b,,2.19,0.11,-0.16,0.06164383561643837
Kepler-1043 b,,2.611,0.425,-0.22,0.12351589429337417
Kepler-1044 b,,2.134,0.202,-0.177,0.08880037488284911
Kepler-1045 b,,2.69,0.21,-0.16,0.0687732342007435
Kepler-1046 b,,1.71,0.12,-0.11,0.06725146198830409
Kepler-1047 b,,3.579,0.181,-0.549,0.10198379435596536
Kepler-1047 c,,1.368,0.063,-0.116,0.06542397660818713
Kepler-1048 b,,1.61,0.09,-0.08,0.05279503105590062
Kepler-1049 b,,0.956,0.03,-0.049,0.04131799163179917
Kepler-1050 b,,1.38,0.083,-0.087,0.06159420289855073
Kepler-1050 c,,1.349,0.085,-0.097,0.06745737583395109
Kepler-1051 b,,2.694,0.146,-0.121,0.049554565701559014
Kepler-1052 b,,2.693,0.135,-0.176,0.05774229483847011
Kepler-1053 b,,0.98,0.05,-0.04,0.04591836734693878
Kepler-1054 b,,2.689,0.141,-0.399,0.10040907400520639
Kepler-1055 b,,1.23,0.07,-0.06,0.052845528455284556
Kepler-1056 b,,2.979,0.573,-0.272,0.14182611614635782
Kepler-1057 b,,2.742,0.254,-0.224,0.08716265499635303
Kepler-1058 b,,2.72,0.11,-0.32,0.07904411764705882
Kepler-1059 b,,1.73,0.12,-0.15,0.07803468208092484
Kepler-1060 b,,3.034,0.323,-0.42,0.12244561634805537
Kepler-1061 b,,1.692,0.076,-0.261,0.09958628841607566
Kepler-1062 b,,1.76,0.09,-0.1,0.05397727272727273
Kepler-1063 b,,1.49,0.4,-0.19,0.19798657718120805
Kepler-1064 b,,1.55,0.07,-0.05,0.03870967741935484
Kepler-1065 b,,3.64,0.326,-0.326,0.08956043956043956
Kepler-1065 c,,1.6,0.24,-0.17,0.128125
Kepler-1066 b,,2.36,0.5,-0.33,0.17584745762711868
Kepler-1067 b,,0.734,0.085,-0.046,0.08923705722070846
Kepler-1068 b,,3.47,0.726,-0.253,0.14106628242074926
Kepler-1069 b,,2.696,0.136,-0.118,0.04710682492581602
Kepler-1070 b,,1.76,0.081,-0.217,0.0846590909090909
Kepler-1071 b,,2.38,0.07,-0.14,0.04411764705882353
Kepler-1072 b,,1.627,0.09,-0.078,0.05162876459741856
Kepler-1073 b,,2.301,0.128,-0.114,0.05258583224684919
Kepler-1073 c,,1.605,0.102,-0.084,0.05794392523364486
Kepler-1074 b,,1.178,0.058,-0.045,0.04371816638370119
Kepler-1075 b,,1.471,0.108,-0.35,0.15567641060503057
Kepler-1076 b,,0.8,0.04,-0.03,0.04375
Kepler-1077 b,,2.797,0.251,-0.436,0.12281015373614587
Kepler-1078 b,,3.867,0.528,-0.719,0.1612361003361779
Kepler-1079 b,,2.036,0.09,-0.142,0.05697445972495088
Kepler-1080 b,,5.963,0.608,-0.738,0.11286265302699983
Kepler-1081 b,,0.957,0.046,-0.063,0.056948798328108674
Kepler-1082 b,,1.302,0.066,-0.065,0.050307219662058374
Kepler-1083 b,,3.36,0.16,-0.63,0.11755952380952381
Kepler-1084 b,,1.3,0.058,-0.295,0.13576923076923075
Kepler-1085 b,,6.228,0.361,-0.341,0.05635838150289017
Kepler-1086 b,,2.44,0.35,-0.28,0.1290983606557377
Kepler-1086 c,,2.94,0.11,-0.13,0.04081632653061225
Kepler-1087 b,,0.676,0.041,-0.033,0.05473372781065089
Kepler-1088 b,,1.42,0.11,-0.1,0.073943661971831
Kepler-1089 b,,1.644,0.078,-0.068,0.04440389294403893
Kepler-1090 b,,2.25,0.21,-0.17,0.08444444444444443
Kepler-1091 b,,1.465,0.089,-0.081,0.058020477815699655
Kepler-1092 b,,2.142,0.179,-0.181,0.08403361344537816
Kepler-1093 b,,1.95,0.62,-0.25,0.22307692307692306
Kepler-1093 c,,1.96,0.72,-0.27,0.2525510204081633
Kepler-1094 b,,3.059,0.201,-0.257,0.07486106570774763
Kepler-1095 b,,1.21,0.2,-0.12,0.1322314049586777
Kepler-1096 b,,1.515,0.276,-0.206,0.15907590759075907
Kepler-1097 b,,3.26,0.26,-0.26,0.07975460122699388
Kepler-1098 b,,1.477,0.092,-0.08,0.058226134055517936
Kepler-1099 b,,1.791,0.151,-0.141,0.08151870463428253
Kepler-1100 b,,1.302,0.07,-0.073,0.05491551459293395
Kepler-1101 b,,2.035,0.145,-0.118,0.06461916461916462
Kepler-1102 b,,3.193,0.53,-0.259,0.12355151894769809
Kepler-1103 b,,4.169,0.203,-0.903,0.13264571839769732
Kepler-1104 b,,1.23,0.14,-0.1,0.0975609756097561
Kepler-1105 b,,2.01,0.06,-0.25,0.07711442786069653
Kepler-1106 b,,1.602,0.079,-0.093,0.053682896379525585
Kepler-1107 b,,1.34,0.1,-0.08,0.06716417910447761
Kepler-1108 b,,1.434,0.101,-0.08,0.06311018131101814
Kepler-1109 b,,1.901,0.116,-0.098,0.05628616517622304
Kepler-1110 b,,2.66,0.38,-0.26,0.12030075187969924
Kepler-1111 b,,1.413,0.122,-0.105,0.08032554847841472
Kepler-1112 b,,2.821,0.259,-0.232,0.08702587734845799
Kepler-1113 b,,2.534,0.166,-0.155,0.06333859510655092
Kepler-1114 b,,1.329,0.08,-0.067,0.05530474040632055
Kepler-1115 b,,1.801,0.143,-0.151,0.08162132148806218
Kepler-1116 b,,2.43,0.215,-0.187,0.08271604938271604
Kepler-1117 b,,1.038,0.048,-0.082,0.0626204238921002
Kepler-1118 b,,2.848,0.524,-0.359,0.15502106741573035
Kepler-1119 b,,1.92,0.63,-0.3,0.2421875
Kepler-1120 b,,1.38,0.09,-0.07,0.05797101449275363
Kepler-1121 b,,1.679,0.077,-0.241,0.09469922572960095
Kepler-1122 b,,2.657,0.186,-0.148,0.062852841550621
Kepler-1123 b,,1.67,0.25,-0.11,0.10778443113772457
Kepler-1124 b,,1.971,0.076,-0.099,0.04439370877727042
Kepler-1125 b,,1.84,0.3,-0.18,0.13043478260869562
Kepler-1126 b,,1.684,0.104,-0.085,0.05611638954869359
Kepler-1127 b,,1.372,0.087,-0.086,0.06304664723032069
Kepler-1128 b,,3.078,0.249,-0.216,0.07553606237816765
Kepler-1129 b,,3.325,0.205,-0.686,0.13398496240601504
Kepler-1129 c,,2.438,0.185,-0.166,0.07198523379819524
Kepler-1130 b,,0.848,0.1,-0.1,0.11792452830188681
Kepler-1130 c,,0.644,0.03,-0.03,0.046583850931677016
Kepler-1130 d,,0.639,0.029,-0.029,0.04538341158059468
Kepler-1131 b,,1.464,0.099,-0.125,0.07650273224043716
Kepler-1132 b,,2.35,0.19,-0.17,0.07659574468085106
Kepler-1133 b,,1.97,0.24,-0.15,0.09898477157360405
Kepler-1134 b,,2.19,0.197,-0.183,0.0867579908675799
Kepler-1135 b,,1.85,0.33,-0.16,0.13243243243243244
Kepler-1136 b,,1.64,0.1,-0.09,0.057926829268292686
Kepler-1137 b,,2.644,0.203,-0.508,0.13445537065052948
Kepler-1138 b,,1.7,0.24,-0.13,0.10882352941176471
Kepler-1139 b,,1.042,0.067,-0.047,0.054702495201535514
Kepler-1140 b,,2.77,0.45,-0.37,0.148014440433213
Kepler-1141 b,,0.82,0.12,-0.08,0.12195121951219512
Kepler-1142 b,,2.633,0.403,-0.259,0.12571211545765287
Kepler-1143 b,,1.67,0.13,-0.11,0.07185628742514971
Kepler-1143 c,,3.6,0.51,-0.35,0.11944444444444444
Kepler-1144 b,,1.99,0.3,-0.16,0.11557788944723618
Kepler-1145 b,,1.4,0.11,-0.11,0.07857142857142858
Kepler-1146 b,,1.23,0.1,-0.08,0.07317073170731708
Kepler-1147 b,,2.303,0.222,-0.22,0.09596178897090751
Kepler-1148 b,,1.69,0.1,-0.09,0.05621301775147929
Kepler-1149 b,,1.927,0.118,-0.263,0.098858329008822
Kepler-1150 b,,1.02,0.06,-0.06,0.058823529411764705
Kepler-1151 b,,2.22,0.24,-0.17,0.09234234234234234
Kepler-1152 b,,1.021,0.052,-0.042,0.04603330068560235
Kepler-1153 b,,1.73,0.21,-0.11,0.09248554913294797
Kepler-1154 b,,2.246,0.15,-0.123,0.06077471059661621
Kepler-1154 c,,2.424,0.648,-0.204,0.17574257425742573
Kepler-1155 b,,2.03,0.45,-0.2,0.1600985221674877
Kepler-1156 b,,1.262,0.082,-0.062,0.05705229793977813
Kepler-1157 b,,0.931,0.086,-0.07,0.08378088077336197
Kepler-1158 b,,2.676,0.174,-0.155,0.061472346786248126
Kepler-1159 b,,2.186,0.198,-0.165,0.08302836230558097
Kepler-1160 b,,1.61,0.155,-0.133,0.08944099378881987
Kepler-1161 b,,2.859,0.346,-0.269,0.10755508919202518
Kepler-1162 b,,1.94,0.123,-0.132,0.06572164948453608
Kepler-1163 b,,1.061,0.053,-0.059,0.0527803958529689
Kepler-1164 b,,1.12,0.04,-0.07,0.049107142857142856
Kepler-1165 b,,2.291,0.204,-0.178,0.08336970755128764
Kepler-1166 b,,1.557,0.094,-0.091,0.059409120102761726
Kepler-1167 b,,1.71,0.12,-0.12,0.07017543859649122
Kepler-1168 b,,2.5,0.18,-0.13,0.062
Kepler-1169 b,,0.94,0.06,-0.06,0.06382978723404255
Kepler-1170 b,,2.41,0.19,-0.17,0.07468879668049792
Kepler-1171 b,,2.395,0.198,-0.176,0.07807933194154489
Kepler-1172 b,,3.2,0.4,-0.28,0.10625000000000001
Kepler-1173 b,,0.879,0.214,-0.078,0.16609783845278725
Kepler-1174 b,,2.614,0.173,-0.133,0.058530986993114
Kepler-1175 b,,2.99,0.27,-0.23,0.08361204013377926
Kepler-1176 b,,2.068,0.136,-0.138,0.06624758220502902
Kepler-1177 b,,1.9,0.16,-0.12,0.0736842105263158
Kepler-1178 b,,1.07,0.06,-0.08,0.06542056074766354
Kepler-1179 b,,1.32,0.09,-0.08,0.06439393939393939
Kepler-1180 b,,2.516,0.486,-0.255,0.14725755166931637
Kepler-1181 b,,1.59,0.144,-0.123,0.08396226415094339
Kepler-1182 b,,2.357,0.233,-0.203,0.09249045396690708
Kepler-1183 b,,2.82,0.52,-0.3,0.14539007092198583
Kepler-1184 b,,2.455,0.507,-0.222,0.1484725050916497
Kepler-1185 b,,1.33,0.08,-0.05,0.04887218045112782
Kepler-1186 b,,2.438,0.235,-0.196,0.08839212469237079
Kepler-1187 b,,3.016,0.249,-0.461,0.1177055702917772
Kepler-1188 b,,2.855,0.265,-0.231,0.08686514886164624
Kepler-1189 b,,1.265,0.084,-0.079,0.06442687747035573
Kepler-1190 b,,1.33,0.05,-0.11,0.06015037593984962
Kepler-1191 b,,1.612,0.114,-0.095,0.06482630272952854
Kepler-1192 b,,2.569,0.259,-0.223,0.0938108213312573
Kepler-1193 b,,1.521,0.072,-0.104,0.057856673241288625
Kepler-1194 b,,1.51,0.12,-0.09,0.0695364238410596
Kepler-1195 b,,2.08,0.19,-0.17,0.08653846153846154
Kepler-1196 b,,2.667,0.202,-0.46,0.12410948631421075
Kepler-1197 b,,1.25,0.03,-0.09,0.048
Kepler-1198 b,,1.439,0.095,-0.081,0.06115357887421821
Kepler-1199 b,,1.15,0.21,-0.16,0.16086956521739132
Kepler-1200 b,,1.06,0.06,-0.08,0.0660377358490566
Kepler-1201 b,,1.912,0.26,-0.259,0.13572175732217573
Kepler-1202 b,,2.856,0.253,-0.587,0.14705882352941177
Kepler-1203 b,,1.216,0.038,-0.056,0.038651315789473686
Kepler-1204 b,,2.519,0.232,-0.205,0.08674077014688368
Kepler-1205 b,,1.41,0.1,-0.09,0.0673758865248227
Kepler-1206 b,,1.64,0.09,-0.08,0.05182926829268293
Kepler-1207 b,,2.718,0.775,-0.24,0.18671817512877117
Kepler-1208 b,,2.32,0.19,-0.14,0.07112068965517243
Kepler-1209 b,,1.503,0.228,-0.196,0.14105123087159016
Kepler-1210 b,,1.672,0.166,-0.16,0.09748803827751196
Kepler-1211 b,,3.16,0.281,-0.523,0.12721518987341773
Kepler-1212 b,,2.086,0.194,-0.165,0.08604985618408438
Kepler-1213 b,,1.19,0.13,-0.1,0.09663865546218489
Kepler-1214 b,,2.36,0.19,-0.11,0.0635593220338983
Kepler-1215 b,,1.121,0.114,-0.087,0.0896520963425513
Kepler-1216 b,,1.455,0.112,-0.092,0.07010309278350516
Kepler-1217 b,,1.851,0.181,-0.16,0.09211237169097786
Kepler-1218 b,,1.44,0.15,-0.14,0.10069444444444445
Kepler-1219 b,,3.03,0.201,-0.19,0.06452145214521453
Kepler-1220 b,,1.502,0.108,-0.117,0.07490013315579228
Kepler-1221 b,,1.88,0.3,-0.16,0.1223404255319149
Kepler-1222 b,,0.766,0.046,-0.053,0.06462140992167101
Kepler-1223 b,,1.22,0.06,-0.08,0.05737704918032787
Kepler-1224 b,,1.291,0.087,-0.077,0.06351665375677769
Kepler-1225 b,,2.075,0.125,-0.145,0.06506024096385542
Kepler-1226 b,,2.457,0.144,-0.367,0.10398860398860399
Kepler-1227 b,,2.29,0.52,-0.23,0.16375545851528384
Kepler-1228 b,,1.456,0.079,-0.063,0.048763736263736264
Kepler-1229 b,,1.4,0.11,-0.13,0.08571428571428572
Kepler-1230 b,,2.71,0.49,-0.29,0.14391143911439114
Kepler-1231 b,,1.529,0.1,-0.083,0.05984303466317856
Kepler-1232 b,,1.462,0.108,-0.073,0.06190150478796169
Kepler-1233 b,,2.26,0.196,-0.213,0.09048672566371682
Kepler-1234 b,,1.959,0.186,-0.191,0.09622256253190403
Kepler-1235 b,,0.807,0.059,-0.046,0.06505576208178437
Kepler-1236 b,,2.14,0.18,-0.22,0.09345794392523364
Kepler-1237 b,,2.518,0.259,-0.211,0.09332803812549643
Kepler-1238 b,,2.248,0.256,-0.381,0.1416814946619217
Kepler-1239 b,,2.9,0.37,-0.31,0.11724137931034484
Kepler-1240 b,,1.597,0.106,-0.106,0.06637445209768315
Kepler-1241 b,,2.63,0.21,-0.23,0.08365019011406845
Kepler-1242 b,,2.26,0.13,-0.13,0.057522123893805316
Kepler-1243 b,,1.75,0.28,-0.17,0.1285714285714286
Kepler-1244 b,,1.925,0.177,-0.157,0.08675324675324675
Kepler-1245 b,,1.44,0.12,-0.1,0.0763888888888889
Kepler-1245 c,,1.44,0.13,-0.08,0.07291666666666667
Kepler-1246 b,,1.36,0.2,-0.22,0.15441176470588236
Kepler-1247 b,,2.33,0.21,-0.16,0.07939914163090128
Kepler-1248 b,,1.18,0.2,-0.11,0.13135593220338984
Kepler-1249 b,,2.672,0.297,-0.255,0.10329341317365269
Kepler-1250 b,,2.811,0.299,-0.277,0.10245464247598719
Kepler-1251 b,,1.84,0.26,-0.14,0.10869565217391304
Kepler-1252 b,,1.606,0.28,-0.29,0.17745952677459526
Kepler-1253 b,,1.788,0.109,-0.102,0.059004474272930645
Kepler-1254 b,,1.55,0.09,-0.12,0.06774193548387096
Kepler-1254 c,,1.186,0.075,-0.084,0.06703204047217538
Kepler-1254 d,,1.224,0.073,-0.098,0.06985294117647059
Kepler-1255 b,,2.628,0.229,-0.185,0.07876712328767123
Kepler-1256 b,,1.598,0.433,-0.134,0.1774092615769712
Kepler-1257 b,,1.421,0.134,-0.123,0.0904292751583392
Kepler-1258 b,,1.0,0.061,-0.058,0.0595
Kepler-1259 b,,1.43,0.07,-0.1,0.05944055944055945
Kepler-1260 b,,2.928,0.624,-0.295,0.15693306010928962
Kepler-1261 b,,2.26,0.14,-0.14,0.06194690265486727
Kepler-1262 b,,1.545,0.143,-0.125,0.08673139158576051
Kepler-1263 b,,1.075,0.069,-0.064,0.06186046511627907
Kepler-1264 b,,1.35,0.074,-0.303,0.1396296296296296
Kepler-1265 b,,1.35,0.07,-0.13,0.07407407407407407
Kepler-1266 b,,2.319,0.136,-0.372,0.10952996981457525
Kepler-1267 b,,2.899,0.718,-0.4,0.19282511210762332
Kepler-1268 b,,2.534,0.218,-0.186,0.07971586424625099
Kepler-1269 b,,2.798,0.235,-0.408,0.11490350250178698
Kepler-1270 b,,2.872,0.15,-0.175,0.05658077994428969
Kepler-1271 b,,1.498,0.181,-0.182,0.12116154873164219
Kepler-1272 b,,3.157,0.593,-0.431,0.16217928413050364
Kepler-1273 b,,1.818,0.187,-0.164,0.09653465346534654
Kepler-1274 b,,1.42,0.1,-0.1,0.07042253521126761
Kepler-1275 b,,1.313,0.099,-0.094,0.0734958111195735
Kepler-1276 b,,1.047,0.078,-0.07,0.07067812798471826
Kepler-1277 b,,1.408,0.081,-0.09,0.06072443181818182
Kepler-1278 b,,1.257,0.072,-0.085,0.06245027844073191
Kepler-1279 b,,2.363,0.161,-0.136,0.06284384257300044
Kepler-1280 b,,2.913,0.177,-0.165,0.05870236869207003
Kepler-1281 b,,1.64,0.13,-0.14,0.08231707317073171
Kepler-1282 b,,1.389,0.128,-0.111,0.08603311735061195
Kepler-1283 b,,3.406,0.47,-0.398,0.1274221961244862
Kepler-1284 b,,1.21,0.1,-0.07,0.07024793388429752
Kepler-1285 b,,1.108,0.067,-0.052,0.053700361010830325
Kepler-1286 b,,2.459,0.206,-0.261,0.09495729971533143
Kepler-1287 b,,1.427,0.115,-0.086,0.07042747021723897
Kepler-1288 b,,1.12,0.47,-0.16,0.28125
Kepler-1289 b,,1.54,0.107,-0.098,0.06655844155844157
Kepler-1290 b,,1.688,0.188,-0.162,0.10367298578199052
Kepler-1291 b,,1.66,0.1,-0.18,0.08433734939759037
Kepler-1292 b,,1.779,0.209,-0.186,0.11101742551995503
Kepler-1293 b,,1.294,0.079,-0.095,0.06723338485316846
Kepler-1294 b,,5.007,0.403,-0.358,0.07599360894747353
Kepler-1295 b,,1.55,0.2,-0.12,0.10322580645161289
Kepler-1296 b,,0.91,0.09,-0.06,0.08241758241758242
Kepler-1297 b,,1.349,0.086,-0.098,0.0681986656782802
Kepler-1298 b,,1.517,0.093,-0.078,0.05636123928806856
Kepler-1299 b,,3.061,0.511,-0.514,0.16742894478928455
Kepler-1300 b,,1.751,0.164,-0.291,0.12992575671045117
Kepler-1301 b,,1.4,0.13,-0.08,0.07500000000000001
Kepler-1302 b,,1.43,0.15,-0.09,0.08391608391608392
Kepler-1303 b,,1.334,0.126,-0.11,0.08845577211394302
Kepler-1304 b,,2.29,0.19,-0.53,0.1572052401746725
Kepler-1305 b,,1.88,0.35,-0.19,0.14361702127659576
Kepler-1306 b,,1.867,0.151,-0.121,0.07284413497589716
Kepler-1307 b,,1.684,0.166,-0.143,0.0917458432304038
Kepler-1308 b,,0.886,0.026,-0.143,0.09537246049661399
Kepler-1309 b,,2.37,0.2,-0.2,0.08438818565400844
Kepler-1310 b,,1.353,0.075,-0.067,0.0524759793052476
Kepler-1311 b,,1.535,0.072,-0.12,0.06254071661237785
Kepler-1311 c,,1.398,0.079,-0.075,0.05507868383404864
Kepler-1312 b,,2.1,0.08,-0.07,0.03571428571428571
Kepler-1313 b,,1.76,0.06,-0.08,0.03977272727272727
Kepler-1314 b,,5.11,0.19,-0.19,0.03718199608610567
Kepler-1315 b,,1.38,0.08,-0.06,0.050724637681159424
Kepler-1316 b,,3.495,0.175,-0.153,0.046924177396280395
Kepler-1317 b,,1.56,0.09,-0.08,0.05448717948717949
Kepler-1318 b,,3.11,0.17,-0.15,0.05144694533762058
Kepler-1319 b,,1.597,0.074,-0.341,0.12993112085159675
Kepler-1320 b,,1.7,0.07,-0.11,0.05294117647058824
Kepler-1321 b,,5.814,0.806,-0.395,0.10328517371861025
Kepler-1321 c,,3.028,0.186,-0.139,0.053665785997357995
Kepler-1322 b,,1.61,0.2,-0.13,0.10248447204968944
Kepler-1323 b,,1.289,0.064,-0.055,0.04615981380915439
Kepler-1324 b,,1.51,0.08,-0.09,0.05629139072847682
Kepler-1325 b,,3.053,0.157,-0.583,0.12119226989846053
Kepler-1326 b,,3.224,0.601,-0.271,0.13523573200992556
Kepler-1327 b,,1.8,0.58,-0.2,0.21666666666666665
Kepler-1328 b,,1.342,0.081,-0.07,0.05625931445603577
Kepler-1329 b,,2.17,0.06,-0.16,0.05069124423963134
Kepler-1330 b,,3.0,0.223,-0.187,0.06833333333333333
Kepler-1331 b,,1.05,0.09,-0.08,0.08095238095238094
Kepler-1332 b,,1.37,0.09,-0.05,0.0510948905109489
Kepler-1333 b,,2.81,0.4,-0.25,0.11565836298932386
Kepler-1334 b,,2.492,0.224,-0.195,0.08406902086677367
Kepler-1335 b,,1.45,0.1,-0.09,0.06551724137931034
Kepler-1336 b,,2.667,0.149,-0.148,0.05568053993250844
Kepler-1336 c,,2.211,0.575,-0.197,0.17458163726820441
Kepler-1337 b,,2.41,0.1,-0.44,0.11203319502074688
Kepler-1338 b,,1.047,0.063,-0.061,0.059216809933142316
Kepler-1339 b,,0.962,0.055,-0.057,0.058212058212058215
Kepler-1340 b,,1.054,0.057,-0.07,0.06024667931688805
Kepler-1341 b,,2.787,0.411,-0.29,0.12576246860423393
Kepler-1342 b,,1.66,0.22,-0.13,0.10542168674698796
Kepler-1343 b,,2.318,0.252,-0.216,0.10094909404659189
Kepler-1344 b,,1.845,0.1,-0.089,0.051219512195121955
Kepler-1345 b,,2.953,0.536,-0.176,0.1205553674229597
Kepler-1346 b,,1.327,0.106,-0.247,0.13300678221552376
Kepler-1347 b,,1.03,0.06,-0.05,0.05339805825242718
Kepler-1348 b,,2.193,0.113,-0.18,0.06680346557227543
Kepler-1349 b,,0.697,0.041,-0.036,0.055236728837876614
Kepler-1350 b,,2.29,0.097,-0.09,0.0408296943231441
Kepler-1350 c,,1.659,0.075,-0.075,0.045207956600361664
Kepler-1351 b,,0.65,0.05,-0.04,0.06923076923076923
Kepler-1352 b,,0.88,0.051,-0.052,0.05852272727272727
Kepler-1353 b,,1.8,0.37,-0.13,0.1388888888888889
Kepler-1354 b,,3.4,0.388,-0.453,0.1236764705882353
Kepler-1355 b,,1.46,0.12,-0.1,0.07534246575342465
Kepler-1356 b,,1.53,0.11,-0.1,0.06862745098039216
Kepler-1357 b,,1.22,0.091,-0.078,0.06926229508196721
Kepler-1358 b,,1.12,0.07,-0.1,0.07589285714285715
Kepler-1359 b,,2.295,0.124,-0.177,0.06557734204793028
Kepler-1360 b,,4.023,0.222,-0.23,0.056176982351479
Kepler-1361 b,,0.749,0.037,-0.059,0.06408544726301735
Kepler-1362 b,,2.6,0.12,-0.19,0.05961538461538461
Kepler-1363 b,,1.25,0.09,-0.08,0.068
Kepler-1364 b,,2.15,0.8,-0.39,0.27674418604651163
Kepler-1365 b,,1.372,0.09,-0.078,0.061224489795918366
Kepler-1365 c,,1.201,0.08,-0.078,0.06577851790174855
Kepler-1366 b,,1.566,0.074,-0.086,0.051085568326947633
Kepler-1367 b,,0.899,0.077,-0.047,0.06896551724137931
Kepler-1368 b,,1.406,0.182,-0.153,0.11913229018492177
Kepler-1369 b,,2.564,0.244,-0.214,0.0893135725429017
Kepler-1370 b,,2.466,0.111,-0.44,0.11171938361719383
Kepler-1370 c,,1.539,0.256,-0.236,0.15984405458089668
Kepler-1371 b,,0.73,0.08,-0.05,0.08904109589041097
Kepler-1371 c,,0.64,0.07,-0.05,0.09375
Kepler-1372 b,,1.266,0.124,-0.116,0.09478672985781991
Kepler-1373 b,,1.718,0.186,-0.146,0.09662398137369033
Kepler-1374 b,,2.29,0.2,-0.18,0.08296943231441048
Kepler-1375 b,,2.119,0.136,-0.129,0.06252949504483246
Kepler-1376 b,,1.075,0.097,-0.088,0.08604651162790697
Kepler-1377 b,,1.25,0.09,-0.08,0.068
Kepler-1378 b,,2.2,0.71,-0.14,0.19318181818181818
Kepler-1379 b,,1.3,0.12,-0.09,0.08076923076923076
Kepler-1380 b,,2.732,0.343,-0.29,0.11584919472913616
Kepler-1381 b,,2.047,0.196,-0.187,0.09355153883732291
Kepler-1382 b,,2.215,0.257,-0.346,0.13611738148984198
Kepler-1383 b,,1.5,0.099,-0.101,0.06666666666666668
Kepler-1384 b,,1.94,0.43,-0.2,0.16237113402061856
Kepler-1385 b,,1.067,0.078,-0.064,0.06654170571696345
Kepler-1386 b,,1.313,0.315,-0.108,0.16108149276466108
Kepler-1387 b,,0.93,0.05,-0.09,0.07526881720430108
Kepler-1388 b,,2.59,0.13,-0.14,0.05212355212355213
Kepler-1388 c,,2.26,0.14,-0.11,0.055309734513274346
Kepler-1388 d,,2.86,0.12,-0.19,0.05419580419580419
Kepler-1388 e,,2.46,0.14,-0.15,0.05894308943089431
Kepler-1389 b,,1.77,0.05,-0.14,0.053672316384180796
Kepler-1390 b,,1.18,0.25,-0.13,0.1610169491525424
Kepler-1391 b,,2.2,0.131,-0.127,0.05863636363636363
Kepler-1392 b,,1.96,0.22,-0.16,0.09693877551020408
Kepler-1393 b,,0.8,0.04,-0.08,0.075
Kepler-1394 b,,1.003,0.057,-0.066,0.061316051844466604
Kepler-1395 b,,0.697,0.048,-0.054,0.07317073170731708
Kepler-1396 b,,1.59,0.105,-0.088,0.06069182389937107
Kepler-1397 b,,2.528,0.176,-0.144,0.06329113924050633
Kepler-1398 b,,0.96,0.06,-0.059,0.06197916666666667
Kepler-1398 c,,1.058,0.051,-0.081,0.062381852551984876
Kepler-1399 b,,1.331,0.136,-0.129,0.09954921111945907
Kepler-1400 b,,1.62,0.11,-0.11,0.06790123456790123
Kepler-1401 b,,1.68,0.37,-0.18,0.1636904761904762
Kepler-1402 b,,1.626,0.118,-0.108,0.06949569495694957
Kepler-1403 b,,2.256,0.273,-0.228,0.1110372340425532
Kepler-1404 b,,2.01,0.14,-0.21,0.08706467661691544
Kepler-1405 b,,3.342,0.358,-0.309,0.09979054458408138
Kepler-1406 b,,1.1,0.18,-0.13,0.1409090909090909
Kepler-1407 b,,2.25,0.53,-0.32,0.18888888888888888
Kepler-1408 b,,1.188,0.068,-0.085,0.0643939393939394
Kepler-1409 b,,1.04,0.08,-0.07,0.07211538461538462
Kepler-1410 b,,2.15,0.12,-0.17,0.06744186046511629
Kepler-1411 b,,3.091,0.34,-0.293,0.10239404723390488
Kepler-1412 b,,1.005,0.072,-0.06,0.06567164179104479
Kepler-1413 b,,1.82,0.16,-0.15,0.08516483516483517
Kepler-1414 b,,1.23,0.09,-0.08,0.06910569105691057
Kepler-1415 b,,1.29,0.12,-0.08,0.07751937984496124
Kepler-1416 b,,1.379,0.064,-0.398,0.16751269035532995
Kepler-1417 b,,1.592,0.104,-0.093,0.06187185929648241
Kepler-1418 b,,1.66,0.08,-0.14,0.06626506024096386
Kepler-1419 b,,2.807,0.287,-0.297,0.1040256501603135
Kepler-1420 b,,1.28,0.14,-0.12,0.1015625
Kepler-1421 b,,1.067,0.075,-0.078,0.07169634489222118
Kepler-1422 b,,2.255,0.306,-0.268,0.1272727272727273
Kepler-1423 b,,1.06,0.09,-0.07,0.07547169811320754
Kepler-1424 b,,1.16,0.16,-0.12,0.12068965517241381
Kepler-1425 b,,1.555,0.076,-0.123,0.0639871382636656
Kepler-1426 b,,1.56,0.33,-0.17,0.16025641025641024
Kepler-1427 b,,1.1,0.24,-0.12,0.1636363636363636
Kepler-1428 b,,3.198,0.194,-0.266,0.07191994996873047
Kepler-1429 b,,1.307,0.119,-0.129,0.09487375669472074
Kepler-1430 b,,1.18,0.09,-0.08,0.07203389830508475
Kepler-1431 b,,1.803,0.163,-0.193,0.09872434830837493
Kepler-1432 b,,2.683,0.301,-0.325,0.11666045471487142
Kepler-1433 b,,4.157,0.899,-0.669,0.18859754630743325
Kepler-1434 b,,1.438,0.098,-0.088,0.06467315716272601
Kepler-1435 b,,0.993,0.044,-0.09,0.06747230614300101
Kepler-1436 b,,3.721,0.273,-0.905,0.15829078204783661
Kepler-1437 b,,1.37,0.17,-0.13,0.10948905109489052
Kepler-1438 b,,0.94,0.19,-0.1,0.1542553191489362
Kepler-1439 b,,1.46,0.14,-0.21,0.11986301369863014
Kepler-1440 b,,1.991,0.123,-0.177,0.0753390256152687
Kepler-1441 b,,2.014,0.12,-0.161,0.06976166832174777
Kepler-1442 b,,3.93,0.41,-0.29,0.08905852417302798
Kepler-1443 b,,1.111,0.084,-0.085,0.07605760576057606
Kepler-1444 b,,2.18,0.41,-0.19,0.13761467889908255
Kepler-1445 b,,0.96,0.2,-0.13,0.171875
Kepler-1446 b,,0.82,0.04,-0.02,0.03658536585365854
Kepler-1447 b,,2.9,0.5,-0.24,0.12758620689655173
Kepler-1448 b,,1.524,0.133,-0.121,0.08333333333333334
Kepler-1449 b,,1.68,0.37,-0.18,0.1636904761904762
Kepler-1450 b,,1.71,0.13,-0.11,0.07017543859649122
Kepler-1451 b,,2.3,0.255,-0.237,0.10695652173913045
Kepler-1452 b,,2.712,0.143,-0.185,0.06047197640117993
Kepler-1453 b,,2.285,0.236,-0.211,0.09781181619256016
Kepler-1454 b,,1.615,0.127,-0.108,0.07275541795665635
Kepler-1455 b,,1.909,0.112,-0.092,0.05343111576741749
Kepler-1456 b,,1.14,0.09,-0.15,0.10526315789473684
Kepler-1457 b,,2.292,0.14,-0.124,0.05759162303664922
Kepler-1458 b,,2.796,0.123,-0.441,0.10085836909871246
Kepler-1459 b,,1.36,0.1,-0.08,0.0661764705882353
Kepler-1460 b,,1.96,0.14,-0.13,0.06887755102040817
Kepler-1461 b,,2.03,0.09,-0.16,0.061576354679802964
Kepler-1462 b,,2.325,0.244,-0.203,0.09612903225806452
Kepler-1463 b,,2.268,0.243,-0.256,0.11000881834215168
Kepler-1464 b,,2.699,0.149,-0.143,0.054094108929233053
Kepler-1464 c,,1.546,0.11,-0.089,0.06435963777490297
Kepler-1465 b,,1.77,0.35,-0.19,0.15254237288135591
Kepler-1466 b,,1.395,0.088,-0.077,0.059139784946236555
Kepler-1467 b,,3.075,0.273,-0.232,0.08211382113821138
Kepler-1468 b,,2.794,0.215,-0.185,0.07158196134574088
Kepler-1468 c,,1.93,0.164,-0.139,0.07849740932642488
Kepler-1469 b,,2.8,0.37,-0.26,0.1125
Kepler-1470 b,,1.111,0.06,-0.107,0.07515751575157516
Kepler-1471 b,,1.262,0.083,-0.099,0.07210776545166403
Kepler-1472 b,,2.001,0.352,-0.15,0.12543728135932034
Kepler-1473 b,,1.19,0.09,-0.08,0.07142857142857142
Kepler-1474 b,,2.096,0.17,-0.148,0.07585877862595419
Kepler-1475 b,,2.761,0.286,-0.255,0.09797174936617167
Kepler-1476 b,,1.284,0.13,-0.111,0.09384735202492211
Kepler-1477 b,,1.18,0.09,-0.09,0.07627118644067797
Kepler-1478 b,,2.262,0.245,-0.222,0.10322723253757737
Kepler-1479 b,,2.161,0.127,-0.104,0.053447478019435446
Kepler-1480 b,,1.67,0.11,-0.08,0.056886227544910184
Kepler-1481 b,,1.23,0.08,-0.06,0.05691056910569106
Kepler-1482 b,,1.311,0.083,-0.117,0.07627765064836003
Kepler-1483 b,,1.366,0.1,-0.102,0.07393850658857978
Kepler-1484 b,,2.11,0.3,-0.22,0.12322274881516587
Kepler-1485 b,,1.47,0.24,-0.14,0.1292517006802721
Kepler-1486 b,,2.792,0.252,-0.213,0.08327363896848138
Kepler-1487 b,,2.079,0.14,-0.127,0.06421356421356421
Kepler-1488 b,,2.844,0.621,-0.176,0.1401195499296765
Kepler-1489 b,,2.547,0.185,-0.213,0.07813113466823714
Kepler-1489 c,,0.51,0.08,-0.08,0.1568627450980392
Kepler-1490 b,,3.023,0.251,-0.723,0.1610982467747271
Kepler-1491 b,,2.369,0.223,-0.201,0.089489235964542
Kepler-1492 b,,1.49,0.28,-0.16,0.1476510067114094
Kepler-1493 b,,1.41,0.27,-0.23,0.17730496453900713
Kepler-1494 b,,3.711,0.419,-0.664,0.14591754244139046
Kepler-1495 b,,2.94,0.72,-0.32,0.17687074829931973
Kepler-1496 b,,2.07,0.167,-0.128,0.071256038647343
Kepler-1497 b,,1.66,0.29,-0.16,0.13554216867469882
Kepler-1498 b,,1.33,0.11,-0.09,0.07518796992481203
Kepler-1499 b,,1.187,0.072,-0.074,0.06149957877000842
Kepler-1500 b,,1.2,0.22,-0.15,0.15416666666666667
Kepler-1501 b,,1.148,0.071,-0.07,0.06141114982578398
Kepler-1502 b,,3.368,0.617,-0.308,0.13732185273159145
Kepler-1503 b,,2.27,0.19,-0.23,0.09251101321585903
Kepler-1504 b,,2.13,0.23,-0.19,0.09859154929577466
Kepler-1505 b,,0.93,0.05,-0.05,0.053763440860215055
Kepler-1506 b,,2.357,0.284,-0.261,0.11561306745863384
Kepler-1507 b,,0.772,0.058,-0.044,0.06606217616580311
Kepler-1508 b,,2.405,0.124,-0.542,0.13846153846153847
Kepler-1509 b,,2.664,0.232,-0.217,0.08427177177177177
Kepler-1510 b,,3.53,0.297,-0.269,0.0801699716713881
Kepler-1511 b,,2.61,0.23,-0.219,0.08601532567049809
Kepler-1512 b,,1.18,0.07,-0.11,0.07627118644067797
Kepler-1514 c,,1.1758241,0.0571659,-0.0437151,0.042897998093422304
Kepler-1515 b,,10.539,0.465,-0.44,0.04293576240630041
Kepler-1516 b,,2.704,0.225,-0.222,0.08265532544378698
Kepler-1517 b,,10.383,0.814,-1.47,0.10998747953385343
Kepler-1518 b,,3.289,0.257,-0.82,0.163727576771055
Kepler-1519 b,,11.422,0.635,-0.623,0.0550691647697426
Kepler-1520 b,,5.77,0.22,-0.3,0.045060658578856154
Kepler-1521 b,,2.5,0.09,-0.1,0.038
Kepler-1522 b,,2.014,0.161,-0.141,0.0749751737835154
Kepler-1523 b,,1.551,0.091,-0.076,0.05383623468729852
Kepler-1524 b,,2.792,0.263,-0.146,0.07324498567335244
Kepler-1525 b,,0.922,0.05,-0.045,0.05151843817787419
Kepler-1526 b,,1.939,0.17,-0.142,0.08045384218669417
Kepler-1527 b,,5.986,0.851,-0.667,0.1267958569996659
Kepler-1528 b,,1.166,0.101,-0.085,0.0797598627787307
Kepler-1529 b,,2.1,0.15,-0.11,0.06190476190476191
Kepler-1530 b,,1.64,0.21,-0.11,0.0975609756097561
Kepler-1530 c,,1.65,0.24,-0.11,0.10606060606060605
Kepler-1531 b,,1.11,0.48,-0.18,0.29729729729729726
Kepler-1532 b,,1.234,0.105,-0.091,0.07941653160453808
Kepler-1533 b,,4.271,0.215,-0.191,0.04752985249356123
Kepler-1534 b,,1.89,0.22,-0.15,0.09788359788359788
Kepler-1535 b,,2.628,0.151,-0.131,0.05365296803652968
Kepler-1536 b,,2.985,0.224,-0.562,0.13165829145728644
Kepler-1537 b,,1.18,0.06,-0.09,0.0635593220338983
Kepler-1538 b,,2.339,0.182,-0.149,0.07075673364685764
Kepler-1539 b,,2.7,0.19,-0.15,0.06296296296296296
Kepler-1540 b,,2.49,0.19,-0.14,0.06626506024096385
Kepler-1541 b,,1.16,0.1,-0.08,0.07758620689655174
Kepler-1542 b,,0.926,0.053,-0.054,0.05777537796976241
Kepler-1542 c,,0.776,0.057,-0.039,0.061855670103092786
Kepler-1542 d,,1.007,0.046,-0.077,0.061072492552135066
Kepler-1542 e,,0.941,0.064,-0.046,0.058448459086078645
Kepler-1543 b,,2.446,0.122,-0.439,0.11467702371218315
Kepler-1544 b,,1.78,0.09,-0.07,0.0449438202247191
Kepler-1545 b,,2.825,0.203,-0.147,0.06194690265486725
Kepler-1546 b,,3.13,0.58,-0.34,0.14696485623003194
Kepler-1547 b,,1.191,0.063,-0.247,0.1301427371956339
Kepler-1548 b,,1.901,0.13,-0.137,0.07022619673855865
Kepler-1549 b,,2.308,0.184,-0.123,0.06650779896013866
Kepler-1550 b,,3.005,0.222,-0.173,0.06572379367720466
Kepler-1551 b,,2.654,0.447,-0.345,0.1492087415222306
Kepler-1552 b,,2.47,0.11,-0.1,0.04251012145748988
Kepler-1553 b,,1.075,0.076,-0.072,0.06883720930232559
Kepler-1554 b,,2.9,0.23,-0.27,0.08620689655172414
Kepler-1555 b,,2.251,0.238,-0.221,0.10195468680586406
Kepler-1556 b,,1.643,0.144,-0.14,0.08642726719415703
Kepler-1557 b,,1.376,0.131,-0.127,0.09375000000000001
Kepler-1558 b,,0.698,0.04,-0.049,0.06375358166189113
Kepler-1559 b,,0.788,0.037,-0.077,0.07233502538071065
Kepler-1560 b,,0.88,0.062,-0.052,0.06477272727272727
Kepler-1561 b,,0.944,0.089,-0.082,0.0905720338983051
Kepler-1562 b,,6.407,1.001,-1.11,0.1647416887778992
Kepler-1563 b,,0.75,0.12,-0.08,0.13333333333333333
Kepler-1564 b,,1.562,0.105,-0.092,0.06306017925736235
Kepler-1565 b,,1.19,0.08,-0.12,0.08403361344537816
Kepler-1566 b,,0.73,0.044,-0.052,0.06575342465753424
Kepler-1567 b,,2.483,0.253,-0.212,0.09363672976238421
Kepler-1568 b,,1.294,0.091,-0.077,0.06491499227202473
Kepler-1569 b,,1.634,0.079,-0.274,0.10801713586291312
Kepler-1570 b,,2.134,0.154,-0.129,0.06630740393626992
Kepler-1571 b,,1.372,0.105,-0.092,0.07179300291545188
Kepler-1572 b,,1.363,0.103,-0.077,0.06603081438004402
Kepler-1573 b,,1.33,0.134,-0.123,0.09661654135338346
Kepler-1574 b,,1.465,0.135,-0.152,0.09795221843003413
Kepler-1575 b,,1.328,0.127,-0.125,0.09487951807228914
Kepler-1576 b,,0.895,0.058,-0.07,0.07150837988826816
Kepler-1577 b,,1.13,0.05,-0.11,0.07079646017699116
Kepler-1578 b,,1.045,0.098,-0.095,0.0923444976076555
Kepler-1579 b,,0.84,0.06,-0.05,0.06547619047619048
Kepler-1580 b,,2.629,0.133,-0.198,0.06295169265880562
Kepler-1581 b,,0.824,0.055,-0.05,0.06371359223300971
Kepler-1582 b,,0.855,0.068,-0.055,0.07192982456140351
Kepler-1583 b,,0.699,0.05,-0.044,0.06723891273247497
Kepler-1584 b,,1.588,0.148,-0.141,0.09099496221662468
Kepler-1585 b,,1.27,0.147,-0.12,0.10511811023622047
Kepler-1586 b,,1.061,0.215,-0.085,0.1413760603204524
Kepler-1587 b,,1.263,0.071,-0.113,0.07284243863816312
Kepler-1588 b,,1.177,0.112,-0.065,0.0751911639762107
Kepler-1589 b,,1.27,0.339,-0.144,0.19015748031496063
Kepler-1590 b,,0.964,0.07,-0.061,0.06794605809128632
Kepler-1591 b,,1.597,0.141,-0.175,0.09893550407013149
Kepler-1592 b,,1.937,0.193,-0.178,0.09576664945792462
Kepler-1593 b,,2.583,0.198,-0.161,0.0694928377855207
Kepler-1594 b,,0.959,0.061,-0.08,0.07351407716371221
Kepler-1595 b,,1.23,0.09,-0.1,0.07723577235772358
Kepler-1596 b,,3.378,0.379,-0.354,0.10849615156897571
Kepler-1597 b,,1.065,0.081,-0.067,0.06948356807511738
Kepler-1598 b,,0.799,0.058,-0.062,0.0750938673341677
Kepler-1599 b,,2.414,0.252,-0.216,0.09693454846727423
Kepler-1600 b,,3.13,0.28,-0.17,0.07188498402555911
Kepler-1601 b,,0.828,0.058,-0.056,0.06884057971014493
Kepler-1602 b,,1.06,0.061,-0.091,0.07169811320754717
Kepler-1603 b,,1.884,0.255,-0.214,0.1244692144373673
Kepler-1604 b,,1.41,0.19,-0.11,0.10638297872340426
Kepler-1605 b,,1.08,0.09,-0.08,0.07870370370370369
Kepler-1606 b,,2.018,0.158,-0.128,0.07086223984142717
Kepler-1607 b,,1.918,0.619,-0.14,0.19786235662148072
Kepler-1608 b,,1.73,0.16,-0.19,0.10115606936416185
Kepler-1609 b,,2.653,0.201,-0.273,0.08933283075763288
Kepler-1610 b,,1.185,0.123,-0.108,0.09746835443037974
Kepler-1611 b,,0.81,0.16,-0.07,0.1419753086419753
Kepler-1612 b,,0.94,0.062,-0.078,0.07446808510638298
Kepler-1613 b,,2.903,0.181,-0.278,0.07905614881157423
Kepler-1614 b,,1.49,0.12,-0.15,0.09060402684563758
Kepler-1615 b,,3.111,0.16,-0.896,0.16972034715525552
Kepler-1616 b,,1.337,0.068,-0.107,0.06544502617801047
Kepler-1617 b,,1.244,0.092,-0.092,0.07395498392282958
Kepler-1618 b,,1.409,0.07,-0.168,0.0844570617459191
Kepler-1619 b,,1.115,0.078,-0.088,0.07443946188340807
Kepler-1620 b,,1.61,0.64,-0.27,0.2826086956521739
Kepler-1621 b,,2.456,0.189,-0.227,0.08469055374592835
Kepler-1622 b,,1.381,0.268,-0.256,0.18971759594496743
Kepler-1623 b,,1.219,0.08,-0.131,0.08654634946677604
Kepler-1624 b,,6.528,0.192,-0.198,0.02987132352941177
Kepler-1625 b,,11.831,1.271,-1.086,0.0996111909390584
Kepler-1626 b,,1.599,0.144,-0.162,0.09568480300187618
Kepler-1627 b,,3.76,0.303,-0.263,0.07526595744680852
Kepler-1628 b,,6.43,0.94,-0.51,0.11275272161741835
Kepler-1629 b,,0.669,0.053,-0.04,0.0695067264573991
Kepler-1630 b,,2.19,0.2,-0.1,0.06849315068493152
Kepler-1631 b,,1.35,0.2,-0.15,0.12962962962962962
Kepler-1632 b,,2.829,0.227,-0.196,0.07476139978791091
Kepler-1633 b,,2.621,0.374,-0.413,0.1501335368180084
Kepler-1634 b,,2.568,0.636,-0.231,0.16880841121495327
Kepler-1635 b,,3.662,0.231,-0.701,0.12725286728563626
Kepler-1636 b,,4.065,0.396,-0.347,0.09138991389913897
Kepler-1637 b,,0.89,0.18,-0.09,0.15168539325842695
Kepler-1638 b,,3.226,0.201,-0.315,0.07997520148791074
Kepler-1639 b,,2.333,0.766,-0.237,0.21495927989712815
Kepler-1640 b,,4.82,2.48,-0.8,0.3402489626556016
Kepler-1641 b,,2.912,0.541,-0.278,0.140625
Kepler-1641 c,,2.673,0.241,-0.202,0.08286569397680509
Kepler-1642 b,,2.77,0.262,-0.222,0.08736462093862815
Kepler-1642 c,,2.464,0.227,-0.208,0.0882711038961039
Kepler-1643 b,,2.32,0.13,-0.13,0.0560344827586207
Kepler-1644 b,,1.88,0.52,-0.16,0.18085106382978725
Kepler-1645 b,,1.78,0.43,-0.2,0.17696629213483145
Kepler-1646 b,,1.836,0.091,-0.144,0.06399782135076251
Kepler-1649 b,,1.017,0.051,-0.051,0.05014749262536873
Kepler-1649 c,,1.06,0.15,-0.1,0.1179245283018868
Kepler-1650 b,,0.96,0.11,-0.1,0.109375
Kepler-1651 b,,1.84,0.11,-0.11,0.05978260869565217
Kepler-1652 b,,1.6,0.18,-0.18,0.11249999999999999
Kepler-1653 b,,2.17,0.16,-0.23,0.08986175115207373
Kepler-1928 b,,1.992,0.133,-0.078,0.05296184738955823
SPECULOOS-3 b,,0.977,0.022,-0.022,0.022517911975435005
KIC 10525077 b,,5.5,0.9,-0.8,0.15454545454545454
Kepler-410 A b,,2.647,0.02,-0.02,0.007555723460521345
TIC 434398831 b,,3.51,0.22,-0.21,0.06125356125356125
TIC 434398831 c,,5.63,0.29,-0.28,0.050621669626998225
EPIC 201238110 b,,1.87,0.2,-0.45,0.17379679144385027
EPIC 201427007 b,,1.5,0.2,-0.2,0.13333333333333333
EPIC 201497682 b,,0.692,0.059,-0.048,0.07731213872832371
EPIC 201615463 c,,1.22,0.21,-0.17,0.1557377049180328
EPIC 201754305 d,,1.03,0.085,-0.086,0.08300970873786408
EPIC 201833600 c,,1.0,0.12,-0.11,0.11499999999999999
EPIC 201841433 b,,1.04,0.037,-0.032,0.03317307692307692
EPIC 205950854 c,,1.31,0.144,-0.063,0.07900763358778626
EPIC 206024342 b,,1.7,0.59,-0.31,0.2647058823529412
EPIC 206024342 c,,1.4,0.5,-0.5,0.35714285714285715
EPIC 206024342 d,,2.6,0.9,-0.9,0.34615384615384615
EPIC 206032309 b,,1.01,0.24,-0.13,0.18316831683168316
EPIC 206042996 b,,1.62,0.17,-0.19,0.1111111111111111
EPIC 206042996 c,,1.2,0.2,-0.1,0.125
EPIC 206215704 b,,1.0,0.1,-0.09,0.095
EPIC 206317286 b,,0.96,0.11,-0.15,0.13541666666666669
EPIC 206317286 c,,2.094,0.176,-0.16,0.08022922636103152
EPIC 211822797 b,,1.92,0.12,-0.07,0.04947916666666667
EPIC 212297394 b,,1.323,0.081,-0.095,0.06651549508692366
EPIC 212297394 c,,2.27,0.19,-0.14,0.07268722466960353
EPIC 212424622 b,,2.17,0.67,-0.42,0.2511520737327189
EPIC 212499991 b,,1.6,0.13,-0.16,0.090625
EPIC 212587672 b,,1.26,0.11,-0.09,0.07936507936507936
EPIC 212587672 c,,2.32,0.19,-0.12,0.06681034482758622
EPIC 212624936 b,,1.2,0.3,-0.3,0.25
EPIC 212624936 c,,2.3,0.5,-0.5,0.2173913043478261
EPIC 212737443 b,,2.586,0.126,-0.126,0.04872389791183295
EPIC 212737443 c,,2.69,0.146,-0.146,0.05427509293680297
EPIC 220492298 b,,0.99,0.1,-0.1,0.10101010101010102
EPIC 220554210 c,,1.6,0.1,-0.1,0.0625
EPIC 228836835 b,,1.1,0.3,-0.2,0.22727272727272727
EPIC 201170410.02,,1.047,0.276,-0.257,0.25453677172874883
EPIC 201757695.02,,0.90819,0.05861,-0.06401,0.06750790032922627
IRAS 04125+2902 b,,10.73820351,0.86309151,-0.84067355,0.07933194125131643
